0.000000000000000000e+00,0.000000000000000000e+00,0.000000000000000000e+00,1.000000000000000000e+00,0.000000000000000000e+00,0.000000000000000000e+00,0.000000000000000000e+00,1.000000000000000000e+00,0.000000000000000000e+00,0.000000000000000000e+00,0.000000000000000000e+00,0.000000000000000000e+00,0.000000000000000000e+00,0.000000000000000000e+00,0.000000000000000000e+00,0.000000000000000000e+00,0.000000000000000000e+00,0.000000000000000000e+00,0.000000000000000000e+00,0.000000000000000000e+00,1.000000000000000000e+00
0.000000000000000000e+00,0.000000000000000000e+00,0.000000000000000000e+00,1.000000000000000000e+00,0.000000000000000000e+00,0.000000000000000000e+00,0.000000000000000000e+00,1.000000000000000000e+00,0.000000000000000000e+00,0.000000000000000000e+00,0.000000000000000000e+00,-1.449365779411149820e-14,-8.071853335141787291e-15,0.000000000000000000e+00,2.031049999999927191e+00,2.031049999999944067e+00,2.031050000000072853e+00,2.031050000000055977e+00,0.000000000000000000e+00,0.000000000000000000e+00,1.000000000000000000e+00
2.000000000000000042e-03,0.000000000000000000e+00,0.000000000000000000e+00,1.000000000000000000e+00,0.000000000000000000e+00,0.000000000000000000e+00,2.723058685205614909e-10,1.000000000000000000e+00,-1.449365779411149827e-17,-8.071853335141787809e-18,0.000000000000000000e+00,1.500563426356532495e-04,2.809488182218937503e-05,-1.070660207746883046e-31,2.031804061339512746e+00,2.031244785952097676e+00,2.030295995095878769e+00,2.030855270483293840e+00,-2.765758098954691224e-10,-4.693056816471974210e-10,1.000000000000000000e+00
4.000000000000000083e-03,0.000000000000000000e+00,0.000000000000000000e+00,1.000000000000544675e+00,-3.164167203408313092e-19,5.681515105074108563e-19,4.583786168410597317e-09,9.999999999999884537e-01,1.500563426211578743e-07,2.809488181411719686e-08,8.040351867588846289e-25,7.434331853495789420e-04,1.356790891639793274e-04,-2.858648786637725499e-09,2.034032157082931835e+00,2.031796244200463342e+00,2.028068719813656884e+00,2.030304666011531811e+00,-4.406037725759000163e-09,-7.473849968659018078e-09,1.000000000000000000e+00
6.000000000000000125e-03,-6.328334406816626387e-22,1.136303021014821819e-21,1.000000000009712231e+00,1.101320579594848980e-09,-5.882215107802824569e-09,2.616775012143080165e-08,9.999999999995875521e-01,8.934895279703927283e-07,1.637739709784771528e-07,-2.859175946225044170e-12,2.061092563795483869e-03,3.649931606943936438e-04,-3.397492665634844785e-08,2.037673384502630025e+00,2.032641965053779920e+00,2.024430907749244390e+00,2.029462689247783391e+00,-2.220877308812617569e-08,-3.765951457810281711e-08,1.000000000000000000e+00
8.000000000000000167e-03,2.202641158556864611e-12,-1.176443021446934529e-11,1.000000000062047700e+00,7.521282331922190875e-09,-4.090712511942640498e-08,9.360845239214655416e-08,9.999999999954954921e-01,2.954582091754033381e-06,5.287671316960251953e-07,-3.684553834934450338e-11,4.371495288084266059e-03,7.492964164599407416e-04,-1.829020918201587009e-07,2.042666329749339926e+00,2.033721466101840569e+00,2.019446782370100557e+00,2.028393375963216894e+00,-6.988566820872560207e-08,-1.184654610519464929e-07,1.000000000000000000e+00
1.000000000000000021e-02,1.724520582240124671e-11,-9.357868045332215840e-11,1.000000000249264609e+00,2.824912601342611493e-08,-1.567277048869817579e-07,2.563672518540727366e-07,9.999999999723476751e-01,7.326077379677446193e-06,1.278063548519349150e-06,-2.198452754177319883e-10,7.930412769716382176e-03,1.313057542192241911e-03,-6.610523991732370053e-07,2.048949040005334954e+00,2.034976324834514294e+00,2.013181919313416834e+00,2.027160179515495653e+00,-1.698767976708903924e-07,-2.878661894313597231e-07,1.000000000000000000e+00
1.200000000000000025e-02,7.374345784925348208e-11,-4.070340902272856686e-10,1.000000000761999130e+00,7.835006975767520214e-08,-4.439148260337205858e-07,5.899583600879055062e-07,9.999999998802627799e-01,1.525649014812543013e-05,2.591121093691025385e-06,-8.814136848718301584e-10,1.298074968682333581e-02,2.072162374160842722e-03,-1.869469025551824000e-06,2.056459013863948027e+00,2.036350289485576948e+00,2.005703127837425548e+00,2.025825843226043421e+00,-3.507213599262660631e-07,-5.941160223410068335e-07,1.000000000000000000e+00
1.400000000000000029e-02,2.304435973646038787e-10,-1.294863742294726743e-09,1.000000001941915961e+00,1.799251815697305462e-07,-1.041987878158928799e-06,1.200780841074333775e-06,9.999999995904561567e-01,2.823723982793729551e-05,4.663283484280986780e-06,-2.752903479440717616e-09,1.975237749454383795e-02,3.034138187557625706e-03,-4.471295948885769446e-06,2.065133208195805370e+00,2.037789370186172011e+00,1.997078348685380700e+00,2.024452262742208131e+00,-6.469188548668270457e-07,-1.095496005681945534e-06,1.000000000000000000e+00
1.600000000000000033e-02,5.902939605040649398e-10,-3.378839498612584572e-09,1.000000004343477578e+00,3.627354961211942131e-07,-2.148945840462994277e-06,2.230612120168729176e-06,9.999999988188731370e-01,4.798961729231081117e-05,7.697421740939635533e-06,-7.230634673123894112e-09,2.846197888269048903e-02,4.198393794578959837e-03,-9.464207433905963697e-06,2.074908059841823249e+00,2.039241912434690995e+00,1.987376565740942347e+00,2.023100340357295135e+00,-1.098791499051213881e-06,-1.860063217131748846e-06,1.000000000000000000e+00
1.800000000000000211e-02,1.315764952746453398e-09,-7.676731179538572706e-09,1.000000008804701856e+00,6.644995118077170403e-07,-4.030295308165963934e-06,3.860766775815705244e-06,9.999999970068214061e-01,7.645159606725123868e-05,1.189581577402213417e-05,-1.671244663253242234e-08,3.931290337442704119e-02,5.556474764698789148e-03,-1.824866526578277869e-05,2.085719520558197093e+00,2.040658654812515405e+00,1.976667728976895022e+00,2.021829833143194310e+00,-1.752347874264405102e-06,-2.965402473650465388e-06,1.000000000000000000e+00
2.000000000000000389e-02,2.644763976361887429e-09,-1.573732179587049989e-08,1.000000016526235491e+00,1.130873856414428524e-06,-7.027573309913859521e-06,6.315922865006485092e-06,9.999999931469986114e-01,1.157644991085429048e-04,1.745229124645847392e-05,-3.500396950791941611e-08,5.249503434766138871e-02,7.092333089173077920e-03,-3.268845324276129129e-05,2.097503103727522245e+00,2.041992772797252886e+00,1.965022686325342161e+00,2.020699196629761829e+00,-2.659147805089731458e-06,-4.498380429191034774e-06,1.000000000000000000e+00
2.200000000000000566e-02,4.906511689190744937e-09,-2.979246841569821723e-08,1.000000029158081283e+00,1.815127498851445359e-06,-1.156636411230589765e-05,9.867616514092958219e-06,9.999999855431431772e-01,1.682595325381564249e-04,2.454462619921912687e-05,-6.778754067240888320e-08,6.818466784531108937e-02,8.782610624376888456e-03,-5.516049421997690780e-05,2.110193941441253607e+00,2.043199910445988809e+00,1.952513122226414932e+00,2.019765425644849621e+00,-3.876168461172252715e-06,-6.554902053812767343e-06,1.000000000000000000e+00
2.400000000000000744e-02,8.536766686893636554e-09,-5.292519664031001233e-08,1.000000048893314286e+00,2.777520403529282604e-06,-1.816381056742228018e-05,1.483740402683153607e-05,9.999999714917102711e-01,2.364441980804379449e-04,3.332724127707806396e-05,-1.231438430305906945e-07,8.654440362145084109e-02,1.059693566371566059e-02,-8.859148491761905894e-05,2.123726850650414555e+00,2.044238201639753783e+00,1.939211500743542427e+00,2.019083893810978303e+00,-5.465671679852501711e-06,-9.239669485396529133e-06,1.000000000000000000e+00
2.600000000000000921e-02,1.409180749395220253e-08,-8.925281777515457487e-08,1.000000078568122230e+00,4.084397968224263467e-06,-2.743562189234280922e-05,2.159968935479384032e-05,9.999999468744923403e-01,3.229885963593754749e-04,4.392418676126432604e-05,-2.121140268819031805e-07,1.077230489473994246e-01,1.249823200494635210e-02,-1.364793876467926010e-04,2.138036407172545061e+00,2.045068282496195433e+00,1.925191011266335295e+00,2.018708193081037550e+00,-7.495072504849610287e-06,-1.266594324516019616e-05,1.000000000000000000e+00
2.800000000000001099e-02,2.226060343040072973e-08,-1.441240615598401898e-07,1.000000121767500971e+00,5.807012952801217807e-06,-4.010258105150315996e-05,3.058421347129680926e-05,9.999999056519330853e-01,4.307116337075497228e-04,5.642243900217443225e-05,-3.492882661324672008e-07,1.318555357747062673e-01,1.444303989803038743e-02,-2.028982960347303880e-04,2.153057026432172005e+00,2.045653296469708948e+00,1.910525514957005067e+00,2.018689974587367875e+00,-1.003680893667283681e-05,-1.695530580817306154e-05,1.000000000000000000e+00
3.000000000000001277e-02,3.387462933600316839e-08,-2.243292236628465178e-07,1.000000182935927961e+00,8.020086893815532087e-06,-5.699655612053829959e-05,4.227820101477775075e-05,9.999998392479764187e-01,5.625671456896578571e-04,7.086551824917445728e-05,-5.534053637698467965e-07,1.590628519202904323e-01,1.638184827724291012e-02,-2.924856438012990445e-04,2.168723049898610089e+00,2.045958893566514725e+00,1.895289490232883844e+00,2.019078791977336085e+00,-1.316821289044048883e-05,-2.223742752006775564e-05,1.000000000000000000e+00
3.200000000000001454e-02,4.991480312363423330e-08,-3.383223359039230958e-07,1.000000267492330064e+00,1.080012320949158993e-05,-7.906602112305722001e-05,5.722815854376505924e-05,9.999997358186545338e-01,7.216299511530916170e-04,8.724743929414633390e-05,-8.479471315217930889e-07,1.894519870020662244e-01,1.825943769924781579e-02,-4.104111517169268478e-04,2.184968836267808800e+00,2.045953225005998188e+00,1.879557975716154905e+00,2.019921948314689519e+00,-1.697138235678527556e-05,-2.864983485114831548e-05,1.000000000000000000e+00
3.400000000000001632e-02,7.151504954261741358e-08,-4.964543781500375146e-07,1.000000381948647155e+00,1.422348433326959712e-05,-1.073810928305325073e-04,7.604131789237201177e-05,9.999995793981816261e-01,9.110818512789355811e-04,1.055070057782728574e-04,-1.261710795562742232e-06,2.231158939105585270e-01,2.001523342524491947e-02,-5.623273081435860039e-04,2.201728856513614385e+00,2.045606934558851009e+00,1.863406509222399920e+00,2.021264347540133510e+00,-2.153305476152509969e-05,-3.633768097909303551e-05,1.000000000000000000e+00
3.600000000000001810e-02,9.996201820915660603e-08,-7.112165638111025622e-07,1.000000534031282973e+00,1.836424527606598026e-05,-1.431380908831224904e-04,9.938671744840377360e-05,9.999993489180857287e-01,1.134197588812568564e-03,1.255224584540864973e-04,-1.829342595275939443e-06,2.601334666524637851e-01,2.158366809913906878e-02,-7.543015530634830049e-04,2.218937792007667831e+00,2.044893147686957846e+00,1.846911061502135354e+00,2.023148351406731216e+00,-2.694448151977826879e-05,-4.545351869145068462e-05,1.000000000000000000e+00
3.800000000000001987e-02,1.366905087612885745e-07,-9.974927455773474228e-07,1.000000732804717796e+00,2.329183601318727433e-05,-1.876636293108346128e-04,1.279959137081334566e-04,9.999990170968322545e-01,1.394330783397023515e-03,1.471064871426490926e-04,-2.591816016874166355e-06,3.005695354449714474e-01,2.289455348403836646e-02,-9.927306842483954018e-04,2.236530634975833376e+00,2.043787459499691650e+00,1.830147963594273897e+00,2.025613642735890618e+00,-3.330130378020219070e-05,-5.615707559912872768e-05,1.000000000000000000e+00
4.000000000000002165e-02,1.832741807876631325e-07,-1.372820004199016686e-06,1.000000988796545309e+00,2.906848502849106473e-05,-2.424182480972969609e-04,1.626633152022059000e-04,9.999985491994372033e-01,1.694899859707199672e-03,1.700016155737902929e-04,-3.596838709753598160e-06,3.444748799739983380e-01,2.387346072539091660e-02,-1.284238327143692390e-03,2.254442790622329440e+00,2.042267922426357796e+00,1.813193826797475872e+00,2.028697095777379111e+00,-4.070342935503449677e-05,-6.861503165207215066e-05,1.000000000000000000e+00
4.200000000000002343e-02,2.414111508446452458e-07,-1.857656500393610475e-06,1.000001314123175611e+00,3.574647623422247389e-05,-3.089995938222353218e-04,2.042461308419874139e-04,9.999979016687251532e-01,2.039373985881345885e-03,1.938759677399736153e-04,-4.899173042534280297e-06,3.918862617543474869e-01,2.444210860993779877e-02,-1.635556606999166458e-03,2.272610180310528083e+00,2.040315034385364434e+00,1.796125454414718048e+00,2.032432654401503225e+00,-4.925491083161573027e-05,-8.300079894833153622e-05,1.000000000000000000e+00
4.400000000000002520e-02,3.129041033130902279e-07,-2.475655688038080963e-06,1.000001722615437405e+00,4.336523132945032158e-05,-3.891451586358127398e-04,2.536639249092544914e-04,9.999970206320927257e-01,2.431259040559899474e-03,2.183194238255671386e-04,-6.560856439616512296e-06,4.428264765442332385e-01,2.451875928472414812e-02,-2.053393432549257408e-03,2.290969345241725019e+00,2.037911728107641096e+00,1.779019744578030249e+00,2.036851218802488983e+00,-5.906382486107243114e-05,-9.949430382771897179e-05,1.000000000000000000e+00
4.600000000000002698e-02,3.996345659719908758e-07,-3.253946005309706378e-06,1.000002229943287135e+00,5.194822947365261578e-05,-4.847345868532323076e-04,3.118977713045793950e-04,9.999958402899016274e-01,2.874083627662448858e-03,2.428401731868814475e-04,-8.651309069531698933e-06,4.973044277696916371e-01,2.401862088914015134e-02,-2.544287044819439503e-03,2.309457550120194824e+00,2.035043362145526835e+00,1.761953583614133567e+00,2.041980541348229039e+00,-7.024215261983978993e-05,-1.182817712412504032e-04,1.000000000000000000e+00
4.800000000000002875e-02,5.035310249192960993e-07,-4.223415179016170902e-06,1.000002853738829689e+00,6.149977594603035856e-05,-5.977915583092399546e-04,3.799890002805561334e-04,9.999942811938761222e-01,3.371385158852456543e-03,2.668616712481118548e-04,-1.124731810508708918e-05,5.553152219052678307e-01,2.285425653497737825e-02,-3.114449702018954290e-03,2.328012886334897225e+00,2.031697713969528252e+00,1.745003729567416118e+00,2.047845132171900673e+00,-8.290566143970275290e-05,-1.395555113875730769e-04,1.000000000000000000e+00
5.000000000000003053e-02,6.265305768113567774e-07,-5.418998295634650845e-06,1.000003613716830220e+00,7.200163124743593206e-05,-7.304852572801658235e-04,4.590375317106598521e-04,9.999922484261269950e-01,3.926696024447551107e-03,2.897200065383136029e-04,-1.443288961385030486e-05,6.168402867352660301e-01,2.093599904456744029e-02,-3.769602561522033234e-03,2.346574374225469661e+00,2.027864975424837457e+00,1.728246685653891612e+00,2.054466175064286304e+00,-9.717378760203477844e-05,-1.635137086075767277e-04,1.000000000000000000e+00
5.200000000000003231e-02,7.705338393062286763e-07,-6.879968810194982248e-06,1.000004531791893747e+00,8.340951189264475497e-05,-8.851314352697712282e-04,5.501997899779809478e-04,9.999896296916022109e-01,4.543529874321254429e-03,3.106616834191432705e-04,-1.829896113726585527e-05,6.818475133841414015e-01,1.817237082518644020e-02,-4.514803982113582692e-03,2.365082064033330767e+00,2.023537750688402248e+00,1.711758563578044345e+00,2.061861454190734300e+00,-1.131695202919130283e-04,-1.903602125283869928e-04,1.000000000000000000e+00
5.400000000000003408e-02,9.373528630915182260e-07,-8.650231680734525301e-06,1.000005632191473648e+00,9.564947394848152676e-05,-1.064193075271424897e-03,6.546861968022029245e-04,9.999862933388705688e-01,5.225368031100705545e-03,3.288418253373021007e-04,-2.294297014878257554e-05,7.502914229547984482e-01,1.447050821920620352e-02,-5.354273603446174645e-03,2.383477135168021732e+00,2.018711056736713250e+00,1.695614936803036210e+00,2.070045292122317360e+00,-1.310192867077891699e-04,-2.203043314479397020e-04,1.000000000000000000e+00
5.600000000000003586e-02,1.128651810988481295e-06,-1.077861783127737577e-05,1.000006941563867269e+00,1.086141902103459418e-04,-1.270280664273214059e-03,7.737582397492844856e-04,9.999820863261461579e-01,5.975646058684710993e-03,3.433228026751085804e-04,-2.846827581671831377e-05,8.221133585493630713e-01,9.736589624295518414e-03,-6.291214664456210373e-03,2.401701993445241268e+00,2.013382326205659822e+00,1.679890684022830039e+00,2.079028499635594329e+00,-1.508528383223945878e-04,-2.535606279513349785e-04,1.000000000000000000e+00
5.800000000000003764e-02,1.345880191409173172e-06,-1.331917915982380454e-05,1.000008489080346674e+00,1.221591317879299008e-04,-1.506152079777877415e-03,9.087251157753827545e-04,9.999768321513122782e-01,6.797740509777899613e-03,3.530732884639924650e-04,-3.498343380688543355e-05,8.972417033682897891e-01,3.876266626850262409e-03,-7.327637097800332629e-03,2.419700365976613199e+00,2.007551412398180801e+00,1.664659823241385617e+00,2.088818337698305605e+00,-1.728031382905596055e-04,-2.903487167501690963e-04,1.000000000000000000e+00
6.000000000000003941e-02,1.590198454985032973e-06,-1.633148331937955757e-05,1.000010306530578319e+00,1.360986648017382331e-04,-1.774712094982428727e-03,1.060939950933019070e-03,9.999703287664146734e-01,7.694955876750658903e-03,3.569677443665160432e-04,-4.260132621377437783e-05,9.755921254906055884e-01,-3.204902664527184940e-03,-8.464183982718486571e-03,2.437417393412977695e+00,2.001220596074402724e+00,1.649995337017998498e+00,2.099418492018170213e+00,-1.970062499996247385e-04,-3.308930647360435297e-04,1.000000000000000000e+00
6.200000000000004119e-02,1.862395784588509499e-06,-1.988090750934441516e-05,1.000012428410480103e+00,1.502020728859146663e-04,-2.079011506022552386e-03,1.231795599300032065e-03,9.999623464985959442e-01,8.670511770681696082e-03,3.537863384214649277e-04,-5.143815107776122703e-05,1.057067849831036854e+00,-1.160101895936939062e-02,-9.699963953736699673e-03,2.454799719263313307e+00,1.994394593544195793e+00,1.635968989587829769e+00,2.110829060487660058e+00,-2.236012267581239722e-04,-3.754227932394489913e-04,1.000000000000000000e+00
6.400000000000004297e-02,2.162799930360339067e-06,-2.403893052138952123e-05,1.000014892001678701e+00,1.641895162592172839e-04,-2.422245883356686797e-03,1.422720026266855592e-03,9.999526260007685075e-01,9.727530353912140770e-03,3.422152950834902920e-04,-6.161227829980357739e-05,1.141559957649347590e+00,-2.140540673735512323e-02,-1.103239214705484250e-02,2.471795576030892949e+00,1.987080565474987015e+00,1.622651136711249054e+00,2.123046553808483505e+00,-2.527300026184182871e-04,-4.241714824852237998e-04,1.000000000000000000e+00
6.600000000000004474e-02,2.491178962878773486e-06,-2.888342228810289401e-05,1.000017737441731169e+00,1.777279382728047486e-04,-2.807753947969229228e-03,1.635171283520130050e-03,9.999408762563888331e-01,1.086902405182852728e-02,3.208476770747842322e-04,-7.324298107500781471e-05,1.228947713854328994e+00,-3.271017981588756479e-02,-1.245704222025240983e-02,2.488354867927579761e+00,1.979288125730015668e+00,1.610110529243217847e+00,2.136063909524624993e+00,-2.845372843289594822e-04,-4.773769782357848075e-04,1.000000000000000000e+00
6.800000000000004652e-02,2.846634839424382827e-06,-3.449893018404135168e-05,1.000021007784298144e+00,1.904269305772146473e-04,-3.239015571638914626e-03,1.870632085375327144e-03,9.999267726635426845e-01,1.209788356988957155e-02,2.881845975036925506e-04,-8.644905420321086079e-05,1.319098922200667046e+00,-4.560580860393345648e-02,-1.396751190424752251e-02,2.504429249946581226e+00,1.971029349465434732e+00,1.598414111543004834e+00,2.149870519631898347e+00,-3.191704444118614458e-04,-5.352812006133288733e-04,1.000000000000000000e+00
7.000000000000004829e-02,3.227488700578812024e-06,-4.097696132731918321e-05,1.000024749048468831e+00,2.018345683761592270e-04,-3.719649399076691183e-03,2.130603998521813855e-03,9.999099552241259570e-01,1.341686624211136346e-02,2.426368595975661544e-04,-1.013473327697918827e-04,1.411870308322770162e+00,-6.018069017892817285e-02,-1.555530443966252584e-02,2.519972203094048346e+00,1.962318779640316313e+00,1.587626815963313343e+00,2.164452271864717225e+00,-3.567794153614609856e-04,-5.981299550922061477e-04,1.000000000000000000e+00
7.200000000000005007e-02,3.631157837331130491e-06,-4.841626012547256579e-05,1.000029010256465956e+00,2.114332276541507592e-04,-4.253410088318518301e-03,2.416601259733859846e-03,9.998900268642079148e-01,1.482858473732135557e-02,1.825270202492796929e-04,-1.180511266955687076e-04,1.507107930387222350e+00,-7.652072238746981947e-02,-1.720972811356987972e-02,2.534939105600860554e+00,1.953173431033069507e+00,1.577811354764726559e+00,2.179791604687122852e+00,-3.975165849595428745e-04,-6.661727456526586816e-04,1.000000000000000000e+00
7.400000000000005185e-02,4.054024292639432040e-06,-5.692308030210960397e-05,1.000033843458985494e+00,2.186353967789497125e-04,-4.844185164394955966e-03,2.730144238653928537e-03,9.998665519116849421e-01,1.633549614947834433e-02,1.060918723945829088e-04,-1.366685885041460499e-04,1.604647616976667912e+00,-9.470888323071026405e-02,-1.891781594802531899e-02,2.549287299958016284e+00,1.943612790812346169e+00,1.569028010894664815e+00,2.195867575935454674e+00,-4.415366927029126852e-04,-7.396625900871296386e-04,1.000000000000000000e+00
7.600000000000005362e-02,4.491295086197331418e-06,-6.661145063089951492e-05,1.000039303747462860e+00,2.227794954865551763e-04,-5.495991480024536163e-03,3.072752565352001967e-03,9.998390547570662479e-01,1.793989149822934268e-02,1.148534002768051771e-05,-1.573010333231180996e-04,1.704315431644701118e+00,-1.148248168502476740e-01,-2.066426740017567043e-02,2.562976155642374909e+00,1.933658814681157967e+00,1.561334429148091507e+00,2.212655944974702305e+00,-4.889967273389932926e-04,-8.188558374503353754e-04,1.000000000000000000e+00
7.800000000000005540e-02,4.936854077170441953e-06,-7.760343359094858183e-05,1.000045449252593643e+00,2.231257149516748103e-04,-6.212971275925336691e-03,3.445937944989133864e-03,9.998070187226678618e-01,1.964388566563161909e-02,-1.032182215670763046e-04,-1.800412315983741655e-04,1.805928163405917886e+00,-1.369444274784092086e-01,-2.243141371674968118e-02,2.575967127424052538e+00,1.923335917600601963e+00,1.554785409288637732e+00,2.230129268140403020e+00,-5.400558255051249833e-04,-9.040119876443035007e-04,1.000000000000000000e+00
8.000000000000005718e-02,5.383105507073791750e-06,-9.002937614279925510e-05,1.000052341128483624e+00,2.188518934236094221e-04,-6.999387832342359242e-03,3.851196684546491413e-03,9.997698851646342755e-01,2.144940779460727254e-02,-2.400203290302544540e-04,-2.049716962366506347e-04,1.909293842250006978e+00,-1.611394827566263177e-01,-2.419920834545266630e-02,2.588223809172538470e+00,1.912670958104857100e+00,1.549432702752334690e+00,2.248257007143942499e+00,-5.948751714672494964e-04,-9.953935131295727021e-04,1.000000000000000000e+00
8.200000000000005895e-02,5.820809293921010228e-06,-1.040281518074839698e-04,1.000060043521852737e+00,2.090494427570734331e-04,-7.859620702579981494e-03,4.290001959203690318e-03,9.997270528310622240e-01,2.335819217421775812e-02,-4.009942874949717342e-04,-2.321629868809134737e-04,2.014212278596004602e+00,-1.874772278557868821e-01,-2.594524354459692636e-02,2.599711983105227109e+00,1.901693215242245216e+00,1.545324814580623096e+00,2.267005650022400065e+00,-6.536178979536533826e-04,-1.093265682753755607e-03,1.000000000000000000e+00
8.400000000000006073e-02,6.238908179435157054e-06,-1.197473932126439408e-04,1.000068623525771194e+00,1.927193420780017714e-04,-8.798160518740261865e-03,4.763795848543109397e-03,9.996778774980678017e-01,2.537176963624667922e-02,-5.882807316486378868e-04,-2.616720547492021993e-04,2.120475625435028100e+00,-2.160200118517745516e-01,-2.764479405294661268e-02,2.610399664449477353e+00,1.890434357218171657e+00,1.542506812233976898e+00,2.286338844116093227e+00,-7.164489880794556662e-04,-1.197896387688660198e-03,1.000000000000000000e+00
8.600000000000006251e-02,6.624346863591160915e-06,-1.373437142501244613e-04,1.000078151117468339e+00,1.687682157818499291e-04,-9.819603359528743247e-03,5.273981175300280003e-03,9.996216719039322518e-01,2.749145948686241778e-02,-8.040828036492846153e-04,-2.935406519161060709e-04,2.227868961749322807e+00,-2.468249278168171967e-01,-2.927088838732409826e-02,2.620257141516910693e+00,1.878928400874357418e+00,1.541020142921734726e+00,2.306217540459273962e+00,-7.835351783575104272e-04,-1.309555969467170828e-03,1.000000000000000000e+00
8.800000000000006428e-02,6.961883295154860773e-06,-1.569829209691819480e-04,1.000088699079819010e+00,1.360045140500016291e-04,-1.092864466992675421e-02,5.821913181853835551e-03,9.995577059994908975e-01,2.971836199629988504e-02,-1.050660981449604882e-03,-3.277938290760829573e-04,2.336170895644611001e+00,-2.799434680819030685e-01,-3.079440802935111410e-02,2.629257011216211470e+00,1.867211661214231766e+00,1.540902461047463534e+00,2.326600148873644525e+00,-8.550448627914139510e-04,-1.428517050111087830e-03,1.000000000000000000e+00
9.000000000000006606e-02,7.233892323254864268e-06,-1.788402103090354475e-04,1.000100342906182771e+00,9.313481507030894131e-05,-1.213007272276702547e-02,6.408891082031134383e-03,9.994852075307218975e-01,3.205335146855631256e-02,-1.330327572238909758e-03,-3.644385456916803966e-04,2.445154185493706667e+00,-3.154211961067450165e-01,-3.218421444839924400e-02,2.637374210057513935e+00,1.855322690275668984e+00,1.542187467312346350e+00,2.347442702962210692e+00,-9.311479980462842969e-04,-1.555054364341118631e-03,1.000000000000000000e+00
9.200000000000006783e-02,7.420161953395482293e-06,-2.031003557545694972e-04,1.000113160688346881e+00,3.876026914028729494e-05,-1.342876161280844374e-02,7.036149528076202780e-03,9.994033629670506791e-01,3.449706991204358475e-02,-1.645440886825959639e-03,-4.034624159932090033e-04,2.554586377264148389e+00,-3.532974363611816049e-01,-3.340730358919046655e-02,2.644586040727202825e+00,1.843302204758150875e+00,1.544904760942334310e+00,2.368699034114298829e+00,-1.012016009693000873e-03,-1.689444593860231188e-03,1.000000000000000000e+00
9.400000000000006961e-02,7.497682491676057154e-06,-2.299578789801863868e-04,1.000127232987403136e+00,-2.862679420572768614e-05,-1.482966377480238185e-02,7.704850034763017184e-03,9.993113187862446845e-01,3.704992133098392038e-02,-1.998399111845905896e-03,-4.448326135590128811e-04,2.664230456092979260e+00,-3.936049835753592796e-01,-3.442898713345958484e-02,2.650872194335888832e+00,1.831193001930165432e+00,1.549079706408833523e+00,2.390320953552957928e+00,-1.097821699521579677e-03,-1.831966203701551913e-03,1.000000000000000000e+00
9.600000000000007139e-02,7.440428903264601525e-06,-2.596172065297911715e-04,1.000142642687472661e+00,-1.106460739941676698e-04,-1.633780201828960443e-02,8.416072404617147215e-03,9.992081831239575385e-01,3.971206665608238012e-02,-2.391633897675115011e-03,-4.884949561703803020e-04,2.773845510079274934e+00,-4.363698326556636475e-01,-3.521309952967809770e-02,2.656214768464081555e+00,1.819039863472383889e+00,1.554733315898787716e+00,2.412258441385209728e+00,-1.188739153919360836e-03,-1.982899280632023035e-03,1.000000000000000000e+00
9.800000000000007316e-02,7.219136755276266226e-06,-2.922928105663703574e-04,1.000159474832281958e+00,-2.090322976500868970e-04,-1.795826107347028855e-02,9.170806200009845588e-03,9.990930277930110126e-01,4.248341933166521062e-02,-2.827603680872113178e-03,-5.343731913092878436e-04,2.883187404190774128e+00,-4.816109304895523913e-01,-3.572222947706495816e-02,2.660598281148982558e+00,1.806889447050650466e+00,1.561882148659647918e+00,2.434459841555155268e+00,-1.284943653309692999e-03,-2.142525373603005462e-03,1.000000000000000000e+00
1.000000000000000749e-01,6.801072159976092289e-06,-3.282093327133109371e-04,1.000177816444681955e+00,-3.256379892589733897e-04,-1.969617864445268041e-02,9.969942309487634172e-03,9.989648906744177381e-01,4.536364157504273187e-02,-3.308786760826137527e-03,-5.823685010612458714e-04,2.992009462125885477e+00,-5.293399507758366207e-01,-3.591797425392760645e-02,2.664009680971572536e+00,1.794790165557778483e+00,1.570538228199724218e+00,2.456872061551171882e+00,-1.386611582646789589e-03,-2.311127336239032336e-03,1.000000000000000000e+00
1.020000000000000767e-01,6.149796181458145286e-06,-3.676016900022162858e-04,1.000197756329300969e+00,-4.624359820303719786e-04,-2.155673596850474216e-02,1.081426465707440582e-02,9.988227784789658337e-01,4.835214132234722656e-02,-3.837674151082786159e-03,-6.323592433138111374e-04,3.100063153936921445e+00,-5.795610929184664695e-01,-3.576121499961711081e-02,2.666438353415142792e+00,1.782792054111952629e+00,1.580708978166972534e+00,2.479440775682538511e+00,-1.493920342962435288e-03,-2.488989171355909975e-03,1.000000000000000000e+00
1.040000000000000785e-01,5.224924217397401404e-06,-4.107151619392257827e-04,1.000219384858615168e+00,-6.215216502856677492e-04,-2.354514788259907260e-02,1.170444210440915907e-02,9.986656698749548644e-01,5.144806987351624450e-02,-4.416762226526371737e-03,-6.842009440216364037e-04,3.207098787204798018e+00,-6.322709059126264686e-01,-3.521241079766205401e-02,2.667876123674514321e+00,1.770946625049743650e+00,1.592397177561630128e+00,2.502110630718640927e+00,-1.607048263960225232e-03,-2.676395877499368123e-03,1.000000000000000000e+00
1.060000000000000803e-01,3.981880916826066088e-06,-4.578054577044239344e-04,1.000242793742823988e+00,-8.051148360107187717e-04,-2.566665240153977873e-02,1.264102059643798515e-02,9.984925189744123797e-01,5.465032024744636424e-02,-5.048545188229341604e-03,-7.377265529622837811e-04,3.312866199559402425e+00,-6.874581380332864811e-01,-3.423190916833022956e-02,2.668317256098931001e+00,1.759306711300554049e+00,1.605600935762938386e+00,2.524825452676151105e+00,-1.726174517653015529e-03,-2.873633297495449719e-03,1.000000000000000000e+00
1.080000000000000820e-01,2.371651244804628199e-06,-5.091387625075034437e-04,1.000268075784016775e+00,-1.015561444928470263e-03,-2.792649981527043843e-02,1.362441560194171258e-02,9.983022591668695433e-01,5.795752625663869867e-02,-5.735507368330436395e-03,-7.927469728574929042e-04,3.417115450362790963e+00,-7.451036130097896670e-01,-3.278027036498017827e-02,2.667758450451053420e+00,1.747926298674293388e+00,1.620313687670036806e+00,2.547528453546516580e+00,-1.851479033039256719e-03,-3.080987969003847523e-03,1.000000000000000000e+00
1.100000000000000838e-01,3.405283549476876763e-07,-5.649917621380443370e-04,1.000295324615220638e+00,-1.255334687177723455e-03,-3.032994131655861181e-02,1.465490490042968032e-02,9.980938072865725985e-01,6.136806230890154423e-02,-6.480115397776205037e-03,-8.490518690089109187e-04,3.519597509413374681e+00,-8.051801332372630071e-01,-3.081860268276002957e-02,2.666198835159409697e+00,1.736860347732610554e+00,1.636524209074795788e+00,2.570162436777787995e+00,-1.983142411813903095e-03,-3.298746977065384299e-03,1.000000000000000000e+00
1.120000000000000856e-01,-2.170141019407759139e-06,-6.256516447711615555e-04,1.000324634425021397e+00,-1.527035938050173066e-03,-3.288221717410339667e-02,1.573262176684527697e-02,9.978660680958650886e-01,6.488004394187237012e-02,-7.284810260157281205e-03,-9.064107637245443980e-04,3.620064940587039981e+00,-8.676524104383629421e-01,-2.830890583272403782e-02,2.663639957732244046e+00,1.726164606043840255e+00,1.654216652202614490e+00,2.592670000361076532e+00,-2.121345845109562801e-03,-3.527197808634828513e-03,1.000000000000000000e+00
1.140000000000000874e-01,-5.224212895508105180e-06,-6.914160791193683193e-04,1.000356099668554988e+00,-1.833395194854275543e-03,-3.558854447018095640e-02,1.685754860509189670e-02,9.976179390644681622e-01,6.849132909427806115e-02,-8.151999255194825392e-03,-9.645744168234342188e-04,3.718272578404152373e+00,-9.324770240489608231e-01,-2.521441931102829520e-02,2.660085772487073452e+00,1.715895411740768539e+00,1.673370601178754580e+00,2.614993736422025705e+00,-2.266271031263575320e-03,-3.766628209090257424e-03,1.000000000000000000e+00
1.160000000000000892e-01,-8.891003285216655819e-06,-7.625931680597301896e-04,1.000389814765765273e+00,-2.177271106854012338e-03,-3.845410442618751867e-02,1.802951108058199747e-02,9.973483154214862756e-01,7.219952011597161046e-02,-9.084047895687754476e-03,-1.023276490433832698e-03,3.813978195597810039e+00,-9.996024074606773002e-01,-2.149997260284406200e-02,2.655542625732661310e+00,1.706109489406508972e+00,1.693961147005144774e+00,2.637076426280907437e+00,-2.418100094606698627e-03,-4.017326040710149544e-03,1.000000000000000000e+00
1.180000000000000909e-01,-1.324554549892467976e-05,-8.395013769121052434e-04,1.000425873787926356e+00,-2.561650556382230604e-03,-4.148402934381353879e-02,1.924817280082334603e-02,9.970560954542532217e-01,7.600196651687095295e-02,-1.008327176192275534e-02,-1.082235493178171229e-03,3.906943159856528514e+00,-1.068968862113534035e+00,-1.713233400477402052e-02,2.650019238518980469e+00,1.696863739405691796e+00,1.715958981468369560e+00,2.658861230020101107e+00,-2.577015505269070281e-03,-4.279579143109419649e-03,1.000000000000000000e+00
1.200000000000000927e-01,-1.836884661168914092e-05,-9.224694355997322629e-04,1.000464370133528069e+00,-2.989647770657225759e-03,-4.468338919403679749e-02,2.051303059147343427e-02,9.967401860256108748e-01,7.989576845298521079e-02,-1.115192833768198499e-02,-1.141156995700678750e-03,3.996933078021537522e+00,-1.140508599295190217e+00,-1.208055482819434326e-02,2.643526687046357626e+00,1.688215021854438724e+00,1.739330509245844203e+00,2.680291869683494088e+00,-2.743199999999141638e-03,-4.553675195625585259e-03,1.000000000000000000e+00
1.220000000000000945e-01,-2.434814215300359290e-05,-1.011836213987805889e-03,1.000505396194711016e+00,-3.464502945538721918e-03,-4.805717789060227896e-02,2.182341041330699768e-02,9.963995082788981161e-01,8.387778094574702137e-02,-1.229220885206331638e-02,-1.199736106375169165e-03,4.083718426132828760e+00,-1.214145809370943851e+00,-6.316305758882357485e-03,2.636078380798096532e+00,1.680219936482431731e+00,1.764037977335897400e+00,2.701312805327078514e+00,-2.916836503991250117e-03,-4.839901581646274299e-03,1.000000000000000000e+00
1.240000000000000963e-01,-3.127714804408103494e-05,-1.107950569769010525e-03,1.000549043015537709e+00,-3.989580364442267546e-03,-5.161029928910721570e-02,2.317846396314902219e-02,9.960330034978662761e-01,8.794461882888139626e-02,-1.350623015136096818e-02,-1.257660192965616430e-03,4.167075163836589269e+00,-1.289796758042470293e+00,1.857978051110703924e-04,2.627690038431829578e+00,1.672934599683236101e+00,1.790039620810666587e+00,2.721869403242200836e+00,-3.098108053717508765e-03,-5.138545254869251143e-03,1.000000000000000000e+00
1.260000000000000842e-01,-3.925630877296556819e-05,-1.211171168347224868e-03,1.000595399943464026e+00,-4.568365997881643215e-03,-5.534755295717221774e-02,2.457716599902359453e-02,9.956396390869258761e-01,9.209266241503277772e-02,-1.479602662524574612e-02,-1.314611833034338160e-03,4.246785331787426010e+00,-1.367369909114532822e+00,7.447884536206685058e-03,2.618379661434365957e+00,1.666414420074567193e+00,1.817289823779192792e+00,2.741908095780511090e+00,-3.287197720759701871e-03,-5.449892607486189408e-03,1.000000000000000000e+00
1.280000000000000859e-01,-4.839304076872885608e-05,-1.321866274261569284e-03,1.000644554275462061e+00,-5.204464571615000784e-03,-5.927361976539528843e-02,2.601831242656304360e-02,9.952184146355923522e-01,9.631806387234499722e-02,-1.616354221143935857e-02,-1.370271973034545244e-03,4.322637630799492037e+00,-1.446766073138822994e+00,1.548853306924461749e-02,2.608167505513542483e+00,1.660713873898860271e+00,1.845739294353453186e+00,2.761376532320879207e+00,-3.484288536636861132e-03,-5.774229340281372171e-03,1.000000000000000000e+00
1.300000000000000877e-01,-5.880196991195886188e-05,-1.440413513792359766e-03,1.000696590900315153e+00,-5.901596094115462224e-03,-6.339304735279518987e-02,2.750051918011839694e-02,9.947683680297513265e-01,1.006167542991456693e-01,-1.761062250300100829e-02,-1.424323273316920003e-03,4.394427981619113410e+00,-1.527878581203699015e+00,2.432249785167982237e-02,2.597076049669090558e+00,1.655886281586499642e+00,1.875335252332679170e+00,2.780223721031475304e+00,-3.689563418624183799e-03,-6.111840334636498527e-03,1.000000000000000000e+00
1.320000000000000895e-01,-7.060516210018979012e-05,-1.567199608497950184e-03,1.000751591938675356e+00,-6.663591837049595394e-03,-6.771023552419566660e-02,2.902222192802464407e-02,9.942885815714217479e-01,1.049844514828295744e-01,-1.913900698224091715e-02,-1.476453613753240255e-03,4.461960064305736218e+00,-1.610593483048620822e+00,3.396045763440906640e-02,2.585129962853557117e+00,1.651983586780513713e+00,1.906021628261626688e+00,2.798400161192835967e+00,-3.903205096559011957e-03,-6.463009526432850031e-03,1.000000000000000000e+00
1.340000000000000913e-01,-8.393234577428898438e-05,-1.702620079546341477e-03,1.000809636382531398e+00,-7.494389765602236728e-03,-7.222942164042508995e-02,3.058167662711979221e-02,9.937781880680305324e-01,1.094166683269641865e-01,-2.075032140514725468e-02,-1.526359732361228872e-03,4.525045836316171410e+00,-1.694789768603110147e+00,4.440878909423236209e-02,2.572356068104439952e+00,1.649056139083247441e+00,1.937739272476535213e+00,2.815857965958342035e+00,-4.125396040629507495e-03,-6.828019781841961240e-03,1.000000000000000000e+00
1.360000000000000930e-01,-9.892112530549346315e-05,-1.847078922827191660e-03,1.000870799735785743e+00,-8.398029418804122889e-03,-7.695466606525286357e-02,3.217696094691845782e-02,9.932363768518980285e-01,1.139087219285620095e-01,-2.244607036006312020e-02,-1.573750967228976444e-03,4.583506028487525086e+00,-1.780339611982366232e+00,5.566936786545002153e-02,2.558783304000475933e+00,1.647152481734078355e+00,1.970426172728114711e+00,2.832550975535266691e+00,-4.356318390141734540e-03,-7.207152774996021007e-03,1.000000000000000000e+00
1.380000000000000948e-01,-1.157171841431017172e-04,-2.000988254957697301e-03,1.000935153657679599e+00,-9.378646243466752866e-03,-8.188983773560315482e-02,3.380597657882571105e-02,9.926623996905803438e-01,1.184557432853737269e-01,-2.422763002417862785e-02,-1.618353070206908105e-03,4.637170618205622041e+00,-1.867108636915331576e+00,6.773939902521719514e-02,2.544442683269122263e+00,1.646319145364030234e+00,2.004017678963287530e+00,2.848434860870767693e+00,-4.596153883260816440e-03,-7.600688867529199928e-03,1.000000000000000000e+00
1.400000000000000966e-01,-1.344744766300352314e-04,-2.164767930428903794e-03,1.001002765610837342e+00,-1.044046538887062267e-02,-8.703859992373039201e-02,3.546645244047844092e-02,9.920555765490024491e-01,1.230526876109647866e-01,-2.609624114121065694e-02,-1.659912059280277885e-03,4.685879279126978325e+00,-1.954956202535867105e+00,8.061127882786471577e-02,2.529367248349064123e+00,1.646600448899803171e+00,2.038446733855972859e+00,2.863467218021583438e+00,-4.845083787721824430e-03,-8.008906989981082886e-03,1.000000000000000000e+00
1.420000000000000984e-01,-1.553554074077764661e-04,-2.338845130276364769e-03,1.001073698515718258e+00,-1.158779497294957182e-02,-9.240439626166899179e-02,3.715594877975680888e-02,9.914153011648954017e-01,1.276943452332437723e-01,-2.805300224342748006e-02,-1.698198075272535539e-03,4.729481806892783524e+00,-2.043735708433392695e+00,9.427248922033111544e-02,2.513592023691666455e+00,1.648038308608233304e+00,2.073644107700709061e+00,2.877607653472218363e+00,-5.103288832506136172e-03,-8.432084525053451518e-03,1.000000000000000000e+00
1.440000000000001001e-01,-1.785309973536755991e-04,-2.523653922799702805e-03,1.001148010413277722e+00,-1.282501883432453881e-02,-9.799043709934431023e-02,3.887186217725951271e-02,9.907410463999117844e-01,1.323753530500202669e-01,-3.009886314093446202e-02,-1.733009207573607590e-03,4.767838520332370322e+00,-2.133294917835320881e+00,1.087055263970091168e-01,2.497153964568946005e+00,1.650672056184146808e+00,2.109538636320126948e+00,2.890817860743192913e+00,-5.370949140478866249e-03,-8.870497192711551335e-03,1.000000000000000000e+00
1.460000000000001019e-01,-2.041810350223246693e-04,-2.719634796998391616e-03,1.001225754137632151e+00,-1.415658878812203064e-02,-1.037996862682239729e-01,4.061143144013026896e-02,9.900323693299554195e-01,1.370902065130891467e-01,-3.223461870086694742e-02,-1.764175252948248923e-03,4.800820637701191274e+00,-2.223476297779121591e+00,1.238878643705366572e-01,2.480091902143293225e+00,1.654538266691951920e+00,2.146057460686919605e+00,2.903061688697489373e+00,-5.648244161983120674e-03,-9.324418937121102188e-03,1.000000000000000000e+00
1.480000000000001037e-01,-2.324942125985687412e-04,-2.927234169534839638e-03,1.001306977000512521e+00,-1.558701640702298344e-02,-1.098348483222759825e-01,4.237174437410910072e-02,9.892889160396908244e-01,1.418332721102745220e-01,-3.446090293883224270e-02,-1.791561371166055247e-03,4.828310627534457389e+00,-2.314117375126021336e+00,1.397919542480952626e-01,2.462446484546026770e+00,1.659670597075890264e+00,2.183126267021299860e+00,2.914305202009017659e+00,-5.935352609386689189e-03,-9.794121815412214563e-03,1.000000000000000000e+00
1.500000000000001055e-01,-2.636682454126147062e-04,-3.146903866179391607e-03,1.001391720489260839e+00,-1.712086435238307017e-02,-1.160983563272670327e-01,4.414974541461399310e-02,9.885104260878783133e-01,1.465988003128244899e-01,-3.677818344459782979e-02,-1.815071601211382460e-03,4.850202533722836051e+00,-2.405051107270152588e+00,1.563852596132705441e-01,2.444260113708203619e+00,1.666099635857303918e+00,2.220669526194470667e+00,2.924516734301270127e+00,-6.232452392576912255e-03,-1.027987588826140795e-02,1.000000000000000000e+00
1.520000000000001072e-01,-2.979099741173808443e-04,-3.379100578833925568e-03,1.001480019980090175e+00,-1.876273728350351042e-02,-1.225923602680746571e-01,4.594224409159296946e-02,9.876967366121109926e-01,1.513809389535401562e-01,-3.918675616363101466e-02,-1.834652202180187290e-03,4.866402274431598229e+00,-2.496106266405328178e+00,1.736303281239744700e-01,2.425576877688077282e+00,1.673852764541348792e+00,2.258610731345759071e+00,2.933666934497185075e+00,-6.539720555399365122e-03,-1.078194911228298226e-02,1.000000000000000000e+00
1.540000000000001090e-01,-3.354354486843878509e-04,-3.624285299370074830e-03,1.001571904468273377e+00,-2.051727237617086141e-02,-1.293187161417014841e-01,4.774592429688110512e-02,9.868477860436903892e-01,1.561737469990590321e-01,-4.168674055564899200e-02,-1.850294783650580999e-03,4.876827914490339921e+00,-2.587107836225373436e+00,1.914848991496816144e-01,2.406442478245137906e+00,1.682954031161488118e+00,2.296872632704030970e+00,2.941728806942456309e+00,-6.857333213036034304e-03,-1.130060723422083961e-02,1.000000000000000000e+00
1.560000000000001108e-01,-3.764699934367295706e-04,-3.882922731653477844e-03,1.001667396316867187e+00,-2.238912948438638931e-02,-1.362789758010782282e-01,4.955735431691128678e-02,9.859636174057314628e-01,1.609712086778004592e-01,-4.427807515082834988e-02,-1.862039191320635995e-03,4.881409910878083735e+00,-2.677877419951868898e+00,2.099020469884765872e-01,2.386904153421229857e+00,1.693424036299546298e+00,2.335377468691174574e+00,2.948677745874307199e+00,-7.185465490318706031e-03,-1.183611368693207599e-02,1.000000000000000000e+00
1.580000000000001126e-01,-4.212482524055023584e-04,-4.155480683255633953e-03,1.001766511025500961e+00,-2.438298098173437289e-02,-1.434743776115429970e-01,5.137299758792099325e-02,9.850443811701435903e-01,1.657672479232397966e-01,-4.696051352374192023e-02,-1.869976115033907720e-03,4.880091330919515080e+00,-2.768233658604073444e+00,2.288303589281538986e-01,2.367010594904229492e+00,1.705279831832687387e+00,2.374047192475370771e+00,2.954491564806526860e+00,-7.524291460973194304e-03,-1.238872948715344369e-02,1.000000000000000000e+00
1.600000000000001144e-01,-4.700142143689710773e-04,-4.442429438478719822e-03,1.001869257020676862e+00,-2.650350132106191192e-02,-1.509058379781129389e-01,5.318922412533007293e-02,9.840903376518518320e-01,1.705557430904152960e-01,-4.973362070442968047e-02,-1.874249387950674330e-03,4.872828042793947212e+00,-2.857992658448509804e+00,2.482141471477045114e-01,2.346811859969756053e+00,1.718534832577960580e+00,2.412803693232966840e+00,2.959150521389673383e+00,-7.873984087790142014e-03,-1.295871313504195002e-02,1.000000000000000000e+00
1.620000000000001161e-01,-5.230212170110948907e-04,-4.744241114434945630e-03,1.001975635468927539e+00,-2.875535635303235610e-02,-1.585739437973557875e-01,5.500232257379340794e-02,9.831018589214870484e-01,1.753305419019055567e-01,-5.259677004526003286e-02,-1.875057947558897951e-03,4.859588877940930196e+00,-2.946968426589044565e+00,2.679936931976317216e-01,2.326359277820764682e+00,1.733198740930062431e+00,2.451569011468589299e+00,2.962637338283599320e+00,-8.234715163717992378e-03,-1.354632051548071599e-02,1.000000000000000000e+00
1.640000000000001179e-01,-5.805319297171596116e-04,-5.061389002029657164e-03,1.002085640114075193e+00,-3.114319244564708530e-02,-1.664789458828635771e-01,5.680851281961448590e-02,9.820794302207558335e-01,1.800854765779600075e-01,-5.554914056139030609e-02,-1.872657431438730022e-03,4.840355764927068094e+00,-3.034973313681266216e+00,2.881055235511832957e-01,2.305705350173889556e+00,1.749277484519873083e+00,2.490265547832623216e+00,2.964937220548502061e+00,-8.606655253873921399e-03,-1.415180480114140368e-02,1.000000000000000000e+00
1.660000000000001197e-01,-6.428183146084537336e-04,-5.394346893795384443e-03,1.002199257139714472e+00,-3.367162544798811552e-02,-1.746207534080778390e-01,5.860395910279325021e-02,9.810236508678054079e-01,1.848143791040388895e-01,-5.858971476168373799e-02,-1.867361383181086795e-03,4.815123834319314788e+00,-3.121818462776530190e+00,3.084827144851240988e-01,2.284903645974587505e+00,1.766773166859886945e+00,2.528816264961959881e+00,2.966037870021528633e+00,-8.989973638468319941e-03,-1.477541635729428919e-02,1.000000000000000000e+00
1.680000000000001215e-01,-7.101615655044299109e-04,-5.743588400611540461e-03,1.002316465057920158e+00,-3.634522954220453794e-02,-1.829989294045693271e-01,6.038478356202349462e-02,9.799352346430552085e-01,1.895110965877349340e-01,-6.171727698587607669e-02,-1.859542046595120826e-03,4.783901494092683393e+00,-3.207314263320378167e+00,3.290552243293500823e-01,2.264008690160562054e+00,1.785684030888440077e+00,2.567144881953207669e+00,2.965929497099388357e+00,-9.384838256638524182e-03,-1.541740264835727431e-02,1.000000000000000000e+00
1.700000000000001232e-01,-7.828520245888389998e-04,-6.109586259420679566e-03,1.002437234625044304e+00,-3.916852602814280271e-02,-1.916126873478948556e-01,6.214708014249564066e-02,9.788150096492016505e-01,1.941695066559284144e-01,-6.493041226260390375e-02,-1.849630729300125393e-03,4.746710475086695524e+00,-3.291270809346401816e+00,3.497502509205474008e-01,2.243075846434097187e+00,1.806004435277225983e+00,2.605176061156350809e+00,2.964604830294680582e+00,-9.791415651187513128e-03,-1.607800814617498658e-02,1.000000000000000000e+00
1.720000000000001250e-01,-8.611890766451246520e-04,-6.492811634116469645e-03,1.002561528785329337e+00,-4.214597208500388270e-02,-2.004608888569040237e-01,6.388692879343878250e-02,9.776639176423589372e-01,1.987835328420838599e-01,-6.822750570160381056e-02,-1.838117719961280270e-03,4.703585846016784089e+00,-3.373498360919405581e+00,3.704926119072572410e-01,2.222161194048783539e+00,1.827724843326009818e+00,2.642835587050587520e+00,2.962059123875582234e+00,-1.020987091422320345e-02,-1.675747424001915870e-02,1.000000000000000000e+00
1.740000000000001268e-01,-9.454810208151324643e-04,-6.893733411830277324e-03,1.002689302642916225e+00,-4.528194955400560023e-02,-2.095420425259164887e-01,6.560040987998404238e-02,9.764830128345706184e-01,2.033471599128504892e-01,-7.160674243196252231e-02,-1.825551746770746062e-03,4.654575997545899568e+00,-3.453807807890517889e+00,3.912051453830110992e-01,2.201321398664159545e+00,1.850831824234147494e+00,2.680050537032156566e+00,2.958290163836482023e+00,-1.064036763369404816e-02,-1.745603914830156506e-02,1.000000000000000000e+00
1.760000000000001286e-01,-1.036044919923143591e-03,-7.312817496882110212e-03,1.002820503462676260e+00,-4.858075378524737142e-02,-2.188543039026054626e-01,6.728361873217557354e-02,9.752734601711814388e-01,2.078544490825911251e-01,-7.506610809674342522e-02,-1.812538968269377911e-03,4.599742594929293382e+00,-3.532011135031355664e+00,4.118091281714870711e-01,2.180613577372833678e+00,1.875308066510188221e+00,2.716749444005972514e+00,2.953298272382007372e+00,-1.108306784081660584e-02,-1.817393783199057478e-02,1.000000000000000000e+00
1.780000000000001303e-01,-1.133206427493638245e-03,-7.750526104687321081e-03,1.002955070700140672e+00,-5.204658259083550648e-02,-2.283954766177763163e-01,6.893268025281522327e-02,9.740365330897841067e-01,2.122995530641584028e-01,-7.860338991263277064e-02,-1.799741491221778199e-03,4.539160498763234131e+00,-3.607921887614407908e+00,4.322247089536768727e-01,2.160095158058149334e+00,1.901132403257551617e+00,2.752862450728669863e+00,2.947086311040021389e+00,-1.153813195839076787e-02,-1.891140190972266308e-02,1.000000000000000000e+00
1.800000000000001321e-01,-1.237299592675309302e-03,-8.207317057922873527e-03,1.003092936060646201e+00,-5.568352534485303262e-02,-2.381630146665915659e-01,7.054376350531260664e-02,9.727736107706113078e-01,2.166767309041674749e-01,-8.221617830144212213e-02,-1.787875413969310405e-03,4.472917653397463056e+00,-3.681355636502412931e+00,4.523713533125321984e-01,2.139823733296208896e+00,1.928279849055802853e+00,2.788321455899941181e+00,2.939659682451452039e+00,-1.200571874999832242e-02,-1.966865957459998371e-02,1.000000000000000000e+00
1.820000000000001339e-01,-1.348666643365015443e-03,-8.683643087256056117e-03,1.003234023587656898e+00,-5.949555226897737525e-02,-2.481540258342336547e-01,7.211309620282864430e-02,9.714861748913342643e-01,2.209803625512059277e-01,-8.590186909837790874e-02,-1.777708397461805027e-03,4.401114942612479375e+00,-3.752130441800903160e+00,4.721682976761352735e-01,2.119856909073361884e+00,1.956721648142174308e+00,2.823060252041973417e+00,2.931026330817535275e+00,-1.248598527008050983e-02,-2.044593551266524895e-02,1.000000000000000000e+00
1.840000000000001357e-01,-1.467657747902970274e-03,-9.179951138924523357e-03,1.003378249780062514e+00,-6.348650394049509815e-02,-2.583652762525838753e-01,7.363697902074320401e-02,9.701758059022030922e-01,2.252049631058717083e-01,-8.965766633994676216e-02,-1.770056769977855450e-03,4.323866012217060018e+00,-3.820067314115557000e+00,4.915350090667019445e-01,2.100252148648857009e+00,1.986425333586345765e+00,2.857014655243335977e+00,2.921196740919093315e+00,-1.297908681489031921e-02,-2.124345082304510482e-02,1.000000000000000000e+00
1.860000000000001374e-01,-1.594630755783960465e-03,-9.696681691429691677e-03,1.003525523738103997e+00,-6.766008105717209731e-02,-2.687931960682913290e-01,7.511179965583437979e-02,9.688441788403172605e-01,2.293451967022599736e-01,-9.348058563221849082e-02,-1.765782175354118841e-03,4.241297059289241389e+00,-3.884990672440000292e+00,5.103916475102104888e-01,2.081066611951493783e+00,2.017354797142013378e+00,2.890122626874147560e+00,2.910183935558981361e+00,-1.348517687431508710e-02,-2.206142293975315097e-02,1.000000000000000000e+00
1.880000000000001392e-01,-1.729950917898304737e-03,-1.023426808356627492e-02,1.003675747337415602e+00,-7.201983449095035461e-02,-2.794338861966714771e-01,7.653404655750907504e-02,9.674930587045407204e-01,2.333958899715308510e-01,-9.736745809792601847e-02,-1.765787778323800591e-03,4.153546587865582396e+00,-3.946728797680828738e+00,5.286595279306367523e-01,2.062356990958397418e+00,2.049470369450909324e+00,2.922324387403912205e+00,2.898003471218666860e+00,-1.400440708456519683e-02,-2.290006555514391764e-02,1.000000000000000000e+00
1.900000000000001410e-01,-1.873990586880205532e-03,-1.079313585595961800e-02,1.003828815430530597e+00,-7.656915565980088045e-02,-2.902831261302621368e-01,7.790032225894576168e-02,9.661242954151045836e-01,2.373520450394824288e-01,-1.013149348985533382e-01,-1.771014044281164247e-03,4.060765130978930770e+00,-4.005114280805550209e+00,5.462615783440858408e-01,2.044179341562825769e+00,2.082728910267784173e+00,2.953562522472501506e+00,2.884673431663942189e+00,-1.453692718172449293e-02,-2.375958854500889728e-02,1.000000000000000000e+00
1.920000000000001428e-01,-2.027128898199807502e-03,-1.137370210822014234e-02,1.003984616075048519e+00,-8.131126724431136932e-02,-3.013363827656260208e-01,7.920735623906641210e-02,9.647398183843267638e-01,2.412088520116398849e-01,-1.053194923251671578e-01,-1.782434114410441466e-03,3.963114939053745012e+00,-4.059984464576658958e+00,5.631227911818561527e-01,2.026588912495354666e+00,2.117083908367880518e+00,2.983782081378836715e+00,2.870214419183955368e+00,-1.508288495615809494e-02,-2.464019789530584245e-02,1.000000000000000000e+00
1.940000000000001446e-01,-2.189751432688430421e-03,-1.197637487375139385e-02,1.004143030787526758e+00,-8.624921427277033870e-02,-3.125888202071619437e-01,8.045201724980780011e-02,9.633416307270311618e-01,2.449617009012376168e-01,-1.093774374492962886e-01,-1.801048800612031937e-03,3.860769634789837035e+00,-4.111181877812017049e+00,5.791706646079171072e-01,2.009639971918760093e+00,2.152485590791006764e+00,3.012930668161065917e+00,2.854649543102631970e+00,-1.564242620777329951e-02,-2.554209563051256654e-02,1.000000000000000000e+00
1.960000000000001463e-01,-2.362249861233971151e-03,-1.260155251416571719e-02,1.004303934822026401e+00,-9.138585559567238836e-02,-3.240353105023084379e-01,8.163132504716553994e-02,9.619318031412145142e-01,2.486061929576230123e-01,-1.134849143226767249e-01,-1.827881227995381205e-03,3.753913834799274873e+00,-4.158554661089021387e+00,5.943356307555432982e-01,1.993385632369947036e+00,2.188881041067763267e+00,3.040958525447321481e+00,2.838004405162986021e+00,-1.621569470212926370e-02,-2.646547974359643798e-02,1.000000000000000000e+00
1.980000000000001481e-01,-2.545021572425316091e-03,-1.324962313517033356e-02,1.004467197472120654e+00,-9.672385576775489879e-02,-3.356704452586181109e-01,8.274246146889049913e-02,9.605124674912203231e-01,2.521381513550301490e-01,-1.176379107121747619e-01,-1.863971155856188489e-03,3.642742738406115066e+00,-4.201956982788661144e+00,6.085514678899447416e-01,1.977877674772463568e+00,2.226214326063704618e+00,3.067818611257605355e+00,2.820307081353230938e+00,-1.680283212739110132e-02,-2.741054412759073855e-02,1.000000000000000000e+00
2.000000000000001499e-01,-2.738469283960826093e-03,-1.392096402568756934e-02,1.004632682395058429e+00,-1.022656773529263263e-01,-3.474885480897692558e-01,8.378278080646982262e-02,9.590858101271718672e-01,2.555536312043598102e-01,-1.218322653536991068e-01,-1.910369010986812891e-03,3.527461684173239576e+00,-4.241249444356436804e+00,6.217556936085225638e-01,1.963166372289169903e+00,2.264426631065547202e+00,3.093466668935682673e+00,2.801588099719566127e+00,-1.740397805212413190e-02,-2.837747850876908701e-02,1.000000000000000000e+00
2.020000000000001517e-01,-2.943000638666678874e-03,-1.461594112186710703e-02,1.004800247956671333e+00,-1.080135736647998834e-01,-3.594836878346714948e-01,8.474981942407079638e-02,9.576540649756392076e-01,2.588489288535302246e-01,-1.260636757064335922e-01,-1.968129669855522498e-03,3.408285674883329897e+00,-4.276299473641208770e+00,6.338899363175736212e-01,1.949300314826187819e+00,2.303456402720080565e+00,3.117861290385596451e+00,2.781880413694393983e+00,-1.801926988392393153e-02,-2.936646838140920604e-02,1.000000000000000000e+00
2.040000000000001534e-01,-3.159027785996278495e-03,-1.533490849753645080e-02,1.004969747595519491e+00,-1.139695819530380377e-01,-3.716496924914200473e-01,8.564130458240308552e-02,9.562195064374817699e-01,2.620205904451271550e-01,-1.303277061862879449e-01,-2.038306028607100341e-03,3.285438871870149935e+00,-4.306981705161303076e+00,6.449002823733884782e-01,1.936326235035384924e+00,2.343239499420838534e+00,3.140963972780838276e+00,2.761219370460765710e+00,-1.864884282887784711e-02,-3.037769494413708124e-02,1.000000000000000000e+00
2.060000000000001552e-01,-3.386966949902354626e-03,-1.607820788251929089e-02,1.005141030204684371e+00,-1.201355170433755504e-01,-3.839801638059516242e-01,8.645516243090685393e-02,9.547844421295149653e-01,2.650654197034498782e-01,-1.346197968550972290e-01,-2.121942401960981352e-03,3.159154059769891720e+00,-4.333178346140468484e+00,6.547375964460609987e-01,1.924288836692845006e+00,2.383709348720125742e+00,3.162739168906086196e+00,2.739642673874330914e+00,-1.929282985185365798e-02,-3.141133503784284547e-02,1.000000000000000000e+00
2.080000000000001570e-01,-3.627237983989105644e-03,-1.684616821013119534e-02,1.005313940529546146e+00,-1.265129654370472367e-01,-3.964684924538436905e-01,8.718952513723920994e-02,9.533512055070664237e-01,2.679804849266066435e-01,-1.389352725398221577e-01,-2.220067793892532056e-03,3.029672082938312361e+00,-4.354779527155412389e+00,6.633578128550916553e-01,1.913230626354454955e+00,2.424797111324553889e+00,3.183154331281814464e+00,2.717190341472957904e+00,-1.995136163761114176e-02,-3.246756108515953809e-02,1.000000000000000000e+00
2.100000000000001588e-01,-3.880263914863200068e-03,-1.763910519503888302e-02,1.005488319579820544e+00,-1.331032798734236022e-01,-4.091078737527595877e-01,8.784273712865146855e-02,9.519221484046488380e-01,2.707631251630246427e-01,-1.432693523538337566e-01,-2.333689084460144943e-03,2.897241254955502665e+00,-4.371683636242383209e+00,6.707221958358994263e-01,1.903191749205966010e+00,2.466431851211303705e+00,3.202179950211885728e+00,2.693904655121588831e+00,-2.062456655273207928e-02,-3.354654103149593003e-02,1.000000000000000000e+00
2.120000000000001605e-01,-4.146470474610047634e-03,-1.845732094254440292e-02,1.005664005054077936e+00,-1.399075743579689113e-01,-4.218913238425483492e-01,8.841336042546732443e-02,9.504996335318536271e-01,2.734109555555851445e-01,-1.476171595903303657e-01,-2.463784178270156562e-03,2.762116742814183734e+00,-4.383797635323190001e+00,6.767975669243653236e-01,1.894209830033777076e+00,2.508540711379971810e+00,3.219789585883283678e+00,2.669830104865528853e+00,-2.131257060836452139e-02,-3.464843828761458161e-02,1.000000000000000000e+00
2.140000000000001623e-01,-4.426285623325985734e-03,-1.930110359022950070e-02,1.005840831774928779e+00,-1.469267196561918065e-01,-4.348116962699342669e-01,8.890017905243290108e-02,9.490860269611759437e-01,2.759218718405339610e-01,-1.519737319560484912e-01,-2.611295160841008069e-03,2.624559927557053030e+00,-4.391037357831770294e+00,6.815564978909307570e-01,1.886319820243084644e+00,2.551049094731776989e+00,3.235959894636246226e+00,2.645013325599120613e+00,-2.201549742377686622e-02,-3.577341167374646635e-02,1.000000000000000000e+00
2.160000000000001641e-01,-4.720139062638369250e-03,-2.017072698276936929e-02,1.006018632133033552e+00,-1.541613392530649940e-01,-4.478616989150399630e-01,8.930220251916225205e-02,9.476836906438399488e-01,2.782940539923287604e-01,-1.563340321117160647e-01,-2.777121509528832771e-03,2.484837743291612888e+00,-4.393327786451273198e+00,6.849774679148065148e-01,1.879553851842171497e+00,2.593880849544316636e+00,3.250670649512228838e+00,2.619503026198210627e+00,-2.273346819071756300e-02,-3.692161536523312637e-02,1.000000000000000000e+00
2.180000000000001659e-01,-5.028461741144499633e-03,-2.106645038059944824e-02,1.006197236538071804e+00,-1.616118057764442673e-01,-4.610339111976426985e-01,8.961866836619927779e-02,9.462949749887670237e-01,2.805259690096202907e-01,-1.606929584841669811e-01,-2.962113405703276255e-03,2.343221996664869966e+00,-4.390603309908891916e+00,6.870449839604991782e-01,1.873941099294919699e+00,2.636958458986701004e+00,3.263904755176665340e+00,2.593349910813560033e+00,-2.346660163857602205e-02,-3.809319883968786263e-02,1.000000000000000000e+00
2.200000000000001676e-01,-5.351685352697387911e-03,-2.198851820299473417e-02,1.006376473874804223e+00,-1.692782378823147749e-01,-4.743208015020266566e-01,8.984904377831665068e-02,9.449222115386991527e-01,2.826163728416073995e-01,-1.650453563137151969e-01,-3.167065194513284977e-03,2.199988669023063892e+00,-4.382807957821537315e+00,6.877496636009232667e-01,1.869507650118007236e+00,2.680203234097279896e+00,3.275648257303726218e+00,2.566606592077782967e+00,-2.421501400034040130e-02,-3.928830682566684246e-02,1.000000000000000000e+00
2.220000000000001694e-01,-5.690241828462017266e-03,-2.293715980599878718e-02,1.006556171962360802e+00,-1.771604975992197573e-01,-4.877147447605245656e-01,8.999302627153664413e-02,9.435677057760890607e-01,2.845643114580005961e-01,-1.693860288992752594e-01,-3.392709037859572511e-03,2.055417203611154431e+00,-4.369895612639819404e+00,6.870882798214291709e-01,1.866276385064804977e+00,2.723535509624937845e+00,3.285890346501193271e+00,2.539327496039955445e+00,-2.497881897934804696e-02,-4.050707925284150607e-02,1.000000000000000000e+00
2.240000000000001712e-01,-6.044562823660456531e-03,-2.391258929551983575e-02,1.006736158014903904e+00,-1.852581881289702137e-01,-5.012080401372942529e-01,9.005054346495507123e-02,9.422337300897895007e-01,2.863691210697590916e-01,-1.737097490028398639e-01,-3.639708805099305979e-03,1.909789780281223592e+00,-4.351830197800574673e+00,6.850637676345684435e-01,1.864266868694592016e+00,2.766874842115592426e+00,3.294623356845488349e+00,2.511568758708940141e+00,-2.575812771682414043e-02,-4.174965120366355698e-02,1.000000000000000000e+00
2.260000000000001730e-01,-6.415079199918396688e-03,-2.491500537579442384e-02,1.006916259101833910e+00,-1.935706521006708147e-01,-5.147929287555144118e-01,9.002175195275291530e-02,9.409225169317746440e-01,2.880304275115846413e-01,-1.780112703742778302e-01,-3.908654244558394490e-03,1.763390580276588571e+00,-4.328585841269070755e+00,6.816851926336207068e-01,1.863495251073893799e+00,2.810140209608904982e+00,3.301842759089730350e+00,2.483388114157915716e+00,-2.655304876020439867e-02,-4.301615286651339076e-02,1.000000000000000000e+00
2.280000000000001747e-01,-6.802220504119738456e-03,-2.594459123330545430e-02,1.007096302605739346e+00,-2.020969702752045682e-01,-5.284616114129638831e-01,8.990703529576782316e-02,9.396362521911761911e-01,2.895481448008364600e-01,-1.822853393570178782e-01,-4.200055477130665987e-03,1.616505043737714198e+00,-4.300147013730541978e+00,6.769676819109833321e-01,1.863974181296432109e+00,2.853250212296591481e+00,3.307547148601685638e+00,2.454844774217749936e+00,-2.736368803223726207e-02,-4.430670949032365635e-02,1.000000000000000000e+00
2.300000000000001765e-01,-7.206414444670147454e-03,-2.700151445613138343e-02,1.007276116676330879e+00,-2.108359606975693523e-01,-5.422062662328347438e-01,8.970700115565649613e-02,9.383770688107884173e-01,2.909224728910370650e-01,-1.865267065350233733e-01,-4.514337851117360828e-03,1.469419122635827524e+00,-4.266508640776393690e+00,6.709323180625781369e-01,1.865712733440390236e+00,2.896123273483937499e+00,3.311738228083501934e+00,2.425999299864760594e+00,-2.819014880086151767e-02,-4.562144134066860313e-02,1.000000000000000000e+00
2.320000000000001783e-01,-7.628086366065285791e-03,-2.808592698859705208e-02,1.007455530678642130e+00,-2.197861782948239417e-01,-5.560190661985859872e-01,8.942247759799820672e-02,9.371470406689750288e-01,2.921538946414499183e-01,-1.907301383815575846e-01,-4.851837195024731077e-03,1.322418531879449022e+00,-4.227676188522497824e+00,6.636059972885129943e-01,1.868716345506427956e+00,2.938677840190389468e+00,3.314420785121318325e+00,2.396913464488055645e+00,-2.903253164985482998e-02,-4.696046365731085248e-02,1.000000000000000000e+00
2.340000000000001801e-01,-8.067658722654934278e-03,-2.919796512099422439e-02,1.007634375633838175e+00,-2.289459149178479647e-01,-5.698921965236392051e-01,8.905450859366630112e-02,9.359481767475553715e-01,2.932431720272846154e-01,-1.948904288705688159e-01,-5.212795502314558106e-03,1.175788001357278345e+00,-4.183665722194787051e+00,6.550212528804073564e-01,1.872986771798434535e+00,2.980832582723979662e+00,3.315602664610075578e+00,2.367650109302170680e+00,-2.989093445024897100e-02,-4.832388661319663575e-02,1.000000000000000000e+00
2.360000000000001819e-01,-8.525550552490629430e-03,-3.033774951404150100e-02,1.007812484651025464e+00,-2.383131998256198258e-01,-5.838178718087211339e-01,8.860434875042907943e-02,9.347824156038401222e-01,2.941913416179159357e-01,-1.990024110120997003e-01,-5.597357079117955096e-03,1.029810531677620933e+00,-4.134503937319919942e+00,6.452160456541626843e-01,1.878522049121710058e+00,3.022506592568117600e+00,3.315294736097261996e+00,2.338272991250928801e+00,-3.076545233250744735e-02,-4.971181527489060975e-02,1.000000000000000000e+00
2.380000000000001836e-01,-9.002176952141869443e-03,-3.150538525765894660e-02,1.007989693348526394e+00,-2.478858006112344414e-01,-5.977883529416513353e-01,8.807345730903960723e-02,9.336516201625232325e-01,2.949997093530549730e-01,-2.030609682739273336e-01,-6.005565182704921540e-03,8.847666563398246531e-01,-4.080228163265224417e+00,6.342335231407285612e-01,1.885316477081404152e+00,3.063619577928119231e+00,3.313510856088647483e+00,2.308846623827437661e+00,-3.165617765946098644e-02,-5.112434956444148609e-02,1.000000000000000000e+00
2.400000000000001854e-01,-9.497948553364337840e-03,-3.270096196354224660e-02,1.008165840263144375e+00,-2.576612245693909453e-01,-6.117959636963290482e-01,8.746349144004643417e-02,9.325575728406485521e-01,2.956698446490774179e-01,-2.070610458526658260e-01,-6.437359175081065234e-03,7.409337130272749539e-01,-4.020886338981426888e+00,6.221217495839184153e-01,1.893360612668415710e+00,3.104092056298945579e+00,3.310267825359522131e+00,2.279436111311923252e+00,-3.256319999999693349e-02,-5.256158422266993258e-02,1.000000000000000000e+00
2.420000000000001872e-01,-1.001327100250311991e-02,-3.392455389093490536e-02,1.008340767246024505e+00,-2.676367205055475984e-01,-6.258331069895844978e-01,8.677629887921636809e-02,9.315019710164048616e-01,2.962035738696767728e-01,-2.109976617587964454e-01,-6.892572212490900331e-03,5.985851266449817576e-01,-3.956536960912826917e+00,6.089334090110622988e-01,1.902641279221638282e+00,3.143845543434979461e+00,3.305585341316227943e+00,2.250106977002604314e+00,-3.348660610349789984e-02,-5.402360877386941374e-02,1.000000000000000000e+00
2.440000000000001890e-01,-1.054854444351421491e-02,-3.517622010491407158e-02,1.008514319843782925e+00,-2.778092809873403679e-01,-6.398922807564110249e-01,8.601390994082400154e-02,9.304864228500429046e-01,2.966029731966559058e-01,-2.148659176815149452e-01,-7.370929487877659302e-03,4.579897066385681392e-01,-3.887249003151479698e+00,5.947254838369923080e-01,1.913141589755724903e+00,3.182802738127120445e+00,3.299485945454997626e+00,2.220924986084154451e+00,-3.442647987502552021e-02,-5.551050749191176886e-02,1.000000000000000000e+00
2.460000000000001907e-01,-1.110416300548889602e-02,-3.645600466642689302e-02,1.008686347663664495e+00,-2.881756450391688706e-01,-6.539660934058810771e-01,8.517852894914958173e-02,9.295124434628420085e-01,2.968703609380082264e-01,-2.186610096008925197e-01,-7.872047039517353004e-03,3.194109610267034660e-01,-3.813101810023627358e+00,5.795589116324927348e-01,1.924840984543346956e+00,3.220887702221999938e+00,3.291994965968211506e+00,2.191955963842710187e+00,-3.538290235124489508e-02,-5.702235936774819464e-02,1.000000000000000000e+00
2.480000000000001925e-01,-1.168051429556723336e-02,-3.776393685323865823e-02,1.008856704721562858e+00,-2.987323012810463863e-01,-6.680472788217707292e-01,8.427252512935809459e-02,9.285814514777352979e-01,2.970082893114461831e-01,-2.223782381166055644e-01,-8.395431135144734019e-03,1.831064294571394524e-01,-3.734184961406956660e+00,5.634982228331850695e-01,1.937715282741576894e+00,3.258026035352276750e+00,3.283140455551981418e+00,2.163265609994795113e+00,-3.635595167708552400e-02,-5.855923807829731265e-02,1.000000000000000000e+00
2.500000000000001665e-01,-1.227797889812932627e-02,-3.910003141088219669e-02,1.009025249771821509e+00,-3.094754915128695716e-01,-6.821287108735707427e-01,8.329842299953034435e-02,9.276947659230235788e-01,2.970195357422376059e-01,-2.260130184643945328e-01,-8.940478236956754532e-03,4.932703745914110427e-02,-3.650598111185334727e+00,5.466111622824270100e-01,1.951736747754606593e+00,3.294145043885339241e+00,3.272953124473632514e+00,2.134919309949551369e+00,-3.734570308313437531e-02,-6.012121195671104451e-02,1.000000000000000000e+00
2.520000000000001683e-01,-1.289692988115506526e-02,-4.046428883262934151e-02,1.009191846617820465e+00,-3.204012147451792969e-01,-6.962034174051618951e-01,8.225889230600562374e-02,9.268536034985210836e-01,2.969070937145902866e-01,-2.295608901934279023e-01,-9.506475548949422719e-03,-8.168352608588899666e-02,-3.562450799352465225e+00,5.289682975910784402e-01,1.966874165930717844e+00,3.329173903640165744e+00,3.261466268962931014e+00,2.106981943868357909e+00,-3.835222886375654755e-02,-6.170834396400995403e-02,1.000000000000000000e+00
2.540000000000001701e-01,-1.353773231064542455e-02,-4.185669566743966535e-02,1.009356364402432371e+00,-3.315052316772374441e-01,-7.102645936699758522e-01,8.115673754439764465e-02,9.260590762015667998e-01,2.966741632159179409e-01,-2.330175264798665657e-01,-1.009260214415191523e-02,-2.096894063964360733e-01,-3.469862238376579366e+00,5.106426173572033989e-01,1.983092938101256975e+00,3.363043815967526218e+00,3.248715694996981540e+00,2.079517694422945429e+00,-3.937559835593961582e-02,-6.332069166207890398e-02,1.000000000000000000e+00
2.560000000000001719e-01,-1.420074277399989947e-02,-4.327722485477961817e-02,1.009518677877521142e+00,-3.427830696228396645e-01,-7.243056151829690981e-01,7.999488710868461749e-02,9.253121893085604066e-01,2.963241408131179755e-01,-2.363787430541133272e-01,-1.069793066550003835e-02,-3.344631534785478810e-01,-3.372961074534013282e+00,4.917091223195241834e-01,2.000355183384430635e+00,3.395688156837034732e+00,3.234739637555343883e+00,2.052589854181961382e+00,-4.041587791885688230e-02,-6.495830718801415271e-02,1.000000000000000000e+00
2.580000000000001736e-01,-1.488630891324557899e-02,-4.472583608514555525e-02,1.009678667651738415e+00,-3.542300278837083316e-01,-7.383200499612143641e-01,7.877638211067353180e-02,9.246138397060943426e-01,2.958606093995239661e-01,-2.396405067214751605e-01,-1.132142959037206985e-02,-4.557862645416526637e-01,-3.271885125009571293e+00,4.722444125197257092e-01,2.018619854597898833e+00,3.427042618624793757e+00,3.219578675429350056e+00,2.026260633576279613e+00,-4.147313091414572134e-02,-6.662123722981393159e-02,1.000000000000000000e+00
2.600000000000001754e-01,-1.559476896901299502e-02,-4.620247618506798104e-02,1.009836220415959662e+00,-3.658411835695726255e-01,-7.523016701263796069e-01,7.750436491191876887e-02,9.239648145643495347e-01,2.952873276504803801e-01,-2.427989434582408512e-01,-1.196196604522368513e-02,-5.734496968195759159e-01,-3.166781091645372026e+00,4.523262735208523622e-01,2.037842864552472211e+00,3.457045344347008609e+00,3.203275641677490793e+00,2.000590970405017988e+00,-4.254741768689614817e-02,-6.830952300340230321e-02,1.000000000000000000e+00
2.620000000000001772e-01,-1.632645133615213962e-02,-4.770707952532073776e-02,1.009991229145783542e+00,-3.776113978631457369e-01,-7.662444628438256355e-01,7.618206740985648817e-02,9.233657903441992998e-01,2.946082192245391140e-01,-2.458503460674578145e-01,-1.261830915333309044e-02,-6.872543496612446567e-01,-3.057804252296826508e+00,4.320332646727516601e-01,2.057977222435073639e+00,3.485637054137136204e+00,3.185875529827473684e+00,1.975640341847075820e+00,-4.363879554734570454e-02,-7.002320023097870216e-02,1.000000000000000000e+00
2.640000000000001790e-01,-1.708167413187842987e-02,-4.923956845100838781e-02,1.010143593280603325e+00,-3.895353227271596275e-01,-7.801426405745370829e-01,7.481279911951749240e-02,9.228173321284559583e-01,2.938273617461331644e-01,-2.487911813809635664e-01,-1.328913389542856101e-02,-7.970115149436385327e-01,-2.945118130824160740e+00,4.114443123318286544e-01,2.078973179433560858e+00,3.512761163816243037e+00,3.167425395934762911e+00,1.951466579937109591e+00,-4.474731875327616487e-02,-7.176229912068381178e-02,1.000000000000000000e+00
2.660000000000001807e-01,-1.786074477733274810e-02,-5.079985373215746558e-02,1.010293218878842270e+00,-4.016074080494331233e-01,-7.939906506176087619e-01,7.339993509171853503e-02,9.223198932668592587e-01,2.929489756042553683e-01,-2.516180969964648684e-01,-1.397302545994124831e-02,-9.025432950461385051e-01,-2.828894146810096100e+00,3.906383108326315634e-01,2.100778382709343362e+00,3.538363895457733665e+00,3.147974256617290578e+00,1.928125691450236490e+00,-4.587303849310778864e-02,-7.352684434757303378e-02,1.000000000000000000e+00
2.680000000000001825e-01,-1.866395959343161368e-02,-5.238783503339268510e-02,1.010440018749025670e+00,-4.138219092206364413e-01,-8.077831839225626531e-01,7.194690370812038827e-02,9.218738153237931998e-01,2.919774126001978831e-01,-2.543279275406478690e-01,-1.466848405682708023e-02,-1.003682987808526939e+00,-2.709311246148783603e+00,3.696937338746658086e-01,2.123338036786306393e+00,3.562394379897225072e+00,3.127572983196587941e+00,1.905671683116815229e+00,-4.701600286968678905e-02,-7.531685503588891883e-02,1.000000000000000000e+00
2.700000000000001843e-01,-1.949160341187288620e-02,-5.400340140123781330e-02,1.010583912556441977e+00,-4.261728951379986641e-01,-8.215151831523824777e-01,7.045717439299219176e-02,9.214793283172644234e-01,2.909171444758074654e-01,-2.569177004514203166e-01,-1.537393016634980986e-02,-1.100275438072614520e+00,-2.586555513697723185e+00,3.486882588312018028e-01,2.146595071396730781e+00,3.584804751186349669e+00,3.106274192086630581e+00,1.884156393057480283e+00,-4.817625688476157714e-02,-7.713234474262337104e-02,1.000000000000000000e+00
2.720000000000001861e-01,-2.034394920214888450e-02,-5.564643176754258125e-02,1.010724826905228024e+00,-4.386542566266976584e-01,-8.351818499798243645e-01,6.893424528094665993e-02,9.211365512374352083e-01,2.897727513520234610e-01,-2.593846412744266194e-01,-1.608771019192779123e-02,-1.192177355578110998e+00,-2.460819769223208109e+00,3.276984063098895561e-01,2.170490314806802878e+00,3.605550233034130692e+00,3.084132131583417369e+00,1.863629329289840042e+00,-4.935384242414379841e-02,-7.897332144236146600e-02,1.000000000000000000e+00
2.740000000000001878e-01,-2.122125771540227940e-02,-5.731679546750222815e-02,1.010862695395789990e+00,-4.512597152690967506e-01,-8.487786516013183791e-01,6.738163087931747786e-02,9.208454928329197209e-01,2.885489101057052141e-01,-2.617261784709162264e-01,-1.680810248413082408e-02,-1.279257599145362967e+00,-2.332303147900882667e+00,3.067991971000392781e-01,2.194962671635918294e+00,3.624589217321457113e+00,3.061202565220500826e+00,1.844137516112227759e+00,-5.054879824354941570e-02,-8.083978751339726543e-02,1.000000000000000000e+00
2.760000000000001896e-01,-2.212377714594047223e-02,-5.901435277070486707e-02,1.010997458657548531e+00,-4.639828326303697681e-01,-8.623013264546063317e-01,6.580284976324494994e-02,9.206060526531322230e-01,2.872503827109573193e-01,-2.639399477358749246e-01,-1.753332370117880942e-02,-1.361397427229672719e+00,-2.201210666656491455e+00,2.860638284309694468e-01,2.219949304185026229e+00,3.641883334812274775e+00,3.037542651868432309e+00,1.825725349117285345e+00,-5.176115995511574447e-02,-8.273173972511356500e-02,1.000000000000000000e+00
2.780000000000001914e-01,-2.305174281120121044e-02,-6.073895542361407857e-02,1.011129064357074947e+00,-4.768170198674071547e-01,-8.757458891281844071e-01,6.420141234092283100e-02,9.204180223352128598e-01,2.858820045693528100e-01,-2.660237958270424419e-01,-1.826153546984657025e-02,-1.438490715072937354e+00,-2.067752777648060647e+00,2.655633712425035653e-01,2.245385816299827475e+00,3.657397518219096089e+00,3.013210822769254005e+00,1.808434459529519422e+00,-5.299096001459018684e-02,-8.464916922661630538e-02,1.000000000000000000e+00
2.800000000000001932e-01,-2.400537685093602491e-02,-6.249044720187044849e-02,1.011257467181756686e+00,-4.897555477062400242e-01,-8.891086344526276664e-01,6.258080872584083354e-02,9.202810871244120339e-01,2.844486728516543717e-01,-2.679757839070216474e-01,-1.899085130952085990e-02,-1.510444138807451209e+00,-1.932144910199921073e+00,2.453664899351911677e-01,2.271206438813992978e+00,3.671100057810056327e+00,2.988266655710701158e+00,1.792303588497078604e+00,-5.423822770918625136e-02,-8.659206153661530569e-02,1.000000000000000000e+00
2.820000000000001950e-01,-2.498488794634850380e-02,-6.426866447077569933e-02,1.011382628799208261e+00,-5.027915567715793843e-01,-9.023861407659760081e-01,6.094449675223463647e-02,9.201948276173027574e-01,2.829553348718724104e-01,-2.697941904021366466e-01,-1.971934378128628595e-02,-1.577177326983248085e+00,-1.794607002501511728e+00,2.255391858268897820e-01,2.297344215645448884e+00,3.682962649769812469e+00,2.962770746558659685e+00,1.777368471899434255e+00,-5.550298914610238277e-02,-8.856039653454164662e-02,1.000000000000000000e+00
2.840000000000001967e-01,-2.599047105989166218e-02,-6.607343675230764601e-02,1.011504517792712665e+00,-5.159180682504616033e-01,-9.155752723475452104e-01,5.929589016932699380e-02,9.201587217177532585e-01,2.814069765127915068e-01,-2.714775133830066300e-01,-2.044505182333284168e-02,-1.638622980093867643e+00,-1.655363024380237302e+00,2.061445652967271447e-01,2.323731189654672846e+00,3.692960437546660479e+00,2.936784578380385646e+00,1.763661736160358595e+00,-5.678526724169958434e-02,-9.055414845289407044e-02,1.000000000000000000e+00
2.860000000000001985e-01,-2.702230719639258510e-02,-6.790458729700273033e-02,1.011623109573051238e+00,-5.291279948704378233e-01,-9.286731810167958567e-01,5.763834704930864694e-02,9.201721467962538092e-01,2.798086107204692530e-01,-2.730244724729751771e-01,-2.116598823367388249e-02,-1.694726958765735869e+00,-1.514640492448221742e+00,1.872426333498512785e-01,2.350298587416989271e+00,3.701072046433893981e+00,2.910370388405157716e+00,1.751212805480162782e+00,-5.808508171133329456e-02,-9.257328587080468352e-02,1.000000000000000000e+00
2.880000000000002003e-01,-2.808056318613346217e-02,-6.976193365903632371e-02,1.011738386267149847e+00,-5.424141521712604330e-01,-9.416773068962387416e-01,5.597515844336255209e-02,9.202343820438995126e-01,2.781652660836764213e-01,-2.744340102915654445e-01,-2.188014726113094582e-02,-1.745448341353432076e+00,-1.372669978908102939e+00,1.688901130894443769e-01,2.376977002110598480e+00,3.707279611643915285e+00,2.883591033083038546e+00,1.740047820823502844e+00,-5.940244905983527168e-02,-9.461777170881545407e-02,1.000000000000000000e+00
2.900000000000002021e-01,-2.916539149047598159e-02,-7.164528827282880263e-02,1.011850336584036558e+00,-5.557692700476187797e-01,-9.545853783397643122e-01,5.430953731937580853e-02,9.203446110130820701e-01,2.764819755128207213e-01,-2.757052934410210154e-01,-2.258551226577121609e-02,-1.790759451747181652e+00,-1.229684615283526794e+00,1.511402913387419888e-01,2.403696573777560630e+00,3.711568800139753765e+00,2.856509851516307208e+00,1.730189570919923758e+00,-6.073738257264128110e-02,-9.668756322485699828e-02,1.000000000000000000e+00
2.920000000000002038e-01,-3.027693003057121968e-02,-7.355445902950832893e-02,1.011958955658675219e+00,-5.691860045391707867e-01,-9.673954110302541709e-01,5.264460781430550795e-02,9.205019243377093874e-01,2.747637650315887803e-01,-2.768377130447454149e-01,-2.328006341046198052e-02,-1.830645858250345759e+00,-1.085919592316246796e+00,1.340428904177034808e-01,2.430387166275441047e+00,3.713928826489971247e+00,2.829190527551658008e+00,1.721657435454485130e+00,-6.208989230755979777e-02,-9.878261201142025938e-02,1.000000000000000000e+00
2.940000000000002056e-01,-3.141530203964956053e-02,-7.548924985156883760e-02,1.012064244874303798e+00,-5.826569498429196026e-01,-9.801057062528438779e-01,5.098339483346329276e-02,9.207053226265473622e-01,2.730156426933682545e-01,-2.778308848470748549e-01,-2.396178534592129442e-02,-1.865106344423985041e+00,-9.416116572441888266e-01,1.176439658487574424e-01,2.456978540302092284e+00,3.714352463010448080e+00,2.801696950834189792e+00,1.714467340546002472e+00,-6.345998508717817788e-02,-1.009028639939127947e-01,1.000000000000000000e+00
2.960000000000002074e-01,-3.258061593933540140e-02,-7.744946126407452336e-02,1.012166211663970694e+00,-5.961746505219006620e-01,-9.927148483527552525e-01,4.932881402825119860e-02,9.209537195240234952e-01,2.712425876334703112e-01,-2.786846488843099379e-01,-2.462867485257904873e-02,-1.894152852823480337e+00,-7.969986096440127010e-01,1.019858295458205832e-01,2.483400521943856631e+00,3.712836044449618011e+00,2.774093077136681629e+00,1.708631726531477657e+00,-6.484766449190124127e-02,-1.030482594301905669e-01,1.000000000000000000e+00
2.980000000000002092e-01,-3.377296524037920467e-02,-7.943489096078003298e-02,1.012264869292027303e+00,-6.097316138831817556e-01,-1.005221701389179767e+00,4.768366218311437255e-02,9.212459449335557160e-01,2.694495392672780487e-01,-2.793990687373065773e-01,-2.527874840370268605e-02,-1.917810402569435135e+00,-6.523187969880597237e-01,8.710699783243221195e-02,2.509583166268032350e+00,3.709379467463646662e+00,2.746442788289048753e+00,1.704159527997836765e+00,-6.625293085361839973e-02,-1.052187329112567044e-01,1.000000000000000000e+00
3.000000000000002109e-01,-3.499242846814556995e-02,-8.144533436355838596e-02,1.012360236616393516e+00,-6.233203224973387080e-01,-1.017625404999265903e+00,4.605060804166673932e-02,9.215807483991264037e-01,2.676413866436900268e-01,-2.799744303761816933e-01,-2.591004961556872543e-02,-1.936116981702587392e+00,-5.078106110295590447e-01,7.304216344007019579e-02,2.535456915552299240e+00,3.703986185114522822e+00,2.718809752043402916e+00,1.701056165926725594e+00,-6.767578124999477918e-02,-1.074142133631180995e-01,1.000000000000000000e+00
3.020000000000002127e-01,-3.623906911314024593e-02,-8.348058517355691488e-02,1.012452337832476790e+00,-6.369332468308601669e-01,-1.029925369488826847e+00,4.443218360108852627e-02,9.219568026414373119e-01,2.658229579626205652e-01,-2.804112406078503317e-01,-2.652065655195836452e-02,-1.949123415271169169e+00,-3.637119860920327019e-01,5.982219045799942042e-02,2.560952751816564010e+00,3.696663196607790525e+00,2.691257282219508440e+00,1.699323551745714811e+00,-6.911620949938214464e-02,-1.096346240497914903e-01,1.000000000000000000e+00
3.040000000000002145e-01,-3.751293560680196704e-02,-8.554043591253457368e-02,1.012541202199678914e+00,-6.505628579623449204e-01,-1.042121270168919978e+00,4.283077590298256521e-02,9.223727072454807052e-01,2.639990102648434034e-01,-2.807102251371630386e-01,-2.710868885190308858e-02,-1.956893210090058455e+00,-2.202599002993534116e-01,4.747413104259241845e-02,2.586002343395217284e+00,3.687421032468228166e+00,2.663848199483300316e+00,1.698960103010036971e+00,-7.057420615634513172e-02,-1.118798825774491440e-01,1.000000000000000000e+00
3.060000000000002163e-01,-3.881406132272665482e-02,-8.762467845287241763e-02,1.012626863751484807e+00,-6.642016403528945290e-01,-1.054213040959952608e+00,4.124861934790435836e-02,9.228269924968169891e-01,2.621742193021339151e-01,-2.808723262523928343e-01,-2.767231465138779434e-02,-1.959502377095232228e+00,-7.768988074227109464e-02,3.602126254802344441e-02,2.610538185359514429e+00,3.676273735331269776e+00,2.636644693117732086e+00,1.699960770373808883e+00,-7.204975850779893332e-02,-1.141499008996977316e-01,1.000000000000000000e+00
3.080000000000002180e-01,-4.014246460343244560e-02,-8.973310453479232951e-02,1.012709360990180718e+00,-6.778421046407605566e-01,-1.066200867287412590e+00,3.968778855974246234e-02,9.233181233641651886e-01,2.603531695954542369e-01,-2.808987001457168842e-01,-2.820975727161424695e-02,-1.957039232195439071e+00,6.376448646424262567e-02,2.548314361235685249e-02,2.634493733669954985e+00,3.663238836506292451e+00,2.609708184149949872e+00,1.702317075448860573e+00,-7.354285056975326529e-02,-1.164445853239780004e-01,1.000000000000000000e+00
3.100000000000002198e-01,-4.149814881271396416e-02,-9.186550626936715314e-02,1.012788736567300285e+00,-6.914768004300773097e-01,-1.078085178295711266e+00,3.815019182501488970e-02,9.238445036261397902e-01,2.585403446888398515e-01,-2.807907138791708168e-01,-2.871930164841930352e-02,-1.949604176496747332e+00,2.038720403204702381e-01,1.587568762394780952e-02,2.657803533006080077e+00,3.648337328445080185e+00,2.583099190201999296e+00,1.706017159093155211e+00,-7.505346308465928040e-02,-1.187638365190803319e-01,1.000000000000000000e+00
3.120000000000002216e-01,-4.288110241357411673e-02,-9.402167662595857511e-02,1.012865036950950426e+00,-7.050983290433939787e-01,-1.089866638408921062e+00,3.663756513095976775e-02,9.244044801400865818e-01,2.567401176066679835e-01,-2.805499420063344296e-01,-2.919930047951258684e-02,-1.937309456745608616e+00,3.424045224081079253e-01,7.211251903119650364e-03,2.680403338286138748e+00,3.631593633225659090e+00,2.556877192433372414e+00,1.711045839619983910e+00,-7.658157351935428181e-02,-1.211075495237640687e-01,1.000000000000000000e+00
3.140000000000002234e-01,-4.429129907166090563e-02,-9.620140990277641080e-02,1.012938312081212322e+00,-7.186993562077018671e-01,-1.101546138269413166e+00,3.515146682502765657e-02,9.249963472509529216e-01,2.549567415221085098e-01,-2.801781628597403984e-01,-2.964818006832840511e-02,-1.920278906803298380e+00,4.791370468552017536e-01,-5.012591365342470087e-04,2.702230229950154161e+00,3.613035567138433102e+00,2.531100504942995766e+00,1.717384680373534422e+00,-7.812715606360054466e-02,-1.234756137564741313e-01,1.000000000000000000e+00
3.160000000000002252e-01,-4.572869778407630953e-02,-9.840450217931523413e-02,1.013008615014862279e+00,-7.322726246437315512e-01,-1.113124785087503898e+00,3.369327291702516741e-02,9.256183513380067396e-01,2.531943406447635936e-01,-2.796773545136951866e-01,-3.006444584546091175e-02,-1.898647670929917153e+00,6.138485620139504384e-01,-7.256278634167298222e-03,2.723222723137130874e+00,3.592694301438589477e+00,2.505826146995498771e+00,1.725012066076748507e+00,-7.969018162921337467e-02,-1.258679130261447787e-01,1.000000000000000000e+00
3.180000000000002269e-01,-4.719324303336377285e-02,-1.006307517494902382e-01,1.013076001560696326e+00,-7.458109665284616829e-01,-1.124603892437220587e+00,3.226417304371032718e-02,9.262686954969704400e-01,2.514569013357841887e-01,-2.790496904318786608e-01,-3.044668755085288767e-02,-1.872561909620357401e+00,7.463223031070476132e-01,-1.305145155410544072e-02,2.743320870939946587e+00,3.570604319306542429e+00,2.481109718431687483e+00,1.733903287323433018e+00,-8.127061784977462899e-02,-1.282843255440824504e-01,1.000000000000000000e+00
3.200000000000002287e-01,-4.868486496642069478e-02,-1.028799595343646844e-01,1.013140529906783716e+00,-7.593073158010230639e-01,-1.135984969535172473e+00,3.086516711409505523e-02,9.269455443547677254e-01,2.497482634590861839e-01,-2.782975348087425860e-01,-3.079358406212133817e-02,-1.842178488698524186e+00,8.763462351392391492e-01,-1.788750041716044570e-02,2.762466361969006634e+00,3.546803369037101028e+00,2.457005278616263944e+00,1.744030632558632332e+00,-8.286842908092670323e-02,-1.307247239369183356e-01,1.000000000000000000e+00
3.220000000000002305e-01,-5.020347959802273774e-02,-1.051519294734350324e-01,1.013202260241012009e+00,-7.727547202825030270e-01,-1.147269710041256552e+00,2.949706265206654410e-02,9.276470290135985231e-01,2.480721119776754247e-01,-2.774234376133837832e-01,-3.110390785661306529e-02,-1.807664652340232436e+00,1.003713485411033224e+00,-2.176808431841905506e-02,2.780602612498674908e+00,3.521332413458245547e+00,2.433565229266664076e+00,1.755363486869493173e+00,-8.448357640124358470e-02,-1.331889752606222888e-01,1.000000000000000000e+00
3.240000000000002323e-01,-5.174898903858774629e-02,-1.074464688935175410e-01,1.013261254366316200e+00,-7.861463535805341962e-01,-1.158459980421531865e+00,2.816047285119362489e-02,9.283712521204564583e-01,2.464319688045021328e-01,-2.764301293442145147e-01,-3.137652909697593445e-02,-1.769197680660234973e+00,1.128222765010889139e+00,-2.469965303658212125e-02,2.797674853507224224e+00,3.494235575562035567e+00,2.410840201495946911e+00,1.767868436892931161e+00,-8.611601761367373986e-02,-1.356769410155690969e-01,1.000000000000000000e+00
3.260000000000002340e-01,-5.332128174574881502e-02,-1.097633888543605996e-01,1.013317575312018493e+00,-7.994755267499946694e-01,-1.169557807915054370e+00,2.685581535473523240e-02,9.291162930575060930e-01,2.448311849176973698e-01,-2.753205155024185391e-01,-3.161041933219432137e-02,-1.726964532465128821e+00,1.249678778700610948e+00,-2.669129800057588528e-02,2.813630212952961340e+00,3.465560080313996760e+00,2.388878947389385665e+00,1.781509381136816117e+00,-8.776570724755097808e-02,-1.381884771626486763e-01,1.000000000000000000e+00
3.280000000000002358e-01,-5.492023279924880541e-02,-1.121025044701907114e-01,1.013371286942728045e+00,-8.127356996816399448e-01,-1.180565368147766137e+00,2.558331177191262504e-02,9.298802132479208060e-01,2.432729327504747907e-01,-2.740976707918517663e-01,-3.180465480815698048e-02,-1.681161473741933809e+00,1.367892622645985545e+00,-2.775460182382314539e-02,2.828417793654532719e+00,3.435356192592778690e+00,2.367728236419509358e+00,1.796247645007359228e+00,-8.943259656116905876e-02,-1.407234341404103306e-01,1.000000000000000000e+00
3.300000000000002376e-01,-5.654570419861208730e-02,-1.144636352064862389e-01,1.013422453566271919e+00,-8.259204921910313635e-01,-1.191484972437676815e+00,2.434298793944649625e-02,9.306610615708946765e-01,2.417601988664054846e-01,-2.727648330527502329e-01,-3.195841938389251680e-02,-1.631993692422146536e+00,1.482682169480806555e+00,-2.790348804622409806e-02,2.841988747163711970e+00,3.403677151199677287e+00,2.347432756987401614e+00,1.812042099837575471e+00,-9.111663354491533751e-02,-1.432816568832335768e-01,1.000000000000000000e+00
3.320000000000002394e-01,-5.819754518299415091e-02,-1.168466051513615961e-01,1.013471139542150734e+00,-8.390236947807125922e-01,-1.202319054836552992e+00,2.313467493519231338e-02,9.314568798785506365e-01,2.402957769311691305e-01,-2.713253969363289553e-01,-3.207100705160942367e-02,-1.579674899933328769e+00,1.593872440227243503e+00,-2.715407263958851541e-02,2.854296344032857480e+00,3.370579098867383827e+00,2.328035023359596778e+00,1.828849285219180221e+00,-9.281776292495938496e-02,-1.458629848405159912e-01,1.000000000000000000e+00
3.340000000000002411e-01,-5.987559257255557765e-02,-1.192512432610347006e-01,1.013517408892021132e+00,-8.520392790492178348e-01,-1.213070158954136391e+00,2.195801084843509998e-02,9.322657086064126686e-01,2.388822609922491846e-01,-2.697829073271160172e-01,-3.214182406060633185e-02,-1.524426920024902765e+00,1.701295962628958769e+00,-2.552451873510648908e-02,2.865296040887840068e+00,3.336121008189660841e+00,2.309575288249765102e+00,1.846623533953378971e+00,-9.453592616749252608e-02,-1.484672519968695259e-01,1.000000000000000000e+00
3.360000000000002429e-01,-6.157967113065401094e-02,-1.216773835789429770e-01,1.013561324913718087e+00,-8.649614077211668084e-01,-1.223740924611543379e+00,2.081244330902875736e-02,9.330855924679848368e-01,2.375220390783547297e-01,-2.681410525196614714e-01,-3.217039064696430861e-02,-1.466479265331902981e+00,1.804793115485348043e+00,-2.303489592258380417e-02,2.874945544719843760e+00,3.300364603387858864e+00,2.292091461272907083e+00,1.865317098954130559e+00,-9.627106148351317894e-02,-1.510942868933164984e-01,1.000000000000000000e+00
3.380000000000002447e-01,-6.330959394609635138e-02,-1.241248654281660591e-01,1.013602949800336051e+00,-8.777844442734176189e-01,-1.234334074370946999e+00,1.969723277508966461e-02,9.339145862228099837e-01,2.362172871306117139e-01,-2.664036571560953748e-01,-3.215634237268852336e-02,-1.406068702119992020e+00,1.904212458605690328e+00,-1.970704535178833400e-02,2.883204874806933660e+00,3.263374277826840419e+00,2.275619033477219055e+00,1.884880281460669105e+00,-9.802310383415453743e-02,-1.537439126494754837e-01,1.000000000000000000e+00
3.400000000000002465e-01,-6.506516283464318373e-02,-1.265935335769079462e-01,1.013642344265886175e+00,-8.905029621330029510e-01,-1.244852399988911174e+00,1.861145657638264492e-02,9.347507605061505798e-01,2.349699632777585423e-01,-2.645746749308906520e-01,-3.209943107962465875e-02,-1.343438803637061030e+00,1.999411048030793392e+00,-1.556445173762034673e-02,2.890036422668206040e+00,3.225217007191892638e+00,2.260191008134868174e+00,1.905261559943523419e+00,-9.979198493654985180e-02,-1.564159469867308916e-01,1.000000000000000000e+00
3.420000000000002482e-01,-6.684616875890918297e-02,-1.290832383768857616e-01,1.013679567179038843e+00,-9.031117534233792377e-01,-1.255298748840820044e+00,1.755401370787603235e-02,9.355922077071985310e-01,2.337818024677039697e-01,-2.626581810691122620e-01,-3.199952546502985579e-02,-1.278839492481172346e+00,2.090254736196758500e+00,-1.063212323409094828e-02,2.895405010440391003e+00,3.185962258238737022e+00,2.245837837948668536e+00,1.926407719120301287e+00,-1.015776332702309909e-01,-1.591102022523739890e-01,1.000000000000000000e+00
3.440000000000002500e-01,-6.865239226575593767e-02,-1.315938358745674108e-01,1.013714675206454530e+00,-9.156058372363651277e-01,-1.265676010363732784e+00,1.652363036519812617e-02,9.364370478814393328e-01,2.326543114678442659e-01,-2.606583645844098296e-01,-3.185661128712242302e-02,-1.212526572381347645e+00,2.176618456740744278e+00,-4.936479998591570238e-03,2.899277948049022058e+00,3.145681893031956111e+00,2.232587368806326023e+00,1.948263978533132601e+00,-1.033799740840557341e-01,-1.618264854447095114e-01,1.000000000000000000e+00
3.460000000000002518e-01,-7.048360394022866460e-02,-1.341251878952948728e-01,1.013747722467184920e+00,-9.279804674080492921e-01,-1.275987102564681397e+00,1.551886621090882434e-02,9.372834346815299700e-01,2.315887642464954377e-01,-2.585795203230359940e-01,-3.167079121026498273e-02,-1.144761249776677703e+00,2.258386493671951545e+00,1.494747881145735632e-03,2.901625089524100698e+00,3.104450068591778411e+00,2.220464790188444226e+00,1.970774120178949484e+00,-1.051989294036605044e-01,-1.645645982391171491e-01,1.000000000000000000e+00
3.480000000000002536e-01,-7.233956487504476784e-02,-1.366771621004242432e-01,1.013778760199606666e+00,-9.402311397779041791e-01,-1.286234958640917192e+00,1.453812135761708806e-02,9.381295612897724290e-01,2.305861977476642843e-01,-2.564260408002505542e-01,-3.144228430064708452e-02,-1.075809645570318995e+00,2.335452734652416318e+00,8.632612578406213127e-03,2.902418888783763418e+00,3.062343131875707503e+00,2.209492592310743131e+00,1.993880614726098788e+00,-1.070344180394325329e-01,-1.673243370150601095e-01,1.000000000000000000e+00
3.500000000000002554e-01,-7.422002715460057631e-02,-1.392496320177060709e-01,1.013807836442321975e+00,-9.523535989113619538e-01,-1.296422513757900408e+00,1.357964405103920767e-02,9.389736663340201295e-01,2.296474080711626009e-01,-2.542024078356010519e-01,-3.117142518442298296e-02,-1.005942297428049637e+00,2.407720908151492090e+00,1.644703047469245685e-02,2.901634455179258332e+00,3.019439510029565010e+00,2.199690530055133042e+00,2.017524745895816984e+00,-1.088863555949989848e-01,-1.701054928840317615e-01,1.000000000000000000e+00
3.520000000000002571e-01,-7.612473435242329833e-02,-1.418424770452218764e-01,1.013834995730424016e+00,-9.643438442671951050e-01,-1.306552692029904872e+00,1.264153903311826532e-02,9.398140397676195690e-01,2.287729470697552059e-01,-2.519131839937502892e-01,-3.085866288122408874e-02,-9.354336529860494132e-01,2.475104804255045643e+00,2.490685365870997509e-02,2.899249609061039124e+00,2.975819595852112975e+00,2.191075593718691650e+00,2.041646732634547767e+00,-1.107546544762269547e-01,-1.729078517184309549e-01,1.000000000000000000e+00
3.540000000000002589e-01,-7.805342204095769287e-02,-1.444555824292816926e-01,1.013860278808490278e+00,-9.761981357922034919e-01,-1.316628393746988035e+00,1.172177656232557472e-02,9.406490286928164135e-01,2.279631193746320117e-01,-2.495630038377600612e-01,-3.050455932680306431e-02,-8.645615543294259409e-01,2.537528478925333175e+00,3.397993093220494365e-02,2.895244937588851819e+00,2.931565628428363546e+00,2.183661986584325199e+00,2.066185848752229326e+00,-1.126392239007315693e-01,-1.757311941813583800e-01,1.000000000000000000e+00
3.560000000000002607e-01,-8.000581831254209575e-02,-1.470888392167756797e-01,1.013883722361614836e+00,-9.879129989269446188e-01,-1.326652482890733786e+00,1.081820206525792999e-02,9.414770431059192868e-01,2.272179798600023892e-01,-2.471565650020273452e-01,-3.010978759927428541e-02,-7.936067141016225346e-01,2.594926441520155169e+00,4.363315843641861480e-02,2.889603850969369780e+00,2.886761568898565056e+00,2.177461109292204267e+00,2.091080539752592671e+00,-1.145399699078868544e-01,-1.785752957573242816e-01,1.000000000000000000e+00
3.580000000000002625e-01,-8.198164431039597910e-02,-1.497421441825571575e-01,1.013905358765745390e+00,-9.994852290075660894e-01,-1.336627774979636696e+00,9.928546390647243619e-03,9.422965615414506946e-01,2.265373315570340940e-01,-2.446986190924105298e-01,-2.967512986399375996e-02,-7.228521836052062000e-01,2.647243825390205085e+00,5.383252017001743245e-02,2.882312639263084897e+00,2.841492971343106078e+00,2.172481550966852026e+00,2.116268536633316266e+00,-1.164567953693352587e-01,-1.814399267838585350e-01,1.000000000000000000e+00
3.600000000000002642e-01,-8.398061476841110762e-02,-1.524153997325164434e-01,1.013925215858526574e+00,-1.010911895050200515e+00,-1.346557025283230846e+00,9.050436633931442307e-03,9.431061365915235362e-01,2.259207240267011862e-01,-2.421939624214771436e-01,-2.920147505256984882e-02,-6.525828132566870998e-01,2.694436541381453942e+00,6.454311882377009035e-02,2.873360529858161261e+00,2.795846848777432836e+00,2.168729087031658675e+00,2.141686966486489485e+00,-1.183895999999919207e-01,-1.843248524840145897e-01,1.000000000000000000e+00
3.620000000000002660e-01,-8.600243855851151531e-02,-1.551085137830829075e-01,1.013943316731794386e+00,-1.022190342905884730e+00,-1.356442917442105101e+00,8.181407497618236463e-03,9.439044002757722707e-01,2.253674522003703551e-01,-2.396474265872477472e-01,-2.868981629181451692e-02,-5.830847057619259477e-01,2.736471414074933772e+00,7.572919750788253967e-02,2.862739745663816393e+00,2.749911534265817803e+00,2.166206683620018669e+00,2.167272459782843441e+00,-1.203382803695387665e-01,-1.872298329997602595e-01,1.000000000000000000e+00
3.640000000000002678e-01,-8.804681924432328222e-02,-1.578213996179671230e-01,1.013959679546789561e+00,-1.033318197775548342e+00,-1.366288052528764174e+00,7.318913149827634482e-03,9.446900692363651153e-01,2.248765556961522527e-01,-2.370638689043058356e-01,-2.814124809863488216e-02,-5.146446623845368773e-01,2.773326300599411098e+00,8.735415309369540249e-02,2.850445564028613710e+00,2.703776537178243622e+00,2.164914508471052379e+00,2.192961254275929583e+00,-1.223027299144047175e-01,-1.901546234262423973e-01,1.000000000000000000e+00
3.660000000000002696e-01,-9.011345563987438467e-02,-1.605539757230246556e-01,1.013974317373089296e+00,-1.044293366076304519e+00,-1.376094938581914562e+00,6.460339540649081766e-03,9.454619497319142196e-01,2.244468186181760305e-01,-2.344481626966858079e-01,-2.755696335692757112e-02,-4.475496226874861039e-01,2.804990191853157455e+00,9.938054203138770026e-02,2.836476376341838801e+00,2.657532394630663042e+00,2.164849948177432815e+00,2.218689295515085647e+00,-1.242828389502272368e-01,-1.930989738469210404e-01,1.000000000000000000e+00
3.680000000000002713e-01,-9.220204237202699049e-02,-1.633061656001884854e-01,1.013987238052170614e+00,-1.055114036652043952e+00,-1.385865980644169548e+00,5.603017133316052709e-03,9.462189424035173380e-01,2.240767698450243095e-01,-2.318051874625416398e-01,-2.693825009247706112e-02,-3.820860981381125621e-01,2.831463295969399052e+00,1.117700796384026585e-01,2.820833748227298710e+00,2.611270518165129229e+00,2.166007631633811048e+00,2.244392334007539791e+00,-1.262784946847906042e-01,-1.960626293695610645e-01,1.000000000000000000e+00
3.700000000000002731e-01,-9.431227044533108117e-02,-1.660778975614768116e-01,1.013998444086437356e+00,-1.065778681323206412e+00,-1.395603471330384648e+00,4.744234004711577433e-03,9.469600467857004489e-01,2.237646838125970372e-01,-2.291398189212343894e-01,-2.628648806167606378e-02,-3.185395999791039712e-01,2.852757103856111698e+00,1.244836339785207469e-01,2.803522480190780986e+00,2.565083035743433104e+00,2.168379459516127650e+00,2.270006019120768936e+00,-1.282895812314380490e-01,-1.990453301630747407e-01,1.000000000000000000e+00
3.720000000000002749e-01,-9.644382780797750021e-02,-1.688691045041375849e-01,1.014007932554446878e+00,-1.076286054772547685e+00,-1.405309581950866082e+00,3.881249267393764493e-03,9.476843655346999240e-01,2.235085817956655452e-01,-2.264569189541547622e-01,-2.560314516958543674e-02,-2.571940617829037157e-01,2.868894436634724876e+00,1.374812155679144832e-01,2.784550668533425810e+00,2.519062629144884990e+00,2.171954639605428117e+00,2.295465989865298706e+00,-1.303159796229513001e-01,-2.020468114952053140e-01,1.000000000000000000e+00
3.740000000000002767e-01,-9.859639991752260080e-02,-1.716797236680393246e-01,1.014015695052981725e+00,-1.086635193765760787e+00,-1.414986354210544528e+00,3.011306763196623573e-03,9.483911083463417713e-01,2.233062336913470836e-01,-2.237613254513191319e-01,-2.488977373243769428e-02,-1.983312571247665690e-01,2.879909474794114743e+00,1.507219642511891111e-01,2.763929766295088797e+00,2.473302366876370506e+00,2.176719727754111489e+00,2.320707962745689024e+00,-1.323575678258949451e-01,-2.050668037710417224e-01,1.000000000000000000e+00
3.760000000000002784e-01,-1.007696703050541265e-01,-1.745096963764604103e-01,1.014021717666508060e+00,-1.096825415707906926e+00,-1.424635692501887707e+00,2.131648976540825510e-03,9.490795955357252955e-01,2.231551603066736500e-01,-2.210578420765332841e-01,-2.414800659916625444e-02,-1.422302128304988034e-01,2.885847768866185437e+00,1.641641346864132212e-01,2.741674643944102208e+00,2.427895532720770078e+00,2.182658674277992539e+00,2.345667816912921921e+00,-1.344142207554210877e-01,-2.081050325723594607e-01,1.000000000000000000e+00
3.780000000000002802e-01,-1.029633211364699430e-01,-1.773589677614641757e-01,1.014025980964461171e+00,-1.106856316538784579e+00,-1.434259356805852592e+00,1.239531113903607996e-03,9.497492612510530785e-01,2.230526361513726630e-01,-2.183512279647160104e-01,-2.337955314591953077e-02,-8.916661827915534078e-02,2.886766231417523532e+00,1.777650819626072631e-01,2.717803649482564143e+00,2.382935450067690475e+00,2.189752875544462185e+00,2.370281676894580247e+00,-1.364858102905277537e-01,-2.111612186977725736e-01,1.000000000000000000e+00
3.800000000000002820e-01,-1.051770337695475122e-01,-1.802274864750758876e-01,1.014028460026688894e+00,-1.116727767972578444e+00,-1.443858956211559352e+00,3.322352944682177740e-04,9.503996562942157444e-01,2.229956927359137975e-01,-2.156461873657987693e-01,-2.258619515679993403e-02,-3.941223126882208855e-02,2.882733110138296695e+00,1.914812489451896416e-01,2.692338667590552070e+00,2.338515302188864275e+00,2.197981230514685080e+00,2.394485993219996445e+00,-1.385722052897713219e-01,-2.142350782036956391e-01,1.000000000000000000e+00
3.820000000000002838e-01,-1.074104893054926707e-01,-1.831152043874990087e-01,1.014029124497277889e+00,-1.126439914089384153e+00,-1.453435943061633262e+00,-5.929152041799329005e-04,9.510304505212027193e-01,2.229811223738305537e-01,-2.129473592504767809e-01,-2.176978260326144568e-02,6.765719014564734735e-03,2.873827941795012553e+00,2.052681570036386793e-01,2.665305177387732538e+00,2.294727948639164961e+00,2.207320201986838093e+00,2.418217621295471798e+00,-1.406732716074231559e-01,-2.173263224460993126e-01,1.000000000000000000e+00
3.840000000000002855e-01,-1.096633691336714456e-01,-1.860220762736222722e-01,1.014027938666869577e+00,-1.135993167288475325e+00,-1.462991607726315202e+00,-1.538541702303865060e-03,9.516414347960288067e-01,2.230054824862955087e-01,-2.102593068939662690e-01,-2.093222933371283873e-02,4.910513134937494889e-02,2.860141486798226662e+00,2.190804018202876791e-01,2.636732308347463860e+00,2.251665737982894377e+00,2.217743882277366296e+00,2.441413898919739811e+00,-1.427888721100705749e-01,-2.204346581230563207e-01,1.000000000000000000e+00
3.860000000000002873e-01,-1.119353554682483987e-01,-1.889480594890748932e-01,1.014024861583465054e+00,-1.145388203615453904e+00,-1.472527074005511416e+00,-2.507195933759094175e-03,9.522325224726790882e-01,2.230651004059306386e-01,-2.075865074548271239e-01,-2.007550868391624888e-02,8.734963353490297899e-02,2.841775644120146271e+00,2.328716560089043319e-01,2.606652893856487907e+00,2.209420317064262562e+00,2.229224063068381945e+00,2.464012722861677496e+00,-1.449188666936555570e-01,-2.235597873180670547e-01,1.000000000000000000e+00
3.880000000000002891e-01,-1.142261318754793087e-01,-1.918931136370859158e-01,1.014019847191597545e+00,-1.154625957477678933e+00,-1.482043295153966156e+00,-3.501345979012336802e-03,9.528037503805601993e-01,2.231560786758725601e-01,-2.049333415668277147e-01,-1.920164901775161040e-02,1.212491844907412630e-01,2.818843346280617723e+00,2.465946802857590103e-01,2.575103521873286283e+00,2.168082437060234735e+00,2.241730309141326760e+00,2.485952624950911627e+00,-1.470631123009469299e-01,-2.267014075441548815e-01,1.000000000000000000e+00
3.900000000000002909e-01,-1.165353837904346684e-01,-1.948572002273938342e-01,1.014012844499639465e+00,-1.163707615764586034e+00,-1.491541050520713840e+00,-4.523362373122784795e-03,9.533552792901296424e-01,2.232743008391981920e-01,-2.023040829627595072e-01,-1.831272920684705666e-02,1.505606766870886126e-01,2.791468434103649976e+00,2.602013449334669715e-01,2.542124582099478669e+00,2.127741756573870102e+00,2.255230035710242387e+00,2.507172848156940415e+00,-1.492214629394434111e-01,-2.298592117887234276e-01,1.000000000000000000e+00
3.920000000000002927e-01,-1.188627990219638386e-01,-1.978402823284352574e-01,1.014003797774893245e+00,-1.172634611391660808e+00,-1.501020942789930368e+00,-5.575504445948523125e-03,9.538873938367409266e-01,2.234154377129539959e-01,-1.997028881500445552e-01,-1.741087405646395830e-02,1.750485381390704809e-01,2.759785510930797159e+00,2.736426632782933965e-01,2.507760309042219138e+00,2.088486642046412989e+00,2.269688589061962247e+00,2.527613423153806327e+00,-1.513937696997001703e-01,-2.330328885591680110e-01,1.000000000000000000e+00
3.940000000000002944e-01,-1.212080682447471552e-01,-2.008423242140151277e-01,1.013992646766001426e+00,-1.181408616288903479e+00,-1.510483395806286655e+00,-6.659906951081501041e-03,9.544005018823144004e-01,2.235749541402289320e-01,-1.971337861589151919e-01,-1.649824968388497598e-02,1.944853331379245154e-01,2.723939775962803900e+00,2.868688388641627007e-01,2.472058820310877980e+00,2.050403965786827598e+00,2.285069330205836025e+00,2.547215245885032342e+00,-1.535798807740784422e-01,-2.362221219292306995e-01,1.000000000000000000e+00
3.960000000000002962e-01,-1.235708854773249626e-01,-2.038632910056276948e-01,1.013979326952099358e+00,-1.190031533856576784e+00,-1.519928652963934868e+00,-7.778567038925144478e-03,9.548951332961931326e-01,2.237481162129716095e-01,-1.946006683848723329e-01,-1.557705885439537342e-02,2.086523608265452578e-01,2.684086836387460373e+00,2.998293279506149545e-01,2.435072149458411772e+00,2.013578901938878563e+00,2.301333721231712648e+00,2.565920156656942730e+00,-1.557796414759099191e-01,-2.394265915860916139e-01,1.000000000000000000e+00
3.980000000000002980e-01,-1.259509485450381050e-01,-2.069031483115555681e-01,1.013963769818021499e+00,-1.198505490912859628e+00,-1.529356776134367157e+00,-8.933331627914861683e-03,9.553719381385119558e-01,2.239299989575833094e-01,-1.921072785480461009e-01,-1.464953627878552364e-02,2.173402506565159931e-01,2.640392497939991312e+00,3.124729188868648477e-01,2.396856272647718278e+00,1.978094720727368472e+00,2.318441414072111240e+00,2.583671021298216353e+00,-1.579928942590747010e-01,-2.426459728781849567e-01,1.000000000000000000e+00
4.000000000000002998e-01,-1.283479595268638140e-01,-2.099618618638242895e-01,1.013945903154765737e+00,-1.206832829159701026e+00,-1.538767645104600401e+00,-1.012588522615648530e-02,9.558316842315569550e-01,2.241154944747186517e-01,-1.896572027929753490e-01,-1.371794387514823493e-02,2.203495536883979811e-01,2.593032533533118578e+00,3.247478298193594570e-01,2.357471128394274196e+00,1.944032581347557631e+00,2.336350341363129246e+00,2.600411814928508036e+00,-1.602194787379868646e-01,-2.458799368637361038e-01,1.000000000000000000e+00
4.020000000000003015e-01,-1.307616251851832223e-01,-2.130393971540334996e-01,1.013925651384313342e+00,-1.215016096194654560e+00,-1.548160957493498469e+00,-1.135773825373556645e-02,9.562752541069399204e-01,2.242993205241997356e-01,-1.872538599531885783e-01,-1.278456599661235808e-02,2.174913286170151727e-01,2.542192429587638358e+00,3.366018260753482205e-01,2.316980629610233766e+00,1.911471323884917695e+00,2.355016809098300801e+00,2.616087708879797358e+00,-1.624592317079838477e-01,-2.491281503600051850e-01,1.000000000000000000e+00
4.040000000000003033e-01,-1.331916573775725199e-01,-2.161357190690204877e-01,1.013902935907805780e+00,-1.223058036097765200e+00,-1.557536229110576098e+00,-1.263021591365073512e-02,9.567036413189669020e-01,2.244760295454990284e-01,-1.849004920057985002e-01,-1.185170462555818621e-02,2.085877213190855117e-01,2.488067109691532774e+00,3.479823584295770322e-01,2.275452667151248942e+00,1.880487260676483752e+00,2.374395590770619346e+00,2.630645161310227298e+00,-1.647119871661149038e-01,-2.523902759932323825e-01,1.000000000000000000e+00
4.060000000000003051e-01,-1.356377734497680454e-01,-2.192507915272416397e-01,1.013877675475978402e+00,-1.230961579623640390e+00,-1.566892794718364401e+00,-1.394444765677338612e-02,9.571179461173161540e-01,2.246400181038683275e-01,-1.826001547421073345e-01,-1.092167453381489954e-02,1.934725366321298767e-01,2.430860635216809396e+00,3.588367233050014371e-01,2.232959104044945686e+00,1.851153967549953094e+00,2.394440022700698556e+00,2.644032012041241497e+00,-1.669775763323249618e-01,-2.556659722492745090e-01,1.000000000000000000e+00
4.080000000000003069e-01,-1.380996966090153322e-01,-2.223845771166783614e-01,1.013849786580664825e+00,-1.238729834029659083e+00,-1.576229809156396877e+00,-1.530135728345858107e-02,9.575193704750646351e-01,2.247855367518811487e-01,-1.803557086809484677e-01,-9.996798407360472927e-03,1.719918009817845150e-01,2.370785882529023780e+00,3.691122457812014424e-01,2.189575759561057211e+00,1.823542075403127516e+00,2.415102100253140982e+00,2.656197582135030544e+00,-1.692558276710291743e-01,-2.589548935249235129e-01,1.000000000000000000e+00
4.100000000000003086e-01,-1.405771562770746497e-01,-2.255370367349911476e-01,1.013819183866097928e+00,-1.246366072571826411e+00,-1.585546248782124579e+00,-1.670165372146274751e-02,9.579092124712272893e-01,2.249067002959193040e-01,-1.781698102521612481e-01,-9.079401933145997070e-03,1.440043143799720482e-01,2.308064196435349213e+00,3.787564860859207183e-01,2.145382382265950572e+00,1.797719062613655439e+00,2.436332574649277216e+00,2.667092778709813317e+00,-1.715465669130736559e-01,-2.622566901799003869e-01,1.000000000000000000e+00
4.120000000000003104e-01,-1.430698884222182943e-01,-2.287081292325554016e-01,1.013785780558654981e+00,-1.253873723700064113e+00,-1.594840913181618358e+00,-1.814582251669545274e-02,9.582888600302567061e-01,2.249974984569542702e-01,-1.760449032781894740e-01,-8.171808844864056343e-03,1.093821902196406015e-01,2.242925019533710262e+00,3.877174700259397588e-01,2.100462611190256901e+00,1.773749048798288763e+00,2.458081050092442155e+00,2.676670205465398134e+00,-1.738496170780787498e-01,-2.655710085895133798e-01,1.000000000000000000e+00
4.140000000000003122e-01,-1.455776358696184158e-01,-2.318978110589186292e-01,1.013749488913621599e+00,-1.261256359984719078e+00,-1.604112427100810478e+00,-1.963411807008379195e-02,9.586597840244271973e-01,2.250518069148537414e-01,-1.739832107823111873e-01,-7.276335923791140033e-03,6.801138119381849867e-02,2.175605497148520140e+00,3.959439435735799817e-01,2.054903924227221346e+00,1.751692590471916278e+00,2.480296080931881697e+00,2.684884279360103765e+00,-1.761647984971593528e-01,-2.688974911979717941e-01,1.000000000000000000e+00
4.160000000000003140e-01,-1.481001485895878655e-01,-2.351060359131202371e-01,1.013710220677481511e+00,-1.268517686805762601e+00,-1.613359242546275496e+00,-2.116655665049902921e-02,9.590235307486533189e-01,2.250633987253701229e-01,-1.719867271524316288e-01,-6.395287950272605763e-03,1.979218956844201044e-02,2.106350057568501022e+00,4.033856515650524610e-01,2.008797572871376946e+00,1.731606479189008230e+00,2.502925268604065501e+00,2.691691353842351031e+00,-1.784919288360199974e-01,-2.722357765723489864e-01,1.000000000000000000e+00
4.180000000000003157e-01,-1.506371839631993892e-01,-2.383327543982127761e-01,1.013667887564180470e+00,-1.275661530835544122e+00,-1.622579641003200734e+00,-2.274291021032691373e-02,9.593817137810826123e-01,2.250259560989325835e-01,-1.700572106896958979e-01,-5.530952601001668141e-03,-3.536024005898577571e-02,2.035409967339634640e+00,4.099936401872036895e-01,1.962238502403560680e+00,1.713543542785873619e+00,2.525915358104449560e+00,2.697049848995109578e+00,-1.808308231184171944e-01,-2.755854994571830252e-01,1.000000000000000000e+00
4.200000000000003175e-01,-1.531885070248704683e-01,-2.415779136802191640e-01,1.013622401743759838e+00,-1.282691828345046137e+00,-1.631771735717264526e+00,-2.436270102689964273e-02,9.597360052467350799e-01,2.249330825303596515e-01,-1.681961765713944068e-01,-4.685595286987209902e-03,-9.751544747833144899e-02,1.963042861412016338e+00,4.157205826310421126e-01,1.915325256628375161e+00,1.697552450378864375e+00,2.549212333760512816e+00,2.700920388898908175e+00,-1.831812937499883442e-01,-2.789462908297069554e-01,1.000000000000000000e+00
4.220000000000003193e-01,-1.557538906815605639e-01,-2.448414571516537019e-01,1.013573676341706031e+00,-1.289612613362363325e+00,-1.640933473986662561e+00,-2.602519718969114465e-02,9.600881265055222213e-01,2.247783152686181618e-01,-1.664048902577309752e-01,-3.861453927024489224e-03,-1.667272051189013504e-01,1.889512247993981875e+00,4.205211269748914682e-01,1.868159866276021930e+00,1.683677521814170630e+00,2.572761514096417290e+00,2.703265946458118130e+00,-1.855431505424401939e-01,-2.823177779557017875e-01,1.000000000000000000e+00
4.240000000000003211e-01,-1.583331159082853046e-01,-2.481233240996270351e-01,1.013521625947326754e+00,-1.296428005710612119e+00,-1.650062639410505794e+00,-2.772940894995096217e-02,9.604398382901561115e-01,2.245551381157679105e-01,-1.646843613719923549e-01,-3.060733651593634027e-03,-2.430330899775431097e-01,1.815086988030934156e+00,4.243522650287241960e-01,1.820847720192137142e+00,1.671958542307432349e+00,2.596507645602179615e+00,2.704051995865495162e+00,-1.879162007380934529e-01,-2.856995844459588318e-01,1.000000000000000000e+00
4.260000000000003229e-01,-1.609259719197065341e-01,-2.514234493784480717e-01,1.013466167129426942e+00,-1.303142198950671959e+00,-1.659156854040308771e+00,-2.947408594635797519e-02,9.607929303237405794e-01,2.242569945442356716e-01,-1.630353380834922150e-01,-2.285601432427909838e-03,-3.264540814468035457e-01,1.740040749300444833e+00,4.271737205260870418e-01,1.773497418457606445e+00,1.662430583056726308e+00,2.620394995245624692e+00,2.703246672800582395e+00,-1.903002490347799058e-01,-2.890913303133500478e-01,1.000000000000000000e+00
4.280000000000003246e-01,-1.635322563176078714e-01,-2.547417630865286831e-01,1.013407218957534273e+00,-1.309759448252081127e+00,-1.668213580382284178e+00,-3.125771531735210829e-02,9.611492104511845103e-01,2.238773011215361708e-01,-1.614583020223494259e-01,-1.538180633531071456e-03,-4.169941873402838173e-01,1.664651435200103169e+00,4.289483546933079983e-01,1.726220606607626218e+00,1.655123828661072549e+00,2.644367441592776480e+00,2.700820942367845756e+00,-1.926950976110866909e-01,-2.924926320304881422e-01,1.000000000000000000e+00
4.300000000000003264e-01,-1.661517752141120352e-01,-2.580781902472932265e-01,1.013344703526899648e+00,-1.316284058213081254e+00,-1.677230123199701550e+00,-3.307852070808726258e-02,9.615104933230022022e-01,2.234094612314942718e-01,-1.599534637546973226e-01,-8.205454801937900030e-04,-5.146401004758280884e-01,1.589200588400770053e+00,4.296425868601392861e-01,1.679131790155454773e+00,1.650063412227084747e+00,2.668368564432855194e+00,2.696748774679814886e+00,-1.951005461519429995e-01,-2.959031025879760857e-01,1.000000000000000000e+00
4.320000000000003282e-01,-1.687843433305382113e-01,-2.614326504936926310e-01,1.013278546485483433e+00,-1.322720370648254873e+00,-1.686203631066660158e+00,-3.493446217747442351e-02,9.618785886745002678e-01,2.228468790808963429e-01,-1.585207588462941852e-01,-1.347154435746541535e-04,-6.193608882290617679e-01,1.513972769646003247e+00,4.292268274047562060e-01,1.632348128674356857e+00,1.647269259099896299e+00,2.692341732836130763e+00,2.691007327878153887e+00,-1.975163918745475589e-01,-2.993223515532331125e-01,1.000000000000000000e+00
4.340000000000003300e-01,-1.714297840718347343e-01,-2.648050577558259677e-01,1.013208677561128424e+00,-1.329072752359445886e+00,-1.695131097627281314e+00,-3.682323700857915993e-02,9.622552892478143383e-01,2.221829739802995141e-01,-1.571598445417156376e-01,5.173504603184139999e-04,-7.311077175082693058e-01,1.439254912098895112e+00,4.276759199527930821e-01,1.585989208751482860e+00,1.646755940209114977e+00,2.716230191607631461e+00,2.683577138261200812e+00,-1.999424295546286812e-01,-3.027499851298872113e-01,1.000000000000000000e+00
4.360000000000003317e-01,-1.740879295765536128e-01,-2.681953199510805352e-01,1.013135031087111226e+00,-1.335345582902745631e+00,-1.704009362517566073e+00,-3.874228142372426048e-02,9.626423584086765128e-01,2.214111948874328828e-01,-1.558700970853436063e-01,1.133759456877580932e-03,-8.498136176245240092e-01,1.365335651770912095e+00,4.249695893789419698e-01,1.540176795202993443e+00,1.648532536076933397e+00,2.739977146135349262e+00,2.674442317049337436e+00,-2.023784515530354378e-01,-3.061856062177301663e-01,1.000000000000000000e+00
4.380000000000003335e-01,-1.767586207423590960e-01,-2.716033386761156909e-01,1.013057546524263719e+00,-1.341543242361295185e+00,-1.712835111910985253e+00,-4.068877320404393899e-02,9.630415175141753270e-01,2.205250352012223525e-01,-1.546506097092274490e-01,1.712690882205795398e-03,-9.753932835364299558e-01,1.292504634713842249e+00,4.210928917952485584e-01,1.495034560031278215e+00,1.652602512591479833e+00,2.763525845669136505e+00,2.663590753169730707e+00,-2.048242478426554047e-01,-3.096288144732190495e-01,1.000000000000000000e+00
4.400000000000003353e-01,-1.794417072270816926e-01,-2.750290088999376437e-01,1.012976168977855584e+00,-1.347670099130544141e+00,-1.721604878653287374e+00,-4.265963521194923030e-02,9.634544330920324917e-01,2.195180477939370212e-01,-1.535001913115679739e-01,2.252402131248179562e-03,-1.107742921934605551e+00,1.221051801815874693e+00,4.160366623577473888e-01,1.450687788715815607e+00,1.658963609703620001e+00,2.786819665104063759e+00,2.651014321279248520e+00,-2.072796060356524306e-01,-3.130792063705259420e-01,1.000000000000000000e+00
4.420000000000003371e-01,-1.821370474253427851e-01,-2.784722186572441971e-01,1.012890849707431595e+00,-1.353730497719474402e+00,-1.730315041957019906e+00,-4.465153981399790778e-02,9.638827038960725568e-01,2.183838602682828534e-01,-1.524173658480716120e-01,2.751234678163479337e-03,-1.246740142595187173e+00,1.151266652216208275e+00,4.097979563881169462e-01,1.407263063559546667e+00,1.667607744257793012e+00,2.809802185380301243e+00,2.636709094069140669e+00,-2.097443114110235096e-01,-3.165363752631126237e-01,1.000000000000000000e+00
4.440000000000003388e-01,-1.848445084207817335e-01,-2.819328487411582596e-01,1.012801546627803528e+00,-1.359728746568183322e+00,-1.738961826631864938e+00,-4.666091420100954013e-02,9.643278479065199305e-01,2.171161904254347297e-01,-1.514003724567312414e-01,3.207620159750953354e-03,-1.392243897371969519e+00,1.083437486539244210e+00,4.023804789957424188e-01,1.364887923966131567e+00,1.678520928215196495e+00,2.832417272648708906e+00,2.620675557708247005e+00,-2.122181469424669065e-01,-3.199999114458381144e-01,1.000000000000000000e+00
4.460000000000003406e-01,-1.875639659139181070e-01,-2.854107723944219743e-01,1.012708224799401480e+00,-1.365669105879198320e+00,-1.747541301833079874e+00,-4.868394660191269901e-02,9.647912893475010243e-01,2.157088619289933007e-01,-1.504471663347164145e-01,3.620086509889792071e-03,-1.544094469111570556e+00,1.017850631348957480e+00,3.937949981044532310e-01,1.323690503699597842e+00,1.691683203568553395e+00,2.854609156387899915e+00,2.602918829084068353e+00,-2.147008933265603103e-01,-3.234694022175748085e-01,1.000000000000000000e+00
4.480000000000003424e-01,-1.902953041256764954e-01,-2.889058549980881296e-01,1.012610856906197565e+00,-1.371555775457010906e+00,-1.756049379317098369e+00,-5.071659338773303743e-02,9.652743457975957453e-01,2.141558201486634394e-01,-1.495554203840024909e-01,3.987264129850146173e-03,-1.702113512663226080e+00,9.547896464357750190e-01,3.840597355441537908e-01,1.283799145380065232e+00,1.707068595279348955e+00,2.876322506692498671e+00,2.583448873294954318e+00,-2.171923290112428018e-01,-3.269444319443354230e-01,1.000000000000000000e+00
4.500000000000003442e-01,-1.930384156765905246e-01,-2.924179537567223042e-01,1.012509423719422097e+00,-1.377392882547645581e+00,-1.764481811200665273e+00,-5.275458706229477907e-02,9.657782154724291468e-01,2.124511481660676659e-01,-1.487225276401363261e-01,4.307892076017196675e-03,-1.866104150013039309e+00,8.945345167711608036e-01,3.732007306677084801e-01,1.245341992696263445e+00,1.724645083587878824e+00,2.897502510984050872e+00,2.562280719634130399e+00,-2.196922302245958303e-01,-3.304245821228954383e-01,1.000000000000000000e+00
4.520000000000003459e-01,-1.957932014416858268e-01,-2.959469173791236529e-01,1.012403914545297434e+00,-1.383184469667679828e+00,-1.772834187227733782e+00,-5.479344513657227050e-02,9.663039647610660587e-01,2.105890829235244899e-01,-1.479456044961373062e-01,4.580824243058395293e-03,-2.035851121400346742e+00,8.373608311976725727e-01,3.612521708051025238e-01,1.208446561069015157e+00,1.744374597050375009e+00,2.918094950424260148e+00,2.539434674090649491e+00,-2.222003710039220092e-01,-3.339094314449074785e-01,1.000000000000000000e+00
4.540000000000003477e-01,-1.985595703810211776e-01,-2.994925857535791214e-01,1.012294327655024251e+00,-1.388934482410077775e+00,-1.781101931556698936e+00,-5.682847988414115037e-02,9.668525161003013180e-01,2.085640314948306318e-01,-1.472214947309708477e-01,4.805035516891184404e-03,-2.211120994070310264e+00,7.835389501627092468e-01,3.482566827773043161e-01,1.173239287778670370e+00,1.766213027643596334e+00,2.938046276333880158e+00,2.514936526176767551e+00,-2.247165232251128464e-01,-3.373985558614928104e-01,1.000000000000000000e+00
4.560000000000003495e-01,-2.013374393458413347e-01,-3.030547896166925215e-01,1.012180670695256079e+00,-1.394646757212556487e+00,-1.789280299089355042e+00,-5.885480897578129061e-02,9.674246362727928483e-01,2.063705874550907371e-01,-1.465467743493227837e-01,4.979627868013026398e-03,-2.391662430081474611e+00,7.333331650500954924e-01,3.342655796685914948e-01,1.139845062871872816e+00,1.790110269240685170e+00,2.957303686940108811e+00,2.488817747680957204e+00,-2.272404566323060204e-01,-3.408915286483049090e-01,1.000000000000000000e+00
4.580000000000003513e-01,-2.041267328602664466e-01,-3.066333502148712586e-01,1.012062961077304424e+00,-1.400325009073040361e+00,-1.797364371372179637e+00,-6.086736699190697236e-02,9.680209252162846889e-01,2.040035473244381781e-01,-1.459177572365587539e-01,5.103836351882681463e-03,-2.577206514319654751e+00,6.870008519123279589e-01,3.193390571050846449e-01,1.108386742487868837e+00,1.816010280701351398e+00,2.975815204788454960e+00,2.461115680745044276e+00,-2.297719388678231001e-01,-3.443879204710600384e-01,1.000000000000000000e+00
4.600000000000003531e-01,-2.069273828784125302e-01,-3.102280789576156161e-01,1.011941226343320510e+00,-1.405972819196148471e+00,-1.805349052110108765e+00,-6.286091781207020501e-02,9.686418054318711723e-01,2.014579270580917070e-01,-1.453305016297906926e-01,5.177034979143452578e-03,-2.767467143570928378e+00,6.447916226543153329e-01,3.035463334150866888e-01,1.078984646586429452e+00,1.843851174729720155e+00,2.993529755163337747e+00,2.431873712479445615e+00,-2.323107355023863452e-01,-3.478872994515144756e-01,1.000000000000000000e+00
4.620000000000003548e-01,-2.097393285168048238e-01,-3.138387770618358275e-01,1.011815504507696417e+00,-1.411593622554653482e+00,-1.813229062342818443e+00,-6.483006788121789543e-02,9.692875120793043031e-01,1.987289785526088759e-01,-1.447808174029135142e-01,5.198742414614038534e-03,-2.962141477177682169e+00,6.069464769630171785e-01,2.869657282589494485e-01,1.051756043416568032e+00,1.873565333533062649e+00,3.010397245862216131e+00,2.401141433167798489e+00,-2.348566100656112321e-01,-3.513892312338928181e-01,1.000000000000000000e+00
4.640000000000003566e-01,-2.125625157619141226e-01,-3.174652351865214772e-01,1.011685844371933873e+00,-1.417190695350527774e+00,-1.820998935343556946e+00,-6.676928035259702132e-02,9.699580838466895782e-01,1.958122061354372612e-01,-1.442642741603377410e-01,5.168627460205088738e-03,-3.160910449444824355e+00,5.736969585122088100e-01,2.696846746168933828e-01,1.026814623428923268e+00,1.905079552161409673e+00,3.026368648662823624e+00,2.368974774978532150e+00,-2.374093240767664315e-01,-3.548932790517506097e-01,1.000000000000000000e+00
4.660000000000003584e-01,-2.153968971526151743e-01,-3.211072330572086186e-01,1.011552305811228569e+00,-1.422767142361586634e+00,-1.828653011310715781e+00,-6.867289010710424246e-02,9.706533546805102830e-01,1.927033830019528882e-01,-1.437762101309573159e-01,5.086514273319604242e-03,-3.363439343581110297e+00,5.452643191928465694e-01,2.517996594156486911e-01,1.004269965700283151e+00,1.938315210219261342e+00,3.041396082810682078e+00,2.335436128003452794e+00,-2.399686370757992404e-01,-3.583990037952618501e-01,1.000000000000000000e+00
4.680000000000003602e-01,-2.182424314373383467e-01,-3.247645390798300502e-01,1.011414960031014276e+00,-1.428325884161913306e+00,-1.836185431932454204e+00,-7.053511964837513859e-02,9.713729464597283814e-01,1.893985675611310759e-01,-1.433117418506799079e-01,4.952387268937472921e-03,-3.569378426556682360e+00,5.218586953221771019e-01,2.334160885604182889e-01,9.842270002973789733e-01,1.973188472417485961e+00,3.055432900834378795e+00,2.300594430388453127e+00,-2.425343066546253312e-01,-3.619059640789313859e-01,1.000000000000000000e+00
4.700000000000003619e-01,-2.210990832056621835e-01,-3.284369099436949546e-01,1.011273889791717506e+00,-1.433869644207236282e+00,-1.843590134914701695e+00,-7.235009587191225389e-02,9.721162626946798779e-01,1.858941196478437752e-01,-1.428657746186383914e-01,4.766395650546653533e-03,-3.778363643836854635e+00,5.036782999633536706e-01,2.146480727173629144e-01,9.667854703503295788e-01,2.009610518174457905e+00,3.068433776969675897e+00,2.264525229316723731e+00,-2.451060884886708813e-01,-3.654137163097091467e-01,1.000000000000000000e+00
4.720000000000003637e-01,-2.239668224940766506e-01,-3.321240902135243478e-01,1.011129189599973666e+00,-1.439400935780248858e+00,-1.850860848572606132e+00,-7.411186770497051046e-02,9.728824833276296102e-01,1.821867165565572155e-01,-1.424330137090312198e-01,4.528857512446409807e-03,-3.990017372519350847e+00,4.909086356363726034e-01,1.956181308614113878e-01,9.520393979232782966e-01,2.047487800182850037e+00,3.080354798440938957e+00,2.227310709656237009e+00,-2.476837363686708038e-01,-3.689218147555144434e-01,1.000000000000000000e+00
4.740000000000003655e-01,-2.268456243656371552e-01,-3.358258119106695694e-01,1.010980965864563652e+00,-1.444922048795537872e+00,-1.857991086594848351e+00,-7.581442461166768010e-02,9.736705607071004520e-01,1.782733688479347378e-01,-1.420079763174287302e-01,4.240263453792166362e-03,-4.203949230963515582e+00,4.837217318151051382e-01,1.764568093604850785e-01,9.400765580529625298e-01,2.086722331535390218e+00,3.091153559808368811e+00,2.189039687196306261e+00,-2.502670022327118660e-01,-3.724298116141430692e-01,1.000000000000000000e+00
4.760000000000003673e-01,-2.297354684632282318e-01,-3.395417940838592608e-01,1.010829337015340279e+00,-1.450435036469311045e+00,-1.864974143099036752e+00,-7.745171595478884952e-02,9.744792168025105950e-01,1.741514358765866299e-01,-1.415850042173768530e-01,3.901279643157602381e-03,-4.419756942562584001e+00,4.822754116786291956e-01,1.573022152038001664e-01,9.309779655616894356e-01,2.127212000652214385e+00,3.100789260545222081e+00,2.149807563577530445e+00,-2.528556361985231926e-01,-3.759372570825669224e-01,1.000000000000000000e+00
4.780000000000003690e-01,-2.326363385361668590e-01,-3.432717423700573089e-01,1.010674433583430787e+00,-1.455941701865467230e+00,-1.871803088104478485e+00,-7.901767120193639582e-02,9.753069417191889690e-01,1.698186409849735123e-01,-1.411582771002454773e-01,3.512750271434222568e-03,-4.637027250881022411e+00,4.867125926130476121e-01,1.382994628900616196e-01,9.248173794328975461e-01,2.168850912881767456e+00,3.109222805957790214e+00,2.109716240267503373e+00,-2.554493865960034138e-01,-3.794436994266005003e-01,1.000000000000000000e+00
4.800000000000003708e-01,-2.355482219398978005e-01,-3.470153485462662557e-01,1.010516398241027014e+00,-1.461443584336704182e+00,-1.878470763555819323e+00,-8.050622095898442299e-02,9.761519935665520231e-01,1.652730863053168409e-01,-1.407218265685484249e-01,3.075699330644646092e-03,-4.855336882966455825e+00,4.971606249378048847e-01,1.196000354603594384e-01,9.216608296518677967e-01,2.211529757260013884e+00,3.116416911507168930e+00,2.068873989254183421e+00,-2.580479999999845120e-01,-3.829486850509407625e-01,1.000000000000000000e+00
4.820000000000003726e-01,-2.384711091085712220e-01,-3.507722900733779015e-01,1.010355385799108996e+00,-1.466941945887253462e+00,-1.884969780037188736e+00,-8.191131880818404432e-02,9.770123997241417779e-01,1.605132671083357998e-01,-1.402695507504259920e-01,2.591331656778684926e-03,-5.074253557257481617e+00,5.137306732546619292e-01,1.013610611773446135e-01,9.215661714562438656e-01,2.255136196521171144e+00,3.122336210531907241e+00,2.027395278516887611e+00,-2.606512212632254299e-01,-3.864517585695559365e-01,1.000000000000000000e+00
4.840000000000003744e-01,-2.414049930003457356e-01,-3.545422296334522771e-01,1.010191563161492612e+00,-1.472437757492381927e+00,-1.891292514321391893e+00,-8.322696392170650381e-02,9.778859595413872396e-01,1.555380856347586549e-01,-1.397952295006583967e-01,2.061033176127728163e-03,-5.293337032153245580e+00,5.365171446849423820e-01,8.374450840204768209e-02,9.245826718999820004e-01,2.299555278062570984e+00,3.126947365309829419e+00,1.985400550790742624e+00,-2.632587935496334408e-01,-3.899524628764299838e-01,1.000000000000000000e+00
4.860000000000003761e-01,-2.443498685153304983e-01,-3.583248146620950370e-01,1.010025109233649188e+00,-1.477931685418929719e+00,-1.897431107902193270e+00,-8.444722441389640455e-02,9.787702484974427630e-01,1.503468643428940710e-01,-1.392925401514889805e-01,1.486370296839139519e-03,-5.512140190995460820e+00,5.655971680698234083e-01,6.691630228600686792e-02,9.307506335086177529e-01,2.344669863188914238e+00,3.130219181332123846e+00,1.943015954657318245e+00,-2.658704583677071187e-01,-3.934503392166412983e-01,1.000000000000000000e+00
4.880000000000003779e-01,-2.473057318861683618e-01,-3.621196768778994213e-01,1.009856214784821349e+00,-1.483424077600723257e+00,-1.903377466659665673e+00,-8.556626138704813422e-02,9.796626238373331574e-01,1.449393585031340526e-01,-1.387550737746960361e-01,8.690883905717810371e-04,-5.730210158946455579e+00,6.010301279587517698e-01,5.104536796144902577e-02,9.401010595853809271e-01,2.390361071605756837e+00,3.132122724598714214e+00,1.900373027566018225e+00,-2.684859556041973017e-01,-3.969449272577775800e-01,1.000000000000000000e+00
4.900000000000003797e-01,-2.502725800413698187e-01,-3.659264318112187553e-01,1.009685082262047340e+00,-1.488914950132595783e+00,-1.909123261808764349e+00,-8.657835361615066894e-02,9.805602316900101645e-01,1.393157680681388899e-01,-1.381763519147755082e-01,2.111093132259744148e-04,-5.947089447033932608e+00,6.428572569035704287e-01,3.630260595749461305e-02,9.526553654212357447e-01,2.436508737810638259e+00,3.132631441676455797e+00,1.857608331006464830e+00,-2.711050235579802736e-01,-4.004357651616638480e-01,1.000000000000000000e+00
4.920000000000003815e-01,-2.532504099416350019e-01,-3.697446783348362631e-01,1.009511925554815059e+00,-1.494403973956784260e+00,-1.914659932279597410e+00,-8.747792280782583363e-02,9.814600156628916494e-01,1.334767487456667845e-01,-1.375498437517861661e-01,-4.854720812496540619e-04,-6.162317118480380884e+00,6.911012892129494434e-01,2.285980657674976241e-02,9.684251392640259581e-01,2.482991875751321853e+00,3.131721282196714640e+00,1.814863038701281850e+00,-2.737273989741440539e-01,-4.039223896564138050e-01,1.000000000000000000e+00
4.940000000000003832e-01,-2.562392178895485650e-01,-3.735739981993954628e-01,1.009336969709199394e+00,-1.499890461825499122e+00,-1.919978688674151002e+00,-8.825955935769672078e-02,9.823587268961208041e-01,1.274234221995888261e-01,-1.368689836513637959e-01,-1.218392474017893730e-03,-6.375429972346569052e+00,7.457661789071640124e-01,1.088851091532434465e-02,9.874119564206818023e-01,2.529689147894975676e+00,3.129370823403732071e+00,1.772282479356963147e+00,-2.763528170782741378e-01,-4.074043361087782977e-01,1.000000000000000000e+00
4.960000000000003850e-01,-2.592389988131995615e-01,-3.774139555767437870e-01,1.009160450590484093e+00,-1.505373355633271348e+00,-1.925070518938398312e+00,-8.891804851877342653e-02,9.832529355482895195e-01,1.211573853036187753e-01,-1.361271890586265576e-01,-1.985225694672324622e-03,-6.585963739497177727e+00,8.068368841525066504e-01,5.588270820698522379e-04,1.009607249307407972e+00,2.576479334687472367e+00,3.125561396302179329e+00,1.730015636183435568e+00,-2.789810116109459615e-01,-4.108811385967921503e-01,1.000000000000000000e+00
4.980000000000003868e-01,-2.622497455244661158e-01,-3.812640966146205734e-01,1.008982614493446617e+00,-1.510851214222072914e+00,-1.929926195880679707e+00,-8.944839688126658694e-02,9.841390436738244318e-01,1.146807183717078321e-01,-1.353178786921492849e-01,-2.783389440208360911e-03,-6.793454285943411719e+00,8.742792199544849874e-01,-7.961789047391632651e-03,1.034992235636587488e+00,2.623241800286270742e+00,3.120277212891258145e+00,1.688214606054211142e+00,-2.816117148624076583e-01,-4.143523299827061579e-01,1.000000000000000000e+00
5.000000000000003331e-01,-2.652714479529102443e-01,-3.851239490063819160e-01,1.008803717699684022e+00,-1.516322201770970546e+00,-1.934536286656932891e+00,-8.984585905169233111e-02,9.850132994407846398e-01,1.079959922889463381e-01,-1.344344909938647858e-01,-3.610153116648121344e-03,-6.997438818731938959e+00,9.480397803573534787e-01,-1.450977853474264348e-02,1.063537906246844411e+00,2.669856950427366371e+00,3.113505493916123523e+00,1.647034021813557958e+00,-2.842446577074590475e-01,-4.178174419861988564e-01,1.000000000000000000e+00
5.020000000000003348e-01,-2.683040923564521951e-01,-3.889930215796957857e-01,1.008624025981580630e+00,-1.521784076889979076e+00,-1.938891164330764472e+00,-9.010596440639816185e-02,9.858718126265816339e-01,1.011062744671955144e-01,-1.334705027906215868e-01,-4.462646811120238484e-03,-7.197457089728908741e+00,1.028045930843701328e+00,-1.892673898394815410e-02,1.095205073361047443e+00,2.716206678341629210e+00,3.105236596512376046e+00,1.606630441827095801e+00,-2.868795696405169737e-01,-4.212760052578560788e-01,1.000000000000000000e+00
5.040000000000003366e-01,-2.713476605102321804e-01,-3.928708039083573245e-01,1.008443814052767840e+00,-1.527234182544613406e+00,-1.942981021601485558e+00,-9.022454378191961666e-02,9.867105713182682258e-01,9.401513355057297683e-02,-1.324194481231622811e-01,-5.337871392375534083e-03,-7.393052592888250452e+00,1.114205871061595632e+00,-2.106068807187919806e-02,1.129944479307586347e+00,2.762174794768194275e+00,3.095464141071603503e+00,1.567161711404322588e+00,-2.895161788108627232e-01,-4.247275494529105244e-01,1.000000000000000000e+00
5.060000000000003384e-01,-2.744021288753213939e-01,-3.967567659515602863e-01,1.008263364965203968e+00,-1.532669436943174146e+00,-1.946795886776151452e+00,-9.019775595209696128e-02,9.875254597336221574e-01,8.672664279734799975e-02,-1.312749371984379410e-01,-6.232709727384931273e-03,-7.583773750888409104e+00,1.206408767438700513e+00,-2.076731975094657512e-02,1.167696964985097008e+00,2.807647438321343891e+00,3.084185136610419598e+00,1.528786301180284468e+00,-2.921542120580715718e-01,-4.281716033052353487e-01,1.000000000000000000e+00
5.080000000000003402e-01,-2.774674677492077191e-01,-4.006503577251125936e-01,1.008082969453299782e+00,-1.538086325522836306e+00,-1.950325642042433305e+00,-9.002211372987709015e-02,9.883122770694666714e-01,7.924538206679188068e-02,-1.300306754214091143e-01,-7.143938990932902425e-03,-7.769175087363837662e+00,1.304524954683682347e+00,-1.791124173616812087e-02,1.208393696601991252e+00,2.852513462750277728e+00,3.071400103887097721e+00,1.491662627917252681e+00,-2.947933949476125859e-01,-4.316076947015735632e-01,1.000000000000000000e+00
5.100000000000003419e-01,-2.805436404002533690e-01,-4.045510090091974376e-01,1.007902925225840018e+00,-1.543480894172932549e+00,-1.953560044077944369e+00,-8.969450952045217307e-02,9.890667572745648339e-01,7.157643834208146649e-02,-1.286804824627477417e-01,-8.068244034112440760e-03,-7.948818381337608763e+00,1.408406204635636483e+00,-1.236718290084042396e-02,1.251956448500885388e+00,2.896664797979783934e+00,3.057113195476650613e+00,1.455948363466772477e+00,-2.974334518066231170e-01,-4.350353507560119071e-01,1.000000000000000000e+00
5.120000000000003437e-01,-2.836306021885992568e-01,-4.084581290973533507e-01,1.007723536206799109e+00,-1.548848743834268626e+00,-1.956488747008629403e+00,-8.921224014210313302e-02,9.897845896361311402e-01,6.372540472348722784e-02,-1.272183113191086012e-01,-9.002231766476855371e-03,-8.122273800869393767e+00,1.517886060412757532e+00,-4.021159360864076313e-03,1.298297939197501805e+00,2.939996782230114292e+00,3.041332311988225623e+00,1.421799737808968400e+00,-3.000741057598471095e-01,-4.384540978846714898e-01,1.000000000000000000e+00
5.140000000000003455e-01,-2.867282996762677838e-01,-4.123711065913706064e-01,1.007545111726514842e+00,-1.554185026611711651e+00,-1.959101327704208417e+00,-8.857303072208823347e-02,9.904614400616161829e-01,5.569837782979873697e-02,-1.256382673228331470e-01,-9.942446495444326807e-03,-8.289121013357588552e+00,1.632780233341446730e+00,7.228411677272493854e-03,1.347322217141553313e+00,2.982408462972383933e+00,3.024069213588087113e+00,1.389370842157369612e+00,-3.027150787657350017e-01,-4.418634618806154823e-01,1.000000000000000000e+00
5.160000000000003473e-01,-2.898366697294911809e-01,-4.162893092467790379e-01,1.007367965665070697e+00,-1.559484443533531106e+00,-1.961387313372725760e+00,-8.777505746740928150e-02,9.910929729309653213e-01,4.750195355025500082e-02,-1.239346270580391624e-01,-1.088538615551881868e-02,-8.448950270363955184e+00,1.752887059725425356e+00,2.146966080326137560e-02,1.398925092154597483e+00,3.023802864975384086e+00,3.005339625976631623e+00,1.358812938080231847e+00,-3.053560916527019442e-01,-4.452629679889688052e-01,1.000000000000000000e+00
5.180000000000003491e-01,-2.929556386165582671e-01,-4.202120838735244890e-01,1.007192415550135944e+00,-1.564741244084960625e+00,-1.963336211389273833e+00,-8.681696910455680150e-02,9.916748733891478373e-01,3.914322109416443207e-02,-1.221018571399997837e-01,-1.182751934912109476e-02,-8.601363465252287455e+00,1.877988014148357587e+00,3.877628797513688053e-02,1.452994608028766788e+00,3.064087224223935646e+00,2.985163339961128592e+00,1.330273778448104238e+00,-3.079968641555390074e-01,-4.486521409822332718e-01,1.000000000000000000e+00
5.200000000000003508e-01,-2.960851211047281772e-01,-4.241387562963030433e-01,1.007018781611926928e+00,-1.569949227635119238e+00,-1.964937541266279952e+00,-8.569790677862772210e-02,9.922028699443709021e-01,3.062975529091619895e-02,-1.201346328144827780e-01,-1.276530311044723164e-02,-8.745975162337359166e+00,2.007848275699267937e+00,5.920666607064211523e-02,1.509411551389985284e+00,3.103173187030260127e+00,2.963564303762605601e+00,1.303896945773851179e+00,-3.106371149519706054e-01,-4.520305052357898035e-01,1.000000000000000000e+00
5.220000000000003526e-01,-2.992250195599984175e-01,-4.280686313788356068e-01,1.006847385798369743e+00,-1.575101746865789298e+00,-1.966180868644733515e+00,-8.441752220075071644e-02,9.926727572341224048e-01,2.196960709920756788e-02,-1.180278563332849556e-01,-1.369520129391605875e-02,-8.882413596616137497e+00,2.142217343271819896e+00,8.280303495992138996e-02,1.568049991643763796e+00,3.140976974201290517e+00,2.940570707200363731e+00,1.279821213176350003e+00,-3.132765616993633540e-01,-4.553975848035897722e-01,1.000000000000000000e+00
5.240000000000003544e-01,-3.023752230537299912e-01,-4.320009931161250538e-01,1.006678550753968171e+00,-1.580191713297613987e+00,-1.967055841157772544e+00,-8.297599383374899829e-02,9.930804188189863435e-01,1.317129229103399142e-02,-1.157766750615277923e-01,-1.461370347954997657e-02,-9.010321643489552557e+00,2.280829695919154076e+00,1.095907938101889356e-01,1.628777846635475646e+00,3.177419510657288004e+00,2.916215056906388270e+00,1.258179932780412402e+00,-3.159149210715654910e-01,-4.587529034940104888e-01,1.000000000000000000e+00
5.260000000000003562e-01,-3.055356064803252392e-01,-4.359351047984406091e-01,1.006512598766300615e+00,-1.585211604994137380e+00,-1.967552225990560011e+00,-8.137404090959281244e-02,9.934218498630742467e-01,4.243778283308637968e-03,-1.133764992713724440e-01,-1.551734427916635906e-02,-9.129357758171035897e+00,2.423405494146372074e+00,1.395778984376841725e-01,1.691457468569781408e+00,3.212426521407303337e+00,2.890534241735514875e+00,1.239100455876156914e+00,-3.185519087958888496e-01,-4.620959849458767255e-01,1.000000000000000000e+00
5.280000000000003579e-01,-3.087060296903135215e-01,-4.398702092504217509e-01,1.006349850684481462e+00,-1.590153476506895425e+00,-1.967659948933788483e+00,-7.961293507857913898e-02,9.936931795598815675e-01,-4.803530902113833587e-03,-1.108230195756584463e-01,-1.640272291963965415e-02,-9.239196884709947710e+00,2.569651317992013073e+00,1.727543695790813294e-01,1.755946244742921269e+00,3.245928595264055971e+00,2.863569587555464757e+00,1.222703588615462245e+00,-3.211872396902214488e-01,-4.654263527046414994e-01,1.000000000000000000e+00
5.300000000000003597e-01,-3.118863366433273221e-01,-4.438055291482893017e-01,1.006190624814324197e+00,-1.595008971105636553e+00,-1.967369134702877220e+00,-7.769450949942612039e-02,9.938906931633907371e-01,-1.396081156074889529e-02,-1.081122239535793755e-01,-1.726652297281733653e-02,-9.339531334727769973e+00,2.719260937785719534e+00,2.090919169791636278e-01,1.822097207742435776e+00,3.277861218117298581e+00,2.835366900620865493e+00,1.209103086434216490e+00,-3.238206277002634303e-01,-4.687435302987043029e-01,1.000000000000000000e+00
5.320000000000003615e-01,-3.150763545855386205e-01,-4.477402674176950703e-01,1.006035235795325278e+00,-1.599769335316958863e+00,-1.966670148271413288e+00,-7.562116519163303296e-02,9.940108534862608369e-01,-2.321783911182201052e-02,-1.052404143188977320e-01,-1.810553209601476962e-02,-9.430071636068200647e+00,2.871916113567454243e+00,2.485436831990853190e-01,1.889759649954708465e+00,3.308164777969767822e+00,2.805976498758325555e+00,1.198405189774600199e+00,-3.264517859368921693e-01,-4.720470413158735501e-01,1.000000000000000000e+00
5.340000000000003633e-01,-3.182758932561725596e-01,-4.516736077142379235e-01,1.005883993464941950e+00,-1.604425435772422137e+00,-1.965553636946040905e+00,-7.339587448653915602e-02,9.940503217299283545e-01,-3.256400878074234423e-02,-1.022042225793983183e-01,-1.891666164244217366e-02,-9.510547351596416732e+00,3.027287419308925198e+00,2.910441100535180459e-01,1.958779737481430638e+00,3.336784544271115038e+00,2.775453229613397799e+00,1.190708203054609227e+00,-3.290804267136392958e-01,-4.753364094799531481e-01,1.000000000000000000e+00
5.360000000000003650e-01,-3.214847441277173812e-01,-4.556047149881299885e-01,1.005737201715968920e+00,-1.608967778343881605e+00,-1.964010572891229822e+00,-7.102218143146692142e-02,9.940059775153451405e-01,-4.198835813971518727e-02,-9.900062613432250580e-02,-1.969696599748723201e-02,-9.580707868347003497e+00,3.185035088283417082e+00,3.365089295979050710e-01,2.029001118893813960e+00,3.363670624354258454e+00,2.743856475233915404e+00,1.186102118209566569e+00,-3.317062615842854001e-01,-4.786111587274511359e-01,1.000000000000000000e+00
5.380000000000003668e-01,-3.247026796844051377e-01,-4.595327361339124339e-01,1.005595157353105895e+00,-1.613386529519692747e+00,-1.962032295796524606e+00,-6.850419902205451272e-02,9.938749379878336621e-01,-5.147959147791657253e-02,-9.562696275446316840e-02,-2.044366149453409956e-02,-9.640323157115417985e+00,3.344809876178542307e+00,3.848352806193461317e-01,2.100265524634043590e+00,3.388777899986663122e+00,2.711250142287696896e+00,1.184668283524911825e+00,-3.343290013805662042e-01,-4.818708132843958492e-01,1.000000000000000000e+00
5.400000000000003686e-01,-3.279294527434445383e-01,-4.634568007255054911e-01,1.005458148955061803e+00,-1.617671539950969350e+00,-1.959610555366331219e+00,-6.584660316121039580e-02,9.936545758751126334e-01,-6.102610596163272200e-02,-9.208094478748796163e-02,-2.115414476297845098e-02,-9.689184502417139910e+00,3.506253938828972405e+00,4.359019506451755621e-01,2.172413353297717897e+00,3.412065947191974313e+00,2.677702637234655292e+00,1.186479117905414382e+00,-3.369483562499804852e-01,-4.851148977432595544e-01,1.000000000000000000e+00
5.420000000000003704e-01,-3.311647958233464584e-01,-4.673760218362381647e-01,1.005326455748739356e+00,-1.621812370072606369e+00,-1.956737553303316668e+00,-6.305462326884665736e-02,9.933425363838646049e-01,-7.061601953335562565e-02,-8.836067262896338259e-02,-2.182601036132220118e-02,-9.727105202506235671e+00,3.669001721754098888e+00,4.895697425787954860e-01,2.245284241485343113e+00,3.433498942577793311e+00,2.643286825793579542e+00,1.191597870193627617e+00,-3.395640356937002502e-01,-4.883429371399663488e-01,1.000000000000000000e+00
5.440000000000003721e-01,-3.344084205634916818e-01,-4.712894969428447767e-01,1.005200346502201691e+00,-1.625798317679736593e+00,-1.953405984451345834e+00,-6.013402949440223993e-02,9.929367528272242671e-01,-8.023720048708095354e-02,-8.446464739754208639e-02,-2.245706754971550992e-02,-9.753921238856785081e+00,3.832680859009623742e+00,5.456819642076303767e-01,2.318717614384047110e+00,3.453045559424777977e+00,2.608079976061533412e+00,1.200078422669347056e+00,-3.421757486045809982e-01,-4.915544570309919870e-01,1.000000000000000000e+00
5.460000000000003739e-01,-3.376600171988511367e-01,-4.751963089117474670e-01,1.005080078443212788e+00,-1.629618447317092267e+00,-1.949609076762712778e+00,-5.709111651383010078e-02,9.924354608832293145e-01,-8.987729864504423460e-02,-8.039178275093182557e-02,-2.304535605906335438e-02,-9.769491914174079028e+00,3.996913079192863982e+00,6.040650380063123936e-01,2.392553214720621213e+00,3.470678856752515085e+00,2.572163684661685323e+00,1.211965137441778806e+00,-3.447832033052597445e-01,-4.947489835705395911e-01,1.000000000000000000e+00
5.480000000000003757e-01,-3.409192540934853355e-01,-4.790955270652729192e-01,1.004965896210185061e+00,-1.633261621316810963e+00,-1.945340629757383866e+00,-5.393268392383526733e-02,9.918372113925090217e-01,-9.952377804893182411e-02,-7.614141577766342373e-02,-2.358916071782594936e-02,-9.773700457625684734e+00,4.161315116770149203e+00,6.645292278805875474e-01,2.466631608204007176e+00,3.486376164485052165e+00,2.535623785308993572e+00,1.227292744089476306e+00,-3.473861075863446390e-01,-4.979260435877712609e-01,1.000000000000000000e+00
5.500000000000003775e-01,-3.441857773361189365e-01,-4.829862083247876692e-01,1.004858030842337380e+00,-1.636716532299969717e+00,-1.940595051149095918e+00,-5.066601327830271700e-02,9.911408816122796450e-01,-1.091639510663025558e-01,-7.171331689840350354e-02,-2.408702480290637882e-02,-9.766454595575275732e+00,4.325499627212278320e+00,7.268694787638710908e-01,2.540794664038476647e+00,3.500118967696810302e+00,2.498550239198326306e+00,1.246086266616633020e+00,-3.499841687446885174e-01,-5.010851646641127921e-01,1.000000000000000000e+00
5.520000000000003793e-01,-3.474592104007188653e-01,-4.868673984270858734e-01,1.004756698815780780e+00,-1.639971736938945490e+00,-1.935367391324425146e+00,-4.729884184460551172e-02,9.903456848529769152e-01,-1.187850138006509154e-01,-6.710769870969496287e-02,-2.453776198751559182e-02,-9.747687085674630936e+00,4.489076104722418137e+00,7.908663642874941280e-01,2.614886009530267508e+00,3.511892792733716906e+00,2.461037006634429147e+00,1.268360987578159182e+00,-3.525770936217396678e-01,-5.042258752105953645e-01,1.000000000000000000e+00
5.540000000000003810e-01,-3.507391538745967541e-01,-4.907381332097347504e-01,1.004662101132091534e+00,-1.643015690761946646e+00,-1.929653375376269464e+00,-4.383933319036620313e-02,9.894511784335816573e-01,-1.283740826813423441e-01,-6.232522370264101386e-02,-2.494046676660892012e-02,-9.717356211732329996e+00,4.651651801612714188e+00,8.562871370951079530e-01,2.688751458222579771e+00,3.521687097781048603e+00,2.423181899339802658e+00,1.294122447079990357e+00,-3.551645886419705911e-01,-5.073477045452444711e-01,1.000000000000000000e+00
5.560000000000003828e-01,-3.540251852561206447e-01,-4.945974399604872729e-01,1.004574422465710715e+00,-1.645836783768061640e+00,-1.923449432412396076e+00,-4.029604474376940332e-02,9.884572699018129294e-01,-1.379182320976723441e-01,-5.736701078925308950e-02,-2.529452324936531590e-02,-9.675446236342724049e+00,4.812832648624590703e+00,9.228868757585606541e-01,2.762239411370569719e+00,3.529495170193526210e+00,2.385086412897462260e+00,1.323366474284052074e+00,-3.577463598513746512e-01,-5.104501829704947147e-01,1.000000000000000000e+00
5.580000000000003846e-01,-3.573168588236567689e-01,-4.984443388253120832e-01,1.004493830376223196e+00,-1.648423376611206859e+00,-1.916752721882560628e+00,-3.667789250219391506e-02,9.873642214758358016e-01,-1.474045329296704843e-01,-5.223464057003453231e-02,-2.559961221818900234e-02,-9.621967807837382480e+00,4.972224175687693482e+00,9.904097216735339160e-01,2.835201232904414059e+00,3.535314032621585056e+00,2.346855538812274045e+00,1.356079249034859213e+00,-3.603221129560348901e-01,-5.135328418506349690e-01,1.000000000000000000e+00
5.600000000000003864e-01,-3.606137055768791622e-01,-5.022778442690771783e-01,1.004420474591218859e+00,-1.650763837104658682e+00,-1.909561156693889039e+00,-3.299411309425237526e-02,9.861726526749153843e-01,-1.568200918171225033e-01,-4.693015927793933034e-02,-2.585571636480369154e-02,-9.556958317724763674e+00,5.129432432769145400e+00,1.058590198765117174e+00,2.907491598321745307e+00,3.539144359665217010e+00,2.308597555709102966e+00,1.392237391272268310e+00,-3.628915533607472432e-01,-5.165952136892556501e-01,1.000000000000000000e+00
5.620000000000003881e-01,-3.639152332510884880e-01,-5.060969665824649466e-01,1.004354486365030441e+00,-1.652846576794577471e+00,-1.901873422913351597e+00,-2.925422342880790519e-02,9.848835411175110854e-01,-1.661520909977628468e-01,-4.145608133618805535e-02,-2.606312362612388245e-02,-9.480482204424008685e+00,5.284064910574739926e+00,1.127154608313391648e+00,2.978968818197822443e+00,3.540990406469197715e+00,2.270423799232148987e+00,1.431808075996434226e+00,-3.654543862077095362e-01,-5.196368322067156376e-01,1.000000000000000000e+00
5.640000000000003899e-01,-3.672209264046776278e-01,-5.099007134282916853e-01,1.004295977918172822e+00,-1.654660087351184083e+00,-1.893688995887829352e+00,-2.546797819071764529e-02,9.834982214765646269e-01,-1.753878285358388134e-01,-3.581539047059055514e-02,-2.622242855565823372e-02,-9.392631198786364877e+00,5.435731460924727365e+00,1.195822490714679276e+00,3.049495137202688611e+00,3.540859950345722762e+00,2.232448410268462080e+00,1.474749171698825911e+00,-3.680103164152591089e-01,-5.226572324175923212e-01,1.000000000000000000e+00
5.660000000000003917e-01,-3.705302465793799960e-01,-5.136880914200673276e-01,1.004245041961791429e+00,-1.656192976530063365e+00,-1.885008152645970325e+00,-2.164532546649807279e-02,9.820183825931847466e-01,-1.845147587534212708e-01,-3.001153932105715336e-02,-2.633453168015043727e-02,-9.293524506643464633e+00,5.584045216637801623e+00,1.264308145523914462e+00,3.118937009668665716e+00,3.538764246177498407e+00,2.194788061193544415e+00,1.521009400359510044e+00,-3.705590487166617319e-01,-5.256559507081285387e-01,1.000000000000000000e+00
5.680000000000003935e-01,-3.738426325324401001e-01,-5.174581077253592731e-01,1.004201751310858537e+00,-1.657434003463394312e+00,-1.875831980481258210e+00,-1.779636080342460180e-02,9.804460627614686175e-01,-1.935205326690824235e-01,-2.404844750190189909e-02,-2.640063680590527817e-02,-9.183308923435404836e+00,5.728623510717781642e+00,1.332322200677287904e+00,3.187165352860896306e+00,3.534717996019131281e+00,2.157561659930368414e+00,1.570528517328130480e+00,-3.731002876989453765e-01,-5.286325249136488713e-01,1.000000000000000000e+00
5.700000000000003952e-01,-3.771575005393668634e-01,-5.212097716863217656e-01,1.004166158589251623e+00,-1.658372113051648000e+00,-1.866162381651892188e+00,-1.393128002242821975e-02,9.787836432088080629e-01,-2.023930382420338070e-01,-1.793049806636610663e-02,-2.642224625468468993e-02,-9.062158875862133200e+00,5.869088794549620403e+00,1.399573221372628851e+00,3.254055779169644058e+00,3.528739332982948618e+00,2.120890031726435865e+00,1.623237509643649989e+00,-3.756337378417752282e-01,-5.315864943959576205e-01,1.000000000000000000e+00
5.720000000000003970e-01,-3.804742447654701487e-01,-5.249420964496255282e-01,1.004138296029206678e+00,-1.658996469240250571e+00,-1.856002074169647464e+00,-1.006033111825316469e-02,9.770338398076033881e-01,-2.111204402146580617e-01,-1.166253233751382221e-02,-2.640115402508040957e-02,-8.930276385477037948e+00,6.005069554677053389e+00,1.465769348690133977e+00,3.319488808469313490e+00,3.520849819168999417e+00,2.084895578688956697e+00,1.679058811598165724e+00,-3.781591035563655612e-01,-5.345174001206876024e-01,1.000000000000000000e+00
5.740000000000003988e-01,-3.837922377039506561e-01,-5.286541005979648045e-01,1.004118175366970123e+00,-1.659296486982650087e+00,-1.845354588686258568e+00,-6.193765589470783331e-03,9.751996930657945706e-01,-2.196912193427187632e-01,-5.249843075255472558e-03,-2.633943689175629460e-02,-8.787890949208602365e+00,6.136201227556665749e+00,1.530619957671552900e+00,3.383350061878554360e+00,3.511074457081610589e+00,2.049701917278758501e+00,1.737906536604689745e+00,-3.806760892244175909e-01,-5.374247847346022011e-01,1.000000000000000000e+00
5.760000000000004006e-01,-3.871108306779159625e-01,-5.323448097753372688e-01,1.004105787835791075e+00,-1.659261862710821989e+00,-1.834224261521481214e+00,-2.341789545967491205e-03,9.732845564549479356e-01,-2.280942108005223901e-01,1.301834042293712130e-03,-2.623944347177233419e-02,-8.635259331959616702e+00,6.262127111466933016e+00,1.593837324246624609e+00,3.445530438113579841e+00,3.499441713669358300e+00,2.015433494145654869e+00,1.799686724676983873e+00,-3.831843992370980168e-01,-5.403081926428486836e-01,1.000000000000000000e+00
5.780000000000004023e-01,-3.904293544033375918e-01,-5.360132582983802019e-01,1.004101104256699184e+00,-1.658882603156145441e+00,-1.822616223911274869e+00,1.485485057638927849e-03,9.712920831456857140e-01,-2.363186415480468816e-01,7.986330635670002565e-03,-2.610378130420996923e-02,-8.472665266697756437e+00,6.382499274500922581e+00,1.655138290107643240e+00,3.505926273555928674e+00,3.485983555834418102e+00,1.982215180897673346e+00,1.864297605065720731e+00,-3.856837380340283894e-01,-5.431671700861401275e-01,1.000000000000000000e+00
5.800000000000004041e-01,-3.937471196096498649e-01,-5.396584907462027569e-01,1.004104075226814441e+00,-1.658149052387357880e+00,-1.810536387586995977e+00,5.278088717538003197e-03,9.692262112309666389e-01,-2.443541664486446052e-01,1.479705754171206297e-02,-2.593530200636131808e-02,-8.300419057818126944e+00,6.496979457293943661e+00,1.714245914393793369e+00,3.564439487062970535e+00,3.470735495982861796e+00,1.950171848627233029e+00,1.931629873809940223e+00,-3.881738101422967935e-01,-5.460012652178571901e-01,1.000000000000000000e+00
5.820000000000004059e-01,-3.970634177144246046e-01,-5.432795635213767405e-01,1.004114631404249502e+00,-1.657051916957491322e+00,-1.797991426826609729e+00,9.026241867534678595e-03,9.670911475279933001e-01,-2.521909029294518434e-01,2.172701842397652475e-02,-2.573708458665936380e-02,-8.118857084028062943e+00,6.605239968839143216e+00,1.770891100864614653e+00,3.620977710437880859e+00,3.453736645932810045e+00,1.919427923272001291e+00,2.001566986150133509e+00,-3.906543202154912353e-01,-5.488100281810852632e-01,1.000000000000000000e+00
5.840000000000004077e-01,-4.003775215483396099e-01,-5.468755463750299972e-01,1.004132683887984490e+00,-1.655582289077836000e+00,-1.784988757146294791e+00,1.272040123080541048e-02,9.648913500592364301e-01,-2.598194639821436724e-01,2.876882505673899332e-02,-2.551241701113978605e-02,-7.928341197575329957e+00,6.706964573432105503e+00,1.824814189125652186e+00,3.675454405351621823e+00,3.435029777263918227e+00,1.890106923162179653e+00,2.073985463903370352e+00,-3.931249730727356950e-01,-5.515930111855376072e-01,1.000000000000000000e+00
5.860000000000004095e-01,-4.036886861264952775e-01,-5.504455238893225522e-01,1.004158124690446074e+00,-1.653731667763552737e+00,-1.771536510825060029e+00,1.635130472534665480e-02,9.626315093221374797e-01,-2.672309893091978084e-01,3.591471425182797550e-02,-2.526477613636010297e-02,-7.729258017309199147e+00,6.801849366467485503e+00,1.875766498428406592e+00,3.727788967377494878e+00,3.414661385982152186e+00,1.862330980396321944e+00,2.148755218016710877e+00,-3.955854737377335617e-01,-5.543497685843938871e-01,1.000000000000000000e+00
5.880000000000004112e-01,-4.069961494620223941e-01,-5.539885969109726860e-01,1.004190827299896727e+00,-1.651491977922069809e+00,-1.757643509475818266e+00,1.991001463032832097e-02,9.603165284653695233e-01,-2.744171744303706140e-01,4.315656638567143960e-02,-2.499780613717463018e-02,-7.522018113823966345e+00,6.889603636494650019e+00,1.923511812610637195e+00,3.777906817663255534e+00,3.392681759190934176e+00,1.836220347990778379e+00,2.225739886588295580e+00,-3.980355274778180630e-01,-5.570798569510232445e-01,1.000000000000000000e+00
5.900000000000004130e-01,-4.102991334178665572e-01,-5.575038839299243376e-01,1.004230647329157344e+00,-1.648855587381343524e+00,-1.743319233893560360e+00,2.338795874207965156e-02,9.579515024969808001e-01,-2.813702975756163238e-01,5.048592547191396024e-02,-2.471529557238917596e-02,-7.307055085778667802e+00,6.969950710633075808e+00,1.967827794881185977e+00,3.825739482631905553e+00,3.369145041305247723e+00,1.811892895058767605e+00,2.304797188674455377e+00,-4.004748398429908152e-01,-5.597828351555870219e-01,1.000000000000000000e+00
5.920000000000004148e-01,-4.135968445926292425e-01,-5.609905223977114108e-01,1.004277423246641598e+00,-1.645815321879962267e+00,-1.728573791424684369e+00,2.677696927258607640e-02,9.555416966562468861e-01,-2.880832442041350028e-01,5.789402071293753282e-02,-2.442115324491398592e-02,-7.084824527405126027e+00,7.042628780159821744e+00,2.008507321394363832e+00,3.871224661974099757e+00,3.344109297220994481e+00,1.789463592587116292e+00,2.385779294184692478e+00,-4.029031167049658135e-01,-5.624582644415244692e-01,1.000000000000000000e+00
5.940000000000004166e-01,-4.168884752363891666e-01,-5.644476699805607289e-01,1.004330977185186713e+00,-1.642364478064467281e+00,-1.713417881111120700e+00,3.006931926971202068e-02,9.530925240864934755e-01,-2.945495290045231918e-01,6.537178945174916544e-02,-2.411938302541593790e-02,-6.855802888197533029e+00,7.107391702818692814e+00,2.045359722910183198e+00,3.914306285075555447e+00,3.317636569762562271e+00,1.769043992686583522e+00,2.468533210101798492e+00,-4.053200642961917732e-01,-5.651057085018840187e-01,1.000000000000000000e+00
5.960000000000004183e-01,-4.201732041925180794e-01,-5.678745057427829757e-01,1.004391115823726199e+00,-1.638496834560751569e+00,-1.697862756868669054e+00,3.325775636640715405e-02,9.506095229504428756e-01,-3.007633152479961547e-01,7.290990143414491365e-02,-2.381405781946883959e-02,-6.620486226806903574e+00,7.164009778170801646e+00,2.078211924304556923e+00,3.954934555916676864e+00,3.289792928675358219e+00,1.750741704487874806e+00,2.552901183157548992e+00,-4.077253892488625908e-01,-5.677247335555339891e-01,1.000000000000000000e+00
5.980000000000004201e-01,-4.234501978616395657e-01,-5.712702312565203222e-01,1.004457631336459045e+00,-1.634206661205607869e+00,-1.681920188961028240e+00,3.633553369539906097e-02,9.480983331327228480e-01,-3.067194313851980270e-01,8.049878427998906349e-02,-2.350929286765135809e-02,-6.379388862228003276e+00,7.212270492116227949e+00,2.106909472282426865e+00,3.993065986389873423e+00,3.260648508413201974e+00,1.734659870132574611e+00,2.638721118942660482e+00,-4.101187986339121516e-01,-5.703149084231975419e-01,1.000000000000000000e+00
6.000000000000004219e-01,-4.267186111840508000e-01,-5.746340716344423560e-01,1.004530302403849884e+00,-1.629488726541126198e+00,-1.665602424029540618e+00,3.929643783581812655e-02,9.455646726759521226e-01,-3.124133847970171907e-01,8.812865005201848956e-02,-2.320921857579692077e-02,-6.133041926448302483e+00,7.251979226572285775e+00,2.131317442359044634e+00,4.028663417905990585e+00,3.230277531991345263e+00,1.720896644559611888e+00,2.725827017241118977e+00,-4.124999999999768852e-01,-5.728758046033439744e-01,1.000000000000000000e+00
6.020000000000004237e-01,-4.299775886371330347e-01,-5.779652764825014000e-01,1.004608895279521574e+00,-1.624338303688456220e+00,-1.648922143933931439e+00,4.213481368833399410e-02,9.430143140972868654e-01,-3.178413726308750298e-01,9.578952280095735794e-02,-2.291795307852841426e-02,-5.881991823810604814e+00,7.282959930200952670e+00,2.151321217010256248e+00,4.061696031105801907e+00,3.198758318238043685e+00,1.709544683004474486e+00,2.814049423155079221e+00,-4.148687014123383365e-01,-5.754069963478924965e-01,1.000000000000000000e+00
6.040000000000004254e-01,-4.332262652445099671e-01,-5.812631207703692349e-01,1.004693164906898195e+00,-1.618751174728264353e+00,-1.631892423651600144e+00,4.484558620522074990e-02,9.404530607313877910e-01,-3.230002896758980002e-01,1.034712669570528321e-01,-2.263957474320239110e-02,-5.626798603405152477e+00,7.305055746040471476e+00,2.166827127849128232e+00,4.092139343456445033e+00,3.166173269880557584e+00,1.700690640305207779e+00,2.903215893335838071e+00,-4.172246114918253812e-01,-5.779080607377452550e-01,1.000000000000000000e+00
6.060000000000004272e-01,-4.364637675939664896e-01,-5.845269056176723987e-01,1.004782856079308617e+00,-1.612723633722945138e+00,-1.614526688472690763e+00,4.742427893084365242e-02,9.378867232434793255e-01,-3.278877332529619437e-01,1.111636164305592894e-01,-2.237809482335657157e-02,-5.368034251834456150e+00,7.318129591917386101e+00,2.177762955758222319e+00,4.119975194496462656e+00,3.132608840046940735e+00,1.694414686236554557e+00,2.993151476362461150e+00,-4.195674394536872409e-01,-5.803785777581346172e-01,1.000000000000000000e+00
6.080000000000004290e-01,-4.396892148614123808e-01,-5.877559589946177443e-01,1.004877704637170410e+00,-1.606252488520252042e+00,-1.596838670715602815e+00,4.986702933595344583e-02,9.353210964524983906e-01,-3.325020051185242353e-01,1.188562042773307209e-01,-2.213743047064060943e-02,-5.106280914666551318e+00,7.322064689597104881e+00,2.184078284086226063e+00,4.145191718495969013e+00,3.098155474950836208e+00,1.690790041169579316e+00,3.083679206024632080e+00,-4.218968951464188710e-01,-5.828181303737708374e-01,1.000000000000000000e+00
6.100000000000004308e-01,-4.429017198384528897e-01,-5.909496363360489113e-01,1.004977438695842329e+00,-1.599335061479542075e+00,-1.578842366173257572e+00,5.217060095549292537e-02,9.327619365993053968e-01,-3.368421104041375291e-01,1.265385927806345345e-01,-2.192137831198210166e-02,-4.842129055791405179e+00,7.316765038774536656e+00,2.185744701293482528e+00,4.167783304319780058e+00,3.062907530753914642e+00,1.689882536367630639e+00,3.174620605971947729e+00,-4.242126890905409398e-01,-5.852263046037710081e-01,1.000000000000000000e+00
6.120000000000004325e-01,-4.461003899614119916e-01,-5.941073210683954775e-01,1.005081779897753380e+00,-1.591969189260395101e+00,-1.560551990484726259e+00,5.433239236404267813e-02,9.302149391886107566e-01,-3.409077536362708494e-01,1.342003037966645607e-01,-2.173358879439614075e-02,-4.576175564703968135e+00,7.302155832210797115e+00,2.182755850789701579e+00,4.187750542319040647e+00,3.026963162866263879e+00,1.691750203183469692e+00,3.265796203902139538e+00,-4.265145325173368418e-01,-5.876026895963936125e-01,1.000000000000000000e+00
6.140000000000004343e-01,-4.492843283399327592e-01,-5.972284250493649083e-01,1.005190444682481532e+00,-1.584153221809144085e+00,-1.541981935610212462e+00,5.635044304527923875e-02,9.276857175257109400e-01,-3.446993319032405911e-01,1.418308492090706863e-01,-2.157754149341702468e-02,-4.309021822439695448e+00,7.278183808585573900e+00,2.175127327132559518e+00,4.205100158129823740e+00,2.990424186246424920e+00,1.696442895308016396e+00,3.357026053181034086e+00,-4.288021374075245418e-01,-5.899468777035352662e-01,1.000000000000000000e+00
6.160000000000004361e-01,-4.524526347835510220e-01,-6.003123889205853603e-01,1.005303145568572143e+00,-1.575886020672070176e+00,-1.523146726570304699e+00,5.822343623167727106e-02,9.251797820604323874e-01,-3.482179252573776584e-01,1.494197613371789635e-01,-2.145652157267595797e-02,-4.041271737470239600e+00,7.244817539954615526e+00,2.162896419229655365e+00,4.219844933322085545e+00,2.953395905597540505e+00,1.704001948040714476e+00,3.448130259525441943e+00,-4.310752165298787908e-01,-5.922584645549997528e-01,1.000000000000000000e+00
6.180000000000004379e-01,-4.556044068248951695e-01,-6.033586823737259186e-01,1.005419592441035403e+00,-1.567166956754964202e+00,-1.504060978593291242e+00,5.995069880800615869e-02,9.227025206409530389e-01,-3.514652844607425441e-01,1.569566231434695869e-01,-2.137359757176062261e-02,-3.773529763316305186e+00,7.202047651073619328e+00,2.146121702688105870e+00,4.232003612917399238e+00,2.915986914718921241e+00,1.714459878303479901e+00,3.538929510145107926e+00,-4.333334834797880064e-01,-5.945370491325249196e-01,1.000000000000000000e+00
6.200000000000004396e-01,-4.587387407384050930e-01,-6.063668043309125011e-01,1.005539493838651488e+00,-1.557995907637744759e+00,-1.484739354797548705e+00,6.153219838686647264e-02,9.202591797695516274e-01,-3.544438162014769134e-01,1.644310980882990603e-01,-2.133160068729310008e-02,-3.506398909941738751e+00,7.149886968268148735e+00,2.124882484964144336e+00,4.241600799875829608e+00,2.878308864658353894e+00,1.727840128807843989e+00,3.629245602539778570e+00,-4.355766527177400982e-01,-5.967822338435592178e-01,1.000000000000000000e+00
6.220000000000004414e-01,-4.618547325536805914e-01,-6.093362830405075758e-01,1.005662558235425275e+00,-1.548373254540218236e+00,-1.465196524519944088e+00,6.296853767655168077e-02,9.178548469409423261e-01,-3.571565659249941738e-01,1.718329594837665064e-01,-2.133310569830105044e-02,-3.240478761150800135e+00,7.088370595987891321e+00,2.099278108456688496e+00,4.248666836738476782e+00,2.840476200714567412e+00,1.744156859409260907e+00,3.718901969985386913e+00,-4.378044396077408473e-01,-5.989936245947776738e-01,1.000000000000000000e+00
6.240000000000004432e-01,-4.649514790627610195e-01,-6.122666760895474347e-01,1.005788495310778297e+00,-1.538299879021234551e+00,-1.445447122386124716e+00,6.426094627094203204e-02,9.154944341318956846e-01,-3.596071984394574317e-01,1.791521192039756960e-01,-2.138041367160896378e-02,-2.976363510215217723e+00,7.017555919675364073e+00,2.069427118140733768e+00,4.253237674699588133e+00,2.802605868754682206e+00,1.763414788251157050e+00,3.807724200627775168e+00,-4.400165604556557919e-01,-6.011708308653352928e-01,1.000000000000000000e+00
6.260000000000004450e-01,-4.680280788208034948e-01,-6.151575703343197254e-01,1.005917017203320274e+00,-1.527777159478817648e+00,-1.425505708204781063e+00,6.541126999802485131e-02,9.131826624984327179e-01,-3.617999764681653629e-01,1.863786556156483976e-01,-2.147553656633843788e-02,-2.714640025808012780e+00,6.937522534096182802e+00,2.035466301725412652e+00,4.255354730468143387e+00,2.764816991731154250e+00,1.785609084818475800e+00,3.895540547036175028e+00,-4.422127325474691784e-01,-6.033134657798341349e-01,1.000000000000000000e+00
6.280000000000004468e-01,-4.710836331397611487e-01,-6.180085817507292578e-01,1.006047839743316352e+00,-1.516806967503720793e+00,-1.405386727755653098e+00,6.642195796812447317e-02,9.109240483242522224e-01,-3.637397373324360306e-01,1.935028406010052826e-01,-2.162018383889597120e-02,-2.455885960019291936e+00,6.848372096812093801e+00,1.997549611625148991e+00,4.255064731360772790e+00,2.727230517700653056e+00,1.810725316495054749e+00,3.982182423053957532e+00,-4.443926741874635322e-01,-6.054211461810198314e-01,1.000000000000000000e+00
6.300000000000004485e-01,-4.741172470747685996e-01,-6.208193552062405418e-01,1.006180683659252617e+00,-1.505391664123644224e+00,-1.385104474530360230e+00,6.729604746519123049e-02,9.087228902513466711e-01,-3.654318679572182149e-01,2.005151655539189059e-01,-2.181575113127399643e-02,-2.200667909780307241e+00,6.750228107020314283e+00,1.955846979229129090e+00,4.252419549143509059e+00,2.689968841054779070e+00,1.838739449659177350e+00,4.067484884824400737e+00,-4.465561047363036384e-01,-6.074934927021650166e-01,1.000000000000000000e+00
6.320000000000004503e-01,-4.771280304030158792e-01,-6.235895641553013125e-01,1.006315275754182892e+00,-1.493534095960411534e+00,-1.364673052476159665e+00,6.803714682475277276e-02,9.065832578111778783e-01,-3.668822783979068247e-01,2.074063662404247166e-01,-2.206331110633776363e-02,-1.949539642434157782e+00,6.643235610524955703e+00,1.910543033024737714e+00,4.247476023207236828e+00,2.653155399064085262e+00,1.869617905767303911e+00,4.151287092961465142e+00,-4.487027446490315929e-01,-6.095301298391646583e-01,1.000000000000000000e+00
6.340000000000004521e-01,-4.801150985949367289e-01,-6.263189102602536584e-01,1.006451350047832483e+00,-1.481237591308059987e+00,-1.344106339785514415e+00,6.864941644061144099e-02,9.045089812625155545e-01,-3.680973740906727243e-01,2.141674464255993171e-01,-2.236360647426498607e-02,-1.703040395475319935e+00,6.527560832139703173e+00,1.861835733057178199e+00,4.240295773719369166e+00,2.616914246204212535e+00,1.903317672277636152e+00,4.233432752981888036e+00,-4.508323155129669302e-01,-6.115306860223217456e-01,1.000000000000000000e+00
6.360000000000004539e-01,-4.830775737775528378e-01,-6.290071229398246366e-01,1.006588648880713643e+00,-1.468505956126355594e+00,-1.323417953768853961e+00,6.913754803933309934e-02,9.025036427302318698e-01,-3.690840270300397297e-01,2.207897001804114412e-01,-2.271704523469467163e-02,-1.461693259648960463e+00,6.403390737337327998e+00,1.809934934975349741e+00,4.230945005440880813e+00,2.581369609069926074e+00,1.939786467663169756e+00,4.313770531310745504e+00,-4.529445400854955062e-01,-6.134947936877894747e-01,1.000000000000000000e+00
6.380000000000004556e-01,-4.860145856898055450e-01,-6.316539588473623068e-01,1.006726923976792420e+00,-1.455343469931943634e+00,-1.302621216844077612e+00,6.950674235727875849e-02,9.005705686281821887e-01,-3.698495460765243159e-01,2.272647327942605711e-01,-2.312369813967320512e-02,-1.226003653670012294e+00,6.270932525453577711e+00,1.755060897511416140e+00,4.219494302932817575e+00,2.546645424984319561e+00,1.978962959168682145e+00,4.392154444412104120e+00,-4.550391423317630690e-01,-6.154220893487130084e-01,1.000000000000000000e+00
6.400000000000004574e-01,-4.889252726296694496e-01,-6.342592012810505109e-01,1.006865937461506988e+00,-1.441754881558408696e+00,-1.281729123674068660e+00,6.976268534965507362e-02,8.987128233389221066e-01,-3.704016465939806713e-01,2.335844802313592206e-01,-2.358329836339616639e-02,-9.964578978084452920e-01,6.130413057213259798e+00,1.697442747659622775e+00,4.206018417899536566e+00,2.512864867669729385e+00,2.020777031390212031e+00,4.468444218879613850e+00,-4.571158474622524226e-01,-6.173122136660165182e-01,1.000000000000000000e+00
6.420000000000004592e-01,-4.918087823927862479e-01,-6.368226595283986713e-01,1.007005462832206266e+00,-1.427745404747096547e+00,-1.260754309482604141e+00,6.991152305506349862e-02,8.969332041135386069e-01,-3.707484196110037433e-01,2.397412270817201319e-01,-2.409524334626050174e-02,-7.735218925093052533e-01,5.982078219768953709e+00,1.637316918053597137e+00,4.190596049427257164e+00,2.480149863560845880e+00,2.065150103206791155e+00,4.542505620637630415e+00,-4.591743819702449048e-01,-6.191648115188428392e-01,1.000000000000000000e+00
6.440000000000004610e-01,-4.946642732022804578e-01,-6.393441681473638338e-01,1.007145285878316310e+00,-1.413320713522774108e+00,-1.239709019579388061e+00,6.995983523256441017e-02,8.952342371464444559e-01,-3.708983006934976623e-01,2.457276229701109704e-01,-2.465859876307373647e-02,-5.576399070931187252e-01,5.826192232822550388e+00,1.574925571088862553e+00,4.173309617876720168e+00,2.448620602504979704e+00,2.111995490083260929e+00,4.614210751747069850e+00,-4.612144736691654590e-01,-6.209795320746440694e-01,1.000000000000000000e+00
6.460000000000004627e-01,-4.974909146293259865e-01,-6.418235861865225766e-01,1.007285205548781537e+00,-1.398486937302122701e+00,-1.218605080126301310e+00,6.991460788158161688e-02,8.936181747726553715e-01,-3.708600387065077997e-01,2.515366973987691046e-01,-2.527210454860701061e-02,-3.492334824337544052e-01,5.663036899732446727e+00,1.510515024200285161e+00,4.154245033178598057e+00,2.418395046707201512e+00,2.161218808298742911e+00,4.683438313674900932e+00,-4.632358517298060807e-01,-6.227560288589045756e-01,1.000000000000000000e+00
6.480000000000004645e-01,-5.002878885039302448e-01,-6.442607963467751331e-01,1.007425034764544591e+00,-1.383250655678714081e+00,-1.197453870179128188e+00,6.978320474826944786e-02,8.920869937289370721e-01,-3.706426646328546126e-01,2.571618730117812279e-01,-2.593418289819647907e-02,-1.487004503561500934e-01,5.492910807791697714e+00,1.444334190387707606e+00,4.133491458261262963e+00,2.389588441837601884e+00,2.212718417244287750e+00,4.750073836263571714e+00,-4.652382467174145941e-01,-6.244939598244912959e-01,1.000000000000000000e+00
6.500000000000004663e-01,-5.030543898152877169e-01,-6.466557040871333539e-01,1.007564601174041119e+00,-1.367618892825465116e+00,-1.176266295041776155e+00,6.957333791544231816e-02,8.906423944153081251e-01,-3.702554606042360863e-01,2.625969772806824865e-01,-2.664294814694040045e-02,4.358592864559382440e-02,5.316128482092721264e+00,1.376633047595431814e+00,4.111141068313703961e+00,2.362312834224456815e+00,2.266385895582740950e+00,4.814009872018096381e+00,-4.672213906286585838e-01,-6.261929874206179081e-01,1.000000000000000000e+00
6.520000000000004681e-01,-5.057896276009385961e-01,-6.490082366772168543e-01,1.007703747849872045e+00,-1.351599111454561353e+00,-1.155052760973115600e+00,6.929303756698651506e-02,8.892858010897162213e-01,-3.697079292875119494e-01,2.678362526218899808e-01,-2.739621841832678290e-02,2.272777088807184931e-01,5.133019497571417844e+00,1.307661149903578623e+00,4.087288806553663889e+00,2.336676598010056338e+00,2.322106546775992708e+00,4.875146155706865159e+00,-4.691850169284479399e-01,-6.278527786614241935e-01,1.000000000000000000e+00
6.540000000000004698e-01,-5.084928258238476939e-01,-6.513183421991630695e-01,1.007842333925005995e+00,-1.335199206275371919e+00,-1.133823151289819142e+00,6.895062101198337623e-02,8.880183629263060929e-01,-3.690097637551189580e-01,2.728743649669513327e-01,-2.819152892195466234e-02,4.020528847000408579e-01,4.943927553947670361e+00,1.237666192695380918e+00,4.062032137134136356e+00,2.312783976048873757e+00,2.379759929268402630e+00,4.933389729643338661e+00,-4.711288605866200130e-01,-6.294730051941473947e-01,1.000000000000000000e+00
6.560000000000004716e-01,-5.111632242363984835e-01,-6.535859885017426540e-01,1.007980235167029948e+00,-1.318427496892823347e+00,-1.112586803911773892e+00,6.855466104866468624e-02,8.868409558664905878e-01,-3.681708179542204085e-01,2.777064108161533817e-01,-2.902614677044740646e-02,5.676158990775463931e-01,4.749209518351641179e+00,1.166892643040208677e+00,4.035470795781755271e+00,2.290734638181290084e+00,2.439220406463765922e+00,4.988655035364290669e+00,-4.730526581144776643e-01,-6.310533433668999992e-01,1.000000000000000000e+00
6.580000000000004734e-01,-5.138000792301841146e-01,-6.558111621095662480e-01,1.008117344489127376e+00,-1.301292720091907551e+00,-1.091352490399576380e+00,6.811395374389185575e-02,8.857541851920204268e-01,-3.672010778745353754e-01,2.823279228147397846e-01,-2.989708717774123420e-02,7.236980380404613999e-01,4.549234440447620820e+00,1.095580445495088817e+00,4.007706538720466227e+00,2.270623260325453696e+00,2.500357711556729257e+00,5.040863972751768785e+00,-4.749561476011799899e-01,-6.325934742960053203e-01,1.000000000000000000e+00
6.600000000000004752e-01,-5.164026646703678836e-01,-6.579938670903654474e-01,1.008253572396615061e+00,-1.283804021458292421e+00,-1.070128396536144333e+00,6.763748570013759787e-02,8.847583887503230882e-01,-3.661106335000470224e-01,2.867348738987554047e-01,-3.080113089468083584e-02,8.700577142950465248e-01,4.344382544842566141e+00,1.023963812396881723e+00,3.978842890394298948e+00,2.252539127597685376e+00,2.563037522268199364e+00,5.089945927942895132e+00,-4.768390687499748370e-01,-6.340930839329381730e-01,1.000000000000000000e+00
6.620000000000004770e-01,-5.189702727132844418e-01,-6.601341238834377290e-01,1.008388847368015373e+00,-1.265970946290209564e+00,-1.048922104506440967e+00,6.713440087899022468e-02,8.838536407644675963e-01,-3.649096516151856262e-01,2.909236800643333343e-01,-3.173484273325699601e-02,1.006480644143451508e+00,4.135044205497976577e+00,9.522701065127775477e-01,3.948984890466046949e+00,2.236565764403698253e+00,2.627122040591871155e+00,5.135837771639872429e+00,-4.787011629142770563e-01,-6.355518631307933708e-01,1.000000000000000000e+00
6.640000000000004787e-01,-5.215022146058648778e-01,-6.622319680924506624e-01,1.008523116169773415e+00,-1.247803429762707195e+00,-1.027740576730591826e+00,6.661396704799571467e-02,8.830397561631346814e-01,-3.636083495218418449e-01,2.948912018200538498e-01,-3.269459102784726123e-02,1.132779922434930420e+00,3.921618906755583112e+00,8.807188226588317237e-01,3.918238840535092304e+00,2.222780594143777488e+00,2.692470572779552818e+00,5.178483829661555404e+00,-4.805421731335884350e-01,-6.369695077103608716e-01,1.000000000000000000e+00
6.660000000000004805e-01,-5.239978214653903121e-01,-6.642874492459118763e-01,1.008656344103869396e+00,-1.229311786311802379e+00,-1.006590141406197070e+00,6.608554191618491724e-02,8.823162953697682998e-01,-3.622169697098565067e-01,2.986347443868054286e-01,-3.367656788041417659e-02,1.248796000838850562e+00,3.704514195443711078e+00,8.095206736050652996e-01,3.886712050988891498e+00,2.211254630850016945e+00,2.758940104971367990e+00,5.217835827768067425e+00,-4.823618441692415493e-01,-6.383457185256838917e-01,1.000000000000000000e+00
6.680000000000004823e-01,-5.264564450380139204e-01,-6.663006295287242642e-01,1.008788515187701851e+00,-1.210506698212848953e+00,-9.854764798153327066e-01,6.555853902287162027e-02,8.816825694945944480e-01,-3.607457555106510783e-01,3.021520567133996193e-01,-3.467681003670660539e-02,1.354396575165626171e+00,3.484144628356728113e+00,7.388767842810486375e-01,3.854512588379326310e+00,2.202052204728802476e+00,2.826385870109537457e+00,5.253852812939748596e+00,-4.841599225399745854e-01,-6.396802015292116783e-01,1.000000000000000000e+00
6.700000000000004841e-01,-5.288774584344396734e-01,-6.682715824883549427e-01,1.008919632265747657e+00,-1.191399203334378765e+00,-9.644046154505649948e-01,6.504239344420231772e-02,8.811376458782284038e-01,-3.592049277515267924e-01,3.054413293790325112e-01,-3.569122024200731963e-02,1.449476387795621823e+00,3.260930719199444550e+00,6.689779969968497886e-01,3.821749023697742942e+00,2.195230723222080016e+00,2.894661902053758507e+00,5.286501053400362693e+00,-4.859361565573437347e-01,-6.409726678364625618e-01,1.000000000000000000e+00
6.720000000000004858e-01,-5.312602568411084469e-01,-6.702003917192560500e-01,1.009049717052636019e+00,-1.172000682055619913e+00,-9.433789050122607378e-01,6.454652738243363275e-02,8.806803539410748005e-01,-3.576046624170111654e-01,3.085011914556012869e-01,-3.671558892777408017e-02,1.533956951507823296e+00,3.035297888866505645e+00,6.000042891187822303e-01,3.788530181911784922e+00,2.190840468832985888e+00,2.963621573136697940e+00,5.315753919741167621e+00,-4.876902963609343056e-01,-6.422228337901859652e-01,1.000000000000000000e+00
6.740000000000004876e-01,-5.336042582052197281e-01,-6.720871495292806141e-01,1.009178810107400848e+00,-1.152322843342681313e+00,-9.224030313265678682e-01,6.408031570394030763e-02,8.803092912984801233e-01,-3.559550693135474786e-01,3.113307064039064764e-01,-3.774561608451736106e-02,1.607786201134044912e+00,2.807675422688316491e+00,5.321243034038979358e-01,3.754964893122362479e+00,2.188924434589416546e+00,3.033118111751758494e+00,5.341591749530529398e+00,-4.894220939534067449e-01,-6.434304210240758826e-01,1.000000000000000000e+00
6.760000000000004894e-01,-5.359089038919050418e-01,-6.739319555919337512e-01,1.009306970738808706e+00,-1.132377709984905501e+00,-9.014799982297095893e-01,6.365305149344553659e-02,8.800228301075332382e-01,-3.542661717248869468e-01,3.139293670779647050e-01,-3.877693318132557909e-02,1.670938079506589569e+00,2.578495438024360542e+00,4.654949900165452625e-01,3.721161745700591883e+00,2.189518197649163778e+00,3.103005096945737229e+00,5.364001697783690403e+00,-4.911313032353465391e-01,-6.445951565259622207e-01,1.000000000000000000e+00
6.780000000000004912e-01,-5.381736593118748857e-01,-6.757349155883931591e-01,1.009434276841795652e+00,-1.112177602999011583e+00,-8.806121274597181747e-01,6.327391169384243008e-02,8.798191236173671381e-01,-3.525478870377879437e-01,3.162970899110776890e-01,-3.980512499846070723e-02,1.723412064124763665e+00,2.348191865326087147e+00,4.002613581375509266e-01,3.687228841771572618e+00,2.192649831186789910e+00,3.173136927389379913e+00,5.382977575623381306e+00,-4.928176800399176050e-01,-6.457167727004989866e-01,1.000000000000000000e+00
6.800000000000004929e-01,-5.403980145178729488e-01,-6.774961398433125837e-01,1.009560824665183265e+00,-1.091735125214294166e+00,-8.598010575915042697e-01,6.295192290316281580e-02,8.796961129007121460e-01,-3.508100083110858858e-01,3.184342083560290915e-01,-4.082575124627432078e-02,1.765232640846814860e+00,2.117199445528925139e+00,3.365563340430565153e-01,3.653273555423975694e+00,2.198339854349857347e+00,3.243369262510955586e+00,5.398519679383081638e+00,-4.944809821673262773e-01,-6.467950074313378872e-01,1.000000000000000000e+00
6.820000000000004947e-01,-5.425814847683015918e-01,-6.792157419584955447e-01,1.009686728510989617e+00,-1.071063144057250893e+00,-8.390477450452797914e-01,6.269592740267909692e-02,8.796515337501515930e-01,-3.490621867558612590e-01,3.203414656498781987e-01,-4.183436785120654700e-02,1.796448730727605803e+00,1.885952746369577104e+00,2.745007215844426640e-01,3.619402294040025225e+00,2.206601219734316999e+00,3.313559433996372316e+00,5.410634612303267588e+00,-4.961209694190834574e-01,-6.478296041428027729e-01,1.000000000000000000e+00
6.840000000000004965e-01,-5.447236110564160905e-01,-6.808938374485861145e-01,1.009812120365795041e+00,-1.050174773558523844e+00,-8.183524671919124582e-01,6.251454949272307327e-02,8.796829237279495395e-01,-3.473139150902818106e-01,3.220200069713653468e-01,-4.282654779769831666e-02,1.817133075878156978e+00,1.654885199964055253e+00,2.142032601508320755e-01,3.585720263159955401e+00,2.217439337510197284e+00,3.383566826277894179e+00,5.419335100839758113e+00,-4.977374036320533768e-01,-6.488203118609915387e-01,1.000000000000000000e+00
6.860000000000004983e-01,-5.468239606035331102e-01,-6.825305423829699514e-01,1.009937149464780415e+00,-1.029083355608963579e+00,-7.977148275718746184e-01,6.241616221550426447e-02,8.797876293633761779e-01,-3.455745117296979974e-01,3.234713710560215283e-01,-4.379790142334792635e-02,1.827381589930903383e+00,1.424428163726329855e+00,1.557607744461187993e-01,3.552331235315427271e+00,2.230852135030326977e+00,3.453253225043554586e+00,5.424639807455426954e+00,-4.993300487123018550e-01,-6.497668852743597734e-01,1.000000000000000000e+00
6.880000000000005000e-01,-5.488821273147510560e-01,-6.841259720381136500e-01,1.010061981789211361e+00,-1.007802440494921292e+00,-7.771337632371339010e-01,6.240885454695292017e-02,8.799628134960633119e-01,-3.438531057706594174e-01,3.246974813307510477e-01,-4.474409607345432999e-02,1.827312678363633980e+00,1.195010006459281904e+00,9.925840976681923888e-02,3.519337323288415309e+00,2.246830150481813781e+00,3.522483133200299488e+00,5.426573141602851535e+00,-5.008986706687236223e-01,-6.506690847937722788e-01,1.000000000000000000e+00
6.900000000000005018e-01,-5.508977321957408968e-01,-6.856802395645879011e-01,1.010186799498305366e+00,-9.863457667455963751e-01,-7.566075542177203017e-01,6.250039914233586347e-02,8.802054627680392374e-01,-3.421586227266433800e-01,3.257006366260187802e-01,-4.566087503010110571e-02,1.817066533575250276e+00,9.670552212108262102e-01,4.476994592689491348e-02,3.486838758273144379e+00,2.265356658892048181e+00,3.591124054106427987e+00,5.425165070427505398e+00,-5.024430376464572578e-01,-6.515266766119490738e-01,1.000000000000000000e+00
6.920000000000005036e-01,-5.528704237292321189e-01,-6.871934546730233961e-01,1.010311800296590068e+00,-9.647272403274188557e-01,-7.361338351068569263e-01,6.269822072304739868e-02,8.805123952706367385e-01,-3.404997709733426636e-01,3.264835015198797041e-01,-4.654407564003928272e-02,1.796804409226729238e+00,7.409835662597885619e-01,-7.641817459398493606e-03,3.454933673438220332e+00,2.286407828580917734e+00,3.659046742251007345e+00,5.420450930539105094e+00,-5.039629199600705878e-01,-6.523394327624031375e-01,1.000000000000000000e+00
6.940000000000005054e-01,-5.547998782098869652e-01,-6.886657223432370856e-01,1.010437196738036114e+00,-9.429609132220917456e-01,-7.157096087505503412e-01,6.300936519451681705e-02,8.808802683554662893e-01,-3.388850288622897167e-01,3.270490963640304560e-01,-4.738964657473131864e-02,1.766707877969427187e+00,5.172092353795900710e-01,-5.792461195702054699e-02,3.423717893403107393e+00,2.309952905960028779e+00,3.726125421897092060e+00,5.412471242010685302e+00,-5.054580901265212090e-01,-6.531071311777399968e-01,1.000000000000000000e+00
6.960000000000005071e-01,-5.566858000363311687e-01,-6.900971415607382031e-01,1.010563215468425202e+00,-9.210609614261078271e-01,-6.953312620194626037e-01,6.344046958754684384e-02,8.813055866210015576e-01,-3.373226324632693229e-01,3.274007870378758955e-01,-4.819366416493139210e-02,1.726978076288066433e+00,2.961400583237150941e-01,-1.060361954032376791e-01,3.393284730156087114e+00,2.335954426417291785e+00,3.792237974515802801e+00,5.401271525576036403e+00,-5.069283228978925804e-01,-6.538295557474337327e-01,1.000000000000000000e+00
6.980000000000005089e-01,-5.585279219591834377e-01,-6.914878040847771690e-01,1.010690096407600214e+00,-8.990416624103593213e-01,-6.749945836327958526e-01,6.399773291757293592e-02,8.817847100881001099e-01,-3.358205638983242092e-01,3.275422744723806012e-01,-4.895234776102637408e-02,1.677834939794264235e+00,7.817673228554095077e-02,-1.519437991001251209e-01,3.363724785949304241e+00,2.364368448893322761e+00,3.857266096120865129e+00,5.386902123813166021e+00,-5.083733952938834788e-01,-6.545064963749646081e-01,1.000000000000000000e+00
7.000000000000005107e-01,-5.603260052840041139e-01,-6.928377932520427551e-01,1.010818091873435298e+00,-8.769173720789462667e-01,-6.546947839958633386e-01,6.468688805826848520e-02,8.823138625789261891e-01,-3.343865402330630232e-01,3.274775839812429368e-01,-4.966207407897614556e-02,1.619516431924484356e+00,-1.362879150933557493e-01,-1.956235351356756247e-01,3.335125763709363422e+00,2.395144811653243444e+00,3.921095425864201012e+00,5.369418026922142317e+00,-5.097930866340609768e-01,-6.551377490343659460e-01,1.000000000000000000e+00
7.020000000000005125e-01,-5.620798400281620255e-01,-6.941471828200345140e-01,1.010947465649551846e+00,-8.547025012665478982e-01,-6.344265170050492619e-01,6.551317472757650640e-02,8.828891403142949956e-01,-3.330280028943461423e-01,3.272110544327551107e-01,-5.031939050001661695e-02,1.552277768629051646e+00,-3.468696307578098548e-01,-2.370597718206590987e-01,3.307572285498866282e+00,2.428227406683503897e+00,3.983615647471964838e+00,5.348878703532966128e+00,-5.111871785698732795e-01,-6.557231158261771498e-01,1.000000000000000000e+00
7.040000000000005143e-01,-5.637892450306951631e-01,-6.954160358540446563e-01,1.011078491999007012e+00,-8.324114918138176833e-01,-6.141839037660005163e-01,6.648131368560024346e-02,8.835065207444380286e-01,-3.317521075871519010e-01,3.267473272916323057e-01,-5.092102730027487506e-02,1.476390641290550976e+00,-5.531934090611513311e-01,-2.762444851079525199e-01,3.281145719554370732e+00,2.463554470098234805e+00,4.044720565287613034e+00,5.325347936822019790e+00,-5.125554551164112072e-01,-6.562624050327566794e-01,1.000000000000000000e+00
7.060000000000005160e-01,-5.654540680143228526e-01,-6.966444036615766500e-01,1.011211454626378181e+00,-8.100587922602854318e-01,-5.939605581631884901e-01,6.759548224478729994e-02,8.841618716276157253e-01,-3.305657146874090291e-01,3.260913355561467775e-01,-5.146390879405466495e-02,1.392142439784007202e+00,-7.548941322602477078e-01,-3.131765936688955532e-01,3.255924016409545096e+00,2.501058885920826036e+00,4.104308156842041200e+00,5.298893666065514374e+00,-5.138977026839113282e-01,-6.567554311729716376e-01,1.000000000000000000e+00
7.080000000000005178e-01,-5.670741855988433722e-01,-6.978323247779030236e-01,1.011346645590867732e+00,-7.876588331942719901e-01,-5.737496142114412168e-01,6.885929119346768934e-02,8.848509603699126203e-01,-3.294753800917294972e-01,3.252482926121164075e-01,-5.194516338175102221e-02,1.299835477289985386e+00,-9.516171786981583169e-01,-3.478612850446153315e-01,3.231981554588936767e+00,2.540668500614711611e+00,4.162280603994449102e+00,5.269587833622121131e+00,-5.152137101090125126e-01,-6.572020150562539742e-01,1.000000000000000000e+00
7.100000000000005196e-01,-5.686495032652318926e-01,-6.989798240063258561e-01,1.011484364173254713e+00,-7.652260022994145094e-01,-5.535437551127000422e-01,7.027576323401750480e-02,8.855694636380104789e-01,-3.284873465092066902e-01,3.242236810217077325e-01,-5.236213250012446835e-02,1.199786218196976728e+00,-1.143018998807400655e+00,-3.803093399772136118e-01,3.209388996326752341e+00,2.582306445768634884e+00,4.218544304776931320e+00,5.237506237218551242e+00,-5.165032686857399247e-01,-6.576019838360152026e-01,1.000000000000000000e+00
7.120000000000005214e-01,-5.701799552698306739e-01,-7.000869115165512246e-01,1.011624915699722793e+00,-7.427746191376292106e-01,-5.333352439341060292e-01,7.184731303668208391e-02,8.863129772547362339e-01,-3.276075351846585715e-01,3.230232412616244608e-01,-5.271237847898947032e-02,1.092324510181689412e+00,-1.328767659174473481e+00,-4.105364616630262087e-01,3.188213153728195692e+00,2.625891466397241913e+00,4.273009868138802680e+00,5.202728387302750335e+00,-5.177661721962265595e-01,-6.579551710623807725e-01,1.000000000000000000e+00
7.140000000000005231e-01,-5.716655045081059372e-01,-7.011535820044194622e-01,1.011768610325796125e+00,-7.203189097087621118e-01,-5.131159558165853118e-01,7.357572900936582005e-02,8.870770263848392068e-01,-3.268415380468361331e-01,3.216529604220996208e-01,-5.299369131424268992e-02,9.777928213354399878e-01,-1.508543355004125619e+00,-4.385626162656979798e-01,3.168516865747186273e+00,2.671338252393195667e+00,4.325592093818183770e+00,5.165337369137952273e+00,-5.190022169411743214e-01,-6.582614167343028289e-01,1.000000000000000000e+00
7.160000000000005249e-01,-5.731061423275234379e-01,-7.021798139160526642e-01,1.011915761783814816e+00,-6.978729808278431035e-01,-4.928774116163826546e-01,7.546215688244434228e-02,8.878570760157583619e-01,-3.261946102790997948e-01,3.201190608751826594e-01,-5.320409437256748419e-02,8.565454830110488249e-01,-1.682038891410384318e+00,-4.644113905875817960e-01,3.150358886305065109e+00,2.718557770762185744e+00,4.376209939574954966e+00,5.125419709233154819e+00,-5.202112017700196711e-01,-6.585205673509542112e-01,1.000000000000000000e+00
7.180000000000005267e-01,-5.745018882891791412e-01,-7.031655687392854848e-01,1.012066686097579771e+00,-6.754507943618087706e-01,-4.726108128754957227e-01,7.750708520583597660e-02,8.886485417351882576e-01,-3.256716633138402872e-01,3.184279889181371725e-01,-5.334184904810494732e-02,7.289479388964295037e-01,-1.848960134041003567e+00,-4.881093723307743382e-01,3.133793783820697954e+00,2.767457596384233831e+00,4.424786478000203083e+00,5.083065245640575824e+00,-5.213929281108425906e-01,-6.587324759624711978e-01,1.000000000000000000e+00
7.200000000000005285e-01,-5.758527898779027820e-01,-7.041107903650364319e-01,1.012221700267991409e+00,-6.530661413688115813e-01,-4.523070780106953626e-01,7.971033285314668704e-02,8.894468008040581353e-01,-3.252772582554224745e-01,3.165864033953244006e-01,-5.340545839588124732e-02,5.953760006768461510e-01,-2.009026429613431475e+00,-5.096855578907097950e-01,3.118871852363763075e+00,2.817942239172094077e+00,4.471248845075723288e+00,5.038367001601538497e+00,-5.225471999999722339e-01,-6.588970022200073551e-01,1.000000000000000000e+00
7.220000000000005302e-01,-5.771589221606403530e-01,-7.050154045210578202e-01,1.012381120933697698e+00,-6.307326161848203494e-01,-4.319568796047914550e-01,8.207103862463084598e-02,8.902472035201944855e-01,-3.250155997396277363e-01,3.146011642997624813e-01,-5.339366977083634391e-02,4.562151105256421202e-01,-2.161970997003672679e+00,-5.291707921213023580e-01,3.105639034581344937e+00,2.869913465638070704e+00,4.515528182595292428e+00,4.991421061980978457e+00,-5.236738241113244596e-01,-6.590140124250649656e-01,1.000000000000000000e+00
7.240000000000005320e-01,-5.784203873930100492e-01,-7.058793182802673982e-01,1.012545263010947050e+00,-6.084635905041291259e-01,-4.115506826780279681e-01,8.458765303695210680e-02,8.910450848644437816e-01,-3.248905302404114792e-01,3.124793213535963510e-01,-5.330547650491719580e-02,3.118596105610088598e-01,-2.307541289585228750e+00,-5.465972439972988095e-01,3.094136856483547859e+00,2.923270613031951903e+00,4.557559576477990149e+00,4.942326451905376672e+00,-5.247726097854269467e-01,-6.590833795781337878e-01,1.000000000000000000e+00
7.260000000000005338e-01,-5.796373145740183475e-01,-7.067024196456234142e-01,1.012714438317021015e+00,-5.862721875026297713e-01,-3.910787838119806348e-01,8.725793238324860979e-02,8.918357764174801305e-01,-3.249055248372599292e-01,3.102281025649997193e-01,-5.314011865789429467e-02,1.627120193215117472e-01,-2.445499329563584290e+00,-5.619979215815729123e-01,3.084402374108464517e+00,2.977910894374336870e+00,4.597281992908211379e+00,4.891185017001041579e+00,-5.258433690581707509e-01,-6.591049834266252683e-01,1.000000000000000000e+00
7.280000000000005356e-01,-5.808098589490235941e-01,-7.074845772132474231e-01,1.012888954181787593e+00,-5.641712560552526456e-01,-3.705313509931124627e-01,9.007893514175975558e-02,8.926146185319308035e-01,-3.250636864584975916e-01,3.078549027575441244e-01,-5.289708288034464245e-02,9.182315243367294988e-03,-2.575622015092656536e+00,-5.754062291872306112e-01,3.076468132020763413e+00,3.033729692877002559e+00,4.634638214124737310e+00,4.838101304619381260e+00,-5.268859166892349011e-01,-6.590787105120462508e-01,1.000000000000000000e+00
7.300000000000005373e-01,-5.819382014611340637e-01,-7.082256399152336845e-01,1.013069112052071175e+00,-5.421733451018039274e-01,-3.498984640382335476e-01,9.304702080523924446e-02,8.933769727408695793e-01,-3.253677416175457804e-01,3.053672720667995888e-01,-5.257610142963158040e-02,-1.483127729348587276e-01,-2.697701400993446796e+00,-5.868555691110163286e-01,3.070362133533059534e+00,3.090620844416613444e+00,4.669574775559565794e+00,4.783182445437332397e+00,-5.279000701902341053e-01,-6.590044542164831265e-01,1.000000000000000000e+00
7.320000000000005391e-01,-5.830225481513376939e-01,-7.089254368433101083e-01,1.013255206093681693e+00,-5.202906782184892887e-01,-3.291701554595484192e-01,9.615785119652391078e-02,8.941182343801949983e-01,-3.258200366603650200e-01,3.027729043978750756e-01,-5.217715038171624048e-02,-3.093504689617020964e-01,-2.811544953921596424e+00,-5.963789898089147945e-01,3.066107822475799161e+00,3.148476906905418371e+00,4.702041905894318141e+00,4.726538034824632639e+00,-5.288856498525326133e-01,-6.588821148082961709e-01,1.000000000000000000e+00
7.340000000000005409e-01,-5.840631295077747254e-01,-7.095837771542291561e-01,1.013447521796074779e+00,-4.985351284556742701e-01,-3.083364516227997676e-01,9.940639432792974794e-02,8.948338453989704844e-01,-3.264225345431233105e-01,3.000796258367511848e-01,-5.170044708327149741e-02,-4.735026452173854983e-01,-2.916975782849694721e+00,-6.040088818904046919e-01,3.063724076280336384e+00,3.207189415581594538e+00,4.731993471460135936e+00,4.668280013379837001e+00,-5.298424787747573195e-01,-6.587115994871045599e-01,1.000000000000000000e+00
7.360000000000005427e-01,-5.850601997646860397e-01,-7.102004500574747858e-01,1.013646334584730635e+00,-4.769181935058096067e-01,-2.873874140482590711e-01,1.027869308536045606e-01,8.955193073284627436e-01,-3.271768121595204359e-01,2.972953830075873993e-01,-5.114644688984915089e-02,-6.403365124085650395e-01,-3.013832845741904354e+00,-6.097767228272841233e-01,3.063225210083063033e+00,3.266649123423746026e+00,4.759386926262584971e+00,4.608522546053674951e+00,-5.307703828900004472e-01,-6.584928224279859021e-01,1.000000000000000000e+00
7.380000000000005445e-01,-5.860140361516976704e-01,-7.107752248855713217e-01,1.013851908446437911e+00,-4.554509712689078227e-01,-2.663131807010409302e-01,1.062930631545590254e-01,8.961701943774431633e-01,-3.280840582371878922e-01,2.944282313677074048e-01,-5.051583923679103111e-02,-8.094153030385131675e-01,-3.101971133302344530e+00,-6.137128708083124939e-01,3.064620991505381475e+00,3.326746226072285761e+00,4.784183268759917951e+00,4.547381899292238572e+00,-5.316691909926718473e-01,-6.582257048248978393e-01,1.000000000000000000e+00
7.400000000000005462e-01,-5.869249380942355154e-01,-7.113078512469733772e-01,1.014064494572747055e+00,-4.341441358863986633e-01,-2.451040071144647281e-01,1.099177270858481825e-01,8.967821666183030116e-01,-3.291450718221795024e-01,2.914863234316520946e-01,-4.980954309018564147e-02,-9.802989489063691497e-01,-3.181261830674926294e+00,-6.158464077245884294e-01,3.067916665716739821e+00,3.387370570818601045e+00,4.806347006369589892e+00,4.484976315656565404e+00,-5.325387347650614167e-01,-6.579101749333622351e-01,1.000000000000000000e+00
7.420000000000005480e-01,-5.877932263660082812e-01,-7.117980592612023205e-01,1.014284330026918646e+00,-4.130079143175539591e-01,-2.237503071880249661e-01,1.136532064042890255e-01,8.973509832257234864e-01,-3.303602613697952939e-01,2.884778969155473716e-01,-4.902870182546772981e-02,-1.152544752916928150e+00,-3.251592457960135629e+00,-6.162050308432900358e-01,3.073112990346250406e+00,3.448411849397090556e+00,4.825846128522798928e+00,4.421425885391552235e+00,-5.333788488035416941e-01,-6.575461681123143665e-01,1.000000000000000000e+00
7.440000000000005498e-01,-5.886192421946433440e-01,-7.122455598755783601e-01,1.014511636439727305e+00,-3.920520635358642481e-01,-2.022426935000102288e-01,1.174911498832169054e-01,8.978725157270465163e-01,-3.317296444588652138e-01,2.854112627930473489e-01,-4.817467758125124067e-02,-1.325708055510771644e+00,-3.312866990393974920e+00,-6.148149923211645440e-01,3.080206279772762290e+00,3.509759774485131434e+00,4.842652088930542220e+00,4.356852414442795585e+00,-5.341893706444531542e-01,-6.571336268651793988e-01,1.000000000000000000e+00
7.460000000000005516e-01,-5.894033463217150937e-01,-7.126500452625783577e-01,1.014746618739493789e+00,-3.712858484256961189e-01,-1.805720169740017700e-01,1.214225911081390358e-01,8.983427612211317692e-01,-3.332528481451882407e-01,2.822947932542829719e-01,-4.724904513568846387e-02,-1.499342896054166818e+00,-3.365005959005221037e+00,-6.117010853242373924e-01,3.089188458294394035e+00,3.571304239980563455e+00,4.856739797569561645e+00,4.291379288439161499e+00,-5.349701407896300109e-01,-6.566725008801511665e-01,1.000000000000000000e+00
7.480000000000005533e-01,-5.901459180185665288e-01,-7.130111892965264042e-01,1.014989463921710078e+00,-3.507180204621679898e-01,-1.587294057384428525e-01,1.254379709337999360e-01,8.987578555203773467e-01,-3.349291099681060979e-01,2.791369095595621075e-01,-4.625358535207215599e-02,-1.673002669559468192e+00,-3.407946532529415151e+00,-6.068866751576061924e-01,3.100047121656670512e+00,3.632935465284790943e+00,4.868087622743069609e+00,4.225131332181945254e+00,-5.357210027316144929e-01,-6.561627470696448361e-01,1.000000000000000000e+00
7.500000000000005551e-01,-5.908473540594908480e-01,-7.133286481080033381e-01,1.015240339863577645e+00,-3.303567972593699498e-01,-1.367063030192586515e-01,1.295271625692063777e-01,8.991140861687281216e-01,-3.367572796222216835e-01,2.759460697800301676e-01,-4.519027823955457102e-02,-1.846240779140001065e+00,-3.441642581311326943e+00,-6.003937734692513795e-01,3.112765606403625540e+00,3.694544123972204552e+00,4.876677403421510348e+00,4.158234664203740216e+00,-5.364418029784888686e-01,-6.556043296089265615e-01,1.000000000000000000e+00
7.520000000000005569e-01,-5.915080676540095395e-01,-7.136020607140418637e-01,1.015499394188716042e+00,-3.102098430737481038e-01,-1.144945039071946363e-01,1.336794992426403317e-01,8.994079052869183855e-01,-3.387358213040890798e-01,2.727307564181044031e-01,-4.406129567376124156e-02,-2.018611284638031744e+00,-3.466064723871947084e+00,-5.922431532747335359e-01,3.127323066508167049e+00,3.756021457369517424e+00,4.882494471918749745e+00,4.090816545979987673e+00,-5.371323910783694089e-01,-6.549972199739281242e-01,1.000000000000000000e+00
7.540000000000005587e-01,-5.921284873401569948e-01,-7.138310497218562922e-01,1.015766753187201221e+00,-2.902842503505845273e-01,-9.208619084416594380e-02,1.378838043837380400e-01,8.996359421948979529e-01,-3.408628167413372267e-01,2.694994639012426862e-01,-4.286899382073933867e-02,-2.189669547900339630e+00,-3.481200356751428249e+00,-5.824545022557612306e-01,3.143694556737449020e+00,3.817259373706513692e+00,4.885527686817597193e+00,4.023005225400060780e+00,-5.377926196435548478e-01,-6.543413969781819439e-01,1.000000000000000000e+00
7.560000000000005604e-01,-5.927090558408582011e-01,-7.140152221035446223e-01,1.016042520795968684e+00,-2.705865224019730619e-01,-6.947396767653812866e-02,1.421284242444243728e-01,8.997950157603722410e-01,-3.431359689091833531e-01,2.662606859434938911e-01,-4.161590530611503080e-02,-2.358972875211890141e+00,-3.487053668165783105e+00,-5.710466115147233568e-01,3.161851122214452303e+00,3.878150533626364194e+00,4.885769475916793780e+00,3.954929774124089636e+00,-5.384223443742908177e-01,-6.536368468089661654e-01,1.000000000000000000e+00
7.580000000000005622e-01,-5.932502288856621453e-01,-7.141541700388976954e-01,1.016326777644457557e+00,-2.511225573044457149e-01,-4.665089212791586476e-02,1.464012628650087633e-01,8.998821464216597565e-01,-3.455526064366757910e-01,2.630229027703032130e-01,-4.030473116955473473e-02,-2.526081157433379687e+00,-3.483645635932935747e+00,-5.580375967196559150e-01,3.181759893649234172e+00,3.938588422963630542e+00,4.883215888837847629e+00,3.886719918476926772e+00,-5.390214240821953329e-01,-6.528835630625625663e-01,1.000000000000000000e+00
7.600000000000005640e-01,-5.937524740002710910e-01,-7.142474718231535125e-01,1.016619580170187609e+00,-2.318976331033976990e-01,-2.361050654974728227e-02,1.506898192761943478e-01,8.998945678326351061e-01,-3.481096887023266695e-01,2.597945682032141157e-01,-3.893833264264713601e-02,-2.690557508421445476e+00,-3.471014010033060870e+00,-5.434451483494550095e-01,3.203384187730821342e+00,3.998467413806866766e+00,4.877866658798001076e+00,3.818505863552587254e+00,-5.395897207132772655e-01,-6.520815467786015285e-01,1.000000000000000000e+00
7.620000000000005658e-01,-5.942162692664778589e-01,-7.142946928362530201e-01,1.016920959808740088e+00,-2.129163944096435501e-01,-3.468668148673866025e-04,1.549812268122862102e-01,8.998297380773780940e-01,-3.508038116160768771e-01,2.565840966024176550e-01,-3.751972278616189094e-02,-2.851968902339785839e+00,-3.449213280069530985e+00,-5.272868075475000138e-01,3.226683612193921746e+00,4.057682814963801121e+00,4.869725272931392013e+00,3.750418110228952884e+00,-5.401270993706286383e-01,-6.512308064736415103e-01,1.000000000000000000e+00
7.640000000000005675e-01,-5.946421020552971060e-01,-7.142953865698827842e-01,1.017230922262364556e+00,-1.941828404707766631e-01,2.314543077298327270e-02,1.592622943956600590e-01,8.996853504022889192e-01,-3.536312140818205219e-01,2.533998496665458844e-01,-3.605205802031424822e-02,-3.009886810493538345e+00,-3.418314627790915772e+00,-5.095802639133270029e-01,3.251614175102091497e+00,4.116130913037339134e+00,4.858799050419654542e+00,3.682587264822289708e+00,-5.406334283366952542e-01,-6.503313581737532045e-01,1.000000000000000000e+00
7.660000000000005693e-01,-5.950304677362386885e-01,-7.142490957083368341e-01,1.017549446851155892e+00,-1.757003147964927292e-01,4.687122467161741746e-02,1.635195496377275237e-01,8.994593434138685728e-01,-3.565877851320387038e-01,2.502501230907009933e-01,-3.453862957919116849e-02,-3.163887838336210123e+00,-3.378405864721866880e+00,-4.903436714063230117e-01,3.278128397920072157e+00,4.173709005400564109e+00,4.845099227577643219e+00,3.615143841140997072e+00,-5.411085790951906116e-01,-6.493832254462627018e-01,1.000000000000000000e+00
7.680000000000005711e-01,-5.953818683658316235e-01,-7.141553532589935971e-01,1.017876485950431453e+00,-1.574714964126559535e-01,7.083476550270634275e-02,1.677392835873814936e-01,8.991499106910670891e-01,-3.596690717234725110e-01,2.471431330854389485e-01,-3.298285491789265667e-02,-3.313554363306396855e+00,-3.329591354832355687e+00,-4.695959784028685968e-01,3.306175431982373514e+00,4.230315426429251069e+00,4.828641048930626845e+00,3.548218054734580740e+00,-5.415524263526126925e-01,-6.483864394306255718e-01,1.000000000000000000e+00
7.700000000000005729e-01,-5.956968113586569302e-01,-7.140136837279882354e-01,1.018211964517606205e+00,-1.394983928136476203e-01,9.503969576068024838e-02,1.719075969443976948e-01,8.987555097621077183e-01,-3.628702871802484409e-01,2.440870027612992987e-01,-3.138826909823369538e-02,-3.458475174148613718e+00,-3.271991922051752155e+00,-4.473572678391883328e-01,3.335701178001641232e+00,4.285849568410345256e+00,4.809443863215988380e+00,3.481939609176770034e+00,-5.419648480593737272e-01,-6.473410388683067396e-01,1.000000000000000000e+00
7.720000000000005747e-01,-5.959758081442841915e-01,-7.138236043364668548e-01,1.018555779711495024e+00,-1.217823346764701359e-01,1.194890319128507905e-01,1.760104475426575443e-01,8.982748703969564152e-01,-3.661863202684633722e-01,2.410897483854777812e-01,-2.975851617605841659e-02,-3.598246112356672022e+00,-3.205744742307478745e+00,-4.236491032862227391e-01,3.366648408297630901e+00,4.340211898592452044e+00,4.787531223142616810e+00,3.416437474264326646e+00,-5.423457254305271702e-01,-6.462470701318158151e-01,1.000000000000000000e+00
7.740000000000005764e-01,-5.962193728136371274e-01,-7.135846262726411871e-01,1.018907800606580372e+00,-1.043239723932096880e-01,1.441851489623475480e-01,1.800336988965308416e-01,8.977070021681445855e-01,-3.696117448839767450e-01,2.381592655193795482e-01,-2.809734061036274835e-02,-3.732470716347612072e+00,-3.131003219639139079e+00,-3.984948767409217107e-01,3.398956891466165864e+00,4.393303973883568858e+00,4.762930987651300185e+00,3.351839656069850459e+00,-5.426949429661043212e-01,-6.451045872527797487e-01,1.000000000000000000e+00
7.760000000000005782e-01,-5.964280207584234939e-01,-7.132962559747164644e-01,1.019267868004373412e+00,-8.712327447085406462e-02,1.691297675315704963e-01,1.839631695934489941e-01,8.970512012344580288e-01,-3.731408303330611687e-01,2.353033150480596525e-01,-2.640857871152859151e-02,-3.860760868927165301e+00,-3.047936845809264828e+00,-3.719201538804767782e-01,3.432563519244638872e+00,4.445028454726350553e+00,4.735675425331636212e+00,3.288272958843136973e+00,-5.430123884710457149e-01,-6.439136519490935573e-01,1.000000000000000000e+00
7.780000000000005800e-01,-5.966022673073652083e-01,-7.129579964396532965e-01,1.019635794343560331e+00,-7.017952783917047466e-02,1.943239435092341538e-01,1.877846833067790544e-01,8.963070563040462790e-01,-3.767675521836366670e-01,2.325295091149445215e-01,-2.469615014306596537e-02,-3.982737448542731595e+00,-2.956731042702958501e+00,-3.439530125130080274e-01,3.467402435367453517e+00,4.495289119697345015e+00,4.705801317574045406e+00,3.225862738825598708e+00,-5.432979530747072960e-01,-6.426743336510906124e-01,1.000000000000000000e+00
7.800000000000005818e-01,-5.967426263630435379e-01,-7.125693485526348736e-01,1.020011363710173979e+00,-5.349134009846538695e-02,2.197680602888066326e-01,1.914841191956914435e-01,8.954744537358125811e-01,-3.804856036630850924e-01,2.298452969777311783e-01,-2.296404948836613946e-02,-4.098030984735200555e+00,-2.857586986682245644e+00,-3.146243699703626384e-01,3.503405166238729773e+00,4.543990882378208696e+00,4.673350059961329350e+00,3.164732650113411871e+00,-5.435515312499730189e-01,-6.413867095268241947e-01,1.000000000000000000e+00
7.820000000000005835e-01,-5.968496090432404699e-01,-7.121298124320573075e-01,1.020394331948565325e+00,-3.705664372964821707e-02,2.454618236103790208e-01,1.950474624529446865e-01,8.945535817404809409e-01,-3.842884075771081931e-01,2.272579508039646867e-01,-2.121633789111367074e-02,-4.206282318095801109e+00,-2.750721413938849835e+00,-2.839682952268833271e-01,3.540500753281904611e+00,4.591039812039796608e+00,4.638367760343339086e+00,3.105004382790204076e+00,-5.437730208319514480e-01,-6.400508645063163193e-01,1.000000000000000000e+00
7.840000000000005853e-01,-5.969237223306997908e-01,-7.116388887848364986e-01,1.020784426873471151e+00,-2.087270227921989366e-02,2.714042590018521661e-01,1.984608547574702453e-01,8.935449336454913682e-01,-3.881691287227606035e-01,2.247745514274832879e-01,-1.945713477521472667e-02,-4.307143264907141500e+00,-2.636366405773338251e+00,-2.520223015929516919e-01,3.578615886853720340e+00,4.636343159656465041e+00,4.600905331979318724e+00,3.046797393639095741e+00,-5.439623230362307105e-01,-6.386668913048870744e-01,1.000000000000000000e+00
7.860000000000005871e-01,-5.969654677352582706e-01,-7.110960802668327974e-01,1.021181348582986148e+00,-4.936118521706805984e-03,2.975937117989660985e-01,2.017106443864309373e-01,8.924493101908719250e-01,-3.921206867676696461e-01,2.224019740896901465e-01,-1.769060964740024403e-02,-4.400277286498605278e+00,-2.514769152620779380e+00,-2.188276159242166785e-01,3.617675041635049826e+00,4.679809390735600871e+00,4.561018580088903818e+00,2.990228629839925656e+00,-5.441193424767276632e-01,-6.372348904454702145e-01,1.000000000000000000e+00
7.880000000000005889e-01,-5.969753399723016773e-01,-7.105008928432348103e-01,1.021584769871759057e+00,1.075715540822029873e-02,3.240278497072747732e-01,2.047834357411039419e-01,8.912678208264154245e-01,-3.961357695665285727e-01,2.201468741924278716e-01,-1.592097398307959488e-02,-4.485360163174595627e+00,-2.386191695545859304e+00,-1.844294204080752786e-01,3.657600613431193803e+00,4.721348226398880854e+00,4.518768280113746982e+00,2.935412246165560290e+00,-5.442439871830903053e-01,-6.357549702799534241e-01,1.000000000000000000e+00
7.900000000000005906e-01,-5.969538256614852489e-01,-7.098528371438203033e-01,1.021994336743241361e+00,2.621180593203760456e-02,3.507036678528475115e-01,2.076661380425432191e-01,8.900018839838972351e-01,-4.002068468852327254e-01,2.180156730920934094e-01,-1.415247319358051842e-02,-4.562080672380256274e+00,-2.250910643845231096e+00,-1.488770631382110299e-01,3.698313057329930764e+00,4.760870694091786426e+00,4.474220245966502141e+00,2.882459316298764840e+00,-5.443361686176879655e-01,-6.342272470095238202e-01,1.000000000000000000e+00
7.920000000000005924e-01,-5.969014020496211659e-01,-7.091514298081146306e-01,1.022409669019326506e+00,4.143314402043584560e-02,3.776174962524438405e-01,2.103460129565311865e-01,8.886532263016463373e-01,-4.043261845024919698e-01,2.160145439675009438e-01,-1.238937867063706275e-02,-4.630141270553653321e+00,-2.109216867324280820e+00,-1.122242338670363798e-01,3.739731027176982803e+00,4.798289189224286488e+00,4.427445386529860194e+00,2.831477539010927025e+00,-5.443958016921344178e-01,-6.326518447039921611e-01,1.000000000000000000e+00
7.940000000000005942e-01,-5.968185357615802822e-01,-7.083961948156097810e-01,1.022830361045239611e+00,5.642708930160135472e-02,4.047650096183159629e-01,2.128107209128146105e-01,8.872238807825632012e-01,-4.084858586584045326e-01,2.141493977968655371e-01,-1.063597990190348966e-02,-4.689258777876955442e+00,-1.961415161761270509e+00,-7.452910153506681068e-02,3.781771516334278882e+00,4.833517548956846710e+00,4.378519748664521316e+00,2.782570940063564979e+00,-5.444228047833873374e-01,-6.310288953201040885e-01,1.000000000000000000e+00
7.960000000000005960e-01,-5.967056815829770988e-01,-7.075866647963731104e-01,1.023255982487065285e+00,7.120015233290506729e-02,4.321412393978366628e-01,2.150483658910155582e-01,8.857161838706111290e-01,-4.126777708192860827e-01,2.124258694821042903e-01,-8.896576649399485365e-03,-4.739165064883573919e+00,-1.807823886036027394e+00,-3.585441041609770119e-02,3.824349999688434920e+00,4.866471139245515332e+00,4.327524544998397005e+00,2.735839570819689204e+00,-5.444170997493973374e-01,-6.293585387188517233e-01,1.000000000000000000e+00
7.980000000000005977e-01,-5.965632812783112637e-01,-7.067223823175774466e-01,1.023686079218847356e+00,8.575941509350752667e-02,4.597405879339853119e-01,2.170475384548427866e-01,8.841327714349220823e-01,-4.168936627280132035e-01,2.108493041614167007e-01,-7.175471181151309337e-03,-4.779607739605202354e+00,-1.648774569384874544e+00,3.732468012066558760e-03,3.867380576873404863e+00,4.897066956143261152e+00,4.274546164793013858e+00,2.691379204678009174e+00,-5.443786119443024818e-01,-6.276409226817147857e-01,1.000000000000000000e+00
8.000000000000005995e-01,-5.963917624481241964e-01,-7.058029011417095155e-01,1.024120174295757080e+00,1.001125097641525769e-01,4.875568446195336914e-01,2.187973568272306990e-01,8.824765736549232686e-01,-4.211251317092374324e-01,2.094247437537735956e-01,-5.476960544902583460e-03,-4.810350833655019365e+00,-1.484611487250070638e+00,4.415953005967106909e-02,3.910776116664350432e+00,4.925223742226430446e+00,4.219676166226228986e+00,2.649281032570609096e+00,-5.443072702331674950e-01,-6.258762029258868598e-01,1.000000000000000000e+00
8.020000000000006013e-01,-5.961915374285958746e-01,-7.048277874524704334e-01,1.024557769009411645e+00,1.142675958685246268e-01,5.155832039056984506e-01,2.202875058116816886e-01,8.807508088042904637e-01,-4.253636461990308870e-01,2.081569137814844594e-01,-3.805328871642936830e-03,-4.831175485343521814e+00,-1.315691204222293242e+00,8.535018393529707204e-02,3.954448402488460967e+00,4.950862118870843709e+00,4.163011248485157800e+00,2.609631358889111574e+00,-5.442030070062576774e-01,-6.240645431184373981e-01,1.000000000000000000e+00
8.040000000000006031e-01,-5.959630022368588298e-01,-7.037966210446590098e-01,1.024998344021035068e+00,1.282333358578993665e-01,5.438122850152404819e-01,2.215082733792699543e-01,8.789589759360917354e-01,-4.296005614688372387e-01,2.070502105194000075e-01,-2.164839695856963630e-03,-4.841880617615424320e+00,-1.142382082630037043e+00,1.272233448664389088e-01,3.998308278984517017e+00,4.973904734947051764e+00,4.104653202140244872e+00,2.572511299327434386e+00,-5.440657581928517450e-01,-6.222061148894025839e-01,1.000000000000000000e+00
8.060000000000006048e-01,-5.957065355651430805e-01,-7.027089964746284778e-01,1.025441360567793669e+00,1.420188692273353925e-01,5.722361532006063900e-01,2.224505847563136574e-01,8.771048464761445063e-01,-4.338271355139771690e-01,2.061086885214941933e-01,-5.597282788400712635e-04,-4.842283608283222129e+00,-9.650637554113252747e-01,1.696935827293724608e-01,4.042265799525890380e+00,4.994276432333886184e+00,4.044708836361221138e+00,2.537996482243433327e+00,-5.438954632745969242e-01,-6.203010978438495693e-01,1.000000000000000000e+00
8.080000000000006066e-01,-5.954224978266884349e-01,-7.015645241682272326e-01,1.025886261737306349e+00,1.556337852572765856e-01,6.008463423798715564e-01,2.231060338644864915e-01,8.751924547364036133e-01,-4.380345450773987515e-01,2.053360485775361510e-01,1.005806078829284394e-03,-4.832220949720061220e+00,-7.841265620118974544e-01,2.126713232656043118e-01,4.086230374603223581e+00,5.011904428468778150e+00,3.983289881647845920e+00,2.506156755252132662e+00,-5.436920652983575630e-01,-6.183496795727998485e-01,1.000000000000000000e+00
8.100000000000006084e-01,-5.951112302561738510e-01,-7.003628314834674518e-01,1.026332473805035228e+00,1.690880944791011142e-01,6.296338789770353772e-01,2.234669119829164607e-01,8.732260873650852240e-01,-4.422139017798407123e-01,2.047356261542637446e-01,2.527607749524658342e-03,-4.811548894865779857e+00,-5.999709461903945940e-01,2.560631035135923494e-01,4.130110920942594355e+00,5.026718515959218259e+00,3.920512866874659164e+00,2.477055898858029792e+00,-5.434555108886446328e-01,-6.163520556631423286e-01,1.000000000000000000e+00
8.120000000000006102e-01,-5.947730540672157007e-01,-6.991035637255134105e-01,1.026779407629001106e+00,1.823921989668444987e-01,6.585893067887582664e-01,2.235262335204352968e-01,8.712102717552100417e-01,-4.463562683280744570e-01,2.043103803768763216e-01,4.001572529024196093e-03,-4.780144086100954759e+00,-4.130068147754362151e-01,2.997718816108537743e-01,4.173816011215611077e+00,5.038651279078637302e+00,3.856498969600338445e+00,2.450751349022027625e+00,-5.431857502594839016e-01,-6.143084297063746702e-01,1.000000000000000000e+00
8.140000000000006120e-01,-5.944082696692820633e-01,-6.977863851119359140e-01,1.027226460096041905e+00,1.955568615600123683e-01,6.877027126969553761e-01,2.232777588053685702e-01,8.691497634383121840e-01,-4.504526747733981762e-01,2.040628836077411357e-01,5.423655438031402265e-03,-4.737904163259203827e+00,-2.236528566118599626e-01,3.436974006253270542e-01,4.217254024177389482e+00,5.047638326755798488e+00,3.791373838754832803e+00,2.427293930629284446e+00,-5.428827372258709927e-01,-6.122190133062961337e-01,1.000000000000000000e+00
8.160000000000006137e-01,-5.940171559461620010e-01,-6.964109796865419755e-01,1.027673015613652652e+00,2.085931741240963366e-01,7.169637530458370378e-01,2.227160138198938377e-01,8.670495324951752458e-01,-4.544941347930556708e-01,2.039953116799214650e-01,6.789878586652212111e-03,-4.684748346783900175e+00,-3.233582115279326485e-02,3.877366055594734795e-01,4.260333295050487301e+00,5.053618541449142576e+00,3.725267389004744967e+00,2.406727603875622457e+00,-5.425464292146928713e-01,-6.100840260855502351e-01,1.000000000000000000e+00
8.180000000000006155e-01,-5.935999695979138346e-01,-6.949770521804502499e-01,1.028118447641292343e+00,2.215125249561332998e-01,7.463616805030257595e-01,2.218363068258207560e-01,8.649147490206208211e-01,-4.584716619677357552e-01,2.041094348434553396e-01,8.096339112457445406e-03,-4.620617991797143276e+00,1.605102435997051991e-01,4.317841121389227599e-01,4.302962265956364440e+00,5.056534343071609428e+00,3.658313566297946906e+00,2.389089225628066693e+00,-5.421767872751691586e-01,-6.079036956911033629e-01,1.000000000000000000e+00
8.200000000000006173e-01,-5.931569445480016078e-01,-6.934843288194442179e-01,1.028562120254943979e+00,2.343265654424515898e-01,7.758853712272979486e-01,2.206347418484534695e-01,8.627507676845610485e-01,-4.623762860287654597e-01,2.044066094822138413e-01,9.339217201213056985e-03,-4.545477108642200115e+00,3.544447938315737900e-01,4.757327254538217809e-01,4.345049636182721997e+00,5.056331966903659492e+00,3.590650084308666834e+00,2.374408327830525245e+00,-5.417737760887935128e-01,-6.056782577984913818e-01,1.000000000000000000e+00
8.220000000000006191e-01,-5.926882914171166528e-01,-6.919325580769896122e-01,1.029003389738640806e+00,2.470471760746753009e-01,8.055233521702460653e-01,2.191082290047532410e-01,8.605631114367094936e-01,-4.661990690490382949e-01,2.048877706586191561e-01,1.051478419753822634e-02,-4.459312845291075966e+00,5.490216330634475339e-01,5.194740059703076840e-01,4.386504512065034334e+00,5.052961754202514477e+00,3.522418131736972491e+00,2.362706915012204423e+00,-5.413373639787606439e-01,-6.034079561150601512e-01,1.000000000000000000e+00
8.240000000000006208e-01,-5.921941970649673426e-01,-6.903215113726490770e-01,1.029441606196650261e+00,2.596864319282060074e-01,8.352638283457257673e-01,2.172544916811473270e-01,8.583574544075063262e-01,-4.699311215521146945e-01,2.055534255424864287e-01,1.161941081066787847e-02,-4.362135926882002579e+00,7.437897951237678607e-01,5.628988798756837664e-01,4.427236556255072841e+00,5.046378453987385271e+00,3.453762050665725170e+00,2.353999282934349235e+00,-5.408675229189080502e-01,-6.010930423819051960e-01,1.000000000000000000e+00
8.260000000000006226e-01,-5.916748242011109493e-01,-6.886509837159576763e-01,1.029876115180012652e+00,2.722565677048399135e-01,8.650947099092257675e-01,2.150720705848034875e-01,8.561396040629201121e-01,-4.735636185142949039e-01,2.064036477787484780e-01,1.264957541816840586e-02,-4.253981047572330532e+00,9.382944660319543217e-01,6.058982901708371838e-01,4.467156136147906409e+00,5.036541534256599562e+00,3.384828986436052123e+00,2.348291860343897142e+00,-5.403642285421130786e-01,-5.987337763748238340e-01,1.000000000000000000e+00
8.280000000000006244e-01,-5.911303110657012416e-01,-6.869207942961391700e-01,1.030306259321182250e+00,2.847699424380377708e-01,8.950036388992292924e-01,2.125603247098546422e-01,8.539154826758029726e-01,-4.770878152348015933e-01,2.074380728468157298e-01,1.360187246790286672e-02,-4.134907209865552602e+00,1.132077943526468955e+00,6.483638843815915376e-01,4.506174471243000745e+00,5.023415500675368683e+00,3.315768509772563988e+00,2.345583075731481060e+00,-5.398274601482123680e-01,-5.963304259039473587e-01,1.000000000000000000e+00
8.300000000000006262e-01,-5.905607711808251725e-01,-6.851307870183407367e-01,1.030731379970601935e+00,2.972390039557423758e-01,9.249780155040652208e-01,2.097194292767206314e-01,8.516911081813728357e-01,-4.804950630495204988e-01,2.086558944618074618e-01,1.447302097578578861e-02,-4.004998006600726690e+00,1.324680632612924125e+00,6.901887342346294529e-01,4.544203779223834339e+00,5.006970220565719387e+00,3.246732212162833253e+00,2.345863250874725026e+00,-5.392572007113656252e-01,-5.938832668123026348e-01,1.000000000000000000e+00
8.320000000000006279e-01,-5.899662931729137139e-01,-6.832808309873326102e-01,1.031150818829155380e+00,3.096762531916785743e-01,9.550050237305733880e-01,2.065503707182091697e-01,8.494725744891309382e-01,-4.837768248640511581e-01,2.100558620648604324e-01,1.525987311393200811e-02,-3.864361840882294175e+00,1.515642075139638889e+00,7.312680821388453101e-01,4.581157420555003412e+00,4.987181249836399211e+00,3.177873275776103679e+00,2.349114522821720286e+00,-5.386534368869008160e-01,-5.913925829731184747e-01,1.000000000000000000e+00
8.340000000000006297e-01,-5.893469406665303723e-01,-6.813708209398714466e-01,1.031563919570591903e+00,3.220942084318975107e-01,9.850716563649460911e-01,2.030549388003382028e-01,8.472660313280526712e-01,-4.869246904821156741e-01,2.116362794461803531e-01,1.595942288071337464e-02,-3.713132079380573547e+00,1.704502011037531961e+00,7.715001088371975513e-01,4.616950041415401884e+00,4.964030160313218865e+00,3.109346019484338974e+00,2.355310795804536284e+00,-5.380161590176646413e-01,-5.888586662860298970e-01,1.000000000000000000e+00
8.360000000000006315e-01,-5.887027522496666165e-01,-6.794006776271415138e-01,1.031970029448192605e+00,3.345053695790851656e-01,1.015164739131201754e+00,1.992357159787143117e-01,8.450776637061616636e-01,-4.899303917056774815e-01,2.133950045404561513e-01,1.656881484101886681e-02,-3.551467134649997082e+00,1.890801468491544624e+00,8.107867161532980038e-01,4.651497714810254536e+00,4.937504864771470992e+00,3.041305422824536198e+00,2.364417724395604381e+00,-5.373453611397752683e-01,-5.862818166719697688e-01,1.000000000000000000e+00
8.380000000000006333e-01,-5.880337415105084675e-01,-6.773703481488790867e-01,1.032368500880149975e+00,3.469221825129806813e-01,1.045270953968689076e+00,1.950960641027364995e-01,8.429136710695873669e-01,-4.927858171834531564e-01,2.153294504297288692e-01,1.708535292169596070e-02,-3.379550472394285965e+00,2.074083879947766107e+00,8.490343183590743914e-01,4.684718079734519591e+00,4.907599936837824472e+00,2.973906630011434515e+00,2.376392729007653415e+00,-5.366410409879069920e-01,-5.836623420669468931e-01,1.000000000000000000e+00
8.400000000000006350e-01,-5.873398971454825146e-01,-6.752798062409417490e-01,1.032758693008355433e+00,3.593570036212815899e-01,1.075376861366614367e+00,1.906401085898149772e-01,8.407802462498300544e-01,-4.954830269848617408e-01,2.174365875838101259e-01,1.750650924376341913e-02,-3.197590539954796363e+00,2.253896220508187831e+00,8.861546353407798726e-01,4.716530478292763284e+00,4.874316922817983233e+00,2.907304436366763056e+00,2.391185044613927779e+00,-5.359031999999726015e-01,-5.810005584145437885e-01,1.000000000000000000e+00
8.420000000000006368e-01,-5.866211831382399655e-01,-6.731290525182085371e-01,1.033139973225535080e+00,3.718220645717816297e-01,1.105468921710604624e+00,1.858727202001701495e-01,8.386835542911889041e-01,-4.980142668768648972e-01,2.197129473629130803e-01,1.782993296955836388e-02,-3.005820612708971495e+00,2.429790164929149565e+00,9.220654804476575706e-01,4.746856090717584742e+00,4.837664642425378858e+00,2.841652759776137849e+00,2.408735803316710999e+00,-5.351318433212964853e-01,-5.782967896572296373e-01,1.000000000000000000e+00
8.440000000000006386e-01,-5.858775390090964486e-01,-6.709181146747873470e-01,1.033511718665935497e+00,3.843294373933166530e-01,1.135533515613547095e+00,1.807994945496007311e-01,8.366297112530824975e-01,-5.003719822816258267e-01,2.221546268013269709e-01,1.805345913954539000e-02,-2.804498555537570326e+00,2.601323259124804554e+00,9.566915356766344525e-01,4.775618068267806215e+00,4.797659475335314561e+00,2.777104100011205112e+00,2.428978151130917418e+00,-5.343269798082199706e-01,-5.755513677264008088e-01,1.000000000000000000e+00
8.460000000000006404e-01,-5.851088801343098389e-01,-6.686470476435601995e-01,1.033873317655034763e+00,3.968909999304900960e-01,1.165556963220135023e+00,1.754267295028917317e-01,8.346247630842584808e-01,-5.025488318934540066e-01,2.247572946847740671e-01,1.817511747010421355e-02,-2.593906497048133808e+00,2.768060101788677230e+00,9.899651066837165114e-01,4.802741664028488344e+00,4.754325630470476405e+00,2.713808988957051582e+00,2.451837399068870660e+00,-5.334886220311588767e-01,-5.727646325311926967e-01,1.000000000000000000e+00
8.480000000000006422e-01,-5.843150981344488182e-01,-6.663159337171199459e-01,1.034224171114040525e+00,4.095184017352160311e-01,1.195525542491471693e+00,1.697614005943281490e-01,8.326746646675894370e-01,-5.045377009341266428e-01,2.275161989275863994e-01,1.819314108025787621e-02,-2.374350414823216848e+00,2.929573531488823157e+00,1.021826850022931055e+00,4.828154361676320505e+00,4.707695394940357048e+00,2.651915434964703611e+00,2.477231208330457068e+00,-5.326167862770974093e-01,-5.699369319460794170e-01,1.000000000000000000e+00
8.500000000000006439e-01,-5.834960613309784216e-01,-6.639248826321370034e-01,1.034563693915229177e+00,4.222230304569231651e-01,1.225425506492498151e+00,1.638111346241404309e-01,8.307852591352489213e-01,-5.063317140263866589e-01,2.304261752490823767e-01,1.810597511203870455e-02,-2.146159630588843736e+00,3.085445814370326278e+00,1.052226465001813160e+00,4.851786002315304103e+00,4.657809359609243138e+00,2.591568364697569571e+00,2.505069809105759049e+00,-5.317114925515084023e-01,-5.670686217970980492e-01,1.000000000000000000e+00
8.520000000000006457e-01,-5.826516152700645934e-01,-6.614740316191519698e-01,1.034891316184477494e+00,4.350159787928714050e-01,1.255243099720679156e+00,1.575841815807269009e-01,8.289622575544891570e-01,-5.079242476662138017e-01,2.334816571415684050e-01,1.791228520604720362e-02,-1.909686214864174225e+00,3.235269827416543453e+00,1.081123342611635341e+00,4.873568909526972526e+00,4.604716618355498170e+00,2.532909065957904549e+00,2.535256252203898164e+00,-5.307727645797335470e-01,-5.641600658469503315e-01,1.000000000000000000e+00
8.540000000000006475e-01,-5.817815833124788671e-01,-6.589635454197105835e-01,1.035206484547638972e+00,4.479080120604759796e-01,1.284964573529082887e+00,1.510893850382833969e-01,8.272112190839753243e-01,-5.093089422753570572e-01,2.366766871153065666e-01,1.761096579077344945e-02,-1.665304301349271432e+00,3.378650232081456650e+00,1.108487164143771686e+00,4.893438012816779370e+00,4.548474938210458340e+00,2.476074635064463791e+00,2.567686692428321038e+00,-5.298006298077596599e-01,-5.612116357786903764e-01,1.000000000000000000e+00
8.560000000000006493e-01,-5.808857672883579459e-01,-6.563936162726524692e-01,1.035508663317715516e+00,4.609095364548208007e-01,1.314576200710496634e+00,1.443361511781356687e-01,8.255375316996207413e-01,-5.104797138165915182e-01,2.400049291986401101e-01,1.720114814145408746e-02,-1.413409312024578979e+00,3.515204633012722013e+00,1.134298442342051461e+00,4.911330969670736124e+00,4.489150897725011191e+00,2.421197432396729354e+00,2.602250702330612953e+00,-5.287951194024265167e-01,-5.582237111782275552e-01,1.000000000000000000e+00
8.580000000000006510e-01,-5.799639482154482772e-01,-6.537644638712314382e-01,1.035797335620071813e+00,4.740305680566655466e-01,1.344064289321337924e+00,1.373344165797659999e-01,8.239463935870801059e-01,-5.114307649552179980e-01,2.434596826643288803e-01,1.668220816166387718e-02,-1.154417094663652055e+00,3.644564716540952265e+00,1.158548998265326535e+00,4.927188286465490563e+00,4.426819991109033126e+00,2.368404549733300168e+00,2.638831614699000738e+00,-5.277562682510609227e-01,-5.551966795154278378e-01,1.000000000000000000e+00
8.600000000000006528e-01,-5.790158870793349344e-01,-6.510763352925887926e-01,1.036072004453231443e+00,4.872807026591553514e-01,1.373415195834648994e+00,1.300946149243867866e-01,8.224427952954874721e-01,-5.121565957514507827e-01,2.470338969460905421e-01,1.605377383852143666e-02,-8.887629751887347052e-01,3.766377363617008811e+00,1.181242367443433805e+00,4.940953438496097583e+00,4.361566695915877645e+00,2.317817292977911947e+00,2.677306891875189443e+00,-5.266841149605369088e-01,-5.521309361240497315e-01,1.000000000000000000e+00
8.620000000000006546e-01,-5.780413256740166705e-01,-6.483295049009194511e-01,1.036332193683080272e+00,5.006690864850760203e-01,1.402615337720240607e+00,1.226276427501098443e-01,8.210315027436345670e-01,-5.126520138695179751e-01,2.507201877024419767e-01,1.531573232035567805e-02,-6.169007280164129359e-01,3.880305731936562808e+00,1.202394129401404221e+00,4.952572989401491377e+00,4.293484502304576900e+00,2.269550683799539392e+00,2.717548519751589176e+00,-5.255787018557041002e-01,-5.490268841802028454e-01,1.000000000000000000e+00
8.640000000000006564e-01,-5.770399875010465696e-01,-6.455242742254789778e-01,1.036577448968580395e+00,5.142043878707549531e-01,1.431651205556941031e+00,1.149448243934448888e-01,8.197170411655951838e-01,-5.129121442905226758e-01,2.545108539782717227e-01,1.446823656396380858e-02,-3.393014682363567069e-01,3.986030302100014300e+00,1.222032155197556591e+00,4.961996710274749312e+00,4.222675902199082287e+00,2.223712983603028270e+00,2.759423424080226894e+00,-5.244400749772536452e-01,-5.458849346796010860e-01,1.000000000000000000e+00
8.660000000000006581e-01,-5.760115787253050623e-01,-6.426609718143651007e-01,1.036807338617367291e+00,5.278947699974757546e-01,1.460509374786760572e+00,1.070578762471982581e-01,8.185036800777873989e-01,-5.129324385173421597e-01,2.583978964082091490e-01,1.351171149722272743e-02,-5.645247012894094585e-02,4.083249882815128018e+00,1.240196768266020433e+00,4.969177698743301619e+00,4.149252336974327271e+00,2.180405243097869761e+00,2.802793906532319745e+00,-5.232682840789990575e-01,-5.427055064134539419e-01,1.000000000000000000e+00
8.680000000000006599e-01,-5.749557891853100955e-01,-6.397399530647915888e-01,1.037021454369861706e+00,5.417478647564131222e-01,1.489176517223556706e+00,9.897887046000061750e-02,8.173954193436925308e-01,-5.127086832610837641e-01,2.623730363998777459e-01,1.244685964182204278e-02,2.311440828531564629e-01,4.171682570357672759e+00,1.256940814567178322e+00,4.974072498293424793e+00,4.073334102630774112e+00,2.139720880550860294e+00,2.847518097787969715e+00,-5.220633826245116849e-01,-5.394890259429550028e-01,1.000000000000000000e+00
8.700000000000006617e-01,-5.738722934557972666e-01,-6.367616000303444324e-01,1.037219412110781613e+00,5.557707478384336097e-01,1.517639412429369283e+00,9.072019819781297623e-02,8.163959764058895674e-01,-5.122370085998093625e-01,2.664277362295783824e-01,1.127466614029430485e-02,5.229724109492631667e-01,4.251066657759883682e+00,1.272329638823563647e+00,4.976641218092895613e+00,3.995050211765267534e+00,2.101745291586883724e+00,2.893450424801353726e+00,-5.208254277831789736e-01,-5.362359275725580021e-01,1.000000000000000000e+00
8.720000000000006635e-01,-5.727607519601204400e-01,-6.337263212054856654e-01,1.037400852507177174e+00,5.699699151454755697e-01,1.545884959070003672e+00,8.229453258300391261e-02,8.155087747478226845e-01,-5.115138956013978166e-01,2.705532199779233649e-01,9.996403131351623214e-03,8.185045076090491367e-01,4.321161489493603902e+00,1.286440964444699020e+00,4.976847653534127502e+00,3.914538212003771278e+00,2.066555493153117595e+00,2.940442089299879047e+00,-5.195544804256356786e-01,-5.329466533217044333e-01,1.000000000000000000e+00
8.740000000000006652e-01,-5.716208121298295142e-01,-6.306345512873456904e-01,1.037565441572343206e+00,5.843512606254187558e-01,1.573900186357657160e+00,7.371479142207763846e-02,8.147369336397937145e-01,-5.105361834034706225e-01,2.747404952284751567e-01,8.613633417818360519e-03,1.117201559043467407e+00,4.381748257750952114e+00,1.299364675613391196e+00,4.974659407678994505e+00,3.831943960924572234e+00,2.034219803980901631e+00,2.988341554517180310e+00,-5.182506051186124285e-01,-5.296216528953678893e-01,1.000000000000000000e+00
8.760000000000006670e-01,-5.704521096085787280e-01,-6.274867509146303535e-01,1.037712871155187289e+00,5.989200556371725437e-01,1.601672265682456686e+00,6.499409982898891880e-02,8.140832592151779901e-01,-5.093010757442717473e-01,2.789803754485992715e-01,7.128213372196820670e-03,1.418515406836608594e+00,4.432630736795307946e+00,1.311202500907707069e+00,4.970048013735548054e+00,3.747421357864936908e+00,2.004797563576612873e+00,3.036995037143874754e+00,-5.169138701190950647e-01,-5.262613836530890543e-01,1.000000000000000000e+00
8.780000000000006688e-01,-5.692542694973043993e-01,-6.242834063832654046e-01,1.037842859354845215e+00,6.136809299569477849e-01,1.629188522526790583e+00,5.614575284730424776e-02,8.135502369138463141e-01,-5.078061469392171068e-01,2.832635029685508510e-01,5.542295026131824169e-03,1.721890046381715056e+00,4.473635952253401271e+00,1.322067598755672702e+00,4.962989058634050821e+00,3.661132033363119209e+00,1.978338891447863013e+00,3.086247001508204857e+00,-5.155443473679509614e-01,-5.228663105767165087e-01,1.000000000000000000e+00
8.800000000000006706e-01,-5.680269076373904991e-01,-6.210250293382117981e-01,1.037955150860539799e+00,6.286378545401092310e-01,1.656436448746367196e+00,4.718317817133178826e-02,8.131400253203362460e-01,-5.060493472984985974e-01,2.875803724723167143e-01,3.858327291762679058e-03,2.026763153729463252e+00,4.504614782640124382e+00,1.332084045953139784e+00,4.953462307699856737e+00,3.573244997337383211e+00,1.954884487929466896e+00,3.135940653056517036e+00,-5.141421124828275957e-01,-5.194369062366630541e-01,1.000000000000000000e+00
8.820000000000006724e-01,-5.667696319283103135e-01,-6.177121564407190846e-01,1.038049517216882434e+00,6.437941261554318562e-01,1.683403715290189284e+00,3.811989906381316184e-02,8.128544514145652489e-01,-5.040290079816246438e-01,2.919213549119548667e-01,2.079056265175553090e-03,2.332567633353610947e+00,4.525442490844059584e+00,1.341386231406406893e+00,4.941451830339294915e+00,3.483936247438966127e+00,1.934465477623504404e+00,3.185918428313228912e+00,-5.127072447505206521e-01,-5.159736507568516428e-01,1.000000000000000000e+00
8.840000000000006741e-01,-5.654820436759994129e-01,-6.143453490101387082e-01,1.038125757015009976e+00,6.591523540097978806e-01,1.710078185418240082e+00,2.896949756586966740e-02,8.126950072429018901e-01,-5.017438452850812025e-01,2.962767217561227406e-01,2.075245648983701336e-04,2.638733179349742386e+00,4.536019183747600714e+00,1.350118158178974737e+00,4.926946126566915218e+00,3.393388339331478321e+00,1.917103296107760979e+00,3.236022478636962685e+00,-5.112398271186007204e-01,-5.124770317781823792e-01,1.000000000000000000e+00
8.860000000000006759e-01,-5.641637389679797776e-01,-6.109251926393022281e-01,1.038183696010141821e+00,6.747144484811945508e-01,1.736447928460878032e+00,1.974557809363883601e-02,8.126628480073289085e-01,-4.991929643593897015e-01,3.006366694831666408e-01,-1.752930338386993973e-03,2.944687842685962842e+00,4.536270198603648218e+00,1.358432657813867017e+00,4.909938254105790989e+00,3.301789920941564649e+00,1.902809620207477792e+00,3.286095145270114148e+00,-5.097399461864887682e-01,-5.089475444206180699e-01,1.000000000000000000e+00
8.880000000000006777e-01,-5.628143100710173430e-01,-6.074522967823804409e-01,1.038223187166328998e+00,6.904816120761250176e-01,1.762501234147929585e+00,1.046173151540590041e-02,8.127587915603816660e-01,-4.963758623517228741e-01,3.049913442295605348e-01,-3.798678841011057013e-03,3.249859597317585891e+00,4.526146415234730824e+00,1.366490521758482179e+00,4.890425955691558357e+00,3.209335232991299414e+00,1.891586341769703195e+00,3.335979423387257281e+00,-5.082076921958158522e-01,-5.053856912438059457e-01,1.000000000000000000e+00
8.900000000000006795e-01,-5.614333468468650779e-01,-6.039272943140845396e-01,1.038244110629359840e+00,7.064543327240999648e-01,1.788226627518537892e+00,1.131499802986983549e-03,8.129833192836073419e-01,-4.932924309698935028e-01,3.093308665055992668e-01,-5.925803010243262288e-03,3.553677898256680123e+00,4.505624493552692122e+00,1.374459555526071020e+00,4.868411786101658478e+00,3.116223578356653423e+00,1.883425584529738295e+00,3.385519413093666330e+00,-5.066431590201824209e-01,-5.017919822062889557e-01,1.000000000000000000e+00
8.920000000000006812e-01,-5.600204381814168908e-01,-6.003508410590474575e-01,1.038246373628965769e+00,7.226323795165962016e-01,1.813612884405219061e+00,-8.231658648408725354e-03,8.133365783176274011e-01,-4.899429584629729773e-01,3.136453558920570539e-01,-8.130101504178992647e-03,3.855575225046028010e+00,4.474707036312318031e+00,1.382513561977950722e+00,4.843903238322734062e+00,3.022658762998912785e+00,1.878309763324254034e+00,3.434560755586022474e+00,-5.050464441542373839e-01,-4.981669346232533990e-01,1.000000000000000000e+00
8.940000000000006830e-01,-5.585751734223837195e-01,-5.967236152902369861e-01,1.038229910311669002e+00,7.390148009906958304e-01,1.838649047467609599e+00,-1.761440293670150231e-02,8.138183851025914128e-01,-4.863281310130215807e-01,3.179249556339719951e-01,-1.040709563366186072e-02,4.154988604517468431e+00,4.433422677402973022e+00,1.390831260792330770e+00,4.816912868152323668e+00,2.928848511382000197e+00,1.876211684587360651e+00,3.482951052988210616e+00,-5.034176487020958213e-01,-4.945110731228374301e-01,1.000000000000000000e+00
8.960000000000006848e-01,-5.570971438204023185e-01,-5.930463171953017643e-01,1.038194681505795636e+00,7.555999260484721480e-01,1.863324442733327313e+00,-2.700354270948288407e-02,8.144282301790063405e-01,-4.824490335314330358e-01,3.221598570507618331e-01,-1.275203658677540909e-02,4.451361107208735568e+00,4.381826096344783039e+00,1.399595151793402215e+00,4.787458416420667717e+00,2.835003859419613637e+00,1.877094686765965026e+00,3.530540270669868086e+00,-5.017568773651004399e-01,-4.908249296009657980e-01,1.000000000000000000e+00
8.980000000000006866e-01,-5.555859439683054068e-01,-5.893196683098350652e-01,1.038140674420376719e+00,7.723853675920837603e-01,1.887628696585543109e+00,-3.638607026277079770e-02,8.151652841907280900e-01,-4.783071498522324938e-01,3.263403236854660605e-01,-1.515991383051659702e-02,4.744143312359571318e+00,4.319997959983080449e+00,1.408990330338321773e+00,4.755562927899765313e+00,2.741338528088689053e+00,1.880912819016507198e+00,3.577181121190758706e+00,-5.000642384289252229e-01,-4.871090431746845084e-01,1.000000000000000000e+00
9.000000000000006883e-01,-5.540411732331211869e-01,-5.855444109166639821e-01,1.038067902279851129e+00,7.893680289414866103e-01,1.911551753119546726e+00,-4.574919158266609748e-02,8.160284050244109855e-01,-4.739043623133361582e-01,3.304567151199765407e-01,-1.762546469800070278e-02,5.032794736996653029e+00,4.248044792664651403e+00,1.419203263397461390e+00,4.721254865860055716e+00,2.648068280903831617e+00,1.887611056300069201e+00,3.622729429330270090e+00,-4.983398437499750866e-01,-4.833639601340539160e-01,1.000000000000000000e+00
9.020000000000006901e-01,-5.524624371752382412e-01,-5.817213074104249371e-01,1.037976403896685884e+00,8.065441130867417874e-01,1.935083891774094900e+00,-5.508035622917408641e-02,8.170161460130043185e-01,-4.692429507153081381e-01,3.344995103875901266e-01,-2.014318516298724618e-02,5.316785225235622470e+00,4.166098776426654382e+00,1.430420535307703744e+00,4.684568221123040388e+00,2.555410268466038026e+00,1.897125548769873493e+00,3.667044478000827112e+00,-4.965838087411683643e-01,-4.795902338925952524e-01,1.000000000000000000e+00
9.040000000000006919e-01,-5.508493489490647876e-01,-5.778511396268767308e-01,1.037866243184227599e+00,8.239091348101995615e-01,1.958215745127922292e+00,-6.436728596026070059e-02,8.181267651250736517e-01,-4.643255906455702187e-01,3.384593309190222499e-01,-2.270734179670928082e-02,5.595596294564662010e+00,4.074317482932594103e+00,1.442827572429181249e+00,4.645542614358433298e+00,2.463582363285893528e+00,1.909383903162256813e+00,3.709989335166842039e+00,-4.947962523569531257e-01,-4.757884249360250783e-01,1.000000000000000000e+00
9.060000000000006937e-01,-5.492015306794444385e-01,-5.739347081366208414e-01,1.037737508612307069e+00,8.414579356955114164e-01,1.980938316737747673e+00,-7.359800199341268168e-02,8.193582350568432426e-01,-4.591553511543645105e-01,3.423269629630754096e-01,-2.531198489498609136e-02,5.868722436515081853e+00,3.972883539047078472e+00,1.456607356090002581e+00,4.604223390276979799e+00,2.372802488032833779e+00,1.924305493744984386e+00,3.751431162212513382e+00,-4.929772970777161478e-01,-4.719591007697992446e-01,1.000000000000000000e+00
9.080000000000006954e-01,-5.475186148080534165e-01,-5.699728315031453718e-01,1.037590312608320353e+00,8.591847020206556662e-01,2.003242998881654025e+00,-8.276085080171503849e-02,8.207082541399788322e-01,-4.537356917670712364e-01,3.460933794283741483e-01,-2.795096275645864159e-02,6.135672369757397604e+00,3.862004228051883370e+00,1.471939133262181398e+00,4.560661702283462127e+00,2.283287940284041362e+00,1.941801800258293298e+00,3.791241504506696280e+00,-4.911270688934703532e-01,-4.681028358648988141e-01,1.000000000000000000e+00
9.100000000000006972e-01,-5.458002454040120632e-01,-5.659663455053820513e-01,1.037424790906716909e+00,8.770829855111587081e-01,2.025121590061069288e+00,-9.184452834190455495e-02,8.221742579752835400e-01,-4.480704588157910506e-01,3.497497610978777538e-01,-3.061793708556639557e-02,6.395970244274168159e+00,3.741911028570296338e+00,1.488997134376574660e+00,4.514914586076912428e+00,2.195254716738947565e+00,1.961776770195034603e+00,3.829296565197505497e+00,-4.892456972868343135e-01,-4.642202116020948677e-01,1.000000000000000000e+00
9.120000000000006990e-01,-5.440460794329897709e-01,-5.619161023252599030e-01,1.037241101850033154e+00,8.951457269077099932e-01,2.046566312105914776e+00,-1.008381026131436320e-01,8.237534317006974804e-01,-4.421638810714548229e-01,3.532875171731784114e-01,-3.330639948664444044e-02,6.649156795841287604e+00,3.612859093285917478e+00,1.507949307558295038e+00,4.467045020619322848e+00,2.108916839733183668e+00,1.984127202714658811e+00,3.865477463530641700e+00,-4.873333152153339065e-01,-4.603118162148955861e-01,1.000000000000000000e+00
9.140000000000007008e-01,-5.422557879791743973e-01,-5.578229697010480548e-01,1.037039425644806778e+00,9.133652822796830550e-01,2.067569826720986992e+00,-1.097310344475079802e-01,8.254427228012490847e-01,-4.360205646561565174e-01,3.566983051107905367e-01,-3.600968900832089009e-02,6.894790450585612795e+00,3.475126669517827782e+00,1.528956078350843795e+00,4.417121974839570697e+00,2.024485688732038380e+00,2.008743151471273691e+00,3.899670479221445607e+00,-4.853900590930170789e-01,-4.563782447306846679e-01,1.000000000000000000e+00
9.160000000000007025e-01,-5.404290574146149995e-01,-5.536878300476061332e-01,1.036819963575911663e+00,9.317334519929574288e-01,2.088125251307357377e+00,-1.185131964365240542e-01,8.272388543689400686e-01,-4.296454872139869319e-01,3.599740497176723841e-01,-3.872101069029922071e-02,7.132448379869591015e+00,3.329014463649791367e+00,1.552169143703148180e+00,4.365220438401909320e+00,1.942169339309167242e+00,2.035508343645991314e+00,3.931767284602287305e+00,-4.834160687713032201e-01,-4.524200989104569803e-01,1.000000000000000000e+00
9.180000000000007043e-01,-5.385655905106291330e-01,-5.495115795449914131e-01,1.036582937183038622e+00,9.502415122172249706e-01,2.108226173890662025e+00,-1.271748899026053370e-01,8.291383387218635992e-01,-4.230439913173901778e-01,3.631069614779971477e-01,-4.143345505767576792e-02,7.361727506172208280e+00,3.174844951309790275e+00,1.577730308624458067e+00,4.311421434842183764e+00,1.862171911928726997e+00,2.064300612526168699e+00,3.961665166433605556e+00,-4.814114875191943255e-01,-4.484379871869727530e-01,1.000000000000000000e+00
9.200000000000007061e-01,-5.366651074861946702e-01,-5.452951271972100722e-01,1.036328587403233303e+00,9.688802488349615993e-01,2.127866666988583511e+00,-1.357068598300029405e-01,8.311374912941768001e-01,-4.162217770850519805e-01,3.660895540876506482e-01,-4.414001850122905440e-02,7.582245460982767860e+00,3.012961635062827881e+00,1.605770373476133273e+00,4.255812015369376589e+00,1.784692932649097230e+00,2.094992341054187079e+00,3.989267239380519303e+00,-4.793764620027172740e-01,-4.444325246013131059e-01,1.000000000000000000e+00
9.220000000000007079e-01,-5.347273469885247543e-01,-5.410393938632328537e-01,1.036057173683573307e+00,9.876399935917853368e-01,2.147041300252641172e+00,-1.441003076769541980e-01,8.332324447117559485e-01,-4.091848939865712076e-01,3.689146611769995587e-01,-4.683362447567729347e-02,7.793641495992669199e+00,2.843728251218932357e+00,1.636408079373613322e+00,4.198485231637703485e+00,1.709926707657874800e+00,2.127450913877094063e+00,4.014482653234157539e+00,-4.773111422636803769e-01,-4.404043327378583950e-01,1.000000000000000000e+00
9.240000000000007097e-01,-5.327520670013411452e-01,-5.367453112627276202e-01,1.035768973068219356e+00,1.006510662306322024e+00,2.165745151724547402e+00,-1.523469019991071927e-01,8.354191629724306845e-01,-4.019397318087382098e-01,3.715754522061013865e-01,-4.950714544178571458e-02,7.995577349055309035e+00,2.667527927175924241e+00,1.669749118626361328e+00,4.139540085825105464e+00,1.638061713335643654e+00,2.161539175568981008e+00,4.037226795977229443e+00,-4.752156816976554898e-01,-4.363540396577211267e-01,1.000000000000000000e+00
9.260000000000007114e-01,-5.307390456767284714e-01,-5.324138209592784721e-01,1.035464279264221243e+00,1.025481794937290969e+00,2.183973817554785146e+00,-1.604387868240133019e-01,8.376934556544958221e-01,-3.944930107581620105e-01,3.740654475196535378e-01,-5.215342547246071270e-02,8.187738066481024646e+00,2.484762290518063743e+00,1.705885216556027872e+00,4.079081456398501615e+00,1.569280003332789164e+00,2.197115892865943110e+00,4.057421494774144932e+00,-4.730902370313167515e-01,-4.322822798305230863e-01,1.000000000000000000e+00
9.280000000000007132e-01,-5.286880820868539166e-01,-5.280458733241688574e-01,1.035143401690573173e+00,1.044542597286590713e+00,2.201723420040605728e+00,-1.683685877274952170e-01,8.400509920826703114e-01,-3.868517706753130114e-01,3.763785325515792146e-01,-5.476530343763485326e-02,8.369832783241317742e+00,2.295850530884540497e+00,1.744893290414200937e+00,4.017219998016486215e+00,1.503756633932424647e+00,2.234036218943132202e+00,4.074995216881283966e+00,-4.709349682989665831e-01,-4.281896940646092165e-01,1.000000000000000000e+00
9.300000000000007150e-01,-5.265989968922807352e-01,-5.236424264840876530e-01,1.034806664515118158e+00,1.063681984100013578e+00,2.218990613852199978e+00,-1.761294155749540680e-01,8.424873153866906383e-01,-3.790233593358087183e-01,3.785089711711860372e-01,-5.733563667785969431e-02,8.541595462572859176e+00,2.101228415411892758e+00,1.786834690478958265e+00,3.954072014105633137e+00,1.441659108767523456e+00,2.272152157978532649e+00,4.089883272346331644e+00,-4.687500388183341027e-01,-4.240769294356171448e-01,1.000000000000000000e+00
9.320000000000007168e-01,-5.244716329240807218e-01,-5.192044452563832069e-01,1.034454405683968181e+00,1.082888623312107335e+00,2.235772590329192511e+00,-1.837148679040919164e-01,8.449978563941741294e-01,-3.710154198159988370e-01,3.804514181642912329e-01,-5.985732507211059122e-02,8.702785596297903936e+00,1.901347258349490144e+00,1.831754527754578810e+00,3.889759300756961302e+00,1.383146843765739931e+00,2.311313028488338972e+00,4.102028020176693879e+00,-4.665356151657168438e-01,-4.199446392134649209e-01,1.000000000000000000e+00
9.340000000000007185e-01,-5.223058556774564654e-01,-5.147329000757248085e-01,1.034086975948159903e+00,1.102150981168857458e+00,2.252067079744629385e+00,-1.911190279400058478e-01,8.475779473061747504e-01,-3.628358769016494234e-01,3.822009308435920238e-01,-6.232333540139163575e-02,8.853188866916978483e+00,1.696672845254113993e+00,1.879681092039222401e+00,3.824408960719460460e+00,1.328370653011055502e+00,2.351365924165904620e+00,4.111379079414477111e+00,-4.642918671502434536e-01,-4.157934827876663131e-01,1.000000000000000000e+00
9.360000000000007203e-01,-5.201015537151187917e-01,-5.102287659162355604e-01,1.033704737892279901e+00,1.121457367951515183e+00,2.267872351450106905e+00,-1.983364612490106926e-01,8.502228351108259696e-01,-3.544929225207931189e-01,3.837529797828596045e-01,-6.472672590632375100e-02,8.992617772184649638e+00,1.487684311995689512e+00,1.930625363470382050e+00,3.758153186418900393e+00,1.277472256045652621e+00,2.392156171232357575e+00,4.117893546261737647e+00,-4.620189677874996237e-01,-4.116241255910181307e-01,1.000000000000000000e+00
9.380000000000007221e-01,-5.178586389792158018e-01,-5.056930212133353697e-01,1.033308064969781892e+00,1.140795984017196396e+00,2.283187211833334729e+00,-2.053622100537334794e-01,8.529276946975370421e-01,-3.459950001846491263e-01,3.851034586692895778e-01,-6.706067093401624213e-02,9.120912212456065760e+00,1.274872978658480926e+00,1.984580620014812835e+00,3.691129011102224133e+00,1.230583806986746076e+00,2.433527781585293592e+00,4.121536218051990552e+00,-4.597170932723344539e-01,-4.074372390216289830e-01,1.000000000000000000e+00
9.400000000000007239e-01,-5.155770470111814552e-01,-5.011266467896686727e-01,1.032897340549674414e+00,1.160154965866968757e+00,2.298011000038041374e+00,-2.121917852488241496e-01,8.556876416412325659e-01,-3.373507884239239640e-01,3.862486932675600615e-01,-6.931848556716137255e-02,9.237940040597688807e+00,1.058741138308481045e+00,2.041522142747261626e+00,3.623478027406753732e+00,1.187827445708068641e+00,2.475323901323076115e+00,4.122279824456463793e+00,-4.573864229509373991e-01,-4.032335003633173431e-01,1.000000000000000000e+00
9.420000000000007256e-01,-5.132567370794475226e-01,-4.965306247895925895e-01,1.032472956979176848e+00,1.179522431950132733e+00,2.312343581415428506e+00,-2.188211561738549749e-01,8.584977446330166462e-01,-3.285691832118166622e-01,3.871854494878900765e-01,-7.149365012645396422e-02,9.343597573697451253e+00,8.398008005240995555e-01,2.101407020165063866e+00,3.555346072864099316e+00,1.149314871235613156e+00,2.517387254517560180e+00,4.120105265873352351e+00,-4.550271392921554914e-01,-3.990135927043499953e-01,1.000000000000000000e+00
9.440000000000007274e-01,-5.108976922155472611e-01,-4.919059376267617134e-01,1.032035314666829073e+00,1.198886527914341027e+00,2.326185338696131311e+00,-2.252467382174438426e-01,8.613530375402691508e-01,-3.196592793696644286e-01,3.879109405486943496e-01,-7.357983443611228191e-02,9.437810065197647091e+00,6.185723895612809109e-01,2.164174052220710465e+00,3.486882882086752122e+00,1.115146937436082952e+00,2.559560582402169437e+00,4.115001858450709094e+00,-4.526394278580007646e-01,-3.947782048544188349e-01,1.000000000000000000e+00
9.460000000000007292e-01,-5.084999191597185941e-01,-4.872535669493694432e-01,1.031584821190394186e+00,1.218235471015109539e+00,2.339537160891557388e+00,-2.314653783441219803e-01,8.642485310854546299e-01,-3.106303509563942411e-01,3.884228332223639280e-01,-7.557092174145445262e-02,9.520532135418289243e+00,3.955833970519886944e-01,2.229743754225934183e+00,3.418241705640300054e+00,1.085413271037607430e+00,2.601687078433415845e+00,4.106967584660106141e+00,-4.502234772734484136e-01,-3.905280312600082904e-01,1.000000000000000000e+00
9.480000000000007310e-01,-5.060634482176883386e-01,-4.825744926275863378e-01,1.031121890433705834e+00,1.237557593405140155e+00,2.352400429953329208e+00,-2.374743386527636280e-01,8.671792241387529243e-01,-3.014918306487873179e-01,3.887192531503335657e-01,-7.746103216714902984e-02,9.591748157751625925e+00,1.713669892225339608e-01,2.298018460291890719e+00,3.349578895877943552e+00,1.060191912017590887e+00,2.643610819960072522e+00,4.096009347770166897e+00,-4.477794791954199383e-01,-3.862637719181422069e-01,1.000000000000000000e+00
9.500000000000007327e-01,-5.035883330308780215e-01,-4.778696917676796829e-01,1.030646941756400370e+00,1.256841384033632103e+00,2.364777005239083518e+00,-2.432712780922756390e-01,8.701401146249180263e-01,-2.922532881260109794e-01,3.887987892110047472e-01,-7.924454560489299637e-02,9.651472597101758311e+00,-5.353943122950347022e-02,2.368882525522210791e+00,3.281053460300010549e+00,1.039548976425910487e+00,2.685177197497637280e+00,4.082143227979998734e+00,-4.453076282809719233e-01,-3.819861322881985544e-01,1.000000000000000000e+00
9.520000000000007345e-01,-5.010746502628107280e-01,-4.731401377572015399e-01,1.030160399200215737e+00,1.276075528898324318e+00,2.376669205851836608e+00,-2.488542324764940195e-01,8.731262100494613376e-01,-2.829244074789087349e-01,3.886604969213597327e-01,-8.091612391985811281e-02,9.699750296431707497e+00,-2.785957082380284833e-01,2.442202625771971114e+00,3.212826583312364370e+00,1.023538341785992678e+00,2.726233342842757867e+00,4.065394737348479559e+00,-4.428081221547642277e-01,-3.776958232022781803e-01,1.000000000000000000e+00
9.540000000000007363e-01,-4.985224992050140691e-01,-4.683867993454978729e-01,1.029662690735262842e+00,1.295248949408244421e+00,2.388079790938316904e+00,-2.542215929556234655e-01,8.761325376533002363e-01,-2.735149636721567190e-01,3.883039008503240130e-01,-8.247073236626914494e-02,9.736656706576853892e+00,-5.032604597935264046e-01,2.517828153421835857e+00,3.145061117564579956e+00,1.012201355331096675e+00,2.766628557466932037e+00,4.045799070048581747e+00,-4.402811613756586473e-01,-3.733935607736226236e-01,1.000000000000000000e+00
9.560000000000007381e-01,-4.959320013061975785e-01,-4.636106397636212129e-01,1.029154247549351586e+00,1.314350838632877272e+00,2.399011938048828618e+00,-2.593720831158777274e-01,8.791541542083265437e-01,-2.640347980955452534e-01,3.877289960191945273e-01,-8.390366010391829554e-02,9.762298053805428921e+00,-7.269926486593815129e-01,2.595591707295457518e+00,3.077921046386759674e+00,1.005566565493891229e+00,2.806214742794884032e+00,4.023401343837704758e+00,-4.377269494025708974e-01,-3.690800663035190277e-01,1.000000000000000000e+00
9.580000000000007399e-01,-4.933032996289318239e-01,-4.588126158875235339e-01,1.028635503383119820e+00,1.333370695233518921e+00,2.409469219677219609e+00,-2.643047348920101736e-01,8.821861554689415241e-01,-2.544937932493097077e-01,3.869362482618569632e-01,-8.521053970926759091e-02,9.776811438967550671e+00,-9.492531948970219791e-01,2.675309674561845430e+00,3.011570919167162685e+00,1.003649477270881052e+00,2.844846834091309784e+00,3.998256828045239963e+00,-4.351456925595519887e-01,-3.647560661863040177e-01,1.000000000000000000e+00
9.600000000000007416e-01,-4.906365582384648039e-01,-4.539936774481690973e-01,1.028106893913335762e+00,1.352298354894716059e+00,2.419455578114134475e+00,-2.690188634889802977e-01,8.852236852964086022e-01,-2.449018466175598707e-01,3.859265935151580673e-01,-8.638736557703427521e-02,9.780364861492442330e+00,-1.169506628185747799e+00,2.756782902212346453e+00,2.946175261859628414e+00,1.006452332332469890e+00,2.882383239740470948e+00,3.970431152785892870e+00,-4.325375999999775400e-01,-3.604222918126377406e-01,1.000000000000000000e+00
9.620000000000007434e-01,-4.879319615286753509e-01,-4.491547662919408435e-01,1.027568856186357849e+00,1.371124019097658353e+00,2.428975298759849188e+00,-2.735140415188862528e-01,8.882619444739164871e-01,-2.352688437933884991e-01,3.847014360077760653e-01,-8.743051111078949111e-02,9.773157160984254688e+00,-1.387222777313786626e+00,2.839797455474606380e+00,2.881897965139800899e+00,1.013963915039418628e+00,2.918686287697179971e+00,3.940000493584376873e+00,-4.299028836700306555e-01,-3.560794794711467093e-01,1.000000000000000000e+00
9.640000000000007452e-01,-4.851897134904800124e-01,-4.442968156944211433e-01,1.027021828103320100e+00,1.389838281102915296e+00,2.438032982054429976e+00,-2.777900725673380644e-01,8.912961992304985204e-01,-2.256046309291184493e-01,3.832626453143436751e-01,-8.833674460413086515e-02,9.755417868748228472e+00,-1.601878493530652481e+00,2.924125460320151859e+00,2.818901653071049562e+00,1.026159385859281015e+00,2.953622680814394830e+00,3.907051725108084295e+00,-4.272417582713120554e-01,-3.517283702481626140e-01,1.000000000000000000e+00
9.660000000000007470e-01,-4.824100369282741663e-01,-4.394207497303123100e-01,1.026466247958185418e+00,1.408432149036686676e+00,2.446633514192642966e+00,-2.818469644095076276e-01,8.943217894914445854e-01,-2.159189865952917953e-01,3.816125522405104942e-01,-8.910324371742113503e-02,9.727406961267542229e+00,-1.812959403693550131e+00,3.009526027026260042e+00,2.757347035461467755e+00,1.043000144039912369e+00,2.987063962585951415e+00,3.871682537314706352e+00,-4.245544412226547326e-01,-3.473697099257386234e-01,1.000000000000000000e+00
9.680000000000007487e-01,-4.795931726302007925e-01,-4.345274827019270369e-01,1.025902554029366476e+00,1.426897066002463577e+00,2.454782036798872191e+00,-2.856849021000255062e-01,8.973341368715989086e-01,-2.062215931423397874e-01,3.797539435041819567e-01,-8.972760845893819337e-02,9.689414507463451898e+00,-2.019961688316859405e+00,3.095746251561383389e+00,2.697392247412596422e+00,1.064433721793968779e+00,3.018886994603840357e+00,3.834001507005728282e+00,-4.218411526211069407e-01,-3.430042488779059817e-01,1.000000000000000000e+00
9.700000000000007505e-01,-4.767393784981958649e-01,-4.296179186283293205e-01,1.025331184225166448e+00,1.445224927168324625e+00,2.462483915743217011e+00,-2.893042211626137838e-01,9.003287524259717678e-01,-1.965220076692917872e-01,3.776900551784084792e-01,-9.020787258357555738e-02,9.641760201524204987e+00,-2.222393878753599950e+00,3.182522291364329625e+00,2.639192179855307963e+00,1.090393712660152836e+00,3.048974446680803307e+00,3.794128117587918680e+00,-4.191021152021395801e-01,-3.386327419651412041e-01,1.000000000000000000e+00
9.720000000000007523e-01,-4.738489286438591908e-01,-4.246929507968428830e-01,1.024752575782841291e+00,1.463408093808701960e+00,2.469744709283880901e+00,-2.927053811047524712e-01,9.033012441694848738e-01,-1.868296327142907332e-01,3.754245648624143783e-01,-9.054251332700352650e-02,9.584792773196088689e+00,-2.419778666811077006e+00,3.269580511873180662e+00,2.582897805145108805e+00,1.120799737131212392e+00,3.077215300158139932e+00,3.752192719776066276e+00,-4.163375542989375400e-01,-3.342559484269669312e-01,1.000000000000000000e+00
9.740000000000007541e-01,-4.709221124562417704e-01,-4.197534613782751278e-01,1.024167165020631876e+00,1.481439404307956620e+00,2.476570135722933497e+00,-2.958889394797499239e-01,9.062473243744386675e-01,-1.771536867919552283e-01,3.729615825490991687e-01,-9.073045939848474462e-02,9.518889267708674495e+00,-2.611654719143114090e+00,3.356638699920515112e+00,2.528655502043292813e+00,1.155557449055426344e+00,3.103505364375108933e+00,3.708336426047734946e+00,-4.135476978009683391e-01,-3.298746317728521449e-01,1.000000000000000000e+00
9.760000000000007558e-01,-4.679592336476258718e-01,-4.148003211068292395e-01,1.023575387141672399e+00,1.499312182161197438e+00,2.482966040762522475e+00,-2.988555267132795845e-01,9.091628166505332231e-01,-1.675031749126424385e-01,3.703056401600878234e-01,-9.077109716138268003e-02,9.444454187965682479e+00,-2.797578487784638135e+00,3.443407339837479153e+00,2.476606384622403567e+00,1.194558586717013648e+00,3.127747805652951740e+00,3.662710931909859191e+00,-4.107327761115975862e-01,-3.254895596711756545e-01,1.000000000000000000e+00
9.780000000000007576e-01,-4.649606092833034610e-01,-4.098343890253041688e-01,1.022977676088245857e+00,1.517020241035049288e+00,2.488938364746649423e+00,-3.016058219038116883e-01,9.120436628080353936e-01,-1.578868592282774430e-01,3.674616797230799148e-01,-9.066427493685463856e-02,9.361918492286784854e+00,-2.977126007218064974e+00,3.529590947794350786e+00,2.426885639828037178e+00,1.237681072859607267e+00,3.149853687413482817e+00,3.615478257444703303e+00,-4.078930221049594240e-01,-3.211015038364411489e-01,1.000000000000000000e+00
9.800000000000007594e-01,-4.619265688012333393e-01,-4.048565122958108775e-01,1.022374464444438136e+00,1.534557886977223617e+00,2.494493109969790900e+00,-3.041405297964248633e-01,9.148859295000763003e-01,-1.483132299584791480e-01,3.644350401708985054e-01,-9.041030537333981376e-02,9.271738441838030198e+00,-3.149894667406464066e+00,3.614889459541741346e+00,2.379621878565201243e+00,1.284789168220711320e+00,3.169742519257013669e+00,3.566810403212055114e+00,-4.050286710819437919e-01,-3.167112399147133939e-01,1.000000000000000000e+00
9.820000000000007612e-01,-4.588574530272788721e-01,-3.998675260758712824e-01,1.021766183384845261e+00,1.551919917888390454e+00,2.499636308227985104e+00,-3.064603591173560293e-01,9.176858146351528633e-01,-1.387904767590669719e-01,3.612314427472738676e-01,-9.000996583228856873e-02,9.174394292947120277e+00,-3.315504951317810978e+00,3.698999666301224565e+00,2.334936505283883967e+00,1.335733683368286018e+00,3.187342811942240672e+00,3.516888915373363567e+00,-4.021399607253254849e-01,-3.123195473670036248e-01,1.000000000000000000e+00
9.840000000000007629e-01,-4.557536131915020938e-01,-3.948682534594152860e-01,1.021153262666610440e+00,1.569101620392683083e+00,2.504373988780648652e+00,-3.085660024424448089e-01,9.204396535458121420e-01,-1.293264607025122470e-01,3.578569750110252023e-01,-8.946449674918639794e-02,9.070388830763670640e+00,-3.473602124622211740e+00,3.781616693085368297e+00,2.292943111093136643e+00,1.390352253756878209e+00,3.202592634288047080e+00,3.465904355887881039e+00,-3.992271310540692619e-01,-3.079272093510568853e-01,1.000000000000000000e+00
9.860000000000007647e-01,-4.526154099507167516e-01,-3.898595054818539962e-01,1.020536130661725549e+00,1.586098764263872196e+00,2.508712146882452032e+00,-3.104581177565259864e-01,9.231439248943148490e-01,-1.199286870463271565e-01,3.543180734379098307e-01,-8.877559793834950697e-02,8.960245742190164009e+00,-3.623857864496225822e+00,3.862435513205003890e+00,2.253746895432300335e+00,1.448469682924481194e+00,3.215440167061520693e+00,3.414055674811406149e+00,-3.962904243766949830e-01,-3.035350126011205352e-01,1.000000000000000000e+00
9.880000000000007665e-01,-4.494432124221889868e-01,-3.848420811880891024e-01,1.019915214426212469e+00,1.602907594582537065e+00,2.512656713034211009e+00,-3.121373118430260662e-01,9.257952562909299576e-01,-1.106042789705865281e-01,3.506215046279618219e-01,-8.794542282024769841e-02,8.844507827669444211e+00,-3.765971813841090921e+00,3.941152492151965170e+00,2.217444121283758118e+00,1.509898358615340275e+00,3.225844247953659316e+00,3.361549483078031475e+00,-3.933300852439360895e-01,-2.991437473058451424e-01,1.000000000000000000e+00
9.900000000000007683e-01,-4.462373972330239136e-01,-3.798167677620206684e-01,1.019290939802526497e+00,1.619524821815191418e+00,2.516213523090142790e+00,-3.136041256237633856e-01,9.283904295955168751e-01,-1.013599524695703996e-01,3.467743451355924655e-01,-8.697657056126649466e-02,8.723735053254770833e+00,-3.899673046741881866e+00,4.017466953435841148e+00,2.184121608806249171e+00,1.574438746319293703e+00,3.233774900810733488e+00,3.308599225664537791e+00,-3.903463604003727938e-01,-2.947542069844295010e-01,1.000000000000000000e+00
9.920000000000007701e-01,-4.429983475893935485e-01,-3.747843407158403806e-01,1.018663731551278984e+00,1.635947610019061971e+00,2.519388289346152110e+00,-3.148590215485059796e-01,9.309263858683421988e-01,-9.220199258472099035e-02,3.427839599500017709e-01,-8.587207612786017241e-02,8.598502446390121179e+00,-4.024721430688399160e+00,4.091082758315273793e+00,2.153856272108041647e+00,1.641879964249461032e+00,3.239213841410117034e+00,3.255424256695452545e+00,-3.873394987352807295e-01,-2.903671883606876447e-01,1.000000000000000000e+00
9.940000000000007718e-01,-4.397264523693554250e-01,-3.697455641371480972e-01,1.018034013508182012e+00,1.652173563385906041e+00,2.522186572720293452e+00,-3.159023731125088497e-01,9.334002299317759599e-01,-8.313623116655238787e-02,3.386579796644628160e-01,-8.463539826995439275e-02,8.469397840966514934e+00,-4.140908870970463340e+00,4.161709890713139792e+00,2.126714703660478101e+00,1.712000443126846516e+00,3.242154951282945508e+00,3.202248819817721248e+00,-3.843097512325796550e-01,-2.859834912354140557e-01,1.000000000000000000e+00
9.960000000000007736e-01,-4.364221052425836245e-01,-3.647011909917075023e-01,1.017402208761956972e+00,1.668200711344749676e+00,2.524613756122413122e+00,-3.167344565583450899e-01,9.358092345007592572e-01,-7.416802635167082935e-02,3.344042763846830635e-01,-8.327040546218950068e-02,8.337019479463888771e+00,-4.248060422771826161e+00,4.229066037959971602e+00,2.102752810577776188e+00,1.784568673300225505e+00,3.242604710431149506e+00,3.149300939015514444e+00,-3.812573709198985861e-01,-2.816039183566705351e-01,1.000000000000000000e+00
9.980000000000007754e-01,-4.330857038198941411e-01,-3.596519634794626552e-01,1.016768739848840308e+00,1.684027492446663610e+00,2.526675019095458996e+00,-3.173554447962052549e-01,9.381508438368545422e-01,-6.530224393750963530e-02,3.300309384385801126e-01,-8.178135984607944053e-02,8.201973482302390650e+00,-4.346035256836557892e+00,4.292878157392743255e+00,2.082015506661568871e+00,1.859344040700900091e+00,3.240582579287095033e+00,3.096811226909522041e+00,-3.781826128167950496e-01,-2.772292752883607214e-01,1.000000000000000000e+00
1.000000000000000666e+00,-4.297176488350007983e-01,-3.545986134412717483e-01,1.016134028959247981e+00,1.699652737254639279e+00,2.528375313796299206e+00,-3.177654035548114764e-01,9.404226768784089696e-01,-5.654324083162573511e-02,3.255462439622875404e-01,-8.017289923129303220e-02,8.064871196868256931e+00,-4.434727465184739259e+00,4.352884018268951216e+00,2.064536463709150560e+00,1.936077751922075318e+00,3.236121319967812493e+00,3.045011619458998453e+00,-3.750857338820113851e-01,-2.728603702766904671e-01,1.000000000000000000e+00
1.002000000000000668e+00,-4.263183433604915140e-01,-3.495418628136791606e-01,1.015498498152138440e+00,1.715075650458328216e+00,2.529719342369374235e+00,-3.179642897535101542e-01,9.426225297980116435e-01,-4.789485074434385314e-02,3.209586334498595872e-01,-7.845001722990552206e-02,7.926326441003404000e+00,-4.514066694217342857e+00,4.408833707967002802e+00,2.050337925148166818e+00,2.014513847346507625e+00,3.229267246806481140e+00,2.994134047775118823e+00,-3.719669929599245806e-01,-2.684980141147209620e-01,1.000000000000000000e+00
1.004000000000000670e+00,-4.228881920595748412e-01,-3.444824241289404232e-01,1.014862569572631434e+00,1.730295792426946422e+00,2.530711535752359964e+00,-3.179519520653220632e-01,9.447483779381006253e-01,-3.936037228309892388e-02,3.162766813667804433e-01,-7.661804161344452913e-02,7.786952658005185768e+00,-4.584018593677258835e+00,4.460491091057201984e+00,2.039430584565596227e+00,2.094390299736680561e+00,3.220080396315651683e+00,2.944409059442700816e+00,-3.688266507259909122e-01,-2.641430200050952082e-01,1.000000000000000000e+00
1.006000000000000671e+00,-4.194276004747209408e-01,-3.394210010574357228e-01,1.014226665668500837e+00,1.745313060404190209e+00,2.531356033939506034e+00,-3.177281336210503460e-01,9.467983770763892526e-01,-3.094255959398403352e-02,3.115090669398101753e-01,-7.468261099865809716e-02,7.647360002318655425e+00,-4.644585071320722847e+00,4.507635209567729007e+00,2.031813531141681395e+00,2.175440194087137513e+00,3.208634607189686960e+00,2.896064403275397936e+00,-3.656649696314800968e-01,-2.597962034208499138e-01,1.000000000000000000e+00
1.008000000000000673e+00,-4.159369743539125808e-01,-3.343582889895567178e-01,1.013591209401258686e+00,1.760127669536755368e+00,2.531656667715643572e+00,-3.172924767862705941e-01,9.487708639747893802e-01,-2.264361568077336712e-02,3.066645442476945149e-01,-7.264964998392689499e-02,7.508152377067731642e+00,-4.695804344788267137e+00,4.550061612662394062e+00,2.027474263416897404e+00,2.257392982859905306e+00,3.195017501676967075e+00,2.849323592726277443e+00,-3.624822138470222832e-01,-2.554583819639426601e-01,1.000000000000000000e+00
1.010000000000000675e+00,-4.124167190148390616e-01,-3.292949756541254103e-01,1.012956624447686194e+00,1.774740133913283557e+00,2.531616941862269599e+00,-3.166445299264165625e-01,9.506643561687943000e-01,-1.446518851411521950e-02,3.017519117486207048e-01,-7.052534287386102996e-02,7.369924446308991683e+00,-4.737750784029509887e+00,4.587583604009864757e+00,2.026388772181537234e+00,2.339975809018996600e+00,3.179330360656858812e+00,2.804404464226517124e+00,-3.592786492055448089e-01,-2.511303752222981411e-01,1.000000000000000000e+00
1.012000000000000677e+00,-4.088672387470124736e-01,-3.242317417704008720e-01,1.012323335387833367e+00,1.789151247773566489e+00,2.531240019826774823e+00,-3.157837560604471738e-01,9.524775509588485622e-01,-6.408370023790438408e-03,2.967799813907846529e-01,-6.831610614457855890e-02,7.233258646352339838e+00,-4.770534539705425736e+00,4.620033395374298024e+00,2.028521692609672300e+00,2.422914887602300560e+00,3.161687886029383332e+00,2.761517747471346595e+00,-3.560545431440286235e-01,-2.468130046243634246e-01,1.000000000000000000e+00
1.014000000000000679e+00,-4.052889362514653371e-01,-3.191692617307473334e-01,1.011691767875712467e+00,1.803362067028996041e+00,2.530528709836986412e+00,-3.147095432909065016e-01,9.542093235710926713e-01,1.526301954928453242e-03,2.917575474618337994e-01,-6.602855981615911307e-02,7.098722221628726459e+00,-4.794300955232723815e+00,4.647263155405468638e+00,2.033826525060591806e+00,2.505936934969719587e+00,3.142217845551292577e+00,2.720865665089660546e+00,-3.528101646445938600e-01,-2.425070932921961353e-01,1.000000000000000000e+00
1.016000000000000680e+00,-4.016822121174073446e-01,-3.141082043110733357e-01,1.011062348789130594e+00,1.817373891214937087e+00,2.529485452435833448e+00,-3.134212168876897020e-01,9.558587244619872747e-01,9.338838733482623944e-03,2.866933553410516700e-01,-6.366949791149729976e-02,6.966864311355990047e+00,-4.809229762509117378e+00,4.669145943257368536e+00,2.042245923256460483e+00,2.588770633394676057e+00,3.121060596992778269e+00,2.682640579198848574e+00,-3.495457841744197824e-01,-2.382134658920870007e-01,1.000000000000000000e+00
1.018000000000000682e+00,-3.980474643349774522e-01,-3.090492334062016622e-01,1.010435506355355173e+00,1.831188245974335382e+00,2.528112309405247782e+00,-3.119180528945650899e-01,9.574249757496489099e-01,1.702979279873022972e-02,2.815960703247617491e-01,-6.124585819194915126e-02,6.838213113624685313e+00,-4.815534063821679922e+00,4.685576517516190975e+00,2.053712047818219588e+00,2.671148117375649278e+00,3.098368490416142151e+00,2.647023702047935245e+00,-3.462616736249367055e-01,-2.339329484835626638e-01,1.000000000000000000e+00
1.020000000000000684e+00,-3.943850878430287810e-01,-3.039930087873911613e-01,1.009811670249566085e+00,1.844806866149888203e+00,2.526410954044411294e+00,-3.101992931214824223e-01,9.589074667641213079e-01,2.460024682259382561e-02,2.764742467003610815e-01,-5.876469136948606065e-02,6.713273153471202903e+00,-4.813459104945716938e+00,4.696472011962732118e+00,2.068146982415308699e+00,2.752806466977812061e+00,3.074305149437141171e+00,2.614183887292163888e+00,-3.429581062499802435e-01,-2.296663683661070987e-01,1.000000000000000000e+00
1.022000000000000686e+00,-3.906954741107290241e-01,-2.989401868793023498e-01,1.009191271663323120e+00,1.858231679539930736e+00,2.524382662765172647e+00,-3.082641613818772330e-01,9.603057487191977160e-01,3.205179968448594596e-02,2.713362972475154011e-01,-5.623313000229059055e-02,6.592522681010524188e+00,-4.803280846938437598e+00,4.701772470915440927e+00,2.085463209074022828e+00,2.833489192712808524e+00,3.049044634467570347e+00,2.584276517429811015e+00,-3.396353566030254068e-01,-2.254145539239971185e-01,1.000000000000000000e+00
1.024000000000000687e+00,-3.869790107516491440e-01,-2.938914215537720143e-01,1.008574743340559410e+00,1.871464791351266310e+00,2.522028307966866389e+00,-3.061118808324418405e-01,9.616195285195708875e-01,3.938654956620454145e-02,2.661904633462198189e-01,-5.365835728562457635e-02,6.476411224760832752e+00,-4.785304346568400646e+00,4.701441238277680235e+00,2.105564138506655247e+00,2.912947695963611583e+00,3.022770493103094758e+00,2.557442501586019823e+00,-3.362937004735292446e-01,-2.211783344691299891e-01,1.000000000000000000e+00
1.026000000000000689e+00,-3.832360811689465852e-01,-2.888473649378383024e-01,1.007962519578894600e+00,1.884508469360900218e+00,2.519348352153794490e+00,-3.037416922730382662e-01,9.628486617288644078e-01,4.660707420688108005e-02,2.610447858705735036e-01,-5.104757595219854005e-02,6.365357323913390708e+00,-4.759861957648333863e+00,4.695465195918263390e+00,2.128344690674029760e+00,2.990942688775915848e+00,2.995674704946198030e+00,2.533807396191954719e+00,-3.329334148222216072e-01,-2.169585400816775034e-01,1.000000000000000000e+00
1.028000000000000691e+00,-3.794670642302248043e-01,-2.838086682335307365e-01,1.007355036194348630e+00,1.897365129778420645e+00,2.516342843261178963e+00,-3.011528732663655283e-01,9.639931447362567463e-01,5.371640843303535778e-02,2.559070770441873033e-01,-4.840797749605166983e-02,6.259746461503619130e+00,-4.727311367706154677e+00,4.683854848617800215e+00,2.153691920211449506e+00,3.067245556987833854e+00,2.967956530180178465e+00,2.513480659207127488e+00,-3.295547777155506952e-01,-2.127560014487889228e-01,1.000000000000000000e+00
1.030000000000000693e+00,-3.756723339706679599e-01,-2.787759825470083608e-01,1.006752730447815880e+00,1.910037323781961005e+00,2.513011411159315145e+00,-2.983447579404372441e-01,9.650531061717055881e-01,6.071801910538181940e-02,2.507848934281299846e-01,-4.574671193105089850e-02,6.159929218250900895e+00,-4.688033486392385818e+00,4.666644254479140663e+00,2.181485680819495343e+00,3.141639651152946744e+00,2.939821273089160414e+00,2.496555046430482872e+00,-3.261580682592221114e-01,-2.085715497014043185e-01,1.000000000000000000e+00
1.032000000000000695e+00,-3.718522593231040618e-01,-2.737499597246897398e-01,1.006156040931935003e+00,1.922527724683599226e+00,2.509353265310796388e+00,-2.953167573416103919e-01,9.660287976319679171e-01,6.761577764928763945e-02,2.456855102052598050e-01,-4.307085828953776535e-02,6.066219664297678449e+00,-4.642430203741694683e+00,4.643890801392314138e+00,2.211599322285424218e+00,3.213921490517785085e+00,2.911478973381350865e+00,2.483106156187222080e+00,-3.227435665305412038e-01,-2.044060162485844268e-01,1.000000000000000000e+00
1.034000000000000696e+00,-3.680072038737368656e-01,-2.687312531940681537e-01,1.005565407417251755e+00,1.934839115664965581e+00,2.505367193561824024e+00,-2.920683802115450201e-01,9.669205837914133239e-01,7.441393035926655020e-02,2.406158969157606575e-01,-4.038739605845885483e-02,5.978894003241411070e+00,-4.590922037847903425e+00,4.615674831825862690e+00,2.243900413453222775e+00,3.283901866429115302e+00,2.883143039590013501e+00,2.473192126321884565e+00,-3.193115535100765623e-01,-2.002602326101990127e-01,1.000000000000000000e+00
1.036000000000000698e+00,-3.641375256424069229e-01,-2.637205188069445261e-01,1.004981270656828629e+00,1.946974378010970730e+00,2.501051562055562894e+00,-2.885992540677802531e-01,9.677289319828036307e-01,8.111706668919962948e-02,2.355826947878290611e-01,-3.770317773963831331e-02,5.898189479774623933e+00,-4.533945692649302472e+00,4.582099119851158697e+00,2.278251484219549816e+00,3.351406832932514845e+00,2.855028839945819019e+00,2.466853485036200055e+00,-3.158623110121830391e-01,-1.961350302472282536e-01,1.000000000000000000e+00
1.038000000000000700e+00,-3.602435768863849752e-01,-2.587184156828333803e-01,1.004404072148693094e+00,1.958936479759090465e+00,2.496404316263022505e+00,-2.849091464742951052e-01,9.684544013434792653e-01,8.773008575874161052e-02,2.305921957948937340e-01,-3.502490270787919635e-02,5.824303558990678198e+00,-4.471951547335696553e+00,4.543288205860031681e+00,2.314510779492112480e+00,3.416278573948123398e+00,2.827352266921745461e+00,2.464113154739370870e+00,-3.123961216145945130e-01,-1.920312403902089127e-01,1.000000000000000000e+00
1.040000000000000702e+00,-3.563257039268667992e-01,-2.537256070503073335e-01,1.003834253855744540e+00,1.970728464673676461e+00,2.491422983134778057e+00,-2.809979863951841406e-01,9.690976316315224048e-01,9.425816132228724553e-02,2.256503235566884591e-01,-3.235909252555665971e-02,5.757393382047117036e+00,-4.405401099368984497e+00,4.499387595879683843e+00,2.352533018043353241e+00,3.478376138230184100e+00,2.800328292112240991e+00,2.464976605776576069e+00,-3.089132685870882855e-01,-1.879496938654003635e-01,1.000000000000000000e+00
1.042000000000000703e+00,-3.523842469975194680e-01,-2.487427610840377834e-01,1.003272257882954266e+00,1.982353441449356879e+00,2.486104674384780555e+00,-2.768658855311657008e-01,9.696593318242445747e-01,1.007067054596900713e-01,2.207626161861654390e-01,-2.971206785558004604e-02,5.697575499470183935e+00,-4.334764383253338238e+00,4.450562833694830189e+00,2.392170149277613511e+00,3.537576035282123943e+00,2.774169528240006066e+00,2.469432154732082108e+00,-3.054140358191274052e-01,-1.838912209189606517e-01,1.000000000000000000e+00
1.044000000000000705e+00,-3.484195401146207294e-01,-2.437705517352682094e-01,1.002718526111891828e+00,1.993814573044759175e+00,2.480446090925278568e+00,-2.725131595448038180e-01,9.701402686175593093e-01,1.070813312574605547e-01,2.159342111678756448e-01,-2.708992709637839461e-02,5.644925880007924945e+00,-4.260517387004439271e+00,4.396998455135629591e+00,2.433272101159174028e+00,3.593772687457023718e+00,2.749084814856811221e+00,2.477451400000112436e+00,-3.018987077464614366e-01,-1.798566510389058570e-01,1.000000000000000000e+00
1.046000000000000707e+00,-3.444319109685312075e-01,-2.388096595534176525e-01,1.002173499792802236e+00,2.005115066047493677e+00,2.474443528479264742e+00,-2.679403490858460746e-01,9.705412549493070973e-01,1.133878147553135790e-01,2.111698323363191410e-01,-2.449852684325671756e-02,5.599480189658916807e+00,-4.183139487762437270e+00,4.338896834864924834e+00,2.475687512867504214e+00,3.646878735580047159e+00,2.725277843769283503e+00,2.488989785522005338e+00,-2.983675692769140464e-01,-1.758468127750300314e-01,1.000000000000000000e+00
1.048000000000000709e+00,-3.404216808364362024e-01,-2.338607724964591184e-01,1.001637619094630560e+00,2.016258159973481678e+00,2.468092884403644494e+00,-2.631482405327928986e-01,9.708631386722624823e-01,1.196320564356491423e-01,2.064737790051597022e-01,-2.194346426044554987e-02,5.561234332384906054e+00,-4.103110927190361856e+00,4.276476936789869399e+00,2.519264446178309136e+00,3.696825197525044793e+00,2.702945839370174852e+00,2.503987282033165229e+00,-2.948209057149763779e-01,-1.718625335567008916e-01,1.000000000000000000e+00
1.050000000000000711e+00,-3.363891645164892585e-01,-2.289245867276518409e-01,1.001111322613565058e+00,2.027247116408193772e+00,2.461389665762288459e+00,-2.581378863705764415e-01,9.711067915033041453e-01,1.258200425328686034e-01,2.018499172803824016e-01,-1.943006142779355946e-02,5.530145241115633326e+00,-4.020910346224337850e+00,4.209972979826583916e+00,2.563851070090667150e+00,3.743561481219421339e+00,2.682278307934057082e+00,2.522369173868948877e+00,-2.912590026855302883e-01,-1.679046395083673149e-01,1.000000000000000000e+00
1.052000000000000712e+00,-3.323346702836728617e-01,-2.240018073961272671e-01,1.000595046840824009e+00,2.038085207903985729e+00,2.454328998693111608e+00,-2.529106251269386818e-01,9.712730983740119894e-01,1.319578064354576252e-01,1.973016735727252946e-01,-1.696335170569546191e-02,5.506131905023219808e+00,-3.937012397424178634e+00,4.139633031162984977e+00,2.609296313821926727e+00,3.787055255499967910e+00,2.663455868581851682e+00,2.544046938356228083e+00,-2.876821460565486821e-01,-1.639739552631483688e-01,1.000000000000000000e+00
1.054000000000000714e+00,-3.282584998678648724e-01,-2.190931493987410550e-01,1.000089225590570230e+00,2.048775706556337450e+00,2.446905639117118891e+00,-2.474681007917197695e-01,9.713629473047870055e-01,1.380513904466728614e-01,1.928320303073058350e-01,-1.454806814184931435e-02,5.489076616723648883e+00,-3.851885451647749647e+00,4.065717539399203773e+00,2.655450483953082585e+00,3.827292184050151036e+00,2.646649177065142133e+00,2.568919204079603613e+00,-2.840906218607472389e-01,-1.600713037740351952e-01,1.000000000000000000e+00
1.056000000000000716e+00,-3.241609484547521847e-01,-2.141993381205068159e-01,9.995942893889867564e-01,2.059321872192141800e+00,2.439113984839863303e+00,-2.418122816437875966e-01,9.713772199195235268e-01,1.441068081596801331e-01,1.884435238115411138e-01,-1.218863392411729564e-02,5.478826421086695930e+00,-3.765989414076549302e+00,3.988497820006598804e+00,2.702165842214728109e+00,3.864275529293347944e+00,2.632017951820913026e+00,2.596872773850168237e+00,-2.804847162163023322e-01,-1.561975061230745365e-01,1.000000000000000000e+00
1.058000000000000718e+00,-3.200423047103678753e-01,-2.093211101508270777e-01,9.991106648256992129e-01,2.069726940115068192e+00,2.430948089096830689e+00,-2.359454784097855806e-01,9.713167827109460140e-01,1.501300076903754332e-01,1.841382443464491536e-01,-9.889154865404911621e-03,5.475194745727842260e+00,-3.679773662792007460e+00,3.908254505448180982e+00,2.749297141148605128e+00,3.898025634565661424e+00,2.619710109936567388e+00,2.627783698016295411e+00,-2.768647152464776551e-01,-1.523533813283358129e-01,1.000000000000000000e+00
1.060000000000000719e+00,-3.159028508301377491e-01,-2.044592139726334190e-01,9.986387738688796700e-01,2.079994108366164163e+00,2.422401675593826909e+00,-2.298703616773383196e-01,9.711824791581554761e-01,1.561268359961994756e-01,1.799178382314367275e-01,-7.653413889320320046e-03,5.477963192026761519e+00,-3.593675121180932130e+00,3.825275972059669183e+00,2.796702115616648943e+00,3.928579294131488098e+00,2.609861018806845401e+00,2.661518383824115208e+00,-2.732309049982672988e-01,-1.485397461486111237e-01,1.000000000000000000e+00
1.062000000000000721e+00,-3.117428626134054470e-01,-1.996144106214457759e-01,9.981790331455250298e-01,2.090126524471999758e+00,2.413468155091412548e+00,-2.235899784829313564e-01,9.709751227877725377e-01,1.621030044923600089e-01,1.757835119988811479e-01,-5.484867469626101937e-03,5.486883464673978139e+00,-3.508116473473018360e+00,3.739856755419078471e+00,2.844241928879212011e+00,3.955989021618846913e+00,2.602592867381115838e+00,2.697934726842283304e+00,-2.695835713600543970e-01,-1.447574148860480414e-01,1.000000000000000000e+00
1.064000000000000723e+00,-3.075626095644614644e-01,-1.947874743112629481e-01,9.977318531885591701e-01,2.100127271667560525e+00,2.404140643578778214e+00,-2.171077679915256742e-01,9.706954912586036599e-01,1.680640561583787718e-01,1.717360385023600777e-01,-3.386643962304769669e-03,5.501679417283110496e+00,-3.423504530720288042e+00,3.652295965451114679e+00,2.891781572678139511e+00,3.980322228237386462e+00,2.598014159052114636e+00,2.736883250987406591e+00,-2.659229999781367870e-01,-1.410071991865222973e-01,1.000000000000000000e+00
1.066000000000000725e+00,-3.033623550211263509e-01,-1.899791930241054028e-01,9.972976376525760633e-01,2.109999354596458598e+00,2.394411982077160772e+00,-2.104275761812569590e-01,9.703443215371240216e-01,1.740153343081388693e-01,1.677757648913704713e-01,-1.361543756532059002e-03,5.522049191508338062e+00,-3.340228752552927283e+00,3.562895711939080279e+00,2.939190221440586726e+00,4.001660322695300920e+00,2.596219326451533860e+00,2.778208244398570947e+00,-2.622494761723639378e-01,-1.372899078377445570e-01,1.000000000000000000e+00
1.068000000000000727e+00,-2.991423563119334217e-01,-1.851903690599510932e-01,9.968767825002134986e-01,2.119745684506641581e+00,2.384274758105985104e+00,-2.035536694424814885e-01,9.699223062175371668e-01,1.799619531759999447e-01,1.639026223558845696e-01,5.879588399501253738e-04,5.547667427353796477e+00,-3.258659928119386429e+00,3.471959550469729372e+00,2.986341541347363293e+00,4.020097745068165196e+00,2.597288466738939317e+00,2.821748879278432653e+00,-2.585632848506340120e-01,-1.336063465652490567e-01,1.000000000000000000e+00
1.070000000000000728e+00,-2.949028649429201177e-01,-1.804218195437391203e-01,9.964696751613285608e-01,2.129369063975335763e+00,2.373721328836400080e+00,-1.964907469962149655e-01,9.694300910259705528e-01,1.859087704504285565e-01,1.601161375361596084e-01,2.459712074629279068e-03,5.578187522927942510e+00,-3.179149017770857455e+00,3.379790958132631751e+00,3.033113955577348975e+00,4.035740946982297572e+00,2.601287194408675951e+00,2.867340304825400032e+00,-2.548647104223391024e-01,-1.299573178260167439e-01,1.000000000000000000e+00
1.072000000000000730e+00,-2.906441268149694279e-01,-1.756743768860663246e-01,9.960766936673360883e-01,2.138872171212274242e+00,2.362743845946839727e+00,-1.892439520328324243e-01,9.688682735337201812e-01,1.918603618652981457e-01,1.564154454868494359e-01,4.251881684093974934e-03,5.613243922748347714e+00,-3.102026155304216548e+00,3.286691847552052348e+00,3.079390867540372057e+00,4.048707330403582105e+00,2.608266607243455049e+00,2.914814703481616753e+00,-2.511540367109255656e-01,-1.263436206001509465e-01,1.000000000000000000e+00
1.074000000000000732e+00,-2.863663824725448670e-01,-1.709488891941726429e-01,9.956982057632703942e-01,2.148257544005041986e+00,2.351334282183755064e+00,-1.818188814680762044e-01,9.682374030896487849e-01,1.978209979378725558e-01,1.527993040796476742e-01,5.962944394565418936e-03,5.652454414805016647e+00,-3.027599808956469296e+00,3.192961127060003790e+00,3.125060844322422593e+00,4.059124157045019388e+00,2.618263359803450818e+00,2.964002301903576164e+00,-2.474315468651477889e-01,-1.227660501797327580e-01,1.000000000000000000e+00
1.076000000000000734e+00,-2.820698673845347670e-01,-1.662462206298051248e-01,9.953345680003342633e-01,2.157527563384463498e+00,2.339484459617827472e+00,-1.742215942100807102e-01,9.675379819670598680e-01,2.037946229217746097e-01,1.492661097253615288e-01,7.591680099771275399e-03,5.695422417906427448e+00,-2.956156097862308929e+00,3.098893314039069757e+00,3.170017762925121385e+00,4.067127439987512361e+00,2.631299837789107698e+00,3.014732329281358592e+00,-2.436975232695179350e-01,-1.192253979560986693e-01,1.000000000000000000e+00
1.078000000000000735e+00,-2.777548122577658263e-01,-1.615672517105694594e-01,9.949861248119140633e-01,2.166684437101114913e+00,2.327186079571956334e+00,-1.664586178285872575e-01,9.667704677058969187e-01,2.097848360232265619e-01,1.458139142944084310e-01,9.137162829476467435e-03,5.741739242319358283e+00,-2.887958259358934132e+00,3.004777207683058116e+00,3.214160922129663422e+00,4.072860828530045829e+00,2.647384425751178050e+00,3.066833916874615706e+00,-2.399522474535557004e-01,-1.157224512044607995e-01,1.000000000000000000e+00
1.080000000000000737e+00,-2.734214433835636116e-01,-1.569128795514255492e-01,9.946532075762568592e-01,2.175730183016103769e+00,2.314430754182213779e+00,-1.585369535159586452e-01,9.659352766171057647e-01,2.157948749097367003e-01,1.424404431141380323e-01,1.059875062327966626e-02,5.790986308333672561e+00,-2.823246261357355014e+00,2.910894626653867334e+00,3.257395123007215343e+00,4.076474496590326346e+00,2.666511859941165241e+00,3.120136933870325091e+00,-2.361959999999861393e-01,-1.122579928661895654e-01,1.000000000000000000e+00
1.082000000000000739e+00,-2.690699830175313778e-01,-1.522840180430611312e-01,9.943361336692249086e-01,2.184666612520067552e+00,2.301210039536985885e+00,-1.504640792291870033e-01,9.650327884027012360e-01,2.218276015223923092e-01,1.391431139220036528e-01,1.197607442438156436e-02,5.842737309095111797e+00,-2.762236553000927852e+00,2.817519216362547319e+00,3.299630721206361805e+00,4.078124044195201137e+00,2.688663657613111546e+00,3.174472755872032259e+00,-2.324290604519783088e-01,-1.088328013291209040e-01,1.000000000000000000e+00
1.084000000000000741e+00,-2.647006497924912494e-01,-1.476815979639871657e-01,9.940352055107665175e-01,2.193495314103724336e+00,2.287515470322845523e+00,-1.422479509030759037e-01,9.640633518326097162e-01,2.278854901861343818e-01,1.359190566553075130e-01,1.326902610708040331e-02,5.896560305815863323e+00,-2.705121946003813616e+00,2.724915329878029979e+00,3.340783654180967677e+00,4.077969420717810323e+00,2.713808613768822653e+00,3.229674963497987772e+00,-2.286517072191511235e-01,-1.054476502053056930e-01,1.000000000000000000e+00
1.086000000000000743e+00,-2.603136591642837838e-01,-1.431065670233414855e-01,9.937507096089603920e-01,2.202217637211167478e+00,2.273338595888535707e+00,-1.338970016272411079e-01,9.630272914079178737e-01,2.339706179969553990e-01,1.327651339608896253e-01,1.447774574990219609e-02,5.952019745257548955e+00,-2.652071618400456909e+00,2.633336985774661798e+00,3.380775446496220304e+00,4.076173877606200868e+00,2.741903356205447118e+00,3.285579969662403066e+00,-2.248642174826484263e-01,-1.021033081065421400e-01,1.000000000000000000e+00
1.088000000000000744e+00,-2.559092238898614258e-01,-1.385598898315644201e-01,9.934829156057058963e-01,2.210834676513324215e+00,2.258671017620999866e+00,-1.254201386836906185e-01,9.619249149298252366e-01,2.400846574509405695e-01,1.296779623115780211e-01,1.560260826367667296e-02,6.008678391152533216e+00,-2.603231231939463264e+00,2.543026905573579910e+00,3.419533196265504227e+00,4.072902957383922384e+00,2.772892949735160428e+00,3.342027575143152962e+00,-2.210668670990450502e-01,-9.880053841769846634e-02,1.000000000000000000e+00
1.090000000000000746e+00,-2.514875545368348009e-01,-1.340425477963224088e-01,9.932320753283385706e-01,2.219347256743491315e+00,2.243504427509910304e+00,-1.168267383475938698e-01,9.607565218844934529e-01,2.462288712675125557e-01,1.266539336203224009e-01,1.664420948066813385e-02,6.066099162956348323e+00,-2.558723154013654355e+00,2.454215632816245662e+00,3.456989545631188765e+00,4.068323524732598173e+00,2.806711540606690480e+00,3.398861452979012210e+00,-2.172599305032265893e-01,-9.554009906753439807e-02,1.000000000000000000e+00
1.092000000000000748e+00,-2.470488600233478049e-01,-1.295555389413025893e-01,9.929984218516433314e-01,2.227755918239592070e+00,2.227830647759865279e+00,-1.081266383614984256e-01,9.595224125461782050e-01,2.524041093481477760e-01,1.236892372475556778e-01,1.760335180719710402e-02,6.123846876981628995e+00,-2.518646774824342849e+00,2.367120735233375406e+00,3.493082638024204378e+00,4.062602844493290455e+00,2.843283032438377766e+00,3.455929563089681800e+00,-2.134436806101493445e-01,-9.232274229736986415e-02,1.000000000000000000e+00
1.094000000000000750e+00,-2.425933481868686181e-01,-1.250998776457828698e-01,9.927821685749202985e-01,2.236060903338702222e+00,2.211641671292579492e+00,-9.933012800273159637e-02,9.582228976945513788e-01,2.586108078021940315e-01,1.207798823023247536e-01,1.848102953816670516e-02,6.181489886529510258e+00,-2.483078910421129049e+00,2.281946090940179861e+00,3.527756064721214280e+00,4.055907710471101879e+00,2.882521785362276212e+00,3.513084499262896898e+00,-2.096183887154962344e-01,-8.914921442723106049e-02,1.000000000000000000e+00
1.096000000000000751e+00,-2.381212263801912032e-01,-1.206765943031977151e-01,9.925835083189148422e-01,2.244262143768468221e+00,2.194929702965258578e+00,-9.044793567502662501e-02,9.568583088370142820e-01,2.648489899631947808e-01,1.179217201429774153e-01,1.927841392764654757e-02,6.238601619090581529e+00,-2.452074282327415311e+00,2.198881259099777719e+00,3.560958802978702931e+00,4.048403628003778287e+00,2.924333330554740318e+00,3.570183771306498333e+00,-2.057843243952837964e-01,-8.602025561979405321e-02,1.000000000000000000e+00
1.098000000000000753e+00,-2.336327020926542708e-01,-1.162867348972671938e-01,9.924026124475647803e-01,2.252359249177294576e+00,2.177687201316143462e+00,-8.149121396848175991e-02,9.554290088230484868e-01,2.711182693122590748e-01,1.151104669885596177e-01,1.999683810526210401e-02,6.294762010019409715e+00,-2.425666064643043018e+00,2.118100935050618805e+00,3.592645147764331082e+00,4.040254052381598626e+00,2.968615092880380946e+00,3.627090025715123733e+00,-2.019417554043436980e-01,-8.293659964206864799e-02,1.000000000000000000e+00
1.100000000000000755e+00,-2.291279835942996723e-01,-1.119313604946349100e-01,9.922396300196277830e-01,2.260351496940622429e+00,2.159906920634229177e+00,-7.247152214677758664e-02,9.539354027352410226e-01,2.774178542194307706e-01,1.123417265574599283e-01,2.063778192366969369e-02,6.349558833283299286e+00,-2.403866489796581796e+00,2.039764489489411137e+00,3.622774638823187843e+00,4.031619684373787038e+00,3.015257114975925745e+00,3.683671208654743623e+00,-1.980909475737166747e-01,-7.989897362441078510e-02,1.000000000000000000e+00
1.102000000000000757e+00,-2.246072806004184297e-01,-1.076115466533664466e-01,9.920946869753342057e-01,2.268237823374335882e+00,2.141581953137580374e+00,-6.340080603692539729e-02,9.523779489405148624e-01,2.837465544096215431e-01,1.096110126551338576e-01,2.120285681793183941e-02,6.402588930942585854e+00,-2.386667504486184921e+00,1.964015590938080980e+00,3.651311984555516421e+00,4.022657823364491847e+00,3.064142776742527996e+00,3.739800675429730159e+00,-1.942321647068636081e-01,-7.690809781739606221e-02,1.000000000000000000e+00
1.104000000000000759e+00,-2.200708049536697630e-01,-1.033283827470912880e-01,9.919678853632603044e-01,2.276016816478368732e+00,2.122705771033793543e+00,-5.429137531468912481e-02,9.507571701852315371e-01,2.901027890563844247e-01,1.069137716378669167e-01,2.169379075319691555e-02,6.453459343929663916e+00,-2.374041467787163295e+00,1.890981910398528809e+00,3.678226983885586332e+00,4.013521777895927123e+00,3.115149504873481412e+00,3.795357250863674370e+00,-1.903656684748639139e-01,-7.396468534627756442e-02,1.000000000000000000e+00
1.106000000000000760e+00,-2.155187713207130373e-01,-9.908297120502369826e-02,9.918593026126308887e-01,2.283686710324039915e+00,2.103272268227116548e+00,-4.515587819790459201e-02,9.490736646191560988e-01,2.964845964045147997e-01,1.042454046844195070e-01,2.211241333276767196e-02,6.501788347459281248e+00,-2.365941883901790721e+00,1.820774906811524430e+00,3.703494447044808346e+00,4.004360332806219169e+00,3.168149467716809831e+00,3.850225245210769920e+00,-1.864917183104666809e-01,-7.106944196308455364e-02,1.000000000000000000e+00
1.108000000000000762e+00,-2.109513979000649520e-01,-9.487642666856946350e-02,9.917689908562350443e-01,2.291245381187643648e+00,2.083275801429818941e+00,-3.600727358014969154e-02,9.473281166356973815e-01,3.028896448210702252e-01,1.016012898119822983e-01,2.246064113444138852e-02,6.547206395022934444e+00,-2.362304162570844301e+00,1.753489691682356799e+00,3.727094115912076511e+00,3.995317271590670849e+00,3.223010251431601247e+00,3.904294430318211440e+00,-1.826105713009869291e-01,-6.822306579617749833e-02,1.000000000000000000e+00
1.110000000000000764e+00,-2.063689071376896556e-01,-9.070987506570982184e-02,9.916969763090747181e-01,2.298690345520483458e+00,2.062711230430691156e+00,-2.685880065823074633e-02,9.455213074192796441e-01,3.093152451737934405e-01,9.897680357711442778e-02,2.274046333893335603e-02,6.589356975402480998e+00,-2.363046400743356923e+00,1.689204971014373058e+00,3.749010584322480799e+00,3.986530952155844520e+00,3.279595514047903837e+00,3.957459980797360277e+00,-1.787224820800685510e-01,-6.542624709752217771e-02,1.000000000000000000e+00
1.112000000000000766e+00,-2.017715264466486969e-01,-8.658445260484844141e-02,9.916432587077582683e-01,2.306018759832029641e+00,2.041573957271261008e+00,-1.772394612862312341e-02,9.436541250950680748e-01,3.157583644360008601e-01,9.636734240620961622e-02,2.295392771025937806e-02,6.627897387485162994e+00,-2.368070179699797162e+00,1.627983062498002065e+00,3.769233218502737071e+00,3.978133933738282835e+00,3.337765614663211977e+00,4.009622384926172067e+00,-1.748277027184030330e-01,-6.267966798751255231e-02,1.000000000000000000e+00
1.114000000000000767e+00,-1.971594889269846496e-01,-8.250130469030592106e-02,9.916078108155009785e-01,2.313227422548348677e+00,2.019859964080518822e+00,-8.616409049996826344e-03,9.417275743814658151e-01,3.222156404176570454e-01,9.376834350352020175e-02,2.310312698414762611e-02,6.662499437885621489e+00,-2.377261372434320563e+00,1.569869985735557139e+00,3.787756077589378378e+00,3.970252652438089225e+00,3.397378215593925610e+00,4.060687329924126843e+00,-1.709264826132255999e-01,-5.998400219749135814e-02,1.000000000000000000e+00
1.116000000000000769e+00,-1.925330340818879604e-01,-7.846158476214488975e-02,9.915905779974010237e-01,2.320312777892603151e+00,1.997565849321740306e+00,4.499365089757102754e-04,9.397427856517368561e-01,3.286833975235071148e-01,9.117530528786381427e-02,2.319018571686405975e-02,6.692850066486268901e+00,-2.390490956712556070e+00,1.514895623136907510e+00,3.804577833981490631e+00,3.963007142577303465e+00,3.458288855855428778e+00,4.110565566100500057e+00,-1.670190683767070472e-01,-5.733991480954218900e-02,1.000000000000000000e+00
1.118000000000000771e+00,-1.878924085261027555e-01,-7.446645306350141436e-02,9.915914778704190136e-01,2.327270921818425986e+00,1.974688862210425722e+00,9.461080895496493115e-03,9.377010233176641396e-01,3.351576634406784883e-01,8.858380731184599399e-02,2.321724764325170526e-02,6.718651905007827274e+00,-2.407615829824704790e+00,1.463073948995553542e+00,3.819701693112826035e+00,3.956510800915581161e+00,3.520351494849689455e+00,4.159172754202046463e+00,-1.631057037231937734e-01,-5.474806199414301161e-02,1.000000000000000000e+00
1.120000000000000773e+00,-1.832378666824659164e-01,-7.051707533908056769e-02,9.916104000322100154e-01,2.334097610010537505e+00,1.951226935070477397e+00,1.840292020978386706e-02,9.356036934552663942e-01,3.416341866600247079e-01,8.598952961977623932e-02,2.318646358928278667e-02,6.739623773625333492e+00,-2.428479621641241870e+00,1.414403324144660079e+00,3.833135312059219313e+00,3.950870190638712920e+00,3.583419025598284513e+00,4.206429300067977550e+00,-1.591866293552654799e-01,-5.220909074518340770e-02,1.000000000000000000e+00
1.122000000000000774e+00,-1.785696714624448456e-01,-6.661462146893960823e-02,9.916472058726295558e-01,2.340788267950330681e+00,1.927178713406417332e+00,2.726129937055323665e-02,9.334523506001398685e-01,3.481084547375780658e-01,8.338827150245685382e-02,2.309997998097931132e-02,6.755501120466332665e+00,-2.452913503142946983e+00,1.368866853496580882e+00,3.844890716293211774e+00,3.946184881996567029e+00,3.647343757274202680e+00,4.252260180466120865e+00,-1.552620828488011084e-01,-4.972363861260865187e-02,1.000000000000000000e+00
1.124000000000000776e+00,-1.738880949265441955e-01,-6.276026404212677046e-02,9.917017284713706138e-01,2.347338003027462872e+00,1.902543583482739553e+00,3.602205670635748314e-02,9.312487036479014657e-01,3.545757132047438476e-01,8.077596960872134024e-02,2.295992798814952551e-02,6.766036408573637750e+00,-2.480736988132875798e+00,1.326432803682273676e+00,3.854984213757167488e+00,3.942547326457345402e+00,3.711977867143827492e+00,4.296594763710349874e+00,-1.513322985366346574e-01,-4.729233343265508427e-02,1.000000000000000000e+00
1.126000000000000778e+00,-1.691934189204892802e-01,-5.895517687516128869e-02,9.917737725847832753e-01,2.353741618662028134e+00,1.877321697217184449e+00,4.467106985218649573e-02,9.289946208033810215e-01,3.610309850382443786e-01,7.814871537502939003e-02,2.276841333798854117e-02,6.770999454601224876e+00,-2.511758726339432091e+00,1.287055077927918179e+00,3.863436305366367396e+00,3.940042761312792408e+00,3.777173822348882659e+00,4.339366628385435298e+00,-1.473975073912588696e-01,-4.491579305534272593e-02,1.000000000000000000e+00
1.128000000000000780e+00,-1.644859356831652186e-01,-5.520053348072691962e-02,9.918631147244876267e-01,2.359993630385817998e+00,1.851513994212733660e+00,5.319430271414461037e-02,9.266921335305834395e-01,3.674690906032610505e-01,7.550277173563760269e-02,2.252750683017906014e-02,6.770177723146550974e+00,-2.545777286583381649e+00,1.250673745231008605e+00,3.870271590976561260e+00,3.938749141760535810e+00,3.842784772221647049e+00,4.380513383208919365e+00,-1.434579369062247978e-01,-4.259462506978660412e-02,1.000000000000000000e+00
1.130000000000000782e+00,-1.597659484223935833e-01,-5.149750549230144858e-02,9.919695033299159581e-01,2.366088283815710014e+00,1.825122220773280679e+00,6.157785325025758039e-02,9.243434394639165053e-01,3.738846679856741018e-01,7.283458907690548711e-02,2.223923558167982539e-02,6.763376580217539846e+00,-2.582581929103981100e+00,1.217215620825180755e+00,3.875518669805027905e+00,3.938737097624796402e+00,3.908664912046215800e+00,4.419976490757779430e+00,-1.395138109765434731e-01,-4.032942652699269409e-02,1.000000000000000000e+00
1.132000000000000783e+00,-1.550337718547621646e-01,-4.784726105075488845e-02,9.920926590364165243e-01,2.372019574437575606e+00,1.798148945769960205e+00,6.980800180275877065e-02,9.219509042497171514e-01,3.802721936317436935e-01,7.014082040022009967e-02,2.190557502588625499e-02,6.750419508898559684e+00,-2.621953366517377315e+00,1.186594894850020010e+00,3.879210034277715380e+00,3.940069912052925893e+00,3.974669819359001544e+00,4.457701097484207509e+00,-1.355653497776802552e-01,-3.812078365976195177e-02,1.000000000000000000e+00
1.134000000000000785e+00,-1.502897327058870247e-01,-4.425096315921496493e-02,9.922322750400220936e-01,2.377781269105432305e+00,1.770597573248813061e+00,7.787125970670417952e-02,9.195170622956113649e-01,3.866260032159670179e-01,6.741833565888097346e-02,2.152844168727318167e-02,6.731148289826652586e+00,-2.663664513213161111e+00,1.158713806067247942e+00,3.881381956271189537e+00,3.942803519716190586e+00,4.040656764016214098e+00,4.493635872140373522e+00,-1.316127696435868411e-01,-3.596927160065464119e-02,1.000000000000000000e+00
1.136000000000000787e+00,-1.455341701676761690e-01,-4.070976801271734141e-02,9.923880175594355091e-01,2.383366929148027946e+00,1.742472351695560251e+00,8.575441789161117323e-02,9.170446164136877298e-01,3.929403126601893614e-01,6.466423523513627203e-02,2.110968674897191130e-02,6.705423148625527574e+00,-2.707481223280940874e+00,1.133463357386128800e+00,3.882074364725744520e+00,3.946986522257475816e+00,4.106484993354873048e+00,4.527732854425963183e+00,-1.276562829434431945e-01,-3.387545409700577770e-02,1.000000000000000000e+00
1.138000000000000789e+00,-1.407674363093801007e-01,-3.722482330932622152e-02,9.925595263952187164e-01,2.388769934963838715e+00,1.713778379899392856e+00,9.344459518719804014e-02,9.145364363517679562e-01,3.992092392293051240e-01,6.187586252445199247e-02,2.065109042698317493e-02,6.673122871980861959e+00,-2.753163017297598714e+00,1.110724069878360920e+00,3.881330713653512898e+00,3.952660218967137151e+00,4.172015993843438686e+00,4.559947315378995114e+00,-1.236960979572062219e-01,-3.183988322358171502e-02,1.000000000000000000e+00
1.140000000000000790e+00,-1.359898964394524179e-01,-3.379726654952743686e-02,9.927464155855930672e-01,2.393983511975634304e+00,1.684521609384613816e+00,1.009292860412116105e-01,9.119955562151920159e-01,4.054268226310756562e-01,5.905081559508160161e-02,2.015435716088089316e-02,6.634144893582445413e+00,-2.800463798498197932e+00,1.090366771874661023e+00,3.879197839604522802e+00,3.959858650901821431e+00,4.237113730650501786e+00,4.590237630735278351e+00,-1.197324187499784476e-01,-2.986309909264315415e-02,1.000000000000000000e+00
1.142000000000000792e+00,-1.312019294155011562e-01,-3.042822333075820979e-02,9.929482741576755034e-01,2.399000757807499440e+00,1.654708843406276664e+00,1.081964073569076507e-01,9.094251707894570602e-01,4.115870460497012551e-01,5.618695789213167674e-02,1.962111162691800720e-02,6.588405350715452080e+00,-2.849132558999432963e+00,1.072253419642061001e+00,3.875725807730961758e+00,3.968608656915931565e+00,4.301644866574079629e+00,4.618565168202005466e+00,-1.157654450453220463e-01,-2.794562956162784800e-02,1.000000000000000000e+00
1.144000000000000794e+00,-1.264039278998861648e-01,-2.711880564394565651e-02,9.931646669723893650e-01,2.403814670540493026e+00,1.624347732533392152e+00,1.152343441599323337e-01,9.068286307816937342e-01,4.176838570448199173e-01,5.328242795663316878e-02,1.905289557540972012e-02,6.535839111860456185e+00,-2.898914076846165866e+00,1.056237946042498876e+00,3.870967745666927584e+00,3.978929940314761549e+00,4.365478961757405685e+00,4.644894189316250532e+00,-1.117953720970767534e-01,-2.608798993791300661e-02,1.000000000000000000e+00
1.146000000000000796e+00,-1.215962985588051742e-01,-2.387011017887887346e-02,9.933951356607092498e-01,2.408418177898102641e+00,1.593446766870379339e+00,1.220319938091879858e-01,9.042094370063478159e-01,4.237111882495941395e-01,5.033564813167136498e-02,1.845116549015013777e-02,6.476399775266528991e+00,-2.949549604710005379e+00,1.042167133470593088e+00,3.864979664547139038e+00,3.990835145087589186e+00,4.428488655588705747e+00,4.669191766299789492e+00,-1.078223905602081895e-01,-2.429068268136790748e-02,1.000000000000000000e+00
1.148000000000000798e+00,-1.167794622030089713e-01,-2.068321664513811386e-02,9.936391996483275868e-01,2.412804167209260608e+00,1.562015264993953378e+00,1.285788084736392001e-01,9.015712335474639350e-01,4.296629778034757874e-01,4.734533222943156094e-02,1.781729106342790428e-02,6.410059638098083212e+00,-3.000777551086396766e+00,1.029881507262082607e+00,3.857820266593451564e+00,4.004329940912584540e+00,4.490549832133683417e+00,4.691427714068696631e+00,-1.038466863604480400e-01,-2.255419710423482021e-02,1.000000000000000000e+00
1.150000000000000799e+00,-1.119538538685904555e-01,-1.755918611515020628e-02,9.938963572652748102e-01,2.416965515994986102e+00,1.530063359708192738e+00,1.348648356068580800e-01,8.989177999366654293e-01,4.355331894571507489e-01,4.431049213511439877e-02,1.715255447596202715e-02,6.336809635429929699e+00,-3.052334154816318534e+00,1.019216245656545450e+00,3.849550738827449692e+00,4.019413116345319281e+00,4.551541770387707686e+00,4.711574537320682765e+00,-9.986844056263764757e-02,-2.087900906835968295e-02,1.000000000000000000e+00
1.152000000000000801e+00,-1.071199228366004896e-01,-1.449905939573382062e-02,9.941660869364885578e-01,2.420895123024617401e+00,1.497601980744766692e+00,1.408807561633154404e-01,8.962530423922432377e-01,4.413158322890695651e-01,4.123044332608617052e-02,1.645815046680131760e-02,6.256659248079026625e+00,-3.103954153701888430e+00,1.010002102289736969e+00,3.840234532603808315e+00,4.036076679823407787e+00,4.611347280570280205e+00,4.729607392397554122e+00,-9.588782923774281930e-02,-1.926558067977237124e-02,1.000000000000000000e+00
1.154000000000000803e+00,-1.022781325905512545e-01,-1.150385543424428669e-02,9.944478484488151748e-01,2.424585939689076319e+00,1.464642834558000928e+00,1.466179203147788546e-01,8.935809841706726653e-01,4.470049799748836428e-01,3.810480928737174783e-02,1.573518717394279190e-02,6.169636378020136647e+00,-3.155371447897260317e+00,1.002066337085561143e+00,3.829937128804938418e+00,4.054305968294793061e+00,4.669852827599882517e+00,4.745504063410215245e+00,-9.190502332900177263e-02,-1.771435998095777925e-02,1.000000000000000000e+00
1.156000000000000805e+00,-9.742896071117310153e-02,-8.574569765128284282e-03,9.947410842894447436e-01,2.428031001541544498e+00,1.431198381385239804e+00,1.520683804415761953e-01,8.909057550873703546e-01,4.525947895530652021e-01,3.493352480768012469e-02,1.498468772215365806e-02,6.075787189937186916e+00,-3.206319758637852235e+00,9.952336513166707421e-01,3.818725788694076861e+00,4.074079763467335802e+00,4.726948642814599033e+00,4.759244951915778010e+00,-8.792018851647798172e-02,-1.622578064017099822e-02,1.000000000000000000e+00
1.158000000000000806e+00,-9.257289870809001786e-02,-5.712173002357804133e-03,9.950452210503278883e-01,2.431223459860244684e+00,1.397281809761642624e+00,1.572249211916589284e-01,8.882315802685571970e-01,4.580795196320066043e-01,3.171683814357808412e-02,1.420759253025654333e-02,5.975175917315826979e+00,-3.256533282727850143e+00,9.893271225099797839e-01,3.806669290589022481e+00,4.095370415818492482e+00,4.782528824916480126e+00,4.770813079255971090e+00,-8.393348508048312229e-02,-1.480026163816610882e-02,1.000000000000000000e+00
1.160000000000000808e+00,-8.771045178836953116e-02,-2.917609382834518688e-03,9.953596708927111569e-01,2.434156613093539701e+00,1.362907008694911104e+00,1.620810864201358559e-01,8.855627682006723678e-01,4.634535479859950291e-01,2.845531204318888646e-02,1.340476230599015224e-02,5.867884631385877903e+00,-3.305747343041097963e+00,9.841691347915829668e-01,3.793837652684935779e+00,4.118143976629655256e+00,4.836491431033548949e+00,4.780194100497975995e+00,-7.994506776406579140e-02,-1.343820695282182086e-02,1.000000000000000000e+00
1.162000000000000810e+00,-8.284213856218244909e-02,-1.917953654446964522e-04,9.956838330655514158e-01,2.436823938054168082e+00,1.328088537719254836e+00,1.666312028430352310e-01,8.829036981478971535e-01,4.687113884896654814e-01,2.514982362487939299e-02,1.257698169252024524e-02,5.754012971175482605e+00,-3.353699035106874948e+00,9.795823001975991762e-01,3.780301842528845491e+00,4.142360338424015964e+00,4.888738558716337224e+00,4.787376328767757094e+00,-7.595508563368827404e-02,-1.214000524032803410e-02,1.000000000000000000e+00
1.164000000000000812e+00,-7.796849068607411559e-02,2.464381709993813171e-03,9.960170954712375124e-01,2.439219120736931590e+00,1.292841595059074367e+00,1.708704002612023154e-01,8.802588070119655717e-01,4.738477073428686848e-01,2.180156311079012310e-02,1.172496352678264325e-02,5.633677832942909802e+00,-3.400127869655440893e+00,9.753903664278724683e-01,3.766133473828498168e+00,4.167973384254187508e+00,4.939176419603068524e+00,4.792350768633934166e+00,-7.196368193926738765e-02,-1.090602951432605335e-02,1.000000000000000000e+00
1.166000000000000814e+00,-7.309005244460024808e-02,5.050064900111962338e-03,9.963588362717599178e-01,2.441336086642366343e+00,1.257181984141265252e+00,1.747946282331985235e-01,8.776325757115391868e-01,4.788573385403586125e-01,1.841203141973090165e-02,1.084935366612523391e-02,5.507013017304420721e+00,-3.444776410790789889e+00,9.714191064900652428e-01,3.751404491445306633e+00,4.194931146346484674e+00,4.987715405415521275e+00,4.795111157078792097e+00,-6.797099397249227459e-02,-9.736636822114274128e-03,1.000000000000000000e+00
1.168000000000000815e+00,-6.820738027131550973e-02,7.564428868394493244e-03,9.967084255282263605e-01,2.443169030497671201e+00,1.221126078700667028e+00,1.784006690995819655e-01,8.750295151610204547e-01,4.837352985433402419e-01,1.498303662887835383e-02,9.950736336214320230e-03,5.374168832477600688e+00,-3.487390909245099646e+00,9.674971856770882006e-01,3.736186845599567263e+00,4.223175974632746410e+00,5.034270146877338981e+00,4.795654010495313813e+00,-6.397715292417223421e-02,-8.632167918345635266e-03,1.000000000000000000e+00
1.170000000000000817e+00,-6.332104221032017199e-02,1.000668102579582719e-02,9.970652268664255136e-01,2.444712445275233126e+00,1.184690786725945300e+00,1.816861472847777770e-01,8.724541519307262849e-01,4.884768001127030024e-01,1.151668931882915588e-02,9.029639949915501188e-03,5.235311652206566357e+00,-3.527721929954092506e+00,9.634570013437377956e-01,3.720552156490778195e+00,4.252644715711273449e+00,5.078759566087542865e+00,4.793978676069722944e+00,-5.998228374023110293e-02,-7.592946935939749904e-03,1.000000000000000000e+00
1.172000000000000819e+00,-5.843161731976970197e-02,1.237606259924771759e-02,9.974285991609950219e-01,2.445961150418291208e+00,1.147893513493264628e+00,1.846495348265578540e-01,8.699110136718649633e-01,4.930772652667372857e-01,8.015396821841169056e-03,8.086543343884290691e-03,5.090623427124509881e+00,-3.565524972979480456e+00,9.591354910012271917e-01,3.704571370680958431e+00,4.283268902747581208e+00,5.121106922818920992e+00,4.790087385839160383e+00,-5.598650497641545487e-02,-6.619281054344722595e-03,1.000000000000000000e+00
1.174000000000000821e+00,-5.353969501893311722e-02,1.467184962623424745e-02,9.977978982306481281e-01,2.446910319192411087e+00,1.110752123932376989e+00,1.872901531068249248e-01,8.674046143907211404e-01,4.975323373292603324e-01,4.481856398482613434e-03,7.121882376936949921e-03,4.940301148539286480e+00,-3.600561086597219962e+00,9.543749043350110428e-01,3.688314410764844453e+00,4.314974956795217587e+00,5.161239855170311586e+00,4.783985311680213570e+00,-5.198992865183392487e-02,-5.711460165162828527e-03,1.000000000000000000e+00
1.176000000000000822e+00,-4.864587438054829294e-02,1.689335387409900135e-02,9.981724785368617514e-01,2.447555505090331707e+00,1.073284904564502540e+00,1.896081707805854222e-01,8.649394396568759191e-01,5.018378920373891550e-01,9.190473733535507511e-04,6.136056831948030407e-03,4.784556263892568495e+00,-3.632597471172331005e+00,9.490235348725285514e-01,3.671849819974140061e+00,4.347684399946078138e+00,5.199090414954343764e+00,4.775680619453218867e+00,-4.799266010112176323e-02,-4.869756534955365854e-03,1.000000000000000000e+00
1.178000000000000824e+00,-4.375076337036763047e-02,1.903992368322800569e-02,9.985516948784228797e-01,2.447892667226195584e+00,1.035510525243661606e+00,1.916045979225732276e-01,8.625199318301427498e-01,5.059900476816555637e-01,-2.669777734012920237e-03,5.129437561063445415e-03,4.623614043440274379e+00,-3.661408072256260304e+00,9.429364071865545815e-01,3.655244403504018358e+00,4.381314080639362452e+00,5.234595098171366701e+00,4.765184520530048040e+00,-4.399479782537601968e-02,-4.094424465716907900e-03,1.000000000000000000e+00
1.180000000000000826e+00,-3.885497803591524135e-02,2.111094473371532762e-02,9.989349040742679930e-01,2.447918194663055491e+00,9.974480009231821986e-01,1.932812764327084543e-01,8.601504753902141642e-01,5.099851742547745204e-01,-6.281103041580149600e-03,4.102373812451109297e-03,4.457712898024698056e+00,-3.686774161173941522e+00,9.359759157165682408e-01,3.638562868451034493e+00,4.415776411358606879e+00,5.267694870891538983e+00,4.752511318946725183e+00,-3.999643334189709881e-02,-3.385699951832376632e-03,1.000000000000000000e+00
1.182000000000000828e+00,-3.395914164658912771e-02,2.310584073556169044e-02,9.993214666271333924e-01,2.447628929624679373e+00,9.591166536570938650e-01,1.946408667623383271e-01,8.578353824517713777e-01,5.138199015891095067e-01,-9.911160053817589730e-03,3.055200675655024220e-03,4.287103648153521185e+00,-3.708484901218095597e+00,9.280124115269176022e-01,3.621867464360390976e+00,4.450979618839036256e+00,5.298335190853205923e+00,4.737678452468126800e+00,-3.599765103244524644e-02,-2.743800335392763707e-03,1.000000000000000000e+00
1.184000000000000830e+00,-2.906388378733976846e-02,2.502407404287587678e-02,9.997107483606580969e-01,2.447022189548976101e+00,9.205360750323887675e-01,1.956868310427822555e-01,8.555788785460348711e-01,5.174911264667236832e-01,-1.355593927546192880e-02,1.988246581890502299e-03,4.112048744960064894e+00,-3.726337897440899827e+00,9.189247335955657014e-01,3.605217626438416811e+00,4.486828006771040656e+00,5.326466025066809884e+00,4.720706525905817408e+00,-3.199852799040991264e-02,-2.168923957723654840e-03,1.000000000000000000e+00
1.186000000000000831e+00,-2.416983940824181734e-02,2.686514619294065598e-02,1.000102122022743734e+00,2.446095787945700817e+00,8.817260892128200300e-01,1.964234127160668086e-01,8.533850887474243585e-01,5.209960186898200396e-01,-1.721120263336611139e-02,9.018407953301588263e-04,3.932821443988287591e+00,-3.740139727929646885e+00,9.086006815409706228e-01,3.588669623551493437e+00,4.523222230861382087e+00,5.352041863714964265e+00,4.701619335117528387e+00,-2.799913386662198148e-02,-1.661249808966869463e-03,1.000000000000000000e+00
1.188000000000000833e+00,-1.927764783235041621e-02,2.862859837136629698e-02,1.000494968848175903e+00,2.444848054025416939e+00,8.427067167583691676e-01,1.968556127847430615e-01,8.512580242211876813e-01,5.243320261033371787e-01,-2.087249664523957438e-02,-2.036791684085551533e-04,3.749704933117576910e+00,-3.749706454375441922e+00,8.969374270449453901e-01,3.572276213153439794e+00,4.560059585973576191e+00,5.375021730639339523e+00,4.680443880216309971e+00,-2.399953071383726863e-02,-1.220937174649397872e-03,1.000000000000000000e+00
1.190000000000000835e+00,-1.438795172429958164e-02,3.031401180488303704e-02,1.000888680073745318e+00,2.443277851069950657e+00,8.034981393670233007e-01,1.969891628132827144e-01,8.492015692645547009e-01,5.274968785654320369e-01,-2.453516626990736790e-02,-1.327960259749499461e-03,3.562991416311068971e+00,-3.754864109694616037e+00,8.838418616153421725e-01,3.556086305291195515e+00,4.597234304919630254e+00,5.395369190711662100e+00,4.657210366640846644e+00,-1.999977282989845104e-02,-8.481252789909483197e-04,1.000000000000000000e+00
1.192000000000000837e+00,-9.501396022159679100e-03,3.192100808361708619e-02,1.001282658399371917e+00,2.441384593516733759e+00,7.641206656673138475e-01,1.968304948277293243e-01,8.472194689102131582e-01,5.304885908655240234e-01,-2.819436936995039361e-02,-2.470626810725917461e-03,3.372981155229604511e+00,-3.755449160441127532e+00,8.692308787498710387e-01,3.540144637815067608e+00,4.634637868343320477e+00,5.413052354403003363e+00,4.631952192880097741e+00,-1.599990659982401114e-02,-5.429329265914567592e-04,1.000000000000000000e+00
1.194000000000000838e+00,-4.618626835126211048e-03,3.344924941495171222e-02,1.001676319389027459e+00,2.439168262730520009e+00,7.245946981715067903e-01,1.963867082730113567e-01,8.453153171567049373e-01,5.333054645934325322e-01,-3.184509171428011320e-02,-3.631273709224034935e-03,3.179981471096029022e+00,-3.751308941756733351e+00,8.530315890092281528e-01,3.524491464873907631e+00,4.672159324989022089e+00,5.428043879882840983e+00,4.604705923805298973e+00,-1.199997033614221519e-02,-3.054581399690254532e-04,1.000000000000000000e+00
1.196000000000000840e+00,2.597096903348286925e-04,3.489843881129472275e-02,1.002069092805573547e+00,2.436629421436010023e+00,6.849407014806548899e-01,1.956655341986291430e-01,8.434925458857638336e-01,5.359460889668967720e-01,-3.548216244539188075e-02,-4.809459890542598301e-03,2.984305709514373461e+00,-3.742302062643272365e+00,8.351814669787045453e-01,3.509162260698347247e+00,4.709685621523221677e+00,5.440320973004737048e+00,4.575511248737963221e+00,-7.999994118393697479e-03,-1.357777955275638927e-04,1.000000000000000000e+00
1.198000000000000842e+00,5.132968533206849239e-03,3.626832021425602931e-02,1.002460423873970718e+00,2.433769226783980777e+00,6.451791718141817178e-01,1.946752968533507766e-01,8.417544145216642182e-01,5.384093406283512184e-01,-3.910026993376546078e-02,-6.004702202531223346e-03,2.786272171240406603e+00,-3.728298779408404151e+00,8.156284295888762692e-01,3.494187440579969550e+00,4.747101940951971244e+00,5.449865385565418663e+00,4.544410923575796346e+00,-3.999999631006934814e-03,-3.394725592908242299e-05,1.000000000000000000e+00
1.200000000000000844e+00,1.000050698677481045e-02,3.755867855788438958e-02,1.002849774467677424e+00,2.430589442021690694e+00,6.053306079185395427e-01,1.934248728781366167e-01,8.401040004824119611e-01,5.406943824252223862e-01,-4.269397794016993597e-02,-7.216469697786508791e-03,2.586203012157786141e+00,-3.709181335231520382e+00,7.943308457718560867e-01,3.479592100823924561e+00,4.784292048566751276e+00,5.456663412256418155e+00,4.511450696501460911e+00,4.440892098500626162e-14,-9.947598300641402602e-14,1.000000000000016875e+00
1.202000000000000846e+00,1.486168587081819134e-02,3.876933977372146872e-02,1.003236624213433625e+00,2.427092131536469743e+00,5.654118856699404949e-01,1.919252796143955664e-01,8.385441904670835056e-01,5.428006611911510015e-01,-4.625774200550199222e-02,-8.444178403217036250e-03,2.384480725212748897e+00,-3.684851841991351851e+00,7.713063378775196766e-01,3.466238464871614688e+00,4.821354213205579775e+00,5.460969599070908842e+00,4.476999850522435764e+00,3.999999963911093914e-03,-3.394793962741005089e-05,9.999999999904707337e-01
1.204000000000000847e+00,1.971587013389113074e-02,3.990016354506135260e-02,1.003620474772662474e+00,2.423279542956571220e+00,5.254360747369146711e-01,1.901896059879950029e-01,8.370776412399967281e-01,5.447279504211638423e-01,-4.978595933903606080e-02,-9.687147089483717430e-03,2.181546881396969617e+00,-3.655233241655203802e+00,7.466314707575928411e-01,3.454997173077435146e+00,4.858397470890349013e+00,5.463056249500054307e+00,4.441451024472513609e+00,7.999999423107695407e-03,-1.357886913950778762e-04,9.999999998476765128e-01
1.206000000000000849e+00,2.456242921980427221e-02,4.095103569453518305e-02,1.004000853984638564e+00,2.419154364708692384e+00,4.854159552277675926e-01,1.882313187152815370e-01,8.357067407627751798e-01,5.464763906552063677e-01,-5.327301985874438595e-02,-1.094455367969841657e-02,1.977842276447655534e+00,-3.620262934276929911e+00,7.203907203144774840e-01,3.445884941087283604e+00,4.895320177811779416e+00,5.462940037677996408e+00,4.404897348037565941e+00,1.199999708500065765e-02,-3.055130842852804562e-04,9.999999992305346197e-01
1.208000000000000851e+00,2.940073794922165584e-02,4.192186760499071879e-02,1.004377316622069083e+00,2.414719728620046801e+00,4.453640040209826401e-01,1.860642156137750081e-01,8.344336019182054809e-01,5.480464816674412987e-01,-5.671332382572784325e-02,-1.221543377808992359e-02,1.773805873597721794e+00,-3.579892979922974394e+00,6.926760922139597598e-01,3.438912152039739656e+00,4.932020284366671170e+00,5.460640929839223112e+00,4.367434608454649592e+00,1.599999080517200412e-02,-5.431058964830981495e-04,9.999999975733855351e-01
1.210000000000000853e+00,3.423017740646174673e-02,4.281259561303268207e-02,1.004749445053296553e+00,2.409979211920919351e+00,4.052923829300043579e-01,1.837023786787442547e-01,8.332600574308424157e-01,5.494390741115577903e-01,-6.010129923752691866e-02,-1.349867992599592705e-02,1.569873754304075941e+00,-3.534090255893104882e+00,6.635866713643299164e-01,3.434082755009019383e+00,4.968395702423493709e+00,5.456182087329803032e+00,4.329161057109248922e+00,1.999997759564742239e-02,-8.485459107845372273e-04,9.999999940885855310e-01
1.212000000000000854e+00,3.905013583030358254e-02,4.362318037889269251e-02,1.005116849810653967e+00,2.404936838627792728e+00,3.652129285825870819e-01,1.811601270883880788e-01,8.321876559848462307e-01,5.506553606763958664e-01,-6.343141890655606963e-02,-1.479304161748410187e-02,1.366478082043229403e+00,-3.482836568498731467e+00,6.332281076528566421e-01,3.431394201012655465e+00,5.004344663692931405e+00,5.449589770142048373e+00,4.290177192721235322e+00,2.399995363330909015e-02,-1.221805967745126509e-03,9.999999877689083050e-01
1.214000000000000856e+00,4.386000950755916672e-02,4.435360623605786451e-02,1.005479170064830674e+00,2.399597080280286843e+00,3.251371438904204769e-01,1.784519702916700368e-01,8.312176595313236493e-01,5.516968668055468594e-01,-6.669821715405242768e-02,-1.609712610008903755e-02,1.164046084075932352e+00,-3.426128718936219286e+00,6.017120438884939748e-01,3.430837416449755040e+00,5.039766067445410336e+00,5.440893241344237019e+00,4.250585522307866349e+00,2.799991426832271202e-02,-1.662853020135912629e-03,9.999999773899892475e-01
1.216000000000000858e+00,4.865920366811973818e-02,4.500388052383870463e-02,1.005836074005413971e+00,2.393964855998882868e+00,2.850761909822456808e-01,1.755925613242621253e-01,8.303510417696118306e-01,5.525654410333773470e-01,-6.989630605454490164e-02,-1.740939997928407298e-02,9.629990558456934524e-01,-3.363978523072047810e+00,5.691554922964602303e-01,3.432396813529256185e+00,5.074559815920573591e+00,5.430124672735864522e+00,4.210490301380554357e+00,3.199985403240823700e-02,-2.171648187001551378e-03,9.999999615127839192e-01
1.218000000000000860e+00,5.344713338011750081e-02,4.557403290580319677e-02,1.006187259128062506e+00,2.388045531824878331e+00,2.450408854731796482e-01,1.725966504896054299e-01,8.295884877795471901e-01,5.532632449881803582e-01,-7.302039117086758790e-02,-1.872819163844587076e-02,7.637513923922127912e-01,-3.296412785236821463e+00,5.356801662399498509e-01,3.436050336919426851e+00,5.108627135887355841e+00,5.417319052002088853e+00,4.169997255065961639e+00,3.599976664705373253e-02,-2.748146806695217492e-03,9.999999384860513985e-01
1.220000000000000862e+00,5.822322444376725609e-02,4.606411467674955545e-02,1.006532452429041768e+00,2.381844919299348273e+00,2.050416919443073804e-01,1.694790395339075273e-01,8.289303947748679624e-01,5.537927431109230803e-01,-7.606528672509349498e-02,-2.005169447927181506e-02,5.667096508364455332e-01,-3.223473226402685299e+00,5.014117741054004984e-01,3.441769545550429132e+00,5.141870884937283392e+00,5.402514091580685296e+00,4.129213282051408029e+00,3.999964503161557161e-02,-3.392298489742984202e-03,9.999999064486528866e-01
1.222000000000000863e+00,6.298691428236595502e-02,4.647419806063816938e-02,1.006871410508109577e+00,2.375369273234172685e+00,1.650887205094982990e-01,1.662545364361037170e-01,8.283768739415741100e-01,5.541566921353946462e-01,-7.902593015638237350e-02,-2.137797098092877879e-02,3.722716476339265057e-01,-3.145216367387884127e+00,4.664792824754455669e-01,3.449519728221043913e+00,5.174195841270314844e+00,5.385750139403139514e+00,4.088246143444494329e+00,4.399948131187336742e-02,-4.104047173470348753e-03,9.999998633320847929e-01
1.224000000000000865e+00,6.773765282883430217e-02,4.680437550165716942e-02,1.007203919580981877e+00,2.368625288625520575e+00,1.251917243508596511e-01,1.629379109263959791e-01,8.279277533193255545e-01,5.543581303725045872e-01,-8.189739602254393624e-02,-2.270495756969663145e-02,1.808255939044676186e-01,-3.061713367991615531e+00,4.310141558299338538e-01,3.459260051395090851e+00,5.205508975877655153e+00,5.367070091600441017e+00,4.047204138781417271e+00,4.799926682777488907e-02,-4.883331173047622542e-03,9.999998068627951042e-01
1.226000000000000867e+00,7.247490340608533921e-02,4.705475895035889089e-02,1.007529795402834605e+00,2.361620096658587187e+00,8.536009810986411317e-02,1.595438508400769118e-01,8.275825816788773270e-01,5.544003668381145555e-01,-8.467490920804700283e-02,-2.403047028456710074e-02,-7.250728265672912176e-03,-2.973049823205615727e+00,3.951495800555432925e-01,3.470943737334053925e+00,5.235719706240883120e+00,5.346519307211274885e+00,4.006195771546837037e+00,5.199899214191994190e-02,-5.730083235320648782e-03,9.999997345645814661e-01
1.228000000000000869e+00,7.719814359940251058e-02,4.722547914657861806e-02,1.007848883104514703e+00,2.354361259751955870e+00,4.560287702799597359e-02,1.560869194068801591e-01,8.273406333441201133e-01,5.542869702601560533e-01,-8.735385740718057401e-02,-2.535221121821103207e-02,-1.915907460799835260e-01,-2.879325517876496043e+00,3.590196770144003513e-01,3.484518270499458392e+00,5.264740130828335474e+00,5.324145524859252632e+00,3.965329406648685939e+00,5.599864704730528331e-02,-6.644230590993061014e-03,9.999996437610034761e-01
1.230000000000000870e+00,8.190686611890642121e-02,4.731668490063461324e-02,1.008161056943328360e+00,2.346856765590640492e+00,5.928736738355380731e-03,1.525815135701598935e-01,8.272009139035588765e-01,5.540217579969720640e-01,-8.992980285702878440e-02,-2.666777570697193359e-02,-3.718398308136393604e-01,-2.780654141398621881e+00,3.227587173185461622e-01,3.499925629974660168e+00,5.292485243899242242e+00,5.299998781312125651e+00,3.924712922351950795e+00,5.999822057565218358e-02,-7.625695006694854783e-03,9.999995315776990523e-01
1.232000000000000872e+00,8.660057965008770287e-02,4.732854237411132647e-02,1.008466219970468591e+00,2.339115020098719189e+00,-3.365400638198996069e-02,1.490418234247074813e-01,8.271621667530079103e-01,5.536087848948707535e-01,-9.239849330078783729e-02,-2.797466023811535571e-02,-5.476559855264535592e-01,-2.677162964202507212e+00,2.865003382876656346e-01,3.517102545504958933e+00,5.318873130302494090e+00,5.274131331772686337e+00,3.884453359194105282e+00,6.399770100522239602e-02,-8.674392836425681708e-03,9.999993949447647523e-01
1.234000000000000874e+00,9.127880969028513702e-02,4.726123436134734707e-02,1.008764303617317948e+00,2.331144839305416827e+00,-7.313739438036499785e-02,1.454817928570049379e-01,8.272228804089386545e-01,5.530523321088827160e-01,-9.475587216767338006e-02,-2.927027103749096568e-02,-7.187104845456635527e-01,-2.568992477963609300e+00,2.503767738316738933e-01,3.535980774637228929e+00,5.343825140184923050e+00,5.246597571702448448e+00,3.844656568401754182e+00,6.799707586900360923e-02,-9.790235074760289535e-03,9.999992305990685892e-01
1.236000000000000876e+00,9.594109936889597123e-02,4.711495957258661493e-02,1.009055267203031958e+00,2.322955440062522747e+00,-1.125138264898588730e-01,1.419150814670714911e-01,8.273812965302346223e-01,5.523568959067098882e-01,-9.699808796117619092e-02,-3.055193329607143113e-02,-8.846884639800310923e-01,-2.456296001592739753e+00,2.145181027054889611e-01,3.556487398344160944e+00,5.367266043696137245e+00,5.217453959921841466e+00,3.805426862282660139e+00,7.199633196241173039e-02,-1.097312740726863467e-02,9.999990350866374555e-01
1.238000000000000878e+00,1.005870102490210166e-01,4.688993191960690032e-02,1.009339097365966165e+00,2.314556429576064112e+00,-1.517760575467026474e-01,1.383550278467711447e-01,8.276354185851106937e-01,5.515271764719275049e-01,-9.912150285267884442e-02,-3.181690098954054885e-02,-1.045289462933157942e+00,-2.339239255179610399e+00,1.790515212332723649e-01,3.578545132454726385e+00,5.389124165972622116e+00,5.186758942684376095e+00,3.766866668998978263e+00,7.599545535137686159e-02,-1.222297026201601966e-02,9.999988047649024381e-01
1.240000000000000879e+00,1.052161231081731457e-01,4.658637980451349470e-02,1.009615807421659683e+00,2.305957793721088223e+00,-1.909171961175503696e-01,1.348146142855337071e-01,8.279830210995844375e-01,5.505680667186928501e-01,-1.011227004823955083e-01,-3.306236724122806753e-02,-1.200227915466360651e+00,-2.217999904145133261e+00,1.441006462011772404e-01,3.602072652219643789e+00,5.409331502885746268e+00,5.154572878396782798e+00,3.729076194049633308e+00,7.999443138024453503e-02,-1.353965886083585701e-02,9.999985358050436091e-01
1.242000000000000881e+00,1.098280386956153182e-01,4.620454541227839163e-02,1.009885436650230783e+00,2.297169884115196403e+00,-2.299307023813560447e-01,1.313064329706518374e-01,8.284216594241318177e-01,5.494846411265911224e-01,-1.029984929742035621e-01,-3.428547517524162258e-02,-1.349233593719404212e+00,-2.092767075918243069e+00,1.097848531764292479e-01,3.626984927301912354e+00,5.427823818164537961e+00,5.120957962604097524e+00,3.692153090652723346e+00,8.399324467932167693e-02,-1.492308327037505933e-02,9.999982241943099481e-01
1.244000000000000883e+00,1.144223784638457170e-01,4.574468400751567632e-02,1.010148049516172097e+00,2.288203403933982916e+00,-2.688103858018196513e-01,1.278426537457732493e-01,8.289486799559611097e-01,5.482821446008526722e-01,-1.047459271751681881e-01,-3.548332920363611587e-02,-1.492052002923152543e+00,-1.963740851487194794e+00,7.621865503252672758e-02,3.653193564542904337e+00,5.444540722688226531e+00,5.085978152845583189e+00,3.656192141096007209e+00,8.799187917316153573e-02,-1.637312845262783867e-02,9.999978657382539993e-01
1.246000000000000885e+00,1.189987852717136890e-01,4.520706323591203862e-02,1.010403734823663635e+00,2.279069392459623256e+00,-3.075504026180357342e-01,1.244349934877560376e-01,8.295612307556746723e-01,5.469659813600491471e-01,-1.063622901343918292e-01,-3.665300668889099472e-02,-1.628444729329606044e+00,-1.831131734186918880e+00,4.351112495415078441e-02,3.680607155916991946e+00,5.459425736863901868e+00,5.049699092967902203e+00,3.621284950968739924e+00,9.199031808786806153e-02,-1.788967431524213225e-02,9.999974560630269238e-01
1.248000000000000886e+00,1.235569240566329330e-01,4.459196243067596599e-02,1.010652604810639232e+00,2.269779208362480816e+00,-3.461452531730737081e-01,1.210946871586160295e-01,8.302562724988847842e-01,5.455417038505662175e-01,-1.078451138392331615e-01,-3.779156992083766015e-02,-1.758189742340780182e+00,-1.695160098073229094e+00,1.176536766500343306e-02,3.709131629155056231e+00,5.472426337119514095e+00,5.012188036464341856e+00,3.587519658013338386e+00,9.598854395909661719e-02,-1.947259576245130575e-02,9.999969906176700007e-01
1.250000000000000888e+00,1.280964824733578922e-01,4.389967192432981530e-02,1.010894794184956424e+00,2.260344511724550642e+00,-3.845897790929612703e-01,1.178324605858590557e-01,8.310305897055696445e-01,5.440150016846737602e-01,-1.091921792299203331e-01,-3.889607834548931831e-02,-1.881081652334692045e+00,-1.556055618203655122e+00,-1.892195792374059063e-02,3.738670598638659914e+00,5.483493987642626522e+00,4.973513768410088076e+00,3.554980657160867530e+00,9.998653863981310508e-02,-2.112176274395949349e-02,9.999964646763350729e-01
1.252000000000000890e+00,1.326171714968069903e-01,4.313049236614389242e-02,1.011130459106128088e+00,2.250777244822760537e+00,-4.228791603219537176e-01,1.146585050209893430e-01,8.318808021925434559e-01,5.423916905969100588e-01,-1.104015195161284074e-01,-3.996360098197020844e-02,-1.996931925863967949e+00,-1.414056685095245625e+00,-4.846106200146587523e-02,3.769125714298913188e+00,5.492584158574279840e+00,4.933746525568927233e+00,3.523748343128540128e+00,1.039842833076551898e-01,-2.283704030644173599e-02,9.999958733405263089e-01
1.254000000000000892e+00,1.371187259864524999e-01,4.228473404549998316e-02,1.011359776116170117e+00,2.241089611699461859e+00,-4.610089120139519436e-01,1.115824535223031710e-01,8.328033766972933183e-01,5.406777014117690738e-01,-1.114714228211981933e-01,-4.099122896290997853e-02,-2.105569060042105090e+00,-1.269409805564325922e+00,-7.676939099851823323e-02,3.800397006372235431e+00,5.499656331908899354e+00,4.892957914248885487e+00,3.493898871754517188e+00,1.079817584728193225e-01,-2.461828864100823466e-02,9.999952115413384135e-01
1.256000000000000894e+00,1.416009052098514132e-01,4.136271622147207755e-02,1.011582941023214666e+00,2.231294056556708316e+00,-4.989748812748799889e-01,1.086133592043325574e-01,8.337946386245810304e-01,5.388790690143540063e-01,-1.124004341813530233e-01,-4.197608813325479082e-02,-2.206838718030299962e+00,-1.122368992072804383e+00,-1.037719370500028299e-01,3.832383224067911875e+00,5.504673996420308413e+00,4.851220825519273916e+00,3.465503941069044469e+00,1.119789439856635482e-01,-2.646536313521608008e-02,9.999944740417019418e-01
1.258000000000000895e+00,1.460634933229648380e-01,4.036476645892232012e-02,1.011800167741623291e+00,2.221403241020103003e+00,-5.367732437461701922e-01,1.057596753922058486e-01,8.348507838705245820e-01,5.370019213147289028e-01,-1.131873569285292286e-01,-4.291535164243447109e-02,-2.300603827601094942e+00,-9.731951426155317497e-01,-1.294014888004388908e-01,3.864982166315236167e+00,5.507604632894034680e+00,4.808609347401720413e+00,3.438630592877898184e+00,1.159758190440971504e-01,-2.837811441956716862e-02,9.999936554385291387e-01
1.260000000000000897e+00,1.505062998050050449e-01,3.929121997142998035e-02,1.012011687092407630e+00,2.211430020326831780e+00,-5.744005000160349317e-01,1.030292377150636013e-01,8.359678906823378997e-01,5.350524681961726925e-01,-1.138312534862962883e-01,-4.380625246520283150e-02,-2.386744644779023705e+00,-8.221554130809923810e-01,-1.535988231007026639e-01,3.898091003002343236e+00,5.508419691017714115e+00,4.765198673710089317e+00,3.413341035478084873e+00,1.199723622012118796e-01,-3.035638841889465311e-02,9.999927501650018868e-01
1.262000000000000899e+00,1.549291598456587205e-01,3.814241897139791088e-02,1.012217745567837834e+00,2.201387418501078219e+00,-6.118534718419945673e-01,1.004292481680908178e-01,8.371419315154365881e-01,5.330369904373994938e-01,-1.143314456088185271e-01,-4.464609578721912692e-02,-2.465158784552349047e+00,-6.695225839111307309e-01,-1.763128376633553984e-01,3.931606585231664841e+00,5.507094559181631155e+00,4.721065009216211195e+00,3.389692487898974704e+00,1.239685513729700261e-01,-3.240002639942929363e-02,9.999917524926820178e-01
1.264000000000000901e+00,1.593319346826608807e-01,3.691871202771392080e-02,1.012418604064174055e+00,2.191288602588028489e+00,-6.491292981661025419e-01,9.796626116810569496e-02,8.383687848531898856e-01,5.309618285990587161e-01,-1.146875140929320969e-01,-4.543227119254797386e-02,-2.535761220609090927e+00,-5.155744227725589379e-01,-1.975006252349653935e-01,3.965425743377014811e+00,5.503608528473304951e+00,4.676285470893360774e+00,3.367737045920066397e+00,1.279643638451819498e-01,-3.450886501853744903e-02,9.999906565337175479e-01
1.266000000000000902e+00,1.637145118878369499e-01,3.562045343138171838e-02,1.012614536586510239e+00,2.181146856025215186e+00,-6.862254309025951349e-01,9.564617162261389305e-02,8.396442469581245627e-01,5.288333718654293358e-01,-1.148992979931998115e-01,-4.616226459170189034e-02,-2.598484255985514135e+00,-3.605930448365647356e-01,-2.171274903115441302e-01,3.999445571850366310e+00,5.497944752045082595e+00,4.630937985006849722e+00,3.347521569912990547e+00,1.319597762812936281e-01,-3.668273637133268039e-02,9.999894562429672007e-01
1.268000000000000904e+00,1.680768055998873856e-01,3.424800256957653138e-02,1.012805828929755458e+00,2.170975551236790313e+00,-7.231396304769386330e-01,9.347420502710894474e-02,8.409640435268732617e-01,5.266580468331800713e-01,-1.149668933692975237e-01,-4.683366983062113575e-02,-2.653277466422929720e+00,-2.048642721487155260e-01,-2.351669098612286790e-01,4.033563699724557416e+00,5.490090201007130410e+00,4.585101179892657974e+00,3.329087594418765228e+00,1.359547647299610418e-01,-3.892146804189167142e-02,9.999881454202919073e-01
1.270000000000000906e+00,1.724187567023609535e-01,3.280172330862265312e-02,1.012992777339809747e+00,2.160788121542527751e+00,-7.598699610948652650e-01,9.145490959994986846e-02,8.423238412245132034e-01,5.244423062403320568e-01,-1.148906515943047130e-01,-4.744419992305658890e-02,-2.700107618117000730e+00,-4.867699345468834426e-02,-2.516004399243599865e-01,4.067678546508350479e+00,5.480035617879620347e+00,4.538854274298254055e+00,3.312471259199315732e+00,1.399493046319140177e-01,-4.122488314816052934e-02,9.999867177125159046e-01
1.272000000000000908e+00,1.767403329454459993e-01,3.128198338643291970e-02,1.013175687159009630e+00,2.150598032478741928e+00,-7.964147857203945913e-01,8.959215045860750848e-02,8.437192590771687151e-01,5.221926176301233680e-01,-1.146711772514560218e-01,-4.799169785117573389e-02,-2.738958561414785109e+00,1.076774742639875770e-01,-2.664175703360497360e-01,4.101689562568233249e+00,5.467775468589779919e+00,4.492276961230918353e+00,3.297703261383069684e+00,1.439433708275590362e-01,-4.359280039095381198e-02,9.999851666156969188e-01
1.274000000000000909e+00,1.810415290104034902e-01,2.968915381499213219e-02,1.013354871459926754e+00,2.140418752632954558e+00,-8.327727607426252954e-01,8.788910583531846232e-02,8.451458797047942673e-01,5.199154519462910740e-01,-1.143093256456894635e-01,-4.847414688183012549e-02,-2.769831101872039181e+00,2.639060213982406533e-01,-2.796155301548871597e-01,4.135497453855084160e+00,5.453307893873523327e+00,4.445449287301762809e+00,3.284808828184429430e+00,1.479369375642978213e-01,-4.602503410147562590e-02,9.999834854771583181e-01
1.276000000000000911e+00,1.853223665156694122e-01,2.802360829350688046e-02,1.013530649671597450e+00,2.130263724097934741e+00,-8.689428303124028252e-01,8.634826532434251856e-02,8.465992603788994320e-01,5.176172720583340769e-01,-1.138061999549347530e-01,-4.888968034878372199e-02,-2.792742849931479032e+00,4.197143774201016475e-01,-2.911990466850860049e-01,4.169004390760358447e+00,5.436634660846152656e+00,4.398451527616395573e+00,3.273807709570530466e+00,1.519299785036611894e-01,-4.852139428889756800e-02,9.999816674976953479e-01
1.278000000000000913e+00,1.895828939638652955e-01,2.628572263288207408e-02,1.013703346202246225e+00,2.120146332653690457e+00,-9.049242203316775202e-01,8.497143014709154785e-02,8.480749438926015182e-01,5.153045212175554335e-01,-1.131631480445558086e-01,-4.923659085428661042e-02,-2.807728050324850066e+00,5.748077377439440028e-01,-3.011800612472779748e-01,4.202114201077938205e+00,5.417761115396249494e+00,4.351364056314507067e+00,3.264714190144566874e+00,1.559224667287555377e-01,-5.108168668657242506e-02,9.999797057335930717e-01
1.280000000000000915e+00,1.938231866291726668e-01,2.447587419221871827e-02,1.013873289062540373e+00,2.110079877788094471e+00,-9.407164320805159186e-01,8.375971541547706789e-02,8.495684692327724052e-01,5.129836114470754937e-01,-1.123817589667245043e-01,-4.951333884666719171e-02,-2.814837392140943972e+00,7.288913848812023089e-01,-3.095774050846911152e-01,4.234732547204584918e+00,5.396696135952452344e+00,4.304267212922670893e+00,3.257537119435478523e+00,1.599143747510556324e-01,-5.370571279966895872e-02,9.999775930987331307e-01
1.282000000000000917e+00,1.980433463847488529e-01,2.259444132805768501e-02,1.014040808493371415e+00,2.100077542668082664e+00,-9.763192354690752861e-01,8.271355436786544113e-02,8.510753820461834929e-01,5.106609118715200735e-01,-1.114638591647915539e-01,-4.971856053408865023e-02,-2.814137800343264662e+00,8.816713031098377673e-01,-3.164164389877912043e-01,4.266767087823658322e+00,5.373452089045613000e+00,4.257241164729487437e+00,3.252279959699422296e+00,1.639056745179505725e-01,-5.639326995235194318e-02,9.999753223667466884e-01
1.284000000000000918e+00,2.022435014700850187e-01,2.064180285711953583e-02,1.014206235602107098e+00,2.090152364173812227e+00,-1.011732661904531927e+00,8.183270454617334877e-02,8.525912448934287458e-01,5.083427369946836860e-01,-1.104115084009616443e-01,-4.985107509825253275e-02,-2.805712209365017973e+00,1.032854785951528909e+00,-3.217286603800407763e-01,4.298127624460656548e+00,5.348044786977974141e+00,4.210365765448935704e+00,3.248940850283024151e+00,1.678963374197071090e-01,-5.914415133189265816e-02,9.999728861729684226e-01
1.286000000000000920e+00,2.064238061984326467e-01,1.861833753331047087e-02,1.014369901011199504e+00,2.080317203107755475e+00,-1.046956996765889381e+00,8.111625587691373429e-02,8.541116472860182940e-01,5.060353349361004227e-01,-1.092269954238024032e-01,-4.990989117561311916e-02,-2.789659319260912707e+00,1.182151035813625350e+00,-3.255512817348472088e-01,4.328726233403143553e+00,5.320493447817650434e+00,4.163720410490199697e+00,3.247512687553479882e+00,1.718863342965466501e-01,-6.195814603840688051e-02,9.999702770166143395e-01
1.288000000000000922e+00,2.105844406046481487e-01,1.652442353977869038e-02,1.014532133522953350e+00,2.070584714689605033e+00,-1.081992771482540583e+00,8.056264061336362858e-02,8.556322155033997401e-01,5.037448756401151639e-01,-1.079128333903462272e-01,-4.989421257757294115e-02,-2.766093334756466238e+00,1.329271755206665739e+00,-3.279267842854829973e-01,4.358477383565101171e+00,5.290820657792535187e+00,4.117383889187944845e+00,3.247983219349349859e+00,1.758756354457791105e-01,-6.483503912816956927e-02,9.999674872627251077e-01
1.290000000000000924e+00,2.147256100340273477e-01,1.436043799681360929e-02,1.014693258804180154e+00,2.060967319445972112e+00,-1.116840755215661174e+00,8.016964509065284405e-02,8.571486221877639977e-01,5.014774390736592702e-01,-1.064717550558014203e-01,-4.980344322514084626e-02,-2.735143687407823876e+00,1.473931728994414048e+00,-3.289024510505545451e-01,4.387298040976419067e+00,5.259052336079489187e+00,4.071434234399910146e+00,3.250335152891463686e+00,1.798642106286951758e-01,-6.777461166039699947e-02,9.999645091442976863e-01
1.292000000000000925e+00,2.188475446729192808e-01,1.212675648638228756e-02,1.014853598094361375e+00,2.051477174601306519e+00,-1.151501946144761535e+00,7.993442324043235903e-02,8.586565957153532436e-01,4.992390034315038472e-01,-1.049067077421979161e-01,-4.963719127763110278e-02,-2.696954740970774367e+00,1.615849397171344792e+00,-3.285298832278640280e-01,4.415107760649031654e+00,5.225217701884825594e+00,4.025948569914385544e+00,3.254546275073761041e+00,1.838520290776859412e-01,-7.077664074317624454e-02,9.999613347642357652e-01
1.294000000000000927e+00,2.229504990221218841e-01,9.823752594092764398e-03,1.015013466940842157e+00,2.042126146073312221e+00,-1.185977562364932680e+00,7.985351180687098871e-02,8.601519293436125091e-01,4.970354333702320382e-01,-1.032208480956682828e-01,-4.939527243914552251e-02,-2.651685479978505011e+00,1.754747417691214562e+00,-3.268645040087378995e-01,4.441828766626358060e+00,5.189349243595052563e+00,3.981002956141832083e+00,3.260589584040725519e+00,1.878390595030925425e-01,-7.384089957882622457e-02,9.999579560973890224e-01
1.296000000000000929e+00,2.270347513142685070e-01,7.451797469362898829e-03,1.015173173964455833e+00,2.032925781172397528e+00,-1.220269032403559883e+00,7.992284720114170571e-02,8.616304901339245648e-01,4.948724682945108699e-01,-1.014175366405247747e-01,-4.907771243078953849e-02,-2.599509181444695116e+00,1.890353218892406817e+00,-3.239650538376394051e-01,4.467386021072045743e+00,5.151482689704415918e+00,3.936672234596936715e+00,3.268433430962057518e+00,1.918252701002547411e-01,-7.696715750834925984e-02,9.999543649926136979e-01
1.298000000000000931e+00,2.311006028766132980e-01,5.011259404555779180e-03,1.015333019658858138e+00,2.023887282100433449e+00,-1.254377985368596127e+00,8.013778392737454237e-02,8.630882276498687000e-01,4.927557107214418086e-01,-9.950033213685130495e-02,-4.868474862080991034e-02,-2.540613069540672342e+00,2.022399541081275398e+00,-3.198930810878171105e-01,4.491707283317442290e+00,5.111656981163298141e+00,3.893029871711670697e+00,3.278041670935337493e+00,1.958106285563605553e-01,-8.015518005775845722e-02,9.999505531747265863e-01
1.300000000000000933e+00,2.351483774408141547e-01,2.502503433818587062e-03,1.015493295226712833e+00,2.015021480339445059e+00,-1.288306240743518849e+00,8.049311450908963605e-02,8.645211824309461113e-01,4.906906147507750782e-01,-9.747298574699350682e-02,-4.821683080908417685e-02,-2.475197953047147070e+00,2.150624966842702435e+00,-3.147124320445745527e-01,4.514723159775149597e+00,5.069914244682573568e+00,3.850147802526938889e+00,3.289373821943930576e+00,1.997951020571679948e-01,-8.340472898247242028e-02,9.999465122464696876e-01
1.302000000000000934e+00,2.391784204014930360e-01,-7.410904766845050409e-05,1.015654281455731001e+00,2.006338812015814987e+00,-1.322055797847141889e+00,8.098309084159906190e-02,8.659254942415417489e-01,4.886824746705777933e-01,-9.533943501511155105e-02,-4.767462116662125188e-02,-2.403477845348770625e+00,2.274774439650035340e+00,-3.084887439851580204e-01,4.536367145666337919e+00,5.026299766485657905e+00,3.808096274837258655e+00,3.302385230832236118e+00,2.037786572940110119e-01,-8.671556231017518712e-02,9.999422336904748576e-01
1.304000000000000936e+00,2.431910980255246602e-01,-2.718220643362734539e-03,1.015816247637414182e+00,1.997849294320180880e+00,-1.355628824979522973e+00,8.160144689279251462e-02,8.672974100945828324e-01,4.867364137295299709e-01,-9.310379766286662473e-02,-4.705899333492910563e-02,-2.325679566723260816e+00,2.394599770345831491e+00,-3.012889450207731357e-01,4.556575659536073353e+00,4.980861965971890015e+00,3.766943694382034469e+00,3.317027245299319027e+00,2.077612604704643928e-01,-9.008743438845101537e-02,9.999377088713421458e-01
1.306000000000000938e+00,2.471867966141650108e-01,-5.429478293321780662e-03,1.015979450531199868e+00,1.989562503057664467e+00,-1.389027648277772808e+00,8.234142267182432973e-02,8.686332920488809561e-01,4.848573731083487548e-01,-9.077036520334128000e-02,-4.637103069424616114e-02,-2.242042328680458052e+00,2.509860131057794597e+00,-2.931807642212899134e-01,4.575288071471889317e+00,4.933652368648473896e+00,3.726756471663990045e+00,3.333247390915505370e+00,2.117428773092786543e-01,-9.352009592718957265e-02,9.999329290374729950e-01
1.308000000000000940e+00,2.511659216202803413e-01,-8.207533589877327035e-03,1.016144133376543524e+00,1.981487551397254299e+00,-1.422254740308308563e+00,8.319578938289162728e-02,8.699296247785892611e-01,4.830501011239188847e-01,-8.834359637445778068e-02,-4.561202381370132314e-02,-2.152817300122638944e+00,2.620322536105704092e+00,-2.842322553797366202e-01,4.592446725986762956e+00,4.884725577705754773e+00,3.687598871001317224e+00,3.350989552234360236e+00,2.157234730588175609e-01,-9.701329404127534417e-02,9.999278853230597619e-01
1.310000000000000941e+00,2.551288967230748717e-01,-1.105204307049394499e-02,1.016310524955309269e+00,1.973633069883251157e+00,-1.455312708424564949e+00,8.415687567928872848e-02,8.711830229125149261e-01,4.813191427004935297e-01,-8.582811039244833684e-02,-4.478346710043826229e-02,-2.058267155129749781e+00,2.725762309444445641e+00,-2.745113375942570544e-01,4.607996960485795768e+00,4.834139243580367840e+00,3.649532862412733003e+00,3.370194157105498078e+00,2.197030125000356549e-01,-1.005667722976539835e-01,9.999225687500112869e-01
1.312000000000000943e+00,2.590761628628413527e-01,-1.396266848734307488e-02,1.016478838706667887e+00,1.966007187765753894e+00,-1.488204282921215205e+00,8.521659493113852013e-02,8.723902381402958151e-01,4.796688291428480300e-01,-8.322868002535353804e-02,-4.388705466859654791e-02,-1.958665602220575952e+00,2.825963538173221323e+00,-2.640853556467219754e-01,4.621887120182743836e+00,4.781954030778158504e+00,3.612617976918005791e+00,3.390798363320327802e+00,2.236814599529868275e-01,-1.041802707563164176e-01,9.999169702299175455e-01
1.314000000000000945e+00,2.630081772383728866e-01,-1.693907705318550491e-02,1.016649271896530093e+00,1.958617515701125855e+00,-1.520932305018175779e+00,8.636647341899399144e-02,8.735481660816192262e-01,4.781032682464723127e-01,-8.055022448607351837e-02,-4.292467545276033164e-02,-1.854296894997536915e+00,2.920719511628659948e+00,-2.530206629474953117e-01,4.634068570350549976e+00,4.728233581303147304e+00,3.576911165850693575e+00,3.412736246802853035e+00,2.276587792835176316e-01,-1.078535260144093400e-01,9.999110805659219281e-01
1.316000000000000947e+00,2.669254122697751197e-01,-1.998094166322185797e-02,1.016822004843368044e+00,1.951471129867448751e+00,-1.553499714709303925e+00,8.759767936440249203e-02,8.746538529138133677e-01,4.766263347798153638e-01,-7.779780214417002238e-02,-4.189840759404803161e-02,-1.745455324153452281e+00,3.009833145563664214e+00,-2.413822295900609205e-01,4.644495706696934789e+00,4.673044473964083956e+00,3.542466664747773386e+00,3.435938990577751095e+00,2.316349339097190096e-01,-1.115862712498909559e-01,9.999048904545722039e-01
1.318000000000000949e+00,2.708283545295100403e-01,-2.308794109264046546e-02,1.016997200202096829e+00,1.944574557534067827e+00,-1.585909538512279671e+00,8.890105270783714431e-02,8.757045017522515629e-01,4.752416613732075579e-01,-7.497660305541137271e-02,-4.081051213040046144e-02,-1.632444690897040473e+00,3.093117390899909225e+00,-2.292332778228624579e-01,4.653125964634863720e+00,4.616456178876791050e+00,3.509335862376832260e+00,3.460335073815416607e+00,2.356098868087901366e-01,-1.153782362646182946e-01,9.998983904878917528e-01
1.320000000000000950e+00,2.747175036445781982e-01,-2.625976016966502513e-02,1.017175002307512566e+00,1.937933764118525026e+00,-1.618164877157499237e+00,9.026713554398366202e-02,8.766974787770984712e-01,4.739526298484094680e-01,-7.209194130796196809e-02,-3.966342602581186816e-02,-1.515577761939588042e+00,3.170395626528939914e+00,-2.166349469985106024e-01,4.659919828165301148e+00,4.558541006495000047e+00,3.477567175440445357e+00,3.485850460304424026e+00,2.395836005232769850e-01,-1.192291475258997480e-01,9.998915711550422358e-01
1.322000000000000952e+00,2.785933711728152407e-01,-2.949608992398002408e-02,1.017355536578600450e+00,1.931554141758526466e+00,-1.650268893254773328e+00,9.168620312413766626e-02,8.776303190990354386e-01,4.727623630217714368e-01,-6.914924718413882621e-02,-3.845975457621925858e-02,-1.395175706278138250e+00,3.241502035623613942e+00,-2.036459898024993720e-01,4.664840839016116014e+00,4.499374050497524813e+00,3.447205929474081998e+00,3.512408785749919993e+00,2.435560371676377400e-01,-1.231387282108897807e-01,9.998844228443735105e-01
1.324000000000000954e+00,2.824564794563322878e-01,-3.279662771048957176e-02,1.017538908984848778e+00,1.925440499421066098e+00,-1.682224798977422164e+00,9.314829533551069463e-02,8.785007323556980330e-01,4.716737170127341394e-01,-6.615405913678421013e-02,-3.720226323250003242e-02,-1.271567514107114105e+00,3.306281964912147320e+00,-1.903225012997881160e-01,4.667855606624655707e+00,4.439033123920098411e+00,3.418294246431001326e+00,3.539931543354978505e+00,2.475271584347940035e-01,-1.271066982474025053e-01,9.998769358451680134e-01
1.326000000000000956e+00,2.863073604551744089e-01,-3.616107730844441565e-02,1.017725205575519709e+00,1.919597054565466809e+00,-1.714035843803904724e+00,9.464324856749492532e-02,8.793066080296940701e-01,4.706892740878814152e-01,-6.311201557952948737e-02,-3.589386888351129429e-02,-1.145089398288140492e+00,3.364592266358199968e+00,-1.767176820644234814e-01,4.668933819501045690e+00,4.377598687941082645e+00,3.390870939425234099e+00,3.568338267201658365e+00,2.514969256025541000e-01,-1.311327743574537408e-01,9.998691003495663310e-01
1.328000000000000957e+00,2.901465545643053257e-01,-3.958914899605222443e-02,1.017914492072654609e+00,1.914027426371947671e+00,-1.745705302357252853e+00,9.616072787527023269e-02,8.800460204782308837e-01,4.698113360689801232e-01,-6.002884649054652383e-02,-3.453763064431726593e-02,-1.016084178909034685e+00,3.416301620684075946e+00,-1.628816363803246847e-01,4.668048258405299578e+00,4.315153772760333517e+00,3.364971415066490668e+00,3.597546712990677076e+00,2.554652995399653292e-01,-1.352166700980745873e-01,9.998609064543897418e-01
1.330000000000000959e+00,2.939746094170492263e-01,-4.308055960076673241e-02,1.018106813528405041e+00,1.908734630542311184e+00,-1.777236462382609572e+00,9.769025935172337416e-02,8.807172336635917809e-01,4.690419183314294971e-01,-5.691036482979442562e-02,-3.313674019668144677e-02,-8.849006515609432189e-01,3.461290842170883231e+00,-1.488612062197101626e-01,4.665174811733236560e+00,4.251783890080698569e+00,3.340627583800351630e+00,3.627473035768569609e+00,2.594322407136377961e-01,-1.393580959036597733e-01,9.998523441629414421e-01
1.332000000000000961e+00,2.977920786781338425e-01,-4.663503252553195116e-02,1.018302194047108422e+00,1.903721075674539076e+00,-1.808632612902826065e+00,9.922126261930212798e-02,8.813187055729496677e-01,4.683827444173028764e-01,-5.376245777026292250e-02,-3.169451173053178250e-02,-7.518929400596311430e-01,3.499453164168321084e+00,-1.346998414212822182e-01,4.660292493414393888e+00,4.187576936737782418e+00,3.317867778630517517e+00,3.658031964318869900e+00,2.633977091942814042e-01,-1.435567591287139066e-01,9.998434033868894844e-01
1.334000000000000963e+00,3.015995208294829366e-01,-5.025229775133760457e-02,1.018500636572347018e+00,1.898988561208458492e+00,-1.839897032591376602e+00,1.007430833541368420e-01,8.818490923153329275e-01,4.678352412847427422e-01,-5.059107774428923260e-02,-3.021437153643122958e-02,-6.174198344309468345e-01,3.530694504747390550e+00,-1.204375062040105582e-01,4.653383463539121578e+00,4.122623089062260604e+00,3.296716682562607303e+00,3.689136971943164145e+00,2.673616646626459925e-01,-1.478123640863344690e-01,9.998340739480253703e-01
1.336000000000000965e+00,3.053974979518998545e-01,-5.393209181652035972e-02,1.018702122739055360e+00,1.894538276935147758e+00,-1.871032978401112601e+00,1.022450257557188935e-01,8.823072518829367938e-01,4.674005352128629553e-01,-4.740223330667484719e-02,-2.869984730009023446e-02,-4.818441150676623930e-01,3.554933711934944451e+00,-1.061106218683919439e-01,4.644433051888784192e+00,4.057014687670114306e+00,3.277195265088037601e+00,3.720700443430764448e+00,2.713240664162999138e-01,-1.521246120930044299e-01,9.998243455800936985e-01
1.338000000000000966e+00,3.091865745057701398e-01,-5.767415777332258325e-02,1.018906612790566824e+00,1.890370804058469467e+00,-1.902043674486012748e+00,1.037163848762268081e-01,8.826922475634300103e-01,4.670794483785667972e-01,-4.420197981704857698e-02,-2.715455715063732831e-02,-3.455318640492461291e-01,3.572102787973266746e+00,-9.175204525170171932e-02,4.633429784415520558e+00,3.990846112357867792e+00,3.259320727971855458e+00,3.752633838042463310e+00,2.752848733753712196e-01,-1.564932015066773374e-01,9.998142079305578633e-01
1.340000000000000968e+00,3.129673161138870618e-01,-6.147824512229460581e-02,1.019114045560319370e+00,1.886486117792918860e+00,-1.932932301451850909e+00,1.051464787247349819e-01,8.830033509894397170e-01,4.668724961188219225e-01,-4.099640994471116795e-02,-2.558219851471169731e-02,-2.088517646906842551e-01,3.582147092058855176e+00,-7.739108222580540208e-02,4.620365412694939167e+00,3.924213646937261935e+00,3.243106460596194118e+00,3.784847848418435134e+00,2.792440440891557074e-01,-1.609178277691825087e-01,9.998036505624510184e-01
1.342000000000000970e+00,3.167402883494728760e-01,-6.534410972519830163e-02,1.019324338517768824e+00,1.882883591477964691e+00,-1.963701985969807273e+00,1.065246800624838897e-01,8.832400448110238056e-01,4.667798848889820884e-01,-3.779164400004811353e-02,-2.398653682845734714e-02,-7.217439045631968142e-02,3.585025521023388784e+00,-6.305353524931063547e-02,4.605234946245563066e+00,3.857215333818447611e+00,3.228562005049151029e+00,3.817252555340413078e+00,2.832015367419291607e-01,-1.653981834464133271e-01,9.997926629560387468e-01
1.344000000000000972e+00,3.205060555324287797e-01,-6.927151369713790974e-02,1.019537387877893719e+00,1.879562002185116709e+00,-1.994355790785199201e+00,1.078404478066134209e-01,8.834020249766395549e-01,4.668015109247276029e-01,-3.459382009751071213e-02,-2.237139415917982488e-02,6.412851556432350164e-02,3.580710667434029215e+00,-4.876178371962897051e-02,4.588036687565158367e+00,3.789950818292793677e+00,3.215693031135007818e+00,3.849757578355079257e+00,2.871573091594417093e-01,-1.699339582690839734e-01,9.997812345107162102e-01
1.346000000000000973e+00,3.242651795367990086e-01,-7.326022527870830470e-02,1.019753068773507021e+00,1.876519537790135583e+00,-2.024896705151237875e+00,1.090833579609411380e-01,8.834892026079242955e-01,4.669369596121547006e-01,-3.140908415613597598e-02,-2.074063778777915715e-02,1.996847693694617787e-01,3.569188954603799591e+00,-3.453489560987153123e-02,4.568772269648259332e+00,3.722521182489440861e+00,3.204501321428261829e+00,3.882272222299889552e+00,2.911113188148863884e-01,-1.745248391722924453e-01,9.997693545466139753e-01
1.348000000000000975e+00,3.280182186123792865e-01,-7.731001868901077323e-02,1.019971235489428807e+00,1.873753805479061674e+00,-2.055327635715290757e+00,1.102431339936862792e-01,8.835017054535063696e-01,4.671855055675019908e-01,-2.824357974460282861e-02,-1.909816880210010726e-02,3.341224816518426621e-01,3.550460748019039769e+00,-2.038876862747893148e-02,4.547446695671034433e+00,3.655028769075090445e+00,3.194984766467387161e+00,3.914705619828648064e+00,2.950635228349245409e-01,-1.791705103359930717e-01,9.997570123064525305e-01
1.350000000000000977e+00,3.317657262233373872e-01,-8.142067396044135041e-02,1.020191721757416126e+00,1.871261841653072411e+00,-2.085651397882424263e+00,1.113096765834214047e-01,8.834398789070628810e-01,4.675461134249895290e-01,-2.510343777890083547e-02,-1.744791075005322142e-02,4.670707989678449801e-01,3.524540442707813970e+00,-6.336298894447854949e-03,4.524068380458899696e+00,3.587576994823436838e+00,3.187137370139085935e+00,3.946966870074548162e+00,2.990138780057538526e-01,-1.838706532250142800e-01,9.997441969572511411e-01
1.352000000000000979e+00,3.355082499066435187e-01,-8.559197675620619505e-02,1.020414341110583045e+00,1.869040123193579817e+00,-2.115870707678143781e+00,1.122730926560627229e-01,8.833042865749585193e-01,4.680174393282978129e-01,-2.199476608181719431e-02,-1.579379839976831346e-02,5.981606491078570453e-01,3.491456526091404555e+00,7.612425073328711947e-03,4.498649193284063763e+00,3.520270154263010376e+00,3.180949265272885906e+00,3.978965173638299380e+00,3.029623407792048084e-01,-1.886249466282237108e-01,9.997308975920047303e-01
1.354000000000000981e+00,3.392463301530306841e-01,-8.982371817156248328e-02,1.020638887295895136e+00,1.867084580045437869e+00,-2.145988174129168868e+00,1.131237236373507926e-01,8.830957103790179064e-01,4.685978331183506262e-01,-1.892363881462388528e-02,-1.413976665216020931e-02,7.270254892850500639e-01,3.451251615879805446e+00,2.144990551724442265e-02,4.471204501472979764e+00,3.453213213675931481e+00,3.176406739424047831e+00,4.010609964127467286e+00,3.069088672787234628e-01,-1.934330666979775515e-01,9.997171032314495775e-01
1.356000000000000982e+00,3.429804993131215785e-01,-9.411569451982082501e-02,1.020865134743169866e+00,1.865390609072645756e+00,-2.176006292177897983e+00,1.138521728471123123e-01,8.828151501803204182e-01,4.692853412073196839e-01,-1.589608579256778648e-02,-1.248973964913176020e-02,8.533020557444009890e-01,3.403982472592214314e+00,3.517099833627139460e-02,4.441753214246348946e+00,3.386511595806059205e+00,3.173492270791493652e+00,4.041811036518547340e+00,3.108534133053115767e-01,-1.982946869906498932e-01,9.997028028257544108e-01
1.358000000000000984e+00,3.467112805312668744e-01,-9.846770710417662720e-02,1.021092839088864057e+00,1.863953089137514674e+00,-2.205927436142701481e+00,1.144493319634763279e-01,8.824638229103666243e-01,4.700777101261667812e-01,-1.291808169702742676e-02,-1.084762011823078333e-02,9.766311133823135648e-01,3.349719986302623465e+00,4.877265852541292496e-02,4.410317826121879392e+00,3.320270955668338964e+00,3.172184574167933313e+00,4.072478672634108676e+00,3.147959343434099111e-01,-2.032094785038083273e-01,9.996879852561866286e-01
1.360000000000000986e+00,3.504391867095418833e-01,-1.028795619764620306e-01,1.021321737752791003e+00,1.862766397350897662e+00,-2.235753853732906915e+00,1.149064064875493368e-01,8.820431611965411367e-01,4.709723907305955470e-01,-9.995535198498889037e-03,-9.217278991937730495e-03,1.096658203964937073e+00,3.288549137233123254e+00,6.225367109004971422e-02,4.376924459219774910e+00,3.254596947990445965e+00,3.172458656803878618e+00,4.102523764089854197e+00,3.187363855666820456e-01,-2.081771097160043382e-01,9.996726393368282615e-01
1.362000000000000988e+00,3.541647195042436636e-01,-1.073510696839278383e-01,1.021551550565766187e+00,1.861824426437808988e+00,-2.265487660623572985e+00,1.152149401413266189e-01,8.815548114695004323e-01,4.719665430480299295e-01,-7.134278005902692371e-03,-7.602545336913039617e-03,1.213034391529508538e+00,3.220568929837686056e+00,7.561437050070557442e-02,4.341602903682694858e+00,3.189594986813878652e+00,3.174285884007566061e+00,4.131857933063610488e+00,3.226747218443097864e-01,-2.131972466250857678e-01,9.996567538162137723e-01
1.364000000000000989e+00,3.578883683571192909e-01,-1.118820450051749849e-01,1.021781980446048843e+00,1.861120603159560405e+00,-2.295130835591634000e+00,1.153668381343530280e-01,8.810006315409496525e-01,4.730570417461837374e-01,-4.340053859060771270e-03,-6.007196625504205093e-03,1.325417003557091578e+00,3.145892300041825962e+00,8.885635185623687315e-02,4.304386655443410703e+00,3.125369997902129882e+00,3.177634054283739129e+00,4.160393651291039774e+00,3.266108977463506591e-01,-2.182695527887261733e-01,9.996403173790673335e-01
1.366000000000000991e+00,3.616106095634384343e-01,-1.164723066763582587e-01,1.022012714122317645e+00,1.860647907730469841e+00,-2.324685216211223260e+00,1.153543892374800234e-01,8.803826876412337299e-01,4.742404822019474775e-01,-1.618507482570687769e-03,-4.434949378628912607e-03,1.433470366506625959e+00,3.064645995326056749e+00,1.019821770005896050e-01,4.265312950478131526e+00,3.062026164637852155e+00,3.182467483766032057e+00,4.188044357694199249e+00,3.305448675497348887e-01,-2.233936893589287820e-01,9.996233186478518107e-01
1.368000000000000993e+00,3.653319053788993687e-01,-1.211216771087807037e-01,1.022243422900792620e+00,1.860398894164240202e+00,-2.354152495102426634e+00,1.151702866053288671e-01,8.797032509072696405e-01,4.755131871477135674e-01,1.024826479303753536e-03,-2.889450205842688385e-03,1.536866534306118970e+00,2.976970427365884131e+00,1.149950788897095288e-01,4.224422794697944461e+00,2.999666668191712571e+00,3.188747099673650442e+00,4.214724575084191294e+00,3.344765852440918508e-01,-2.285693151231811271e-01,9.996057461845024861e-01
1.370000000000000995e+00,3.690527031672278246e-01,-1.258299820989855489e-01,1.022473763474003317e+00,1.860365711482326212e+00,-2.383534216724063182e+00,1.148076472925288333e-01,8.789647933125773749e-01,4.768712138708903203e-01,3.584534525708796705e-03,-1.374267264996421704e-03,1.635286008400552937e+00,2.883019496966279238e+00,1.278986675293633524e-01,4.181760988577158500e+00,2.938393422785866349e+00,3.196430542480096282e+00,4.240350026380314219e+00,3.384060045374628345e-01,-2.337960865418580170e-01,9.995875884920542020e-01
1.372000000000000997e+00,3.727734345901924651e-01,-1.305970505324336728e-01,1.022703378768588411e+00,1.860540125714008841e+00,-2.412831774697427267e+00,1.142600304125046262e-01,8.781699830325359057e-01,4.783103619412298335e-01,6.055335337832071577e-03,1.071178395779683843e-04,1.728418447957673854e+00,2.782960391054729588e+00,1.406966408009239777e-01,4.137376145583615106e+00,2.878306806921045791e+00,3.205472276442312474e+00,4.264837750789591375e+00,3.423330788619143306e-01,-2.390736577844876365e-01,9.995688340161832386e-01
1.374000000000000998e+00,3.764945148416204979e-01,-1.354227140818285158e-01,1.022931898829413377e+00,1.860913542615516114e+00,-2.442046409644645255e+00,1.135214538917771049e-01,8.773216792395023278e-01,4.798261814397135616e-01,8.432090769293271171e-03,1.551317704915068998e-03,1.815963368835142422e+00,2.676973351528013634e+00,1.533925034584800173e-01,4.091320703508928958e+00,2.819505391553422502e+00,3.215823708121250846e+00,4.288106220410446312e+00,3.462577613792934272e-01,-2.444016807683482284e-01,9.995494711468948523e-01
1.376000000000001000e+00,3.802163419268515532e-01,-1.403068069011177976e-01,1.023158941737196903e+00,1.861477031033413443e+00,-2.471179207521884358e+00,1.125864097770500755e-01,8.764229263240671530e-01,4.814139816620996437e-01,1.070981676313950692e-02,2.955046311359179560e-03,1.897630829909513261e+00,2.565251415778737609e+00,1.659892975192517051e-01,4.043650927750216617e+00,2.762085666207081402e+00,3.227433312474501825e+00,4.310075457700112800e+00,3.501800049868979414e-01,-2.497798051970079314e-01,9.995294882201752884e-01
1.378000000000001002e+00,3.839392959889184054e-01,-1.452491653161615548e-01,1.023384114556751046e+00,1.862221346835649216e+00,-2.500231098424475551e+00,1.114498780569997960e-01,8.754769475405079771e-01,4.830688402698401496e-01,1.288369416896525260e-02,4.315125730137257462e-03,1.973142105361263887e+00,2.448000128762667149e+00,1.784893471776717033e-01,3.994426905605446887e+00,2.706141764079440737e+00,3.240246766073642704e+00,4.330667154237705319e+00,3.540997623230897062e-01,-2.552076785947150483e-01,9.995088735194697094e-01
1.380000000000001004e+00,3.876637386825896869e-01,-1.502496275130105197e-01,1.023607014312865049e+00,1.863136957332129251e+00,-2.529202855838179165e+00,1.101073389656848506e-01,8.744871380764012159e-01,4.847856128608996062e-01,1.494907943239839887e-02,5.628492351507044522e-03,2.042230341501663382e+00,2.325437226507195199e+00,1.908940212529030012e-01,3.943712530681812822e+00,2.651765187266019730e+00,3.254207086975545504e+00,4.349804791206440591e+00,3.580169857727515392e-01,-2.606849463455063187e-01,9.994876152773342071e-01
1.382000000000001005e+00,3.913900125972539223e-01,-1.553080332246868922e-01,1.023827228990796367e+00,1.864214066105537082e+00,-2.558095096308043548e+00,1.085547837396472343e-01,8.734570575484076338e-01,4.865589429330627325e-01,1.690151512797673575e-02,6.892202631748211086e-03,2.104641196712639051e+00,2.197792291004125431e+00,2.032035160295617426e-01,3.891575476506226039e+00,2.599044533253631162e+00,3.269254780736271293e+00,4.367413761979316966e+00,3.619316274730284277e-01,-2.662112517289045854e-01,9.994657016770238656e-01
1.384000000000001007e+00,3.951184407294650036e-01,-1.604242234173029746e-01,1.024044338558275591e+00,1.865442638172341239e+00,-2.586908279493947305e+00,1.067887238062372596e-01,8.723904219284019934e-01,4.883832722125674430e-01,1.873674030529632814e-02,8.103438360468829399e-03,2.160133463053806491e+00,2.065306376477841432e+00,2.154166611737356185e-01,3.838087158483635353e+00,2.548065223887117092e+00,3.285327992036056077e+00,4.383421497171141823e+00,3.658436393188697622e-01,-2.717862359581175724e-01,9.994431208540666134e-01
1.386000000000001009e+00,3.988493260058096901e-01,-1.655980399762908561e-01,1.024257916005888003e+00,1.866812425393562958e+00,-2.615642708579654752e+00,1.048061983862436236e-01,8.712910949064099908e-01,4.902528513213447181e-01,2.045070061725981492e-02,9.259511452760375849e-03,2.208479668067506285e+00,1.928231607071974052e+00,2.275307512008866717e-01,3.783322683353898430e+00,2.498909238021372214e+00,3.302362661346721850e+00,4.397757592467117504e+00,3.697529729683015631e-01,-2.774095382137460319e-01,9.994198608977482579e-01
1.388000000000001011e+00,4.025829508565967885e-01,-1.708293253934501654e-01,1.024467528402660532e+00,1.868312992054950383e+00,-2.644298531000598196e+00,1.026047804998147794e-01,8.701630786992142763e-01,4.921617507567556116e-01,2.203955819830242732e-02,1.035786827362621468e-02,2.249466655289410699e+00,1.786830746058438502e+00,2.395414047396864088e-01,3.727360785401379495e+00,2.451654849160397553e+00,3.320292686066952381e+00,4.410353939511016286e+00,3.736595798480539798e-01,-2.830807956822667393e-01,9.993959098527573914e-01
1.390000000000001013e+00,4.063195768407066866e-01,-1.761179224554513534e-01,1.024672737963660207e+00,1.869933740536720013e+00,-2.672875739453957067e+00,1.001825813704510099e-01,8.690105043159924714e-01,4.941038721584781190e-01,2.349970125964511575e-02,1.139609350480923905e-02,2.282896141942024393e+00,1.641376736736056330e+00,2.514424535793266524e-01,3.670283748667046986e+00,2.406376369333904197e+00,3.339050085507335730e+00,4.421144860059138537e+00,3.775634111590040476e-01,-2.887996435913890991e-01,9.993712557206633207e-01
1.392000000000001014e+00,4.100594443217801532e-01,-1.814636739343592764e-01,1.024873103126401119e+00,1.871663936994011346e+00,-2.701374173153638036e+00,9.753825322791238872e-02,8.678376212949553414e-01,4.960729598380815841e-01,2.482775336792921242e-02,1.237191356663303390e-02,2.308585252259738319e+00,1.492152215258801595e+00,2.632258632074711557e-01,3.612177314536278327e+00,2.363143900538235531e+00,3.358565169107599058e+00,4.430067243566071511e+00,3.814644178816184450e-01,-2.945657152455254391e-01,9.993458864614792603e-01
1.394000000000001016e+00,4.138027721957681648e-01,-1.868664222806665498e-01,1.025068179632856902e+00,1.873492736970651107e+00,-2.729793519291966675e+00,9.467099051683659783e-02,8.666487869276336964e-01,4.980626125478166966e-01,2.602058237304387747e-02,1.328319960973040927e-02,2.326367024861637045e+00,1.339448995711623791e+00,2.748816862442604592e-01,3.553130574109875983e+00,2.322023095034823292e+00,3.378766707239241551e+00,4.437060688285405341e+00,3.853625507810125583e-01,-3.003786420606928687e-01,9.993197899951118401e-01
1.396000000000001018e+00,4.175497576697094759e-01,-1.923260093192504794e-01,1.025257521613890610e+00,1.875409210870747634e+00,-2.758133314669707570e+00,9.158052952392829738e-02,8.654484549902217161e-01,5.000662954662157267e-01,2.707530895057956924e-02,1.412797009354716839e-02,2.336090892559030685e+00,1.183567527838839117e+00,2.863980498568401423e-01,3.493235844895233200e+00,2.283074925841574565e+00,3.399582103949289724e+00,4.442067645909995477e+00,3.892577604128337754e-01,-3.062380536029962741e-01,9.992929542030095647e-01
1.398000000000001020e+00,4.213005760914509956e-01,-1.978422759485898852e-01,1.025440682672938530e+00,1.877402369215018796e+00,-2.786392947456003188e+00,8.826714644240465923e-02,8.642411640041982590e-01,5.020773523792215753e-01,2.798931472414455807e-02,1.490439297026590129e-02,2.337623132954015137e+00,1.024816327921534542e+00,2.977611779017172444e-01,3.432588531400441845e+00,2.246355468688179702e+00,3.420937570977269804e+00,4.445033569681378083e+00,3.931499971282068628e-01,-3.121435776204606327e-01,9.992653669295412655e-01
1.400000000000001021e+00,4.250553808298810354e-01,-2.034150618435018876e-01,1.025617216965823308e+00,1.879461187611588313e+00,-2.814571659040453255e+00,8.473165389824249827e-02,8.630315250513117542e-01,5.040890180367147977e-01,2.876024993277832495e-02,1.561078749428348664e-02,2.330847288161541186e+00,8.635113834016932000e-01,3.089554481909010386e-01,3.371286969367321085e+00,2.211915696739860326e+00,3.442758302390363845e+00,4.445907065829745264e+00,3.970392110789777718e-01,-3.180948400794676445e-01,9.992370159835060051e-01
1.402000000000001023e+00,4.288143032051042192e-01,-2.090442051615827856e-01,1.025786680273619744e+00,1.881574631374251183e+00,-2.842668545940498781e+00,8.097539596837649567e-02,8.618242091708961938e-01,5.060944306654666658e-01,2.938604060890046346e-02,1.624562567859051329e-02,2.315664551966763351e+00,6.999755319582232627e-01,3.199634849148785265e-01,3.309432253462970763e+00,2.179801289346031901e+00,3.464968649177245563e+00,4.444640048109299357e+00,4.009253522231848166e-01,-3.240914652006807728e-01,9.992078891396891649e-01
1.404000000000001025e+00,4.325774524678527300e-01,-2.147295422534637732e-01,1.025948631065556560e+00,1.883731679724856445e+00,-2.870682561728551185e+00,7.700024172632811970e-02,8.606239343703843137e-01,5.080866446206857567e-01,2.986489523265842619e-02,1.680753342033594958e-02,2.291994122715499405e+00,5.345378158525646572e-01,3.307662858858935739e-01,3.247128048359888552e+00,2.150052456006844359e+00,3.487492293143286570e+00,4.441187895100499716e+00,4.048083703302314262e-01,-3.301330754916733667e-01,9.991779741402515569e-01
1.406000000000001027e+00,4.363449158273024486e-01,-2.204709073769208771e-01,1.026102631549009159e+00,1.885921349520486068e+00,-2.898612518945220096e+00,7.280857735593550262e-02,8.594354522827760690e-01,5.100586431594278380e-01,3.019531082918960191e-02,1.729529131851423665e-02,2.259773520233489652e+00,3.675328124830604115e-01,3.413433838903678907e-01,3.184480383300367201e+00,2.122703776750988425e+00,3.510252419474903629e+00,4.435509609867067660e+00,4.086882149860588953e-01,-3.362192917834221362e-01,9.991472586962428792e-01
1.408000000000001029e+00,4.401167585263434101e-01,-2.262681324148113071e-01,1.026248248703721000e+00,1.888132718450440839e+00,-2.926457090967056640e+00,6.840329687857106544e-02,8.582635345076660149e-01,5.120033513201789344e-01,3.037607847620434759e-02,1.770783520708627337e-02,2.218958865074573517e+00,1.992999422116842889e-01,3.516730410631856429e-01,3.121597430315309118e+00,2.097784060008804019e+00,3.533171887346437501e+00,4.427567981447620760e+00,4.125648355980917614e-01,-3.423497332631058043e-01,9.991157304890441182e-01
1.410000000000001030e+00,4.438930239632443153e-01,-2.321210465967454284e-01,1.026385055297478033e+00,1.890354947652667539e+00,-2.954214813799912687e+00,6.378779154373115379e-02,8.571129586752540552e-01,5.139136488938889080e-01,3.040628819043149356e-02,1.804425642694231641e-02,2.169525118419323828e+00,3.018275465806624647e-02,3.617324748240580701e-01,3.058589266455292943e+00,2.075316219036067888e+00,3.556173397977314021e+00,4.417329747577329435e+00,4.164381814009363580e-01,-3.485240175094048709e-01,9.990833771718028444e-01
1.412000000000001032e+00,4.476737338585496384e-01,-2.380294762243452544e-01,1.026512630880565435e+00,1.892577303704084057e+00,-2.981884087771828895e+00,5.896593793685195317e-02,8.559884942754849568e-01,5.157823834725990819e-01,3.028533316285134114e-02,1.830380185994068265e-02,2.111466280977865928e+00,-1.394718052120407781e-01,3.714981135500616261e-01,2.995567620481245807e+00,2.055317167813481838e+00,3.579179659566262828e+00,4.404765757931652814e+00,4.203082014608430228e-01,-3.547417605260392293e-01,9.990501863708933783e-01
1.414000000000001034e+00,4.514588884659578305e-01,-2.439932443998889255e-01,1.026630562756439158e+00,1.894789179944268431e+00,-3.009463179102788377e+00,5.394208486189630558e-02,8.548948882971022512e-01,5.176023835625708225e-01,3.001291331427381054e-02,1.848587374781835921e-02,2.044795549301854365e+00,-3.093141497378658622e-01,3.809458798012294589e-01,2.932645604642137638e+00,2.037797737317065927e+00,3.602113548576083790e+00,4.389851137097970479e+00,4.241748446812625417e-01,-3.610025767758742177e-01,9.990161456873165591e-01
1.416000000000001036e+00,4.552484668258463540e-01,-2.500121707580945096e-01,1.026738446926162895e+00,1.896980117097066820e+00,-3.036950221332124222e+00,4.872103905935317586e-02,8.538368507239166849e-01,5.193664717494655969e-01,2.958903814470397603e-02,1.859002931807849160e-02,1.969545427976438612e+00,-4.789928183530424710e-01,3.900514985749893859e-01,2.869937432264879185e+00,2.022762612879684951e+00,3.624898266870994590e+00,4.372565446387381094e+00,4.280380598075499421e-01,-3.673060792133213681e-01,9.989812426981599103e-01
1.418000000000001037e+00,4.590424270600405032e-01,-2.560860712007587692e-01,1.026835889004281688e+00,1.899139823159821328e+00,-3.064343216588420127e+00,4.330804982308834178e-02,8.528190399379532716e-01,5.210674779036363891e-01,2.901402885206499221e-02,1.861598023802689753e-02,1.885767796251063722e+00,-6.481552627714054493e-01,3.987908277399092039e-01,2.807558122064930828e+00,2.010210293331070375e+00,3.647457494265626377e+00,4.352892843517566668e+00,4.318977954322793522e-01,-3.736518793195244825e-01,9.989454649579334600e-01
1.420000000000001039e+00,4.628407067063601277e-01,-2.622147576339355912e-01,1.026922505103927907e+00,1.901258192535023595e+00,-3.091640036690687321e+00,3.770879258163459952e-02,8.518460480813432323e-01,5.226982524139732744e-01,2.828851969821937623e-02,1.856359191696942135e-02,1.793533927770780023e+00,-8.164486456940139858e-01,4.071402074969143192e-01,2.745623190161032845e+00,2.000133072397914713e+00,3.669715536083907992e+00,4.330822239116449701e+00,4.357540000000188485e-01,-3.800395871337372000e-01,9.989088000000192480e-01
1.422000000000001041e+00,4.666432230914301926e-01,-2.683980377073169610e-01,1.026997922689091070e+00,1.903325324384234074e+00,-3.118838424074170224e+00,3.192935151139961181e-02,8.509223864308196328e-01,5.242516794389806556e-01,2.741345860282809466e-02,1.843288267520789767e-02,1.692934462199086942e+00,-9.835206510257468171e-01,4.150768254382590783e-01,2.684248330983420416e+00,1.992517042810761030e+00,3.691597465393674948e+00,4.306347448929695787e+00,4.396066218124747849e-01,-3.864688112889638205e-01,9.988712353380995168e-01
1.424000000000001043e+00,4.704498737401986430e-01,-2.746357145554653156e-01,1.027061781392113904e+00,1.905331540188959005e+00,-3.145935992538384518e+00,2.597620125044643180e-02,8.500524708404623153e-01,5.257206901638691310e-01,2.639010694840717222e-02,1.822402279690384791e-02,1.584079327665690817e+00,-1.149020303465413395e+00,4.225790935258389447e-01,2.623549088296827314e+00,1.987342123320689602e+00,3.713029259624664569e+00,4.279467340545800802e+00,4.434556090333376943e-01,-3.929391590426547509e-01,9.988327584674889792e-01
1.426000000000001044e+00,4.742605368205765615e-01,-2.809275865405420625e-01,1.027113733794614792e+00,1.907267400507843158e+00,-3.172930227819828808e+00,1.985618778247019017e-02,8.492406073098575092e-01,5.270982760523973409e-01,2.522003858296122808e-02,1.793733348213016887e-02,1.467097613141923107e+00,-1.312598795208278490e+00,4.296270330926141856e-01,2.563640517760947368e+00,1.984582108794768374e+00,3.733937931357532047e+00,4.250185973407976547e+00,4.473009096929150274e-01,-3.994502363088798802e-01,9.987933568664493222e-01
1.428000000000001046e+00,4.780750716215922402e-01,-2.872734469961817361e-01,1.027153446170179674e+00,1.909123720923914247e+00,-3.199818487996463734e+00,1.357650856099021364e-02,8.484909777361125949e-01,5.283775020820341561e-01,2.390513800978175118e-02,1.757328571152436472e-02,1.342137390032619448e+00,-1.473910317387742808e+00,4.362026637895198289e-01,2.504636842515192807e+00,1.984204743345070909e+00,3.754251653124489607e+00,4.218512730836788016e+00,4.511424716935739099e-01,-4.060016476943673069e-01,9.987530179977062161e-01
1.430000000000001048e+00,4.818933190634400732e-01,-2.936730839721746755e-01,1.027180599187301757e+00,1.910891587179650575e+00,-3.226598003735655862e+00,7.144691943738934979e-03,8.478076259091141820e-01,5.295515199506971582e-01,2.244759775736811236e-02,1.713249903491027154e-02,1.209365482476360443e+00,-1.632612893780595043e+00,4.422903922548604982e-01,2.446651103350451884e+00,1.986171816295905668e+00,3.773899876126102004e+00,4.184462442754965927e+00,4.549802428141038746e-01,-4.125929965258450238e-01,9.987117293096359205e-01
1.432000000000001050e+00,4.857151022377994010e-01,-3.001262799796459713e-01,1.027194888571189235e+00,1.912562369501333626e+00,-3.253265878402205935e+00,5.685760069822805296e-04,8.471944438100814656e-01,5.306135812429045862e-01,2.084991492593955137e-02,1.661574029308942810e-02,1.068967186072783626e+00,-1.788369214206017244e+00,4.478773961796422842e-01,2.389794805190213367e+00,1.990439280700857072e+00,3.792813442848653072e+00,4.148055497798035951e+00,4.588141707148043480e-01,-4.192238848871596701e-01,9.986694782377503188e-01
1.434000000000001052e+00,4.895402269768020509e-01,-3.066328117364504058e-01,1.027196025723203121e+00,1.914127736117381406e+00,-3.279819088047434494e+00,-6.143713191315027487e-03,8.466551582737698034e-01,5.315570505426340242e-01,1.911488691063138734e-02,1.602392227974187497e-02,9.211459349896029547e-01,-1.940847464973024961e+00,4.529539993784905128e-01,2.334177561570156101e+00,1.996957393884120524e+00,3.810924693615701297e+00,4.109317943481334723e+00,4.626442029421031776e-01,-4.258939136476982412e-01,9.986262522059261570e-01
1.436000000000001053e+00,4.933684824490368048e-01,-3.131924499125453010e-01,1.027183738296820525e+00,1.915579665978164314e+00,-3.306254481305018977e+00,-1.298378383144252815e-02,8.461933180746400440e-01,5.323754184795399524e-01,1.724560630517689430e-02,1.535810234803797712e-02,7.661229176588749690e-01,-2.089722153664315574e+00,4.575140334580015122e-01,2.279906738973537017e+00,2.005670879421915132e+00,3.828167567190253529e+00,4.068281573113829985e+00,4.664702869333599011e-01,-4.326026824955846450e-01,9.985820386278012606e-01
1.438000000000001055e+00,4.971996417809931290e-01,-3.198049588751553651e-01,1.027157770729157704e+00,1.916910460687102136e+00,-3.332568779223335831e+00,-1.994300096833696509e-02,8.458122814968889180e-01,5.330623146944479807e-01,1.524545499363993972e-02,1.461948096417453428e-02,6.041366415312825477e-01,-2.234674925499897213e+00,4.615551816993021528e-01,2.227087102818994246e+00,2.016519109744291605e+00,3.844477695593169209e+00,4.024983998169264332e+00,4.702923700217258585e-01,-4.393497899698530773e-01,9.985368249080748271e-01
1.440000000000001057e+00,5.010334627023673715e-01,-3.264700964336020306e-01,1.027117884727221098e+00,1.918112755654656665e+00,-3.358758575068291563e+00,-2.701250951910633136e-02,8.455152044474408823e-01,5.336115207092346768e-01,1.311809744154692967e-02,1.380940020762945301e-02,4.354424476324093574e-01,-2.375395368490989867e+00,4.650793008434572218e-01,2.175820467013925175e+00,2.029436308476430639e+00,3.859792493376898115e+00,3.979468704869155715e+00,4.741103994406632438e-01,-4.461348334907455637e-01,9.984905984438041671e-01
1.442000000000001059e+00,5.048696882136767261e-01,-3.331876135837386066e-01,1.027063859708182925e+00,1.919179530488112073e+00,-3.384820334134189590e+00,-3.418325753807771594e-02,8.453050291697992158e-01,5.340169826853197188e-01,1.086747320153887489e-02,1.292934221550657951e-02,2.603119759384957543e-01,-2.511581804585345523e+00,4.680927165847202920e-01,2.126205348919470328e+00,2.044351771429493425e+00,3.874051241641639720e+00,3.931785093786458685e+00,4.779243223286773201e-01,-4.529574093914305877e-01,9.984433466256907863e-01
1.444000000000001060e+00,5.087080472746529081e-01,-3.399572542520070129e-01,1.026995493193106679e+00,1.920104118630811429e+00,-3.410750393603705355e+00,-4.144601971743563235e-02,8.451844736150589954e-01,5.342728240540733919e-01,8.497788652387526856e-03,1.198092756593685353e-02,7.903258286976000413e-02,-2.642942064009890402e+00,4.706064887384074358e-01,2.078336631628084241e+00,2.061190105090584090e+00,3.887195167140723662e+00,3.881988501346675058e+00,4.817340857340202120e-01,-4.598171129490964404e-01,9.983950568394375225e-01
1.446000000000001062e+00,5.125482555119145189e-01,-3.467787550392144036e-01,1.026912601153671778e+00,1.920880216264776674e+00,-3.436544962500956757e+00,-4.879142105335404489e-02,8.451560215243754115e-01,5.343733580014681239e-01,6.013507993861867337e-03,1.096591359314031712e-02,-1.080932875253060865e-01,-2.769194240045106170e+00,4.726366422571640635e-01,2.032305235394536336e+00,2.079871481289051083e+00,3.899167516865744254e+00,3.830140202189909804e+00,4.855396366193094337e-01,-4.667135384168972223e-01,9.983457164669493622e-01
1.448000000000001064e+00,5.163900159444441140e-01,-3.536518449642163109e-01,1.026815018311564964e+00,1.921501890490400433e+00,-3.462200121784168250e+00,-5.620996061935959465e-02,8.452219132747709196e-01,5.343130997883135391e-01,3.419343523453798571e-03,9.886192624458788741e-03,-3.007487768515681448e-01,-2.890067421512194645e+00,4.742043605178367094e-01,1.988197800022406980e+00,2.100311906630508485e+00,3.909913628543532749e+00,3.776307391451097395e+00,4.893409218659616755e-01,-4.736462790519198052e-01,9.982953128876301818e-01
1.450000000000001066e+00,5.202330197254249056e-01,-3.605762452077846403e-01,1.026702598390326182e+00,1.921963586796201051e+00,-3.487711824626552382e+00,-6.369203539042972428e-02,8.453841375373498668e-01,5.340867788864042121e-01,7.202452243418681075e-04,8.743790127465239301e-03,-4.986033280095721887e-01,-3.005302400319691536e+00,4.753361375915318709e-01,1.946096379975511770e+00,2.122423505209273031e+00,3.919380997515351517e+00,3.720563146126597776e+00,4.931378882788539642e-01,-4.806149271488351360e-01,9.982438334797327784e-01
1.452000000000001068e+00,5.240769468990172930e-01,-3.675516688570377721e-01,1.026575214319545237e+00,1.922260135830488936e+00,-3.513075896935522469e+00,-7.122796406307968509e-02,8.456444237937815744e-01,5.336893509098993293e-01,-2.078610302843913408e-03,7.540862753168511672e-03,-7.013134408460099944e-01,-3.114652351502644745e+00,4.760638865381807694e-01,1.906078153891752391e+00,2.146114813008534572e+00,3.927519340490906341e+00,3.662986364812623741e+00,4.969304825910700885e-01,-4.876190740691725978e-01,9.981912656214850799e-01
1.454000000000001069e+00,5.279214671706782269e-01,-3.745778206509088326e-01,1.026432758391419009e+00,1.922386759485261498e+00,-3.538288038161240934e+00,-7.880801081836233402e-02,8.460042357533296142e-01,5.331160093202628181e-01,-4.971831528927979880e-03,6.279696259384615759e-03,-9.085234652308065151e-01,-3.217883483294433411e+00,4.764250011316087385e-01,1.868215150079390874e+00,2.171291082314289689e+00,3.934280656691712785e+00,3.603661685235578727e+00,5.007186514679080602e-01,-4.946583102708217439e-01,9.981375966923904386e-01
1.456000000000001071e+00,5.317662406896487282e-01,-3.816543967272313376e-01,1.026275142369782234e+00,1.922339076300771055e+00,-3.563343822446003895e+00,-8.642240897615052764e-02,8.464647657087512878e-01,5.323621968821043993e-01,-7.953824267523066163e-03,4.962703296561204146e-03,-1.119866428767657407e+00,-3.314775654891826573e+00,4.764623688165911530e-01,1.832573989509264534e+00,2.197854594476035039e+00,3.939619286911193896e+00,3.542679379127155137e+00,5.045023415118397025e-01,-5.017322253383866837e-01,9.980828140745066079e-01
1.458000000000001073e+00,5.356109188422503165e-01,-3.887810843721233311e-01,1.026102297551829912e+00,1.922113106197046228e+00,-3.588238700165621520e+00,-9.406138449046434757e-02,8.470269298651109668e-01,5.314236168463273291e-01,-1.101880448810800550e-02,3.592421036745113185e-03,-1.334964896159749337e+00,-3.405122959716524900e+00,4.762243331257627887e-01,1.799215647670873164e+00,2.225704979243549708e+00,3.943491971016769071e+00,3.480135224145092021e+00,5.082814992666033760e-01,-5.088404080134267815e-01,9.980269051536181379e-01
1.460000000000001075e+00,5.394551450546444249e-01,-3.959575617724545582e-01,1.025914174782849075e+00,1.921705274536257058e+00,-3.612967999913136552e+00,-1.017151792367565755e-01,8.476913646709385297e-01,5.302962438360740993e-01,-1.416081162802758538e-02,2.171508624995280735e-03,-1.553431857093380941e+00,-3.488734272131275294e+00,4.757646042322828395e-01,1.768195236546675986e+00,2.254739538937041488e+00,3.945857904417052087e+00,3.416130352689842553e+00,5.120560712219219823e-01,-5.159824462244699816e-01,9.979698573204833778e-01
1.462000000000001076e+00,5.432985556037169816e-01,-4.031834977722808522e-01,1.025710744424375598e+00,1.921112415517266081e+00,-3.637526930973654427e+00,-1.093740740430749481e-01,8.484584241762884727e-01,5.289763344101070519e-01,-1.737372235877475760e-02,7.027444313868405753e-04,-1.774871639373076793e+00,-3.565433755740138544e+00,4.751421167841821669e-01,1.739561807817007644e+00,2.284853575669952175e+00,3.946678794000592294e+00,3.350771077622062055e+00,5.158260038177093776e-01,-5.231579271158324218e-01,9.979116579720708202e-01
1.464000000000001078e+00,5.471407804347515613e-01,-4.104585516342281748e-01,1.025491996276289397e+00,1.920331774901069544e+00,-3.661910586337024043e+00,-1.170284114177544132e-01,8.493281784371152776e-01,5.274604372774536198e-01,-2.065126476043790266e-02,-8.109769191527267315e-04,-1.998880843941417629e+00,-3.635061331582293942e+00,4.744208346501381790e-01,1.713358178292367251e+00,2.315940719905577261e+00,3.945918914028848867e+00,3.284168695035179830e+00,5.195912434483478393e-01,-5.303664370767222636e-01,9.978522945126426791e-01
1.466000000000001080e+00,5.509814439845537315e-01,-4.177823728069022247e-01,1.025257939453453782e+00,1.919361012063172334e+00,-3.686113946292189691e+00,-1.246686179269463485e-01,8.503004129800372235e-01,5.257454031364039437e-01,-2.398703285706741892e-02,-2.366647762567386341e-03,-2.225049298355221694e+00,-3.697473104724112059e+00,4.736695027005214942e-01,1.689620778364419262e+00,2.347893258593651389e+00,3.943545162435396989e+00,3.216439264401339759e+00,5.233517364673065941e-01,-5.376075617709688004e-01,9.977917543551901858e-01
1.468000000000001082e+00,5.548201660086801157e-01,-4.251546006994866289e-01,1.025008602217599929e+00,1.918198201366335676e+00,-3.710131882643770584e+00,-1.322852261756228831e-01,8.513746293360522355e-01,5.238283941102711561e-01,-2.737450146494953621e-02,-3.961150880694554698e-03,-2.452961025254805971e+00,-3.752541747951473994e+00,4.729613462477152974e-01,1.668379524184859797e+00,2.380602461250051594e+00,3.939527117940040846e+00,3.147703366548160187e+00,5.271074291912345444e-01,-5.448808861668084091e-01,9.977300249223430839e-01
1.470000000000001084e+00,5.586565624114128159e-01,-4.325748644647741670e-01,1.024744031765248753e+00,1.916841832844661253e+00,-3.733959163587303287e+00,-1.398688963459811252e-01,8.525500466461207738e-01,5.217068927517128918e-01,-3.080704130536927529e-02,-5.591263279363350991e-03,-2.682195222370767240e+00,-3.800156841473337987e+00,4.723737192685246167e-01,1.649657714049173052e+00,2.413958902334842449e+00,3.933837098343890837e+00,3.078085840087422476e+00,5.308582679041240482e-01,-5.521859945630325228e-01,9.976670936476912388e-01
1.472000000000001085e+00,5.624902460771021850e-01,-4.400427827919487500e-01,1.024464293972556783e+00,1.915290812187687708e+00,-3.757590459275152561e+00,-1.474104372471650160e-01,8.538256043358244396e-01,5.193787105868866716e-01,-3.427793433340279444e-02,-7.253660283071409511e-03,-2.912327250646878252e+00,-3.840225167752913560e+00,4.719877030256360295e-01,1.633471949378664023e+00,2.447852778439127963e+00,3.926450220309837036e+00,3.007715497042656949e+00,5.346041988620147123e-01,-5.595224706216157529e-01,9.976029479770032182e-01
1.474000000000001087e+00,5.663208277014775138e-01,-4.475579637104990516e-01,1.024169473098062388e+00,1.913544460011165071e+00,-3.781020348099816797e+00,-1.549008268302536351e-01,8.551999658505488044e-01,5.168419961702500620e-01,-3.778038923458876264e-02,-8.944919969136027466e-03,-3.142929627134192661e+00,-3.872670960797556461e+00,4.718876571898516503e-01,1.619832080457005219e+00,2.482174218780423658e+00,3.917344460877853152e+00,2.936724818576196938e+00,5.383451682967308471e-01,-5.668898973915332817e-01,9.975375753692565794e-01
1.476000000000001089e+00,5.701479166214998839e-01,-4.551200044066986972e-01,1.023859671444401931e+00,1.911602510399470711e+00,-3.804243323715996716e+00,-1.623312321221809795e-01,8.566715234369201015e-01,5.140952426204488113e-01,-4.130755704198654094e-02,-1.066152796327375640e-02,-3.373573019409751961e+00,-3.897436109440923335e+00,4.721607260330672462e-01,1.608741177022263713e+00,2.516813587737239288e+00,3.906500720890051959e+00,2.865249631823215459e+00,5.420811224203436751e-01,-5.742878573416732024e-01,9.974709632979061880e-01
1.478000000000001091e+00,5.739711216422987983e-01,-4.627284910541306640e-01,1.023535008980157590e+00,1.909465108703336966e+00,-3.827253802816510841e+00,-1.696930285321590348e-01,8.582384039505468465e-01,5.111372946074448365e-01,-4.485254682710806962e-02,-1.239988261727539322e-02,-3.603827238414464507e+00,-3.914480314361335811e+00,4.728963027113014528e-01,1.600195523546824594e+00,2.551661778123614610e+00,3.893902890435039676e+00,2.793428768979919319e+00,5.458120074291361590e-01,-5.817159323851655017e-01,9.974030992518860828e-01
1.480000000000001092e+00,5.777900518597054447e-01,-4.703829986597636847e-01,1.023195622923093184e+00,1.907132808575680460e+00,-3.850046133670949278e+00,-1.769778184838160517e-01,8.598984756645866590e-01,5.079673547608373196e-01,-4.840844141950235296e-02,-1.415630058781451941e-02,-3.833262226761555258e+00,-3.923781198773249823e+00,4.741854550816868574e-01,1.594184639009423421e+00,2.586610494162834062e+00,3.879537916337713721e+00,2.721403709879409050e+00,5.495377695082215297e-01,-5.891737039106459406e-01,9.973339707369310858e-01
1.482000000000001094e+00,5.816043174768568136e-01,-4.780830909271056028e-01,1.022841667286125578e+00,1.904606568227941610e+00,-3.872614605429053114e+00,-1.841774493261238987e-01,8.616493560482559877e-01,5.045849894692173709e-01,-5.196831311133841974e-02,-1.592702283345209802e-02,-4.061449039757971669e+00,-3.925334372922684167e+00,4.761203168948434650e-01,1.590691320737250170e+00,2.621552523136346124e+00,3.863395871645561641e+00,2.649318209399953883e+00,5.532583548348259939e-01,-5.966607528061302901e-01,9.972635652765431402e-01
1.484000000000001096e+00,5.854135306133126937e-01,-4.858283201379637317e-01,1.022473312387473410e+00,1.901887745889460524e+00,-3.894953458183963324e+00,-1.912840304759565457e-01,8.634884204792419027e-01,5.009901340403869474e-01,-5.552523930515731315e-02,-1.770822104458630308e-02,-4.287960816586794621e+00,-3.919153452692533346e+00,4.787934485661935469e-01,1.589691711827273313e+00,2.656381994926180212e+00,3.845470026973246913e+00,2.577317911119974436e+00,5.569737095832909546e-01,-6.041766594912445498e-01,9.971918704131885747e-01
1.486000000000001098e+00,5.892173061050915983e-01,-4.936182270543316708e-01,1.022090744326521472e+00,1.898978094453093624e+00,-3.917056893783185778e+00,-1.982899497451426074e-01,8.654128118490421739e-01,4.971830971923503206e-01,-5.907231806500090610e-02,-1.949600451845158802e-02,-4.512373739326537958e+00,-3.905270032795237434e+00,4.822971720615611968e-01,1.591155391496386073e+00,2.690994628706243397e+00,3.825756923491726802e+00,2.505549948718815756e+00,5.606837799285404600e-01,-6.117210039408718103e-01,9.971188737093781285e-01
1.488000000000001100e+00,5.930152622939978135e-01,-5.014523408418980477e-01,1.021694164427031204e+00,1.895879755291496549e+00,-3.938919087367924288e+00,-2.051878888049507021e-01,8.674194510156401083e-01,4.931645648451781216e-01,-6.260268353335195213e-02,-2.128642748830666606e-02,-4.734267977721016152e+00,-3.883733615180692933e+00,4.867228847201398589e-01,1.595045487623454106e+00,2.725287966274337670e+00,3.804256447254440232e+00,2.434162536668447174e+00,5.643885120501881403e-01,-6.192933657139718662e-01,9.970445627487718454e-01
1.490000000000001101e+00,5.968070218045807840e-01,-5.093301790166339105e-01,1.021283788649421265e+00,1.892595251230292375e+00,-3.960534199614123008e+00,-2.119708377412738431e-01,8.695050480536190562e-01,4.889356031841321504e-01,-6.610952117868587607e-02,-2.307549691268365871e-02,-4.953228617859703142e+00,-3.854611493426604696e+00,4.921603570892469914e-01,1.601318810651922053e+00,2.759161591613863873e+00,3.780971904471629674e+00,2.363304551810644138e+00,5.680878521368146750e-01,-6.268933239815481784e-01,9.969689251373088368e-01
1.492000000000001103e+00,6.005922123070414065e-01,-5.172512474158621476e-01,1.020859846973938723e+00,1.889127478666709825e+00,-3.981896389641234268e+00,-2.186321086543950298e-01,8.716661142478960844e-01,4.844976609648529720e-01,-6.958608284090739282e-02,-2.485918072701839496e-02,-5.168846573182249493e+00,-3.817988594002684977e+00,4.986970200512755302e-01,1.609926007901954170e+00,2.792517336413769868e+00,3.755910097264392178e+00,2.293125107453207079e+00,5.717817463896057717e-01,-6.345204575515452916e-01,9.968919485042162520e-01
1.494000000000001105e+00,6.043704672643748221e-01,-5.252150401951446446e-01,1.020422582756630003e+00,1.885479698825172523e+00,-4.002999828547690875e+00,-2.251653482580386889e-01,8.738989747737023750e-01,4.798525710319306303e-01,-7.302570154447977913e-02,-2.663341655616979081e-02,-5.380719476467334950e+00,-3.773967275403840027e+00,5.064172466863000599e-01,1.620811737320169588e+00,2.825259471459419469e+00,3.729081399340421932e+00,2.223773121627657723e+00,5.754701410264448924e-01,-6.421743448963610490e-01,9.968136205031177255e-01
1.496000000000001107e+00,6.081414266620251974e-01,-5.332210398522400085e-01,1.019972252060113993e+00,1.881655528144757339e+00,-4.023838713525123012e+00,-2.315645494336326660e-01,8.761997820023268435e-01,4.750025510228410019e-01,-7.642180605160951712e-02,-2.839412088228886535e-02,-5.588452551711411864e+00,-3.722667086236441047e+00,5.154016344295674346e-01,1.633914859589703727e+00,2.857294883922401940e+00,3.700499830959513403e+00,2.155396881168551548e+00,5.791529822861480881e-01,-6.498545641825757002e-01,9.967339288131951136e-01
1.498000000000001108e+00,6.119047377183146619e-01,-5.412687172792902679e-01,1.019509122961246739e+00,1.877658927797388300e+00,-4.044407282496595535e+00,-2.378240616973558152e-01,8.785645293694354097e-01,4.699502032300140741e-01,-7.976793513037977457e-02,-3.013719865824725230e-02,-5.791659465039487920e+00,-3.664224483418120570e+00,5.257262931570939601e-01,1.649168647463810089e+00,2.888533240655409173e+00,3.670183132491989575e+00,2.088143603281124250e+00,5.828302164315903866e-01,-6.575606932912450020e-01,9.966528611400198301e-01
1.500000000000001110e+00,6.156600555739094593e-01,-5.493575318442834865e-01,1.019033474837852005e+00,1.873494192339979270e+00,-4.064699829218085370e+00,-2.439386005393906487e-01,8.809890657405341496e-01,4.646985135947303003e-01,-8.305775151520000676e-02,-3.185855335241375569e-02,-5.989963154002475143e+00,-3.598792511698304608e+00,5.374621448535654711e-01,1.666501011213382455e+00,2.918887137873023896e+00,3.638152835777957783e+00,2.022158996226549377e+00,5.865017897544806402e-01,-6.652923098491640985e-01,9.965704052168744553e-01
1.502000000000001112e+00,6.194070439585893650e-01,-5.574869315027196626e-01,1.018545597636773214e+00,1.869165937508556752e+00,-4.084710718776382699e+00,-2.499032555973162983e-01,8.834691102063582102e-01,4.592508498076333101e-01,-8.628505553930115868e-02,-3.355409740601171531e-02,-6.182996634819616588e+00,-3.526540445752738950e+00,5.506742405010146557e-01,1.685834738971670355e+00,2.948272237531914808e+00,3.604434332462822077e+00,1.957586820767216018e+00,5.901676485784594917e-01,-6.730489912535375652e-01,9.964865488055734133e-01
1.504000000000001114e+00,6.231453758336065185e-01,-5.656563529402723889e-01,1.018045791125578692e+00,1.864679087167508964e+00,-4.104434403411312715e+00,-2.557134976283656491e-01,8.860002672396128931e-01,4.536109584918889270e-01,-8.944379842123550972e-02,-3.521976307963756159e-02,-6.370403787299069975e+00,-3.447653396124128466e+00,5.654210997575797037e-01,1.707087750782390279e+00,2.976607390969871147e+00,3.569056938404781221e+00,1.894568453964864174e+00,5.938277392634336849e-01,-6.808303146971041997e-01,9.964012796976708941e-01
1.506000000000001116e+00,6.268747340079415808e-01,-5.738652217470949779e-01,1.017534364130322055e+00,1.860038859432516123e+00,-4.123865438585395893e+00,-2.613651842485548160e-01,8.885780421436147991e-01,4.477829614464468588e-01,-9.252809518939081324e-02,-3.685151366081648033e-02,-6.551840117317009771e+00,-3.362331880289505026e+00,5.817540788881699898e-01,1.730173365159153542e+00,3.003814750404794953e+00,3.532053953203590169e+00,1.833242456892988814e+00,5.974820082089866702e-01,-6.886358571951376462e-01,9.963145857152708729e-01
1.508000000000001117e+00,6.305948117268066477e-01,-5.821129526242657670e-01,1.017011633761824907e+00,1.855250751991353031e+00,-4.142998499219811670e+00,-2.668545644104754477e-01,8.911978567229248416e-01,4.417713509284723061e-01,-9.553223723037393422e-02,-3.844535499975344078e-02,-6.726973496858319912e+00,-3.270791360132605075e+00,5.997167722570420079e-01,1.755000576926996514e+00,3.029819868960188511e+00,3.493462713869837089e+00,1.773744147799071191e+00,6.011304018586134390e-01,-6.964651956105711861e-01,9.962264547123487191e-01
1.510000000000001119e+00,6.343053132307893138e-01,-5.903989496227053380e-01,1.016477924633004015e+00,1.850320526652494468e+00,-4.161828396012066555e+00,-2.721782815956893531e-01,8.938550651060450658e-01,4.355809839558184016e-01,-9.845070444873346704e-02,-3.999734733575549539e-02,-6.895484881704663671e+00,-3.173261747079545003e+00,6.193444524990840971e-01,1.781474345179846486e+00,3.054551790013552814e+00,3.453324641594001765e+00,1.716205182182523936e+00,6.047728667028469118e-01,-7.043179066784972520e-01,9.961368745754226595e-01
1.512000000000001121e+00,6.380059542840943454e-01,-5.987226064147295190e-01,1.015933568069812720e+00,1.845254193157283007e+00,-4.180350091747887298e+00,-2.773333757023315194e-01,8.965449696506326838e-01,4.292170756124305542e-01,-1.012781770268472437e-01,-4.150361737219696728e-02,-7.057069006912035647e+00,-3.069986876132396514e+00,6.406635542551422091e-01,1.809495890154427356e+00,3.077943126662716633e+00,3.411685280574789481e+00,1.660753141232693242e+00,6.084093492833506645e-01,-7.121935670336796420e-01,9.960458332248185442e-01
1.514000000000001123e+00,6.416964626704089181e-01,-6.070833065982252919e-01,1.015378901318408023e+00,1.840057992297213785e+00,-4.198558717517753891e+00,-2.823172836135842134e-01,8.992628368624654422e-01,4.226851913418141482e-01,-1.040095467748869684e-01,-4.296037055342311756e-02,-7.211435060235981354e+00,-2.961223950000622107e+00,6.636912060891000387e-01,1.838962997877972239e+00,3.099930132173037478e+00,3.368594327832621360e+00,1.607511130003539179e+00,6.120397961966990152e-01,-7.200917532324950798e-01,9.959533186155118401e-01
1.516000000000001124e+00,6.453765786550033079e-01,-6.154804240332607534e-01,1.014814266751180805e+00,1.834738378383565349e+00,-4.216449588747195776e+00,-2.871278384380877569e-01,9.020039132605210952e-01,4.159912382161677358e-01,-1.066399280615731998e-01,-4.436390349268359845e-02,-7.358307333641613823e+00,-2.847242954488214295e+00,6.884348149008615581e-01,1.869770331487550008e+00,3.120452762320835571e+00,3.324105652925098298e+00,1.556597386650419690e+00,6.156641540977165761e-01,-7.280120417815822975e-01,9.958593187382005496e-01
1.518000000000001126e+00,6.490460554117704062e-01,-6.239133232107550997e-01,1.014240011074304615e+00,1.829302001122139698e+00,-4.234018220949300471e+00,-2.917632674192366382e-01,9.047634411220090156e-01,4.091414551715076842e-01,-1.091646683169438248e-01,-4.571061649610362598e-02,-7.497425852985649009e+00,-2.728326046253938486e+00,7.148917068143747500e-01,1.901809748100107944e+00,3.139454730502424518e+00,3.278277306500581023e+00,1.508124904016249435e+00,6.192823697033720265e-01,-7.359540091591583177e-01,9.957638216202218118e-01
1.520000000000001128e+00,6.527046594140146762e-01,-6.323813596526537406e-01,1.013656484539466218e+00,1.823755686951092247e+00,-4.251260345108202721e+00,-2.962221885163536239e-01,9.075366740429616774e-01,4.021424022020796407e-01,-1.115793580985785932e-01,-4.699702612388512862e-02,-7.628546985861304641e+00,-2.604766914013077361e+00,7.430488281557112717e-01,1.934970620237794980e+00,3.156883556552404269e+00,3.231171516611000882e+00,1.462201064777910231e+00,6.228943897960750320e-01,-7.439172318424738251e-01,9.956668153265111343e-01
1.522000000000001130e+00,6.563521707879168554e-01,-6.408838803428701381e-01,1.013064040162433566e+00,1.818106419904766291e+00,-4.268171922603182011e+00,-3.005036056672201195e-01,9.103188922520514259e-01,3.950009485105981377e-01,-1.138798407126557638e-01,-4.821977772642541821e-02,-7.751444027479685417e+00,-2.476870114208542084e+00,7.728825097434719460e-01,1.969140160758171110e+00,3.172690610122623767e+00,3.182854671760313892e+00,1.418927291341316899e+00,6.265001612277689702e-01,-7.519012863300957861e-01,9.955682879606362334e-01
1.524000000000001132e+00,6.599883836277263827e-01,-6.494202241880765447e-01,1.012463032951099073e+00,1.812361322070913161e+00,-4.284749159584861466e+00,-3.046069027479813007e-01,9.131054176175795734e-01,3.877242596143579689e-01,-1.160622213808759073e-01,-4.937565788989494581e-02,-7.865907764298626148e+00,-2.344950382133469180e+00,8.043582972974536727e-01,2.004203750383639626e+00,3.186831149525529927e+00,3.133397289659735740e+00,1.378398711590166137e+00,6.300996309229009995e-01,-7.599057491678280485e-01,9.954682276656923179e-01
1.526000000000001133e+00,6.636131062718682028e-01,-6.579897225072462996e-01,1.011853819145603017e+00,1.806527633712726288e+00,-4.300988520717406338e+00,-3.085318362533036596e-01,9.158916282900975148e-01,3.803197834110554898e-01,-1.181228759436891429e-01,-5.046160672306727879e-02,-7.971747014930867792e+00,-2.209331919455151727e+00,8.374308503329551678e-01,2.040045266881660879e+00,3.199264356820801236e+00,3.082873970741633052e+00,1.340703841576954769e+00,6.336927458822874115e-01,-7.679301969717897691e-01,9.953666226252080307e-01
1.528000000000001135e+00,6.672261615392937051e-01,-6.665916995486811381e-01,1.011236755473096327e+00,1.800612693130564823e+00,-4.316886742203929650e+00,-3.122785267264836517e-01,9.186729729257998578e-01,3.727952352122191892e-01,-1.200584590894296921e-01,-5.147472991488782207e-02,-8.068789147648367077e+00,-2.070347659057870437e+00,8.720439114491013166e-01,2.076547415066191782e+00,3.209953369944291701e+00,3.031363335505997902e+00,1.305924286172333915e+00,6.372794531866947665e-01,-7.759742064518917459e-01,9.952634610642041579e-01
1.530000000000001137e+00,6.708273869255548805e-01,-6.752254730330889965e-01,1.010612198419643448e+00,1.794623916341151704e+00,-4.332440844016164583e+00,-3.158474489761803339e-01,9.214449844386697341e-01,3.651585817564959036e-01,-1.218659120979203314e-01,-5.241231049043810347e-02,-8.156880573569996074e+00,-1.928338508104852744e+00,9.081303474447189883e-01,2.113592056784919571e+00,3.218865312549126223e+00,2.978947944858808317e+00,1.274134458661269287e+00,6.408597000000231247e-01,-7.840373544388938853e-01,9.951587312500249638e-01
1.532000000000001139e+00,6.744166347582372101e-01,-6.838903547211213629e-01,1.009980503521691109e+00,1.788568776654264614e+00,-4.347648141254071064e+00,-3.192394211233248735e-01,9.242032932323189787e-01,3.574180242196550172e-01,-1.235424700858961389e-01,-5.327182019163723831e-02,-8.235887214370400500e+00,-1.783652570211043065e+00,9.456122632051819910e-01,2.151060540123591824e+00,3.225971322178300849e+00,2.925714202670779862e+00,1.245401320228295194e+00,6.444334335729156038e-01,-7.921192179034477476e-01,9.950524214932192635e-01
1.534000000000001140e+00,6.779937723115457837e-01,-6.925856510036294544e-01,1.009342024679444449e+00,1.782454784228491906e+00,-4.362506254566240749e+00,-3.224555925285065294e-01,9.269436398655278575e-01,3.495819802430534806e-01,-1.250856687402450984e-01,-5.405093040825282441e-02,-8.305694943082739812e+00,-1.636644347620245910e+00,9.844011888009278621e-01,2.188834027119934689e+00,3.231246577320482150e+00,2.871752239855877242e+00,1.219784140223617364e+00,6.480006012462258269e-01,-8.002193739823582064e-01,9.949445201486168955e-01
1.536000000000001142e+00,6.815586818800027924e-01,-7.013106635127619448e-01,1.008697113494387398e+00,1.776289465688505986e+00,-4.377013119567640054e+00,-3.254974306568176323e-01,9.296618871086398395e-01,3.416590650074446400e-01,-1.264933505236150446e-01,-5.474752258459870957e-02,-8.366209996302934826e+00,-1.487673924302280737e+00,1.024398339728566532e+00,2.226793819275987296e+00,3.234670323737659725e+00,2.817155779389287851e+00,1.197334278082001768e+00,6.515611504543574739e-01,-8.083374000014345029e-01,9.948350156160108426e-01
1.538000000000001144e+00,6.851112608113798519e-01,-7.100646897518971823e-01,1.008046118633073807e+00,1.770080343886394125e+00,-4.391166995197559153e+00,-3.283667069434045849e-01,9.323540313511594624e-01,3.336580713843749768e-01,-1.277636703354361747e-01,-5.535969802770124987e-02,-8.417359355826762979e+00,-1.337106130913863877e+00,1.065494949704387073e+00,2.264821680256863701e+00,3.236225900449861470e+00,2.762021981752199817e+00,1.178094987703424801e+00,6.551150287284759344e-01,-8.164728734993644821e-01,9.947238963412692314e-01
1.540000000000001146e+00,6.886514214991525940e-01,-7.188470237422922571e-01,1.007389385219187083e+00,1.763834917889039122e+00,-4.404966470967142556e+00,-3.310654817291796559e-01,9.350162133241591844e-01,3.255879492030010480e-01,-1.288951006098991159e-01,-5.588578704374153050e-02,-8.459091097495702982e+00,-1.185309692625958533e+00,1.107572674901767806e+00,2.302800155098696955e+00,3.235900765489255981e+00,2.706451270468778425e+00,1.162101245112443282e+00,6.586621837002599733e-01,-8.246253722488035010e-01,9.946111508170387694e-01
1.542000000000001148e+00,6.921790913349307184e-01,-7.276569566842265857e-01,1.006727254255728621e+00,1.757560643272114476e+00,-4.418410473053086207e+00,-3.335960883416170253e-01,9.376447281043759352e-01,3.174577836759103211e-01,-1.298864358309684275e-01,-5.632435733124253885e-02,-8.491374704758319680e+00,-1.032656360874963264e+00,1.150504067995052226e+00,2.340612885425183975e+00,3.233686521642531897e+00,2.650547137426179312e+00,1.149379600108831001e+00,6.622025631048575889e-01,-8.327944742807602552e-01,9.944967675838247700e-01
1.544000000000001149e+00,6.956942126214749056e-01,-7.364937776303327466e-01,1.006060062079045414e+00,1.751264912799245455e+00,-4.431498269201255447e+00,-3.359611164009413953e-01,9.402360343701844370e-01,3.092767730334487486e-01,-1.307367964431301044e-01,-5.667422156177963355e-02,-8.514201344227608104e+00,-8.795200301883616678e-01,1.194153119853859302e+00,2.378144920040591082e+00,3.229578942050951973e+00,2.594415927902985253e+00,1.139948052656950317e+00,6.657361147842824067e-01,-8.409797579074478335e-01,9.943807352306022196e-01
1.546000000000001151e+00,6.991967424470734160e-01,-7.453567741687352477e-01,1.005388139846243423e+00,1.744955037562057942e+00,-4.444229472411613813e+00,-3.381633944366169708e-01,9.427867628829483815e-01,3.010542054220655683e-01,-1.314456321353392743e-01,-5.693444408195647705e-02,-8.527584100293497116e+00,-7.262758413302378147e-01,1.238375866211252063e+00,2.415283020398689917e+00,3.223577995578042810e+00,2.538166605301869438e+00,1.133815954674848303e+00,6.692627866907674417e-01,-8.491808017434294698e-01,9.942630423959206709e-01
1.548000000000001153e+00,7.026866525221975301e-01,-7.542452331135585109e-01,1.004711813057370229e+00,1.738638228653380802e+00,-4.456604043383503466e+00,-3.402059719032181628e-01,9.452937241705881011e-01,2.927994351282672825e-01,-1.320127244745839534e-01,-5.710434667400660080e-02,-8.531558165665487081e+00,-5.732992721297003325e-01,1.283021056118918812e+00,2.451915960410579576e+00,3.215687871658925001e+00,2.481910495756708190e+00,1.130983937860811750e+00,6.727825268899483291e-01,-8.573971847293790916e-01,9.941436777686503135e-01
1.550000000000001155e+00,7.061639289795043073e-01,-7.631584412003254991e-01,1.004031401113563815e+00,1.732321579441743697e+00,-4.468622291708121530e+00,-3.420921006882450821e-01,9.477539153935428118e-01,2.845218581958542381e-01,-1.324381888646634919e-01,-5.718351331664812270e-02,-8.526180984567670151e+00,-4.209652174856581275e-01,1.327930878502331824e+00,2.487934820090596411e+00,3.205917004254957625e+00,2.425761012927507565e+00,1.131443868144808462e+00,6.762952835640465565e-01,-8.656284861539660369e-01,9.940226300888310718e-01
1.552000000000001156e+00,7.096285721383878142e-01,-7.720956857837417697e-01,1.003347216912187312e+00,1.726012048510608965e+00,-4.480284875802760247e+00,-3.438252162073264784e-01,9.501645263766536065e-01,2.762308875101501804e-01,-1.327224758052382436e-01,-5.717179389272284556e-02,-8.511532345202436289e+00,-2.696470601894414565e-01,1.372941742643518426e+00,2.523233272506702374e+00,3.194278094386374001e+00,2.369833363480799537e+00,1.135178827318479300e+00,6.798010050151379602e-01,-8.738742856744323717e-01,9.938998881484897296e-01
1.554000000000001158e+00,7.130805962354089811e-01,-7.810562555353472991e-01,1.002659566479772613e+00,1.719716443320500110e+00,-4.491592801589139761e+00,-3.454089181843192913e-01,9.525229447938727834e-01,2.679359274288568571e-01,-1.328663714259859518e-01,-5.706930679567618486e-02,-8.487714418027172414e+00,-1.197157343599099810e-01,1.417885107950323409e+00,2.557707863571771156e+00,3.180788130674044201e+00,2.314244233868237188e+00,1.142163122310916323e+00,6.832996396681654261e-01,-8.821341633416608374e-01,9.937754407926346900e-01
1.556000000000001160e+00,7.165200291220499285e-01,-7.900394411385255333e-01,1.001968748643403906e+00,1.713441404646481425e+00,-4.502547419925629235e+00,-3.468469512153014578e-01,9.548267604960678501e-01,2.596463480449093808e-01,-1.328709972708211340e-01,-5.687644039305009974e-02,-8.454851736383018235e+00,2.846121654094174724e-02,1.462588357926260407e+00,2.591258284111295662e+00,3.165468407123788630e+00,2.259111459252285847e+00,1.152362322558772245e+00,6.867911360745058147e-01,-8.904076996184784321e-01,9.936492769197675656e-01
1.558000000000001162e+00,7.199469119313428589e-01,-7.990445359783767687e-01,1.001275054740973225e+00,1.707193391837267704e+00,-4.513150422810562112e+00,-3.481431852160148388e-01,9.570737689756014799e-01,2.513714591722000513e-01,-1.327378093076480581e-01,-5.659385331184337703e-02,-8.413091116047658247e+00,1.745205849705269985e-01,1.506875712836484915e+00,2.623787633739237179e+00,3.148344537370041607e+00,2.204553675540713797e+00,1.165733325817439603e+00,6.902754429145563364e-01,-8.986944754038717065e-01,9.935213854830875491e-01
1.560000000000001164e+00,7.233612987150174201e-01,-8.080708368239979400e-01,1.000578768370541161e+00,1.700978668935768656e+00,-4.523403838380845698e+00,-3.493015958522188713e-01,9.592619739647769705e-01,2.431204841502042080e-01,-1.324685961400320355e-01,-5.622247351779364327e-02,-8.362601510384505943e+00,3.181044455244496083e-01,1.550569175173751590e+00,2.655202675987041516e+00,3.129446464493790270e+00,2.150689955688106725e+00,1.182224452691714722e+00,6.937525090009177831e-01,-9.069940720520861532e-01,9.933917554909390546e-01
1.562000000000001165e+00,7.267632560528889396e-01,-8.171176445007596323e-01,9.998801651788367106e-01,1.694803291694122249e+00,-4.533310024736817212e+00,-3.503262450514962878e-01,9.613895891686725648e-01,2.349025335683090909e-01,-1.320654763985144864e-01,-5.576349616831546840e-02,-8.303573797918447852e+00,4.588610996047610691e-01,1.593489501675620978e+00,2.685414084148559866e+00,3.108808465438948065e+00,2.097639431600848869e+00,1.201775570086963230e+00,6.972222832820609284e-01,-9.153060713970120332e-01,9.932603760078668742e-01
1.564000000000001167e+00,7.301528626362772112e-01,-8.261842645502333049e-01,9.991795126887337286e-01,1.688673095509363842e+00,-4.542871662630535212e+00,-3.512212616934148879e-01,9.634550391363502220e-01,2.267265790149353422e-01,-1.315308952910775597e-01,-5.521838022692983350e-02,-8.236220499390510597e+00,5.964460158429754078e-01,1.635457195333924307e+00,2.714336677274831189e+00,3.086469148950247376e+00,2.045520903168908777e+00,1.224318243699135111e+00,7.006847148445007889e-01,-9.236300557690668711e-01,9.931272361553054040e-01
1.566000000000001169e+00,7.335302088272959153e-01,-8.352700078754943247e-01,9.984770701653469249e-01,1.682593684298825609e+00,-4.552091747060638127e+00,-3.519908225724167616e-01,9.654569592778835530e-01,2.186014269602694904e-01,-1.308676202944900613e-01,-5.458884383547954466e-02,-8.160775421615563019e+00,7.305227634175972540e-01,1.676293510557462119e+00,2.741889645775324347e+00,3.062471446095226923e+00,1.994452436029336972e+00,1.249775919489082066e+00,7.041397529164914459e-01,-9.319656080215708016e-01,9.929923251123744521e-01
1.568000000000001171e+00,7.368953961958936150e-01,-8.443741913696155565e-01,9.977730885202020783e-01,1.676570420327391009e+00,-4.560973577822134750e+00,-3.526391337247988811e-01,9.673941950381350630e-01,2.105356928845397158e-01,-1.300787359709200119e-01,-5.387685844918246869e-02,-8.077493225827332424e+00,8.607639352154876633e-01,1.715821464441169342e+00,2.767996765967278172e+00,3.036862592077641310e+00,1.944550950000509593e+00,1.278064134098161553e+00,7.075873468706976865e-01,-9.403123115456395453e-01,9.928556321166679410e-01
1.570000000000001172e+00,7.402485370365483597e-01,-8.534961385252598509e-01,9.970678102527524844e-01,1.670608414991729962e+00,-4.569520749064411191e+00,-3.531704122071233076e-01,9.692658002416862928e-01,2.025377757661610822e-01,-1.291676378973012074e-01,-5.308464174854393008e-02,-7.986648918577772704e+00,9.868520576476910167e-01,1.753866846913928690e+00,2.792586603048545335e+00,3.009694098432236675e+00,1.895931800055548955e+00,1.309090753874055268e+00,7.110274462270655960e-01,-9.486697502956502603e-01,9.927171464649822141e-01
1.572000000000001174e+00,7.435897538665318107e-01,-8.626351800233886813e-01,9.963614694283382534e-01,1.664712520559900710e+00,-4.577737137914872356e+00,-3.535888684090307543e-01,9.710710346267930060e-01,1.946158330457275210e-01,-1.281380256984329946e-01,-5.221464935126111234e-02,-7.888537263737505079e+00,1.108480483768503833e+00,1.790259222437268427e+00,2.815592701786132857e+00,2.981021714323689231e+00,1.848708352078576311e+00,1.342756242198651861e+00,7.144600006562331629e-01,-9.570375088066924718e-01,9.925768575141900030e-01
1.574000000000001176e+00,7.469191789076515819e-01,-8.717906542992184260e-01,9.956542916915201991e-01,1.658887322858139113e+00,-4.585626892229345941e+00,-3.538986889782298473e-01,9.728093605896737106e-01,1.867777561826332033e-01,-1.269938951786880876e-01,-5.126956535641095936e-02,-7.783472114644806261e+00,1.225354266232792311e+00,1.824832915871838379e+00,2.836953764343831619e+00,2.950905375974611111e+00,1.802991555598402407e+00,1.378953954539114068e+00,7.178849599819461247e-01,-9.654151722165096317e-01,9.924347546818550470e-01
1.576000000000001178e+00,7.502369535533678357e-01,-8.809619080836771365e-01,9.949464943135637451e-01,1.653137134890446447e+00,-4.593194417533345231e+00,-3.541040204298279148e-01,9.744804391638394181e-01,1.790311469210493223e-01,-1.257395295514402433e-01,-5.025229176233395739e-02,-7.671785666020704220e+00,1.337191006518110736e+00,1.857427975147313504e+00,2.856613814570759580e+00,2.919409143126891149e+00,1.758889515929054514e+00,1.417570460563982282e+00,7.213022741843406749e-01,-9.738023262862469664e-01,9.922908274471131662e-01
1.578000000000001180e+00,7.535432278231487535e-01,-8.901482969187438643e-01,9.942382862727040527e-01,1.647465991370760330e+00,-4.600444363220699273e+00,-3.542089535060538585e-01,9.760841252624863351e-01,1.713832943809977805e-01,-1.243794897698764362e-01,-4.916593680861040816e-02,-7.553827625873777762e+00,1.443721676758938255e+00,1.887891103457108866e+00,2.874522348105693403e+00,2.886601121530030234e+00,1.716507068219416565e+00,1.458485892486788948e+00,7.247118934025014170e-01,-9.821985574181866241e-01,9.921450653513188556e-01
1.580000000000001181e+00,7.568381598058903093e-01,-8.993491856451852895e-01,9.935298683656919039e-01,1.641877644142114567e+00,-4.607381608077829149e+00,-3.542175083458743989e-01,9.776204622152180335e-01,1.638411530883282230e-01,-1.229186039676829767e-01,-4.801380230127729604e-02,-7.429964308255919470e+00,1.544691410497327499e+00,1.916076553849158426e+00,2.890634467661950424e+00,2.852553370598664095e+00,1.675945355966643957e+00,1.501574318600919611e+00,7.281137679374172222e-01,-9.906034526773481730e-01,9.919974579987913543e-01
1.582000000000001183e+00,7.601219150941744829e-01,-9.085639488613409531e-01,9.928214333490001930e-01,1.636375558452343837e+00,-4.614011245203074374e+00,-3.541336205171844442e-01,9.790896756334677153e-01,1.564113220545040317e-01,-1.213619560231265493e-01,-4.679936998885594196e-02,-7.300577648404926734e+00,1.639860258630962520e+00,1.941846979313918586e+00,2.904911002840977918e+00,2.817341795362585444e+00,1.637301416678639043e+00,1.546704140848067066e+00,7.315078482549655092e-01,-9.990165998111564249e-01,9.918479950575784798e-01
1.584000000000001185e+00,7.633946662110792092e-01,-9.177919713517470601e-01,9.921131661079658492e-01,1.630962910051595882e+00,-4.620338566391035684e+00,-3.539611279571515112e-01,9.804921666419581516e-01,1.491000250132165639e-01,-1.197148732652476982e-01,-4.552628706475052994e-02,-7.166064142494168898e+00,1.729003906861310558e+00,1.965074231765077117e+00,2.917318613869534616e+00,2.781046022046346877e+00,1.600667777349892296e+00,1.593738515037200765e+00,7.348940849885696736e-01,-1.007437587268483981e+00,9.916966662601884863e-01
1.586000000000001187e+00,7.666565920311824156e-01,-9.270326484845291537e-01,9.914052438520515320e-01,1.625642583073233283e+00,-4.626369046051823197e+00,-3.537037588590833947e-01,9.818285045163251956e-01,1.419130919159971860e-01,-1.179829133461744312e-01,-4.419835087904245424e-02,-7.026833714915589724e+00,1.811914350989347167e+00,1.985640103682510871e+00,2.927829878640430206e+00,2.743749256625303889e+00,1.566132062512445078e+00,1.642535792214480761e+00,7.382724289420128372e-01,-1.015866004219773799e+00,9.915434614042331063e-01
1.588000000000001188e+00,7.699078771973288937e-01,-9.362853865766328498e-01,9.906978363343333926e-01,1.620417168656652862e+00,-4.632108324734518057e+00,-3.533651205368344428e-01,9.830994187695981656e-01,1.348559417831857454e-01,-1.161718503088939453e-01,-4.281949294954599111e-02,-6.883308516712467018e+00,1.888400526504180332e+00,2.003437006621190175e+00,2.936423362529582803e+00,2.705538125992955401e+00,1.533776617516999119e+00,1.692949979437999408e+00,7.416428310920810674e-01,-1.024301440575058564e+00,9.913883703531736202e-01
1.590000000000001190e+00,7.731487115346421524e-01,-9.455496032261019312e-01,9.899911060932596873e-01,1.615288964268170924e+00,-4.637562192323014365e+00,-3.529486892905082107e-01,9.843057907325741818e-01,1.279335669998998004e-01,-1.142876598851124276e-01,-4.139376236812385146e-02,-6.735921659475167189e+00,1.958288889029712099e+00,2.018368581300920450e+00,2.943083670439401889e+00,2.666502501381086354e+00,1.503678149769480221e+00,1.744831218116240645e+00,7.450052425915476562e-01,-1.032743487005845395e+00,9.912313830370385048e-01
1.592000000000001192e+00,7.763792894631784680e-01,-9.548247276107479919e-01,9.892852087146786211e-01,1.610259973674403433e+00,-4.642736570970796173e+00,-3.524578012900081991e-01,9.854486446751830053e-01,1.211505191390587627e-01,-1.123365040630334571e-01,-3.992530870359767975e-02,-6.585115889679448387e+00,2.021423942359567683e+00,2.030350234562666500e+00,2.947801480614416825e+00,2.626735303906152286e+00,1.475907390530982966e+00,1.798026277875245604e+00,7.483596147714184355e-01,-1.041191734958928805e+00,9.910724894530202889e-01
1.594000000000001194e+00,7.795998094105273113e-01,-9.641102007526896056e-01,9.885802931120986070e-01,1.605331907521518220e+00,-4.647637497839173903e+00,-3.518956444859477339e-01,9.865291385177040739e-01,1.145108963851251271e-01,-1.103247149699227020e-01,-3.841836450705481826e-02,-6.431342209078677818e+00,2.077668711018914927e+00,2.039309599102697490e+00,2.950573559844333893e+00,2.586332292342932604e+00,1.450528779770201560e+00,1.852379063742922716e+00,7.517058991442286953e-01,-1.049645776682254450e+00,9.909116796663104410e-01
1.596000000000001195e+00,7.828104732255704024e-01,-9.734054757483679987e-01,9.878765018231266959e-01,1.600506184473364124e+00,-4.652271107701053232e+00,-3.512652515507179163e-01,9.875485541821511504e-01,1.080183326231168861e-01,-1.082587781191313575e-01,-3.687722752888656502e-02,-6.275058447370090775e+00,2.126905154517939156e+00,2.045186912585187144e+00,2.951402759674384146e+00,2.545391833237749868e+00,1.427600176553217803e+00,1.907731134390583616e+00,7.550440474060753360e-01,-1.058105205236856250e+00,9.907489438105825386e-01
1.598000000000001197e+00,7.860114855945171675e-01,-9.827100179637701105e-01,9.871739713200252675e-01,1.595783932861730037e+00,-4.656643615469559627e+00,-3.505694938460340859e-01,9.885082876352294656e-01,1.016759882476814536e-01,-1.061453150757767222e-01,-3.530624275943050616e-02,-6.116727793887000608e+00,2.169034520747200379e+00,2.047935313454150030e+00,2.950297993421908238e+00,2.504014653883673169e+00,1.407172597142846815e+00,1.963922228932907910e+00,7.583740114399990517e-01,-1.066569614520730624e+00,9.905842720888520248e-01
1.600000000000001199e+00,7.892030534602406666e-01,-9.920233051947092706e-01,9.864728323323331827e-01,1.591165992802865192e+00,-4.660761298707798872e+00,-3.498110764072693835e-01,9.894098386750239671e-01,9.548654273674089810e-02,-1.039910655994476657e-01,-3.370978440659782444e-02,-5.956817295565910442e+00,2.203977636258195538e+00,2.047521051537457115e+00,2.947274193792419616e+00,2.462303578648219027e+00,1.389289982961776637e+00,2.020790799805821880e+00,7.616957433174622594e-01,-1.075038599282819973e+00,9.904176547740126679e-01
1.602000000000001201e+00,7.923853854458463575e-01,-1.001344827792124859e+00,9.857732101795186885e-01,1.586652918735848017e+00,-4.664630480172771598e+00,-3.489925339292982986e-01,9.902548005139343301e-01,8.945218902349327816e-02,-1.018028693260818046e-01,-3.209223792430478117e-02,-5.795796328850740586e+00,2.231675131514024635e+00,2.043923612323579775e+00,2.942352251028998555e+00,2.420363249503794556e+00,1.373989000257167969e+00,2.078174549065190835e+00,7.650091953024134028e-01,-1.083511755145750044e+00,9.902490822095542100e-01
1.604000000000001203e+00,7.955586912833180202e-01,-1.010674088752470334e+00,9.850752251116601244e-01,1.582244982340362593e+00,-4.668257510443048375e+00,-3.481162277334582389e-01,9.910448492103751672e-01,8.357462968952897309e-02,-9.958764705448897026e-02,-3.045798220488934657e-02,-5.634135053539541360e+00,2.252087599547970331e+00,2.037135754607942495e+00,2.935558931635196878e+00,2.378299831671003339e+00,1.361298873131427056e+00,2.135910965464677069e+00,7.683143198524380324e-01,-1.091988678618676545e+00,9.900785448100526409e-01
1.606000000000001204e+00,7.987231812479987925e-01,-1.020010603773356506e+00,9.843789926561932191e-01,1.577942175793918711e+00,-4.671648750676284045e+00,-3.471843436907043889e-01,9.917817330013591892e-01,7.785507499060213832e-02,-9.735238170584031847e-02,-2.881137204696790355e-02,-5.472302856844370567e+00,2.265195686852466750e+00,2.027163462021456475e+00,2.926926777769766730e+00,2.336220705554441501e+00,1.351241251337281568e+00,2.193837859587462358e+00,7.716110696221978316e-01,-1.100468967120932007e+00,9.899060330621010095e-01
1.608000000000001206e+00,8.018790655995866601e-01,-1.029353901274709049e+00,9.836846239688118443e-01,1.573744215331433827e+00,-4.674810555539083978e+00,-3.461988910720397161e-01,9.924672615873292303e-01,7.229424271531813273e-02,-9.510409902676590643e-02,-2.715672100739541586e-02,-5.310766796108318033e+00,2.271000115715391843e+00,2.014025809773186904e+00,2.916493987572799984e+00,2.294234146255131002e+00,1.343830113952247496e+00,2.251793894335327284e+00,7.748993974656190886e-01,-1.108952218995327144e+00,9.897315375246753533e-01
1.610000000000001208e+00,8.050265540302494749e-01,-1.038703522385787226e+00,9.829922261866678168e-01,1.569650545073345560e+00,-4.677749256348173290e+00,-3.451617022938917589e-01,9.931032954194775053e-01,6.689235986578342952e-02,-9.284984810848359582e-02,-2.549828474215542692e-02,-5.149990048714561119e+00,2.269521637631507716e+00,1.997754748740215192e+00,2.904304276746479285e+00,2.252448992145015705e+00,1.339071709776588293e+00,2.309619108083607042e+00,7.781792564382801203e-01,-1.117438033527591301e+00,9.895550488298239245e-01
1.612000000000001210e+00,8.081658551203961816e-01,-1.048059020898483684e+00,9.823019027820800719e-01,1.565660341091974050e+00,-4.680471144458323352e+00,-3.440744335233046347e-01,9.936917350383216441e-01,6.164916613824097946e-02,-9.059668179560011192e-02,-2.384024493617192125e-02,-4.990430377717967048e+00,2.260800917834363766e+00,1.978394809815285482e+00,2.890406721849181793e+00,2.210974304126185785e+00,1.336964534973484886e+00,2.367155427859276351e+00,7.814505998003102860e-01,-1.125926010964562352e+00,9.893765576834097075e-01
1.614000000000001211e+00,8.112971758025800950e-01,-1.057419963187400391e+00,9.816137539150334712e-01,1.561772515689626273e+00,-4.682982454929082827e+00,-3.429385661055933676e-01,9.942345105105231395e-01,5.656391917100601213e-02,-8.835163705887177921e-02,-2.218669391625797266e-02,-4.832538621636589760e+00,2.244898351412192739e+00,1.956002732165045055e+00,2.874855585861988860e+00,2.169919017319128063e+00,1.337499348167675572e+00,2.424247169985442429e+00,7.847133810182373992e-01,-1.134415752530443910e+00,9.891960548655012175e-01
1.616000000000001213e+00,8.144207208339593329e-01,-1.066785928097258473e+00,9.809278767828223389e-01,1.557985721865877915e+00,-4.685289350499129313e+00,-3.417554087754697267e-01,9.947335710088556215e-01,5.163540151674114731e-02,-8.612171540628955901e-02,-2.054162003476614484e-02,-4.676757216660136329e+00,2.221893811889454895e+00,1.930647019745702853e+00,2.857710126674192441e+00,2.129391587065313729e+00,1.340659222903801906e+00,2.480741525724577290e+00,7.879675537680714825e-01,-1.142906860443517303e+00,9.890135312312393623e-01
1.618000000000001215e+00,8.175366922776911016e-01,-1.076156506798256807e+00,9.802443659652714247e-01,1.554298357955500309e+00,-4.687397905893978312e+00,-3.405261006115838374e-01,9.951908745778881293e-01,4.686192928637237382e-02,-8.391386340636444729e-02,-1.890889390406711931e-02,-4.523518759258154276e+00,2.191886333564689426e+00,1.902407431062629994e+00,2.839034389276095638e+00,2.089499631212270891e+00,1.346419637008655412e+00,2.536489029583203436e+00,7.912130719369816489e-01,-1.151398937934899891e+00,9.888289777111287648e-01
1.620000000000001217e+00,8.206452889936021178e-01,-1.085531302610044824e+00,9.795633137640482602e-01,1.550708572422563325e+00,-4.689314092489964558e+00,-3.392516146938591159e-01,9.956083781254003728e-01,4.224136240285843169e-02,-8.173495339645425739e-02,-1.729225555384753671e-02,-4.373244616825498809e+00,2.154993729290366034e+00,1.871374407734811562e+00,2.818896982487770320e+00,2.050349570723966952e+00,1.354748598141585436e+00,2.591344008106112984e+00,7.944498896262803811e-01,-1.159891589264802292e+00,9.886423853119223892e-01
1.622000000000001219e+00,8.237467061384472489e-01,-1.094909930795024744e+00,9.788848105346605877e-01,1.547214268800280346e+00,-4.691043763354802110e+00,-3.379327624229732097e-01,9.959880276768107166e-01,3.777111639466065873e-02,-7.959176444741301870e-02,-1.569530257448884317e-02,-4.226343593571667334e+00,2.111352145760565957e+00,1.837648447926353956e+00,2.797370841180154333e+00,2.012046270729100694e+00,1.365606804451992673e+00,2.645165007140483748e+00,7.976779611534983161e-01,-1.168384419739126656e+00,9.884537451169554956e-01
1.624000000000001220e+00,8.268411346760478065e-01,-1.104292018321734403e+00,9.782089450098145900e-01,1.543813110770093200e+00,-4.692592638682716810e+00,-3.365701984617064935e-01,9.963317489270210325e-01,3.344817565120552366e-02,-7.749096365378829732e-02,-1.412147930057654904e-02,-4.083210658362508738e+00,2.061115558729602615e+00,1.801339431129730384e+00,2.774532975019434300e+00,1.974692684151065469e+00,1.378947838983252128e+00,2.697815195756513074e+00,8.008972410546437715e-01,-1.176877035724928078e+00,9.882630482868739463e-01
1.626000000000001222e+00,8.299287608975880470e-01,-1.113677203599099830e+00,9.775358046128911349e-01,1.540502527377298758e+00,-4.693966291640093935e+00,-3.351644262587160639e-01,9.966414381211278206e-01,2.926910805594786641e-02,-7.543908781627731153e-02,-1.257406707900917200e-02,-3.944225740661500001e+00,2.004455210921117114e+00,1.762565901121325496e+00,2.750464204830744830e+00,1.938389500106460606e+00,1.394718396157238915e+00,2.749162745186737755e+00,8.041076840868459641e-01,-1.185369044669513983e+00,9.880702860602239568e-01
1.628000000000001224e+00,8.330097659523426623e-01,-1.123065136182380019e+00,9.768654757603737471e-01,1.537279718384107152e+00,-4.695170134635849202e+00,-3.337158041163911792e-01,9.969189532924366270e-01,2.523008090687801561e-02,-7.344252558021521771e-02,-1.105617565634971558e-02,-3.809752600113267995e+00,1.941558995681237354e+00,1.721454314163759269e+00,2.725248887716880564e+00,1.903234799144983391e+00,1.412858538486339022e+00,2.799081181452681033e+00,8.073092452301739996e-01,-1.193860055114882357e+00,9.878754497537789447e-01
1.630000000000001226e+00,8.360843253891109272e-01,-1.132455476451651677e+00,9.761980441521409535e-01,1.534141659764390875e+00,-4.696209406029275613e+00,-3.322245517659186409e-01,9.971661058832073099e-01,2.132687802949343250e-02,-7.150750009056777712e-02,-9.570735710106073255e-03,-3.680137774643610360e+00,1.872630789714742949e+00,1.678138259682389721e+00,2.698974632181817768e+00,1.869323717550569475e+00,1.433301981277656401e+00,2.847449710440992821e+00,8.105018796903369349e-01,-1.202349676714433713e+00,9.876785307634134981e-01
1.632000000000001227e+00,8.391526087086397245e-01,-1.141847895263710333e+00,9.755335950486091479e-01,1.531085109347466666e+00,-4.697089157286977290e+00,-3.306907574143134187e-01,9.973846527705768628e-01,1.755491798341420051e-02,-6.964005222026156683e-02,-8.120492538669197777e-03,-3.555709611268117243e+00,1.797889738472164156e+00,1.632757660715281611e+00,2.671732004487221257e+00,1.836748122690245122e+00,1.455976403018477416e+00,2.894153514562394225e+00,8.136855429005596108e-01,-1.210837520248773558e+00,9.874795205644266716e-01
1.634000000000001229e+00,8.422147789273346508e-01,-1.151242073578284231e+00,9.748722135337805073e-01,1.528106612621034310e+00,-4.697814240599645252e+00,-3.291143852300049688e-01,9.975762887172244797e-01,1.390927326094340902e-02,-6.784602442478179785e-02,-6.708000914789792948e-03,-3.436777383086784265e+00,1.717569497962517344e+00,1.585457961411004701e+00,2.643614227523184201e+00,1.805596301426611205e+00,1.480803778880153132e+00,2.939084020288193155e+00,8.168601905239416539e-01,-1.219323197642424361e+00,9.872784107120962105e-01
1.636000000000001231e+00,8.452709921525767278e-01,-1.160637702059483578e+00,9.742139847633205507e-01,1.525202508705852944e+00,-4.698389296968866091e+00,-3.274952832354982024e-01,9.977426392635483365e-01,1.038469037395541895e-02,-6.613104527183925885e-02,-5.335621097854913869e-03,-3.323630495207709146e+00,1.631917436936918264e+00,1.536389308735887749e+00,2.614716873528036611e+00,1.775952663515621310e+00,1.507700734596926662e+00,2.982139136095775633e+00,8.200257784559159546e-01,-1.227806321978604842e+00,9.870751928423429078e-01
1.638000000000001233e+00,8.483213971699884448e-01,-1.170034480653421305e+00,9.735589941968495475e-01,1.522368936516835358e+00,-4.698818744773849865e+00,-3.258331915775740106e-01,9.978852540754939993e-01,6.975610724518355177e-03,-6.450051469060644194e-02,-4.005515990942729206e-03,-3.216537781620597336e+00,1.541193803510979121e+00,1.485705735358950452e+00,2.585137551938902156e+00,1.747897461711823697e+00,1.536578917948507872e+00,3.023223460655255046e+00,8.231822628259823915e-01,-1.236286507515941935e+00,9.868698586721142973e-01
1.640000000000001235e+00,8.513661350430221653e-01,-1.179432118142968999e+00,9.729073278136943781e-01,1.519601841126996478e+00,-4.699106768827928882e+00,-3.241277511474736639e-01,9.980056007597097878e-01,3.676192154567740119e-03,-6.295958998061243483e-02,-2.719649419784607447e-03,-3.115746894306144377e+00,1.445670860395584789e+00,1.433564350403613741e+00,2.554975593724977401e+00,1.721506530294391935e+00,1.567345384875271419e+00,3.062248461219060136e+00,8.263295999999815677e-01,-1.244763369703363765e+00,9.866624000000099315e-01
1.642000000000001236e+00,8.544053387252761311e-01,-1.188830331680624797e+00,9.722590723113994082e-01,1.516896980352067104e+00,-4.699257309934853133e+00,-3.223785125253672001e-01,9.981050591554255780e-01,4.803310707154192171e-04,-6.151317261589997476e-02,-1.479785502444589795e-03,-3.021483785166030778e+00,1.345631992955588663e+00,1.380124544408591225e+00,2.524331733478215600e+00,1.696851043460706920e+00,1.599902997318636944e+00,3.099132622488280475e+00,8.294677465825959217e-01,-1.253236525195674744e+00,9.864528087067006012e-01
1.644000000000001238e+00,8.574391326859802653e-01,-1.198228846300494421e+00,9.716143152863486732e-01,1.514249931574608521e+00,-4.699274054955329127e+00,-3.205849452251746667e-01,9.981849161103899526e-01,-2.618314958175903696e-03,-6.016589587555249558e-02,-2.874890708142012214e-04,-2.933952280663692402e+00,1.241370794342129269e+00,1.325547214423114184e+00,2.493307790587326878e+00,1.673997294961182103e+00,1.634150829763165724e+00,3.133801566363297653e+00,8.325966594186713365e-01,-1.261705591866629561e+00,9.862410767554434798e-01
1.646000000000001240e+00,8.604676325491295019e-01,-1.207627394410405008e+00,9.709731453958982961e-01,1.511656098827116379e+00,-4.699160427394819983e+00,-3.187464472174266206e-01,9.982463607463500921e-01,-5.626304230747599354e-03,-5.892211332722617489e-02,8.558729020117447368e-04,-2.853333748413424686e+00,1.133190131933457412e+00,1.269994014687673367e+00,2.462006350744160077e+00,1.653006500147341296e+00,1.669984581532455437e+00,3.166188143191744686e+00,8.357162955962014195e-01,-1.270170188829624180e+00,9.860271961926860840e-01
1.648000000000001242e+00,8.634909447467837840e-01,-1.217025715265194652e+00,9.703356525014634748e-01,1.509110720153898244e+00,-4.698919578524374252e+00,-3.168623547091765635e-01,9.982904802179333181e-01,-8.550387667406612185e-03,-5.778588818592002296e-02,1.949128920707608953e-03,-2.779786854342669589e+00,1.021401199269072135e+00,1.213626637830340860e+00,2.430530449004104199e+00,1.633934621372769014e+00,1.707296991967808264e+00,3.196232495352195002e+00,8.388266124478622743e-01,-1.278629936446222359e+00,9.858111591484748359e-01
1.650000000000001243e+00,8.665091661870916173e-01,-1.226423554422243489e+00,9.697019277920451152e-01,1.506608875271472137e+00,-4.698554379047148899e+00,-3.149319521611861350e-01,9.983182559673730028e-01,-1.139748538279027577e-02,-5.676098356592956806e-02,2.991299690781077519e-03,-2.713447408470372579e+00,9.063225575965406788e-01,1.156606130942900545e+00,2.398983255621967015e+00,1.616832217596213983e+00,1.745978255610938668e+00,3.223882094066682136e+00,8.419275675528599123e-01,-1.287084456344004479e+00,9.855929578368245458e-01
1.652000000000001245e+00,8.695223839376345909e-01,-1.235820663180337897e+00,9.690720638877227122e-01,1.504145493546849455e+00,-4.698067411324255538e+00,-3.129544825234213401e-01,9.983305604763326180e-01,-1.417466316615771313e-02,-5.585085363977975587e-02,3.981594008168986946e-03,-2.654428296827699096e+00,7.882791710444900790e-01,1.099092250308939089e+00,2.367467765779383893e+00,1.601744318748291818e+00,1.785916434734623026e+00,3.249091750560231695e+00,8.450191187394882064e-01,-1.295533371432142644e+00,9.853725845564786923e-01
1.654000000000001247e+00,8.725306749247282445e-01,-1.245216798002986458e+00,9.684461549226758281e-01,1.501715362312378899e+00,-4.697460962174639931e+00,-3.109291576705045523e-01,9.983281545150723968e-01,-1.688910895506501655e-02,-5.505863571396051731e-02,4.919403881666635676e-03,-2.602819496570815794e+00,6.676014393119040768e-01,1.041242857940710476e+00,2.336086494315568807e+00,1.588710325272936874e+00,1.826997866628929934e+00,3.271823602748440418e+00,8.481012240869478802e-01,-1.303976305913792544e+00,9.851500316910941635e-01
1.656000000000001249e+00,8.755341056493529672e-01,-1.254611719927335667e+00,9.678242966073348219e-01,1.499313135534831254e+00,-4.696737016264814102e+00,-3.088551690190196597e-01,9.983116848883978323e-01,-1.954810938299457110e-02,-5.438714322751509594e-02,5.804298957509851191e-03,-2.558688170918500315e+00,5.446242316173968145e-01,9.832133624554402207e-01,2.304941176500314270e+00,1.577763933049767031e+00,1.869107563244699843e+00,3.292047078738830734e+00,8.511738419268954914e-01,-1.312412885302009613e+00,9.849252917098700877e-01
1.658000000000001251e+00,8.785327319204225827e-01,-1.264005193959865325e+00,9.672065862692967864e-01,1.496933342855127469e+00,-4.695897250105386611e+00,-3.067316983085149329e-01,9.982816826771592211e-01,-2.215902647668756623e-02,-5.383885967597629163e-02,6.636020317605995610e-03,-2.522078840190057125e+00,4.196859254846985188e-01,9.251562061941556170e-01,2.274132475814421461e+00,1.568933083689757479e+00,1.912129600997301893e+00,3.309738838515251302e+00,8.542369308460298072e-01,-1.320842736433732512e+00,9.846983571679954750e-01
1.660000000000001252e+00,8.815265986061328052e-01,-1.273396988460076207e+00,9.665931228726797331e-01,1.494570399013571027e+00,-4.694943026672471653e+00,-3.045579285276564518e-01,9.982385619735685278e-01,-2.472927457385592706e-02,-5.341593345982963842e-02,7.414473724262043985e-03,-2.493013624914797610e+00,2.931274537582129192e-01,8.672203998650643841e-01,2.243759699662883467e+00,1.562239940014466644e+00,1.955947498716350097e+00,3.324882695221856643e+00,8.572904496875981550e-01,-1.329265487482629737e+00,9.844692207069867251e-01
1.662000000000001254e+00,8.845157394041599508e-01,-1.282786874513421216e+00,9.659840070156243685e-01,1.492218613673651939e+00,-4.693875390673134973e+00,-3.023330549663247879e-01,9.981826191081911714e-01,-2.726629752679565061e-02,-5.312017365361382248e-02,8.139722384809840519e-03,-2.471492556735642498e+00,1.652913630493364483e-01,8.095511053873249985e-01,2.213920523883307290e+00,1.557700886354941527e+00,2.000444581930350463e+00,3.337469517475010861e+00,8.603343575534143639e-01,-1.337680767975356844e+00,9.842378750552773781e-01
1.664000000000001256e+00,8.875001766315072649e-01,-1.292174625294767454e+00,9.653793409056917740e-01,1.489872201655456863e+00,-4.692695064475065791e+00,-3.000562963733747202e-01,9.981140323661443770e-01,-2.977754625225662727e-02,-5.295304668895245426e-02,8.811979309314989586e-03,-2.457493952647600288e+00,3.652088660299179779e-02,7.522892670296240647e-01,2.184710726807474579e+00,1.555326553080189411e+00,2.045504331973888590e+00,3.347497114204194268e+00,8.633686138058340731e-01,-1.346088208803038810e+00,9.840043130285804907e-01
1.666000000000001258e+00,8.904799210348182115e-01,-1.301560015423717687e+00,9.647792283129450475e-01,1.487525293587485864e+00,-4.691402444721585852e+00,-2.977269061985363674e-01,9.980328621897821550e-01,-3.227045668281909585e-02,-5.291567394225957233e-02,9.431599333621129566e-03,-2.450974847969522585e+00,-9.284096563609034458e-02,6.955712903844758488e-01,2.156223933622454680e+00,1.555121864651749286e+00,2.091010718547269054e+00,3.354970103449996355e+00,8.663931780693747697e-01,-1.354487442236731454e+00,9.837685275302865406e-01
1.668000000000001259e+00,8.934549716219931659e-01,-1.310942820313160784e+00,9.641837745005479299e-01,1.485171946983213642e+00,-4.689997599653934479e+00,-2.953441838952777787e-01,9.979390518649092767e-01,-3.475242817002614781e-02,-5.300883021556235947e-02,9.999070878374169066e-03,-2.451871483371749871e+00,-2.224522972027925538e-01,6.395287682038999222e-01,2.128551371656666191e+00,1.557086110282839497e+00,2.136848514692656575e+00,3.359899766604739213e+00,8.694080102327337300e-01,-1.362878101938790110e+00,9.835305115519146213e-01
1.670000000000001261e+00,8.964253155159596087e-01,-1.320322815512468662e+00,9.635930861327574037e-01,1.482806157746108688e+00,-4.688480267163424919e+00,-2.929074862596892093e-01,9.978324286873290205e-01,-3.723080238468973180e-02,-5.323294309684502290e-02,1.051500751244965545e-02,-2.460099841240801943e+00,-3.519731932006304742e-01,5.842882516463293596e-01,2.101781637200765829e+00,1.561213036190258530e+00,2.182903593296775302e+00,3.362303889473043483e+00,8.724130704508343825e-01,-1.371259822980377407e+00,9.832902581736098213e-01
1.672000000000001263e+00,8.993909278314518030e-01,-1.329699776046795456e+00,9.630072711602379876e-01,1.480421872103995895e+00,-4.686849853596578797e+00,-2.904162387782879273e-01,9.977127056062812249e-01,-3.971284275515307022e-02,-5.358809318452122106e-02,1.098013938643043787e-02,-2.475556226682641192e+00,-4.810665641962519334e-01,5.299710650567968084e-01,2.076000474348821623e+00,1.567490958217966135e+00,2.229063204574999180e+00,3.362206591584794513e+00,8.754083191459915980e-01,-1.379632241850444530e+00,9.830477605644309946e-01
1.674000000000001265e+00,9.023517715756598223e-01,-1.339073475753988607e+00,9.624264386826814066e-01,1.478012998970674063e+00,-4.685105433336638647e+00,-2.878699469554301116e-01,9.975794833410129847e-01,-4.220571447990577318e-02,-5.407401515909056322e-02,1.139530459851802006e-02,-2.498117888516573792e+00,-6.093989640348681514e-01,4.766931620215928977e-01,2.051290566315994823e+00,1.575902893562596052e+00,2.275216234144617822e+00,3.359638145051055069e+00,8.783937170103417458e-01,-1.387994996470851561e+00,9.828030119827841915e-01
1.676000000000001267e+00,9.053077975736011362e-01,-1.348443686620661941e+00,9.618506987887704973e-01,1.475573422729565820e+00,-4.683245749184961504e+00,-2.852682075886030511e-01,9.974322529663409709e-01,-4.471646514682579843e-02,-5.469009968370472374e-02,1.176144055157479253e-02,-2.527643675699241310e+00,-7.366413799155954178e-01,4.245650201103713939e-01,2.027731339635584717e+00,1.586426710181855437e+00,2.321253441521646366e+00,3.354634784238097467e+00,8.813692250072353573e-01,-1.396347726210123597e+00,9.825560057769555655e-01
1.678000000000001268e+00,9.082589444190602990e-01,-1.357810178119031930e+00,9.612801623735932610e-01,1.473097016430897854e+00,-4.681269213565636633e+00,-2.826107199572761575e-01,9.972703989626053867e-01,-4.725200598748425379e-02,-5.543539611425390978e-02,1.207957535595606535e-02,-2.563974724752818624e+00,-8.624699932855801610e-01,3.736915714435598557e-01,2.005398781512218065e+00,1.599035292380321271e+00,2.367067679163483263e+00,3.347238507475912783e+00,8.843348043731413810e-01,-1.404690071894478365e+00,9.823067353852747985e-01
1.680000000000001270e+00,9.112051384519220809e-01,-1.367172716546163125e+00,9.607149409336787071e-01,1.470577655390503224e+00,-4.679173910576255757e+00,-2.798972968884124723e-01,9.970932027248163854e-01,-4.981909379142050037e-02,-5.630861599866740508e-02,1.235081932846828802e-02,-2.606935173917704684e+00,-9.865669103229799397e-01,3.241721660008237693e-01,1.984365270623183353e+00,1.613696721007890744e+00,2.412554092276774309e+00,3.337496871913101071e+00,8.872904166190114239e-01,-1.413021675821013901e+00,9.820551943366018222e-01
1.682000000000001272e+00,9.141462937627030660e-01,-1.376531064367315649e+00,9.601551463399018438e-01,1.468009231174814300e+00,-4.676957598907071301e+00,-2.771278756590449532e-01,9.968998465251095453e-01,-5.242431350206687435e-02,-5.730813734438706258e-02,1.257635663325207265e-02,-2.656332899937456027e+00,-1.108620860986628154e+00,2.761005644182790708e-01,1.964699421528705026e+00,1.630374466634337605e+00,2.457610299885182759e+00,3.325462782582041754e+00,8.902360235326529647e-01,-1.421342181772828894e+00,9.818013762508384090e-01
1.684000000000001274e+00,9.170823122250526538e-01,-1.385884979565129793e+00,9.596008905885837770e-01,1.465385665952977590e+00,-4.674617715649766581e+00,-2.743025286936788265e-01,9.966894179217845595e-01,-5.507406151308926606e-02,-5.843200963240127721e-02,1.275743710570134345e-02,-2.711960273581615066e+00,-1.228327865809745845e+00,2.295649569063725470e-01,1.946465942841021146e+00,1.649027594022709486e+00,2.502136557759476965e+00,3.311194276650494928e+00,8.931715871795820050e-01,-1.429651235027549205e+00,9.815452748390454119e-01
1.686000000000001275e+00,9.200130835569586552e-01,-1.395234214996429412e+00,9.590522855311963690e-01,1.462700927193301803e+00,-4.672151381015759775e+00,-2.714214740116824842e-01,9.964609146072299639e-01,-5.777452968129737770e-02,-5.967795955580396799e-02,1.289536829575789988e-02,-2.773594930232811340e+00,-1.345391869804318130e+00,1.846480048553617581e-01,1.929725509217572244e+00,1.669610976214036313e+00,2.546035903990778948e+00,3.294754303744511503e+00,8.960970699053252275e-01,-1.437948482373812453e+00,9.812868839040964630e-01
1.688000000000001277e+00,9.229384854113452663e-01,-1.404578517758460876e+00,9.585094425831730547e-01,1.459949042677446185e+00,-4.669555403982285746e+00,-2.684850853772970947e-01,9.962132496859366082e-01,-6.053169006996284018e-02,-6.104339746054728011e-02,1.299150776212425890e-02,-2.841000552099206100e+00,-1.459525343026584432e+00,1.414269016793776312e-01,1.914534647190355043e+00,1.692075516503738442e+00,2.589214288125203822e+00,3.276210503175797761e+00,8.990124343367273951e-01,-1.446233572118885036e+00,9.810261973406850800e-01
1.690000000000001279e+00,9.258583834967001325e-01,-1.413917628566425444e+00,9.579724724124184521e-01,1.457124115801902153e+00,-4.666826288882509388e+00,-2.654939021025887191e-01,9.959452573725356972e-01,-6.335128043435002410e-02,-6.252542446587315561e-02,1.304725564417425279e-02,-2.913927658851267033e+00,-1.570449847522836784e+00,9.997344947948644256e-02,1.900945634814841245e+00,1.716368376627531722e+00,2.631580684845587825e+00,3.255634978784582412e+00,9.019176433835713880e-01,-1.454506154104123539e+00,9.807632091360423132e-01
1.692000000000001281e+00,9.287726317283039323e-01,-1.423251281144190417e+00,9.574414846082133224e-01,1.454220341132416161e+00,-4.663960242953555380e+00,-2.624486384514614912e-01,9.956556990984309907e-01,-6.623879045949152000e-02,-6.412084024181613495e-02,1.306404753366344380e-02,-2.992114403737413220e+00,-1.677896570538320198e+00,6.035414817891508743e-02,1.889006415027716379e+00,1.742433209469591349e+00,2.673047193343592642e+00,3.233104072075705382e+00,9.048126602403119279e-01,-1.462765879718730844e+00,9.804979133700397753e-01
1.694000000000001283e+00,9.316810724105687447e-01,-1.432579201630097554e+00,9.569165873313103532e-01,1.451232020173087944e+00,-4.660953184853598330e+00,-2.593501925908811567e-01,9.953432700140644185e-01,-6.919944875871630874e-02,-6.582615142115337548e-02,1.304334766379794917e-02,-3.075287372487192972e+00,-1.781606824023875602e+00,2.263029389534775004e-02,1.878760522580241510e+00,1.770210394650773456e+00,2.713529123570908030e+00,3.208698134244964972e+00,9.076974483875108746e-01,-1.471012401904872036e+00,9.802303042155733337e-01
1.696000000000001284e+00,9.345835364509149645e-01,-1.441901107999804754e+00,9.563978869461285948e-01,1.448153577307979889e+00,-4.657800754156055767e+00,-2.561996550339340484e-01,9.950066058722288886e-01,-7.223821064013911941e-02,-6.763758062322154652e-02,1.298664242885478118e-02,-3.163162382557713759e+00,-1.881332510609471376e+00,-1.314191653810476562e-02,1.870247024391202606e+00,1.799637275433538797e+00,2.752945070551506390e+00,3.182501297562297715e+00,9.105719715934288416e-01,-1.479245375175977983e+00,9.799603759390533853e-01
1.698000000000001286e+00,9.374798436055309381e-01,-1.451216709508116764e+00,9.558854876360607378e-01,1.444979575869194788e+00,-4.654498321825450979e+00,-2.529983165178995574e-01,9.946442902761020166e-01,-7.535974664721079019e-02,-6.955107606710052293e-02,1.289543424339690061e-02,-3.255445280543843634e+00,-1.976836556347525198e+00,-4.691127781262890289e-02,1.863500473053421924e+00,1.830648395394212313e+00,2.791216978095200751e+00,3.154601246607562803e+00,9.134361939153610166e-01,-1.487464455624589732e+00,9.796881229004084091e-01
1.700000000000001288e+00,9.403698027572693352e-01,-1.460525706151767578e+00,9.553794910030248833e-01,1.441704734281588074e+00,-4.651041001675657149e+00,-2.497476752596679839e-01,9.942548622738347497e-01,-7.856843187850721943e-02,-7.156232175177533461e-02,1.277123574622549343e-02,-3.351832735812342978e+00,-2.067893310639766113e+00,-7.863146784808668077e-02,1.858550873269643855e+00,1.863175733445692206e+00,2.828270193131733556e+00,3.125088989690114172e+00,9.162900797016835241e-01,-1.495669300936910417e+00,9.794135395538026145e-01
1.702000000000001290e+00,9.432532122258324714e-01,-1.469827788155118942e+00,9.548799956525055865e-01,1.438323942230570696e+00,-4.647423662807017131e+00,-2.464494435301803066e-01,9.938368242796290497e-01,-8.186833609115333477e-02,-7.366674818100608924e-02,1.261556435058847070e-02,-3.452013028676231166e+00,-2.154288913871812650e+00,-1.082609414364873734e-01,1.855423660871974745e+00,1.897148935821853399e+00,2.864033512017615024e+00,3.094058630821591827e+00,9.191335935926350231e-01,-1.503859570399512791e+00,9.791366204476217305e-01
1.704000000000001291e+00,9.461298601102936523e-01,-1.479122635480732972e+00,9.543870967654451976e-01,1.434832276795917627e+00,-4.643640943014293754e+00,-2.431055534896216508e-01,9.933886502992640422e-01,-8.526321459163425931e-02,-7.585954361075611385e-02,1.242993713884051402e-02,-3.555666831650490689e+00,-2.235821633364791339e+00,-1.357628280513939467e-01,1.854139694136712979e+00,1.932495543798890214e+00,2.898439219996009175e+00,3.061607142436820528e+00,9.219667005222209610e-01,-1.512034924915596434e+00,9.788573602248993311e-01
1.706000000000001293e+00,9.489995246638854853e-01,-1.488409917366761537e+00,9.539008856584659801e-01,1.431225018491099732e+00,-4.639687263152477925e+00,-2.397181622253318767e-01,9.929087944360226459e-01,-8.875649991719132548e-02,-7.813566579712555304e-02,1.221586609674395717e-02,-3.662467982571419700e+00,-2.312302168340103492e+00,-1.611048357863937575e-01,1.854715256985353111e+00,1.969141215967672665e+00,2.931423125115037109e+00,3.027834139127942858e+00,9.247893657196915029e-01,-1.520195027012150035e+00,9.785757536237751353e-01
1.708000000000001295e+00,9.518619747008676413e-01,-1.497689291893066432e+00,9.534214493340152918e-01,1.427497667144509874e+00,-4.635556842442321468e+00,-2.362896559354087933e-01,9.923956996509520900e-01,-9.235129431053872018e-02,-8.048985422281444702e-02,1.197485367992483229e-02,-3.772084248572528775e+00,-2.383553924657235701e+00,-1.842591631117315165e-01,1.857162073709641259e+00,2.007009944033008253e+00,2.962924587725160208e+00,2.992841652505572103e+00,9.276015547106783998e-01,-1.528339540854389611e+00,9.782917954774807967e-01
1.710000000000001297e+00,9.547169700351566535e-01,-1.506960405577951079e+00,9.529488700221444564e-01,1.423645957556038288e+00,-4.631243714691936297e+00,-2.328226532022561468e-01,9.918478067493520234e-01,-9.605036299022166879e-02,-8.291664278017032985e-02,1.170838870266223408e-02,-3.884178080128423804e+00,-2.449413260144733151e+00,-2.052024198560503665e-01,1.861487334770952851e+00,2.046024261200971139e+00,2.992886546738770637e+00,2.956733907340646006e+00,9.304032333186444959e-01,-1.536468132251442853e+00,9.780054807148408358e-01
1.712000000000001299e+00,9.575642619502687802e-01,-1.516222893007334926e+00,9.524832247157399845e-01,1.419665874859897370e+00,-4.626741745405120732e+00,-2.293200073025448149e-01,9.912635635633940678e-01,-9.985612821857219046e-02,-8.541037288886293988e-02,1.141794253719632599e-02,-3.998407354560234328e+00,-2.509729701381468558e+00,-2.239155585349736077e-01,1.867693733285447077e+00,2.086105442377544250e+00,3.021255543594197235e+00,2.919617098982757231e+00,9.331943676663616571e-01,-1.544580468672720031e+00,9.777168043605781733e-01
1.714000000000001300e+00,9.604035936999886225e-01,-1.525476376498145159e+00,9.520245847011349349e-01,1.415553669522319868e+00,-4.622044649741105182e+00,-2.257848075023249079e-01,9.906414342988082433e-01,-1.037706641688559139e-01,-8.796520702614933629e-02,1.110496561009032684e-02,-4.114426108598544296e+00,-2.564366132826390476e+00,-2.403838168611728277e-01,1.875779511683790535e+00,2.127173695468347780e+00,3.047981745005395204e+00,2.881599172174709622e+00,9.359749241778576589e-01,-1.552676219256781565e+00,9.774257615354633444e-01
1.716000000000001302e+00,9.632347010390333031e-01,-1.534720465797627442e+00,9.515730150861302361e-01,1.411305871900929709e+00,-4.617146011284325446e+00,-2.222203792892888385e-01,9.899799090116738753e-01,-1.077956925928613280e-01,-9.057514264755631150e-02,1.077088418087099146e-02,-4.231885259759800455e+00,-2.613198959210575545e+00,-2.545966719869937056e-01,1.885738518121814034e+00,2.169148343251272149e+00,3.073018965292165117e+00,2.842789601213111972e+00,9.387448695782456554e-01,-1.560755054817363430e+00,9.771323474566413481e-01
1.718000000000001304e+00,9.660573127828351314e-01,-1.543954757820196200e+00,9.511285743275517124e-01,1.406919306291214200e+00,-4.612039301576662531e+00,-2.186302834979927945e-01,9.892775131795441546e-01,-1.119325792898170080e-01,-9.323402647559189682e-02,1.041709738719324291e-02,-4.350433316449500154e+00,-2.656118242111217054e+00,-2.665478067521027117e-01,1.897560272158246963e+00,2.211947995413917400e+00,3.096324689045291567e+00,2.803299171389128208e+00,9.415041708965947720e-01,-1.568816647860771241e+00,9.768365574379052063e-01
1.720000000000001306e+00,9.688711513954175736e-01,-1.553178836423349418e+00,9.506913137605557118e-01,1.402391104384566267e+00,-4.606717900358290763e+00,-2.150183142878973885e-01,9.885328173294184451e-01,-1.161823313771288557e-01,-9.593556913380014983e-02,1.004497454011621209e-02,-4.469717076858470861e+00,-2.693027811632487722e+00,-2.762350879369010470e-01,1.911230039199103725e+00,2.255490710435379853e+00,3.117860094862650921e+00,2.763239761724693544e+00,9.442527954662427447e-01,-1.576860672590996160e+00,9.765383868899659703e-01
1.722000000000001307e+00,9.716759336041866923e-01,-1.562392272224065959e+00,9.502612771319799423e-01,1.397718718062010312e+00,-4.601175116457056014e+00,-2.113884959391172103e-01,9.877444466834984782e-01,-1.205455953630086285e-01,-9.867336010309966932e-02,9.655852652728088084e-03,-4.589382316839946796e+00,-2.723845354099184934e+00,-2.836605562617523502e-01,1.926728913245094210e+00,2.299694147171434722e+00,3.137590080649739654e+00,2.722724128862615167e+00,9.469907109269133372e-01,-1.584886804920969894e+00,9.762378313207049629e-01
1.724000000000001309e+00,9.744713710403106743e-01,-1.571594622456980117e+00,9.498385001401017380e-01,1.392899931447903583e+00,-4.595404209260160577e+00,-2.077450784361899172e-01,9.869110907822100653e-01,-1.250226560205878468e-01,-1.014408829768771308e-01,9.251034185298444984e-03,-4.709074467068468550e+00,-2.748502476646026427e+00,-2.888304276228461642e-01,1.944033907463595501e+00,2.344475706097562728e+00,3.155483290916750505e+00,2.681865692010355406e+00,9.497178852250289793e-01,-1.592894722483478631e+00,9.759348863353372039e-01
1.726000000000001311e+00,9.772571709032065179e-01,-1.580785430875500497e+00,9.494230099832293712e-01,1.387932872148639918e+00,-4.589398410695850750e+00,-2.040925318159648172e-01,9.860315130426918762e-01,-1.296134360625787463e-01,-1.042315309907504012e-01,8.831784990352023121e-03,-4.828439279890099023e+00,-2.766944749554830718e+00,-2.917551048195103913e-01,1.963118052077327924e+00,2.389752660284601316e+00,3.171512146459493753e+00,2.640778318854704487e+00,9.524342866157571308e-01,-1.600884104640599048e+00,9.756295476368519459e-01
1.728000000000001313e+00,9.800330366475038524e-01,-1.589964227696892163e+00,9.490148249195974328e-01,1.382816021602815582e+00,-4.583150947647047779e+00,-2.004355392623399790e-01,9.851045602098392751e-01,-1.343174966149585925e-01,-1.070386228022681130e-01,8.399332441526520879e-03,-4.947123486345723187e+00,-2.779131727145045083e+00,-2.924491988078967153e-01,1.983950499132991485e+00,2.435442276310188170e+00,3.185652876550689960e+00,2.599576112272055095e+00,9.551398836634650280e-01,-1.608854632491315328e+00,9.753218110259558316e-01
1.730000000000001315e+00,9.827986686907095315e-01,-1.599130529592186267e+00,9.486139538410727212e-01,1.377548224471328409e+00,-4.576655064713320620e+00,-1.967789889373844081e-01,9.841291716560683911e-01,-1.391340384874899250e-01,-1.098554184950711748e-01,7.954863730777693084e-03,-5.064775443924577125e+00,-2.785036947972207688e+00,-2.909315583117213500e-01,2.006496633660335593e+00,2.481461925415744840e+00,3.197885553778765821e+00,2.558373197712386915e+00,9.578346452437376257e-01,-1.616805988883683654e+00,9.750116724015525094e-01
1.732000000000001316e+00,9.855537651396522048e-01,-1.608283839721612818e+00,9.482203958631979512e-01,1.372128696998593078e+00,-4.569904047232451916e+00,-1.931279645457615601e-01,9.831043884852429526e-01,-1.440619042381622861e-01,-1.126751357812087045e-01,7.499524319404184125e-03,-5.181045775651755392e+00,-2.784647915028612530e+00,-2.872253064344884588e-01,2.030718190789538635e+00,2.527729185317104665e+00,3.208194131472867916e+00,2.517283511106602756e+00,9.605185405440597179e-01,-1.624737858425632453e+00,9.746991277608989535e-01
1.734000000000001318e+00,9.882980225336494007e-01,-1.617423647816077725e+00,9.478341399341064788e-01,1.366557034279395566e+00,-4.562891244468109342e+00,-1.894877346369588933e-01,9.820293623957102591e-01,-1.490995810278365197e-01,-1.154909663743816650e-01,7.034416529458980931e-03,-5.295588001155352664e+00,-2.777966056575009279e+00,-2.813578827491917678e-01,2.056573378369183747e+00,2.574161933174889505e+00,3.216566483615289407e+00,2.476420587178358002e+00,9.631915390652512343e-01,-1.632649927488373010e+00,9.743841731997866518e-01
1.736000000000001320e+00,9.910311366022082069e-01,-1.626549430305013866e+00,9.474551644648325777e-01,1.360833216369991661e+00,-4.555610092865990168e+00,-1.858637406580490314e-01,9.809033642571033385e-01,-1.542452042604978146e-01,-1.182960925058833407e-01,6.560598263368640215e-03,-5.408059160368173579e+00,-2.765006668152600433e+00,-2.733610891934443177e-01,2.084017004684322050e+00,2.620678430341885523e+00,3.222994446909924093e+00,2.435897347961198722e+00,9.658536106222914697e-01,-1.640541884222201929e+00,9.740668049127263473e-01
1.738000000000001322e+00,9.937528030349481734e-01,-1.635660650490745827e+00,9.470834369835164912e-01,1.354957613186695387e+00,-4.548054139277120100e+00,-1.822615837777060710e-01,9.797257923555346970e-01,-1.594965620035652121e-01,-1.210837035539189532e-01,6.079081840969878872e-03,-5.518120430530936815e+00,-2.745798836251142738e+00,-2.632711379679429919e-01,2.113000610849835592e+00,2.667197399552751591e+00,3.227473864720625585e+00,2.395825891458967849e+00,9.685047253452001570e-01,-1.648413418559115939e+00,9.737470191931683061e-01
1.740000000000001323e+00,9.964627182613216005e-01,-1.644756758769300165e+00,9.467189138159610717e-01,1.348930988140594645e+00,-4.540217064044107964e+00,-1.786870105108623319e-01,9.784961802620036897e-01,-1.648511001816789223e-01,-1.238470127558322365e-01,5.590832944671081384e-03,-5.625437737142326533e+00,-2.720385344018528606e+00,-2.511286995280551104e-01,2.143472607497618476e+00,2.713638095332029820e+00,3.230004632345091053e+00,2.356317280266350345e+00,9.711448536816238430e-01,-1.656264222229523853e+00,9.734248124339002217e-01
1.742000000000001325e+00,9.991605802376027912e-01,-1.653837192897388286e+00,9.463615397949393104e-01,1.342754500462962186e+00,-4.532092703843872528e+00,-1.751458971817970722e-01,9.772142042792945071e-01,-1.703059285362794884e-01,-1.265792739715414783e-01,5.096769665026443762e-03,-5.729682359470981368e+00,-2.688822559313508886e+00,-2.369789486696578795e-01,2.175378415395766041e+00,2.759920368426949544e+00,3.230590743073773030e+00,2.317481330092795222e+00,9.737739663959121827e-01,-1.664093988764179244e+00,9.731001811269157642e-01
1.744000000000001327e+00,1.001846089238528803e+00,-1.662901378305076117e+00,9.460112480005756774e-01,1.336429706182450605e+00,-4.523675074178864719e+00,-1.716442332719205766e-01,9.758796904233553171e-01,-1.758578273421107785e-01,-1.292737984652123640e-01,4.597761640648863508e-03,-5.830531531203994255e+00,-2.651180305312921259e+00,-2.208716066422293789e-01,2.208660609620230808e+00,2.805964725151011141e+00,3.229240334418257863e+00,2.279426398122549102e+00,9.763920345711358806e-01,-1.671902413503957519e+00,9.727731218637272192e-01
1.746000000000001329e+00,1.004518948650893639e+00,-1.671948728453433786e+00,9.456679595340318212e-01,1.329958557722337842e+00,-4.514958391408327110e+00,-1.681881037073862384e-01,9.744926208961143255e-01,-1.815032548705328708e-01,-1.319239716708742460e-01,4.094629288057813517e-03,-5.927669036724691587e+00,-2.607541713785417326e+00,-2.028609771776777315e-01,2.243259066981987626e+00,2.851692382580885088e+00,3.225965733622625731e+00,2.242259171073847313e+00,9.789990296108488366e-01,-1.679689193614066767e+00,9.724436313356887851e-01
1.748000000000001330e+00,1.007178865766338305e+00,-1.680978645236250513e+00,9.453315833266170420e-01,1.323343402093498433e+00,-4.505937094211147631e+00,-1.647836701494262701e-01,9.730531400079323046e-01,-1.872383555881966533e-01,-1.345232699063283188e-01,3.588143118734663829e-03,-6.020785803454402618e+00,-2.558003061066394856e+00,-1.830059742949916579e-01,2.279111116351814292e+00,2.897025320527224945e+00,3.220783501815551286e+00,2.206084453101889498e+00,9.815949232385197121e-01,-1.687454028083479329e+00,9.721117063340107833e-01
1.750000000000001332e+00,1.009825552570525309e+00,-1.689990519424672710e+00,9.450020159863181668e-01,1.316586977666950098e+00,-4.496605864373267814e+00,-1.614371513590958651e-01,9.715615595093816115e-01,-1.930589690782518186e-01,-1.370652769983333186e-01,3.079023142319672716e-03,-6.109580490571689282e+00,-2.502673586661857463e+00,-1.613701397402202420e-01,2.316151691617159614e+00,2.941886331318136261e+00,3.213714475689442462e+00,2.171004953391291181e+00,9.841796875000330402e-01,-1.695196617742098510e+00,9.717773437500225597e-01
1.752000000000001334e+00,1.012458726525859110e+00,-1.698983731153419274e+00,9.446791416836000099e-01,1.309692409518017353e+00,-4.486959646794494105e+00,-1.581548027153847902e-01,9.700183632938182976e-01,-1.989606396697924939e-01,-1.395437007806746565e-01,2.567938356503178619e-03,-6.193760074328960918e+00,-2.441675294335146074e+00,-1.380216479354927361e-01,2.354313486958252266e+00,2.986199068356361508e+00,3.204783805899924065e+00,2.137121073658111214e+00,9.867532947637176477e-01,-1.702916665262918627e+00,9.714405405752009059e-01
1.754000000000001336e+00,1.015078111344895229e+00,-1.707957650447008202e+00,9.443628320781692898e-01,1.302663203342859788e+00,-4.476993668612688104e+00,-1.549428949733575311e-01,9.684242114342292984e-01,-2.049386267597298472e-01,-1.419523894253701957e-01,2.055506325722059914e-03,-6.273040430048430594e+00,-2.375142735439099706e+00,-1.130332963508273725e-01,2.393527114185598492e+00,3.029888094485887251e+00,3.194020991066750526e+00,2.104530695600413281e+00,9.893157177216966858e-01,-1.710613875172484200e+00,9.711012939014933565e-01
1.756000000000001338e+00,1.017683437751580877e+00,-1.716911637784233502e+00,9.440529462882225609e-01,1.295503237956938447e+00,-4.466703457347328765e+00,-1.518076923559637803e-01,9.667799435201427372e-01,-2.109879158097037744e-01,-1.442853475659429674e-01,1.542292852245893877e-03,-6.347146910736257475e+00,-2.303222774178272925e+00,-8.648247927229367471e-02,2.433721261878482256e+00,3.072878931166064920e+00,3.181459906285748929e+00,2.073328968469774214e+00,9.918669293910813423e-01,-1.718287953859075401e+00,9.707596009214602972e-01
1.758000000000001339e+00,1.020274444227494692e+00,-1.725845044698928188e+00,9.437493309035106526e-01,1.288216756393839146e+00,-4.456084857969231372e+00,-1.487554300792750250e-01,9.650865812629145779e-01,-2.171032299990034442e-01,-1.465367521704157294e-01,1.028811744606989266e-03,-6.415814922106697793e+00,-2.226074334419997136e+00,-5.845114301919870914e-02,2.474822856069012200e+00,3.115098109430044282e+00,3.167138825111232237e+00,2.043608097063164930e+00,9.944069031139424197e-01,-1.725938609578165028e+00,9.704154589282003585e-01
1.760000000000001341e+00,1.022850877740282272e+00,-1.734757214414866633e+00,9.434518200433521518e-01,1.280808355631896323e+00,-4.445134048809193494e+00,-1.457922914169808293e-01,9.633453303405237200e-01,-2.232790425127926248e-01,-1.487009681204943812e-01,5.155246895780452249e-04,-6.478790493631231051e+00,-2.143868127601922691e+00,-2.902572076643022275e-02,2.516757222233785285e+00,3.156473223611570234e+00,3.151100433771239828e+00,2.015457130344647574e+00,9.969356125596409157e-01,-1.733565552463673498e+00,9.700688653158477948e-01
1.762000000000001343e+00,1.025412494451546142e+00,-1.743647482512485025e+00,9.431602354605181926e-01,1.273282974984847771e+00,-4.433847556224962183e+00,-1.429243844148214149e-01,9.615575814560273216e-01,-2.295095894431963823e-01,-1.507725634523010561e-01,2.841235009909880089e-06,-6.535830845053850702e+00,-2.056786361236238925e+00,1.702954750810593831e-03,2.559448248362739875e+00,3.196932988742488657e+00,3.133391836500740268e+00,1.988961751125327693e+00,9.994530317245580164e-01,-1.741168494533994249e+00,9.697198175793522168e-01
1.764000000000001345e+00,1.027959060401515856e+00,-1.752515177624935028e+00,9.428743866916885485e-01,1.265645883201426569e+00,-4.422222267953483055e+00,-1.401577183699678486e-01,9.597249105871148434e-01,-2.357888832790399347e-01,-1.527463242130401855e-01,-5.088811082012678058e-04,-6.586704947627030293e+00,-1.965022427465022758e+00,3.363976223006382577e-02,2.602818548864262560e+00,3.236407302512558815e+00,3.114064550820179633e+00,1.964204067210270743e+00,1.001959134933544604e+00,-1.748747149699383385e+00,9.693683133149333386e-01
1.766000000000001346e+00,1.030490352167918733e+00,-1.761359622160842076e+00,9.425940712549486511e-01,1.257902664327180897e+00,-4.410255445083723913e+00,-1.374981801938676973e-01,9.578490784076908460e-01,-2.421107269582266075e-01,-1.546172688871429723e-01,-1.019336635959235170e-03,-6.631194079125026342e+00,-1.868780571091238851e+00,6.668542790981510371e-02,2.646789629086121032e+00,3.274827312600931517e+00,3.093174491573539520e+00,1.941262404521488572e+00,1.004453896840404425e+00,-1.756301233768212455e+00,9.690143502198926839e-01
1.768000000000001348e+00,1.033006157496572985e+00,-1.770180133051009630e+00,9.423190748945609041e-01,1.250059202389806723e+00,-4.397944732594370798e+00,-1.349515107796511459e-01,9.559320288661270482e-01,-2.484687284549112196e-01,-1.563806623447624722e-01,-1.528271082956228141e-03,-6.669092371492897797e+00,-1.768275536492059707e+00,1.007366880287822591e-01,2.691282050216154076e+00,3.312125490134024908e+00,3.070781942593137082e+00,1.920211102777299672e+00,1.006937292429315178e+00,-1.763830464454926528e+00,9.686579260929972790e-01
1.770000000000001350e+00,1.035506275901352691e+00,-1.778976022516198352e+00,9.420491718730016339e-01,1.242121664976835183e+00,-4.385288168410387044e+00,-1.325232814970022932e-01,9.539758869087362481e-01,-2.548563158717808697e-01,-1.580320292650118641e-01,-2.035481106713386834e-03,-6.700207349780225030e+00,-1.663732192817187761e+00,1.356864786705016257e-01,2.736215594342874979e+00,3.348235709937394500e+00,3.046951514828985630e+00,1.901120314368474729e+00,1.009409297014970619e+00,-1.771334561388798079e+00,9.682990388344761001e-01
1.772000000000001352e+00,1.037990519231306363e+00,-1.787746598853019231e+00,9.417841253100076582e-01,1.234096485781430275e+00,-4.372284190942486326e+00,-1.302188709380602827e-01,9.519829553411032208e-01,-2.612667530058916943e-01,-1.595671669860679875e-01,-2.540813613354810357e-03,-6.724360460811120710e+00,-1.555385136888531195e+00,1.714241538106476836e-01,2.781509429422711399e+00,3.383093338163451147e+00,3.021752089924283347e+00,1.884055807181103992e+00,1.011869886243859540e+00,-1.778813246120634517e+00,9.679376864460769170e-01
1.774000000000001354e+00,1.040458712202869229e+00,-1.796491167234904207e+00,9.415236875681315398e-01,1.225990346198390313e+00,-4.358931645084206608e+00,-1.280434420378297189e-01,9.499557108241757364e-01,-2.676931553546640363e-01,-1.609821577342353260e-01,-3.044164914770637088e-03,-6.741387589833953697e+00,-1.443478273245755839e+00,2.078357321482092179e-01,2.827082273925956013e+00,3.416635327773837716e+00,2.995256748181880813e+00,1.869078772161628876e+00,1.014319036094876836e+00,-1.786266242126757220e+00,9.675738670313434042e-01
1.776000000000001355e+00,1.042910692895266056e+00,-1.805209030525072533e+00,9.412676006840559051e-01,1.217810156058054982e+00,-4.345229786652154758e+00,-1.260019196915486972e-01,9.478967990064115501e-01,-2.741285065267925480e-01,-1.622733801842939638e-01,-3.545479707002531858e-03,-6.751139563193884641e+00,-1.328264370825339658e+00,2.448041730499978808e-01,2.872852560909858521e+00,3.448800322259518936e+00,2.967542679955015750e+00,1.856245636475074345e+00,1.016756722880090891e+00,-1.793693274819574413e+00,9.672075787954730330e-01
1.778000000000001357e+00,1.045346313207382138e+00,-1.813899490098376921e+00,9.410155968446728414e-01,1.209563033590596692e+00,-4.331178285266040540e+00,-1.240989689893796794e-01,9.458090287978134780e-01,-2.805656750210129835e-01,-1.634375203039672153e-01,-4.044749860069203617e-03,-6.753482634881295077e+00,-1.210004595824623497e+00,2.822096816730067514e-01,2.918738601261157584e+00,3.479528767853118598e+00,2.938691079612060886e+00,1.845607883208892019e+00,1.019182923245681494e+00,-1.801094071551219145e+00,9.668388200457114223e-01
1.780000000000001359e+00,1.047765439274563226e+00,-1.822561846668909080e+00,9.407673989066940301e-01,1.201256284717132417e+00,-4.316777225676254659e+00,-1.223389741858788432e-01,9.436953657963215170e-01,-2.869974313338929384e-01,-1.644715814361585038e-01,-4.542013010037712108e-03,-6.748298954625939317e+00,-1.088968020381878121e+00,3.199300430504045112e-01,2.964658745844647836e+00,3.508763034369273726e+00,2.908787021290589969e+00,1.837211878613751903e+00,1.021597614171968260e+00,-1.808468361620938936e+00,9.664675891910396999e-01
1.782000000000001361e+00,1.050167951843997471e+00,-1.831195401120261579e+00,9.405227209583222336e-01,1.192897381767162202e+00,-4.302027107557854002e+00,-1.207260185179133138e-01,9.415589248817334278e-01,-2.934164653560896174e-01,-1.653728935737370787e-01,-5.037350944936030799e-03,-6.735487015036927261e+00,-9.654311067990715145e-01,3.578409846371694569e-01,3.010531546281931981e+00,3.536447544687274291e+00,2.877919315765415043e+00,1.831098707914460944e+00,1.024000772975385942e+00,-1.815815876283622288e+00,9.660938847426256970e-01
1.784000000000001362e+00,1.052553746607531870e+00,-1.839799455335377365e+00,9.402812689212863839e-01,1.184493941723931520e+00,-4.286928843800641431e+00,-1.192638649799519779e-01,9.394029619971037137e-01,-2.998154040148681698e-01,-1.661391217831207912e-01,-5.530887777089046713e-03,-6.714962075137015596e+00,-8.396771671514376978e-01,3.958165665134454336e-01,3.056275914083393719e+00,3.562528912736246944e+00,2.846180347903268792e+00,1.827304020811741037e+00,1.026392377307773884e+00,-1.823136348754687219e+00,9.657177053138239486e-01
1.786000000000001364e+00,1.054922734490979730e+00,-1.848373313022978692e+00,9.400427411913264697e-01,1.176053704100509245e+00,-4.271483757335626130e+00,-1.179559381602413165e-01,9.372308651423572057e-01,-3.061868291191103264e-01,-1.667682737347182254e-01,-6.022787895634889969e-03,-6.686656557507102860e+00,-7.119957982575296773e-01,4.337295981387817023e-01,3.101811277832555724e+00,3.586956089720600982e+00,2.813665894292500802e+00,1.825857887782686539e+00,1.028772405158223435e+00,-1.830429514214287678e+00,9.653390496199838466e-01
1.788000000000001366e+00,1.057274841899180640e+00,-1.856916280537650010e+00,9.398068293150060315e-01,1.167584508549585065e+00,-4.255693576548297941e+00,-1.168053072351838695e-01,9.350461446096366425e-01,-3.125232953615830755e-01,-1.672587063004624675e-01,-6.513253694333537812e-03,-6.650520416141803004e+00,-5.826822921319845250e-01,4.714520802399846389e-01,3.147057738140382810e+00,3.609680518170162333e+00,2.780474920758746915e+00,1.826784668340698303e+00,1.031140834853134791e+00,-1.837695109816863237e+00,9.649579164789185981e-01
1.790000000000001368e+00,1.059610010916279821e+00,-1.865427667690746638e+00,9.395732187005356728e-01,1.159094272309241225e+00,-4.239560429338677494e+00,-1.158146702123305644e-01,9.328524224946663779e-01,-3.188173484319035134e-01,-1.676091311812050177e-01,-7.002523071303738168e-03,-6.606521472036816611e+00,-4.520370222065198673e-01,5.088556701065670707e-01,3.191936220048050998e+00,3.630656293254252986e+00,2.746709359696530850e+00,1.830102892421467065e+00,1.033497645056643321e+00,-1.844932874694208635e+00,9.645743048105748230e-01
1.792000000000001370e+00,1.061928199460898226e+00,-1.873906788549424052e+00,9.393415893601110289e-01,1.150590967585265467e+00,-4.223086835896999958e+00,-1.149863395049179199e-01,9.306534215230808371e-01,-3.250615431924371856e-01,-1.678186195296338667e-01,-7.490866699003078180e-03,-6.554645713468579160e+00,-3.203648057823469952e-01,5.458121682581202894e-01,3.236368622584031129e+00,3.649840330655302889e+00,2.712473867261383287e+00,1.835825156068369601e+00,1.035842814771870124e+00,-1.852142549964227669e+00,9.641882136374162471e-01
1.794000000000001371e+00,1.064229381396068819e+00,-1.882352962221218062e+00,9.391116166811012134e-01,1.142082598967999907e+00,-4.206275700271987716e+00,-1.143222289128928704e-01,9.284529532352584491e-01,-3.312484618683405602e-01,-1.678866055376440625e-01,-7.978585064586039485e-03,-6.494897557902305607e+00,-1.879742433672960678e-01,5.821940241448799735e-01,3.280277965157930797e+00,3.667192540147130586e+00,2.677875560671444610e+00,1.843958032569427363e+00,1.038176323341192031e+00,-1.859323878734457480e+00,9.637996420842638301e-01
1.796000000000001373e+00,1.066513546594004769e+00,-1.890765513621762040e+00,9.388829722232754360e-01,1.133577180978259991e+00,-4.189130300815870456e+00,-1.138238420769032283e-01,9.262549055776350126e-01,-3.373707322021011201e-01,-1.678128889607048424e-01,-8.466005282718781083e-03,-6.427300072471950010e+00,-5.517703575284316209e-02,6.178748582476689677e-01,3.323588530486653703e+00,3.682676003881353743e+00,2.643023736048229821e+00,1.854502000183182453e+00,1.040498150446639514e+00,-1.866476606107411840e+00,9.634085893783383980e-01
1.798000000000001375e+00,1.068780700955961338e+00,-1.899143774223393866e+00,9.386553245391215938e-01,1.125082715832669722e+00,-4.171654279596635817e+00,-1.134922624630533838e-01,9.240632299527280491e-01,-3.434210455222714842e-01,-1.675976365557286796e-01,-8.953477684979270837e-03,-6.351895150016003022e+00,7.771272010673774266e-02,6.527299976592589870e-01,3.366226003741843886e+00,3.696257158257377107e+00,2.608029567381950020e+00,1.867451387505423721e+00,1.042808276110948285e+00,-1.873600479189676093e+00,9.630150548495235441e-01
1.800000000000001377e+00,1.071030866387626679e+00,-1.907487082782587162e+00,9.384283400141955056e-01,1.116607171513682051e+00,-4.153851630873012013e+00,-1.133281449269495506e-01,9.218819277841689974e-01,-3.493921746756554203e-01,-1.672413824132373827e-01,-9.441372192109909536e-03,-6.268743637741270192e+00,2.103792551286511325e-01,6.866370219655056895e-01,3.408117607622304757e+00,3.707905978095128674e+00,2.573005787516621901e+00,1.882794337563264531e+00,1.045106680697758250e+00,-1.880695247092134537e+00,9.626190379301382549e-01
1.802000000000001378e+00,1.073264080730653935e+00,-1.915794786044333176e+00,9.382016837243416507e-01,1.108158460224079489e+00,-4.135726688732052736e+00,-1.133317088966715458e-01,9.197150366568177526e-01,-3.552769917719914017e-01,-1.667450271692150487e-01,-9.930074477590849352e-03,-6.177925415692969047e+00,3.425058705503480905e-01,7.194763159916783835e-01,3.449192233062364554e+00,3.717596161735315707e+00,2.538066352039285878e+00,1.900512791511533184e+00,1.047393344912196156e+00,-1.887760660939974855e+00,9.622205381550612557e-01
1.804000000000001380e+00,1.075480397651102038e+00,-1.924066239421797331e+00,9.379750203065483349e-01,1.099744417299445942e+00,-4.117284113991915184e+00,-1.135027332047303522e-01,9.175666160955646689e-01,-3.610684856902136586e-01,-1.661098360869140977e-01,-1.041998193325343464e-02,-6.079539422379864000e+00,4.737756970666819889e-01,7.511316257608016134e-01,3.489380565293578762e+00,3.725305315557292385e+00,2.503326087398996869e+00,1.920582492848020184e+00,1.049668249801500863e+00,-1.894796473873938680e+00,9.618195551617594319e-01
1.806000000000001382e+00,1.077679886485700900e+00,-1.932300807649781182e+00,9.377480148401389215e-01,1.091372780645549323e+00,-4.098528880474352931e+00,-1.138405525899872234e-01,9.154407330495919481e-01,-3.667597792956618918e-01,-1.653374360040021918e-01,-1.091149944992209422e-02,-5.973703625090679203e+00,6.038724687108352196e-01,7.814906138096243682e-01,3.528615205007169298e+00,3.731015136313518443e+00,2.468900324565402205e+00,1.942973012864940063e+00,1.051931376755108616e+00,-1.901802441059302851e+00,9.614160886903304615e-01
1.808000000000001384e+00,1.079862632046991955e+00,-1.940497865410729883e+00,9.375203337349589106e-01,1.083051170760511939e+00,-4.079466260751912543e+00,-1.143440558811704977e-01,9.133414471516991817e-01,-3.723441463181702549e-01,-1.644298111457759004e-01,-1.140503502834499909e-02,-5.860554932682801699e+00,7.324813093158920596e-01,8.104454098457966049e-01,3.566830784367851059e+00,3.734711589590260949e+00,2.434904519892485908e+00,1.967647797987941871e+00,1.054182707506045702e+00,-1.908778319687584712e+00,9.610101385835845278e-01
1.810000000000001386e+00,1.082028734388512881e+00,-1.948656797932233786e+00,9.372916456231965565e-01,1.074787071394494475e+00,-4.060101811474415179e+00,-1.150116858648214530e-01,9.112727958247096582e-01,-3.778150278417993779e-01,-1.633892978106720462e-01,-1.190099523791875342e-02,-5.740249048888514949e+00,8.592895291869866448e-01,8.378931525934388835e-01,3.603964077666462984e+00,3.736385082634388954e+00,2.401453864861855525e+00,1.994564239459314159e+00,1.056422224130615817e+00,-1.915723868985296008e+00,9.606017047867458913e-01
1.812000000000001387e+00,1.084178308531301926e+00,-1.956777001555182638e+00,9.370616222514669413e-01,1.066587810892107857e+00,-4.040441358377258929e+00,-1.158414408314387273e-01,9.092387793089773407e-01,-3.831660483580855425e-01,-1.622185779399435701e-01,-1.239978054291365241e-02,-5.612960264506130059e+00,9.839874294107417985e-01,8.637365185858588701e-01,3.639954106423373581e+00,3.736030629733110953e+00,2.368662886765447784e+00,2.023673765764315569e+00,1.058649909048712701e+00,-1.922638850211896511e+00,9.601907873478721100e-01
1.814000000000001389e+00,1.086311484153086093e+00,-1.964857884271937083e+00,9.368299393698040767e-01,1.058460544255541036e+00,-4.020490981071580094e+00,-1.168308777855462804e-01,9.072433456865287571e-01,-3.883910313360731670e-01,-1.609206715890772466e-01,-1.290178051803110224e-02,-5.478881187174764911e+00,1.106269111050030451e+00,8.878842336041259387e-01,3.674742238765613234e+00,3.733648008304417232e+00,2.336645042278215900e+00,2.054921957889393358e+00,1.060865745025141749e+00,-1.929523026671731145e+00,9.597773864174987679e-01
1.816000000000001391e+00,1.088428405241597119e+00,-1.972898866234080284e+00,9.365962776142330304e-01,1.050412235958910756e+00,-4.000256997712003937e+00,-1.179771172969772269e-01,9.052903759784270976e-01,-3.934840142640589344e-01,-1.594989283242694844e-01,-1.340736897716162009e-02,-5.338222407817522885e+00,1.225833286296758473e+00,9.102515624547912187e-01,3.708272282964882649e+00,3.729241903834997540e+00,2.305512306281918722e+00,2.088248687503315715e+00,1.063069715169222107e+00,-1.936376163716644783e+00,9.593615022489343502e-01
1.818000000000001393e+00,1.090529229713514958e+00,-1.980899380229504292e+00,9.363603233796390368e-01,1.042449643537274317e+00,-3.979745949632874424e+00,-1.192768499631543522e-01,9.033836693924602868e-01,-3.984392631199139001e-01,-1.579570175729876902e-01,-1.391689904112553000e-02,-5.191212103239272402e+00,1.342384088508222550e+00,9.307607728138370673e-01,3.740490575025633646e+00,3.722822041813793170e+00,2.275374758272221243e+00,2.123588277853243333e+00,1.065261802935525637e+00,-1.943198028747460171e+00,9.589431351980186591e-01
1.820000000000001394e+00,1.092614129000589518e+00,-1.988858872128770106e+00,9.361217696797127230e-01,1.034579301966962239e+00,-3.958964586038079325e+00,-1.207263444451008583e-01,9.015269287982469182e-01,-4.032512862290467126e-01,-1.562989179632727765e-01,-1.443069817195338951e-02,-5.038095574784440700e+00,1.455631877928056817e+00,9.493415689410708014e-01,3.771346060266021372e+00,3.714403304852865517e+00,2.246340168745876831e+00,2.160869686987484162e+00,1.067441992123990602e+00,-1.949988391219775963e+00,9.585222857230766280e-01
1.822000000000001396e+00,1.094683287604523381e+00,-1.996776801300846227e+00,9.358803169908225250e-01,1.026807508847371375e+00,-3.937919848822707625e+00,-1.223214570330773965e-01,8.997237465062898343e-01,-4.079148474715010853e-01,-1.545289056919247339e-01,-1.494906320287992148e-02,-4.879134723414088270e+00,1.565294039787642033e+00,9.659314912026089051e-01,3.800790368862967394e+00,3.704005833226796884e+00,2.218513588198267161e+00,2.200016712784772732e+00,1.069610266880930638e+00,-1.956747022650333179e+00,9.580989543852309609e-01
1.824000000000001398e+00,1.096736902622218013e+00,-2.004652640998491719e+00,9.356356740767564073e-01,1.019140310388427562e+00,-3.916618857597401693e+00,-1.240576426916894515e-01,8.979775904263854747e-01,-4.124249788023527930e-01,-1.526515419670041729e-01,-1.547225539465623030e-02,-4.714607462015973027e+00,1.671095771408643404e+00,9.804762775131662389e-01,3.828777885373127354e+00,3.691655107141564862e+00,2.191996941291517231e+00,2.240948219038964240e+00,1.071766611698494742e+00,-1.963473696620312126e+00,9.576731418479402791e-01
1.826000000000001400e+00,1.098775183242994835e+00,-2.012485878713686560e+00,9.353875587913730305e-01,1.011583488202492109e+00,-3.895068894978169549e+00,-1.259299675286833231e-01,8.962917906791044720e-01,-4.167769920524371230e-01,-1.506716595751200205e-01,-1.600049555001643170e-02,-4.544807066229878068e+00,1.772770854881432712e+00,9.929301830351106029e-01,3.855265812276937432e+00,3.677382009156749731e+00,2.166888628844697351e+00,2.283578381663725843e+00,1.073911011415519923e+00,-1.970168188775446083e+00,9.572448488772407060e-01
1.828000000000001402e+00,1.100798350219399868e+00,-2.020276016503642857e+00,9.351356988563156447e-01,1.004142546894740473e+00,-3.873277392196019520e+00,-1.279331226267248489e-01,8.946695267317997802e-01,-4.209664899794861581e-01,-1.485943486287023274e-01,-1.653395921914690980e-02,-4.370041465535923209e+00,1.870062411879586550e+00,1.003256254739965270e+00,3.880214227621401779e+00,3.661222865299591067e+00,2.143283140241560414e+00,2.327816953873921957e+00,1.076043451217872260e+00,-1.976830276835684685e+00,9.568140763417138928e-01
1.830000000000001403e+00,1.102806635313189343e+00,-2.028022571288035092e+00,9.348798326110622225e-01,9.968227024418573334e-01,-3.851251915071734810e+00,-1.300614391728608377e-01,8.931138151277805415e-01,-4.249893765429559878e-01,-1.464249415528280918e-01,-1.707277202978547959e-02,-4.190632476821932073e+00,1.962723637182791414e+00,1.011426557755240374e+00,3.903586136884470648e+00,3.643219463547862080e+00,2.121270678909999763e+00,2.373569549081362418e+00,1.078163916638844810e+00,-1.983459740595762355e+00,9.563808252123022768e-01
1.832000000000001405e+00,1.104800280718073013e+00,-2.035725075118178573e+00,9.346197097327164638e-01,9.896288713455061448e-01,-3.829000150392062540e+00,-1.323089048164894921e-01,8.916274978739306967e-01,-4.288418663791454533e-01,-1.441689973751297538e-01,-1.761700517610525346e-02,-4.006914983098357474e+00,2.050518507529432100e+00,1.017422350775809115e+00,3.925347519206875191e+00,3.623419048536543841e+00,2.100936803408201214e+00,2.420737940022101853e+00,1.080272393558930233e+00,-1.990056361929291029e+00,9.559450965622486862e-01
1.834000000000001407e+00,1.106779538460763934e+00,-2.043383075418962580e+00,9.343550919230835250e-01,9.825656605443704450e-01,-3.806529892714448859e+00,-1.346691811833231334e-01,8.902132315481473546e-01,-4.325204934566153625e-01,-1.418322853858229871e-01,-1.816667110080532471e-02,-3.819236060466181470e+00,2.133222462501111583e+00,1.021234208215192840e+00,3.945467368162762778e+00,3.601874291522277005e+00,2.082362086578331883e+00,2.469220372475649850e+00,1.082368868206573964e+00,-1.996619924792739198e+00,9.555068915673379237e-01
1.836000000000001409e+00,1.108744669781852599e+00,-2.050996135204391280e+00,9.340857535607168805e-01,9.756373580666115597e-01,-3.783849031618248482e+00,-1.371356224698990489e-01,8.888734771835953286e-01,-4.360221188953866678e-01,-1.394207682379079438e-01,-1.872171940482731875e-02,-3.627954056858990750e+00,2.210623054250175912e+00,1.022862087203639136e+00,3.963917727275860781e+00,3.578643234826528463e+00,2.065621795143422368e+00,2.518911891839963335e+00,1.084453327157946845e+00,-2.003150215229410946e+00,9.550662115054633361e-01
1.838000000000001410e+00,1.110695944497985810e+00,-2.058563833267627707e+00,9.338114823157770417e-01,9.688479244033956217e-01,-3.760965539411333047e+00,-1.397012950407789666e-01,8.876104909818965938e-01,-4.393439379368729858e-01,-1.369405845600861482e-01,-1.928203301883292531e-02,-3.433437626467807036e+00,2.282520563024607263e+00,1.022315338002710794e+00,3.980673720506612945e+00,3.553789210208881943e+00,2.050785591985773149e+00,2.569704680673807751e+00,1.086525757337769349e+00,-2.009647021370923881e+00,9.546230577567262898e-01
1.840000000000001412e+00,1.112633640346792685e+00,-2.066085764346450304e+00,9.335320797256955183e-01,9.622009845837496966e-01,-3.737887459292593029e+00,-1.423589979488112389e-01,8.864263159020923100e-01,-4.424834860549796134e-01,-1.343980311568765962e-01,-1.984742467000909574e-02,-3.236064724103458801e+00,2.348728575619567049e+00,1.019612656889945956e+00,3.995713577940991357e+00,3.527380730837636591e+00,2.037917263099382481e+00,2.621488405180762982e+00,1.088586146019141054e+00,-2.016110133443689278e+00,9.541774318034752511e-01
1.842000000000001414e+00,1.114558042315960229e+00,-2.073561539265035503e+00,9.332473617297979418e-01,9.556998209311545756e-01,-3.714622893962301831e+00,-1.451012842970961780e-01,8.853227741665307127e-01,-4.454386442022133519e-01,-1.317995448717758089e-01,-2.041763367691444911e-02,-3.036221564072434820e+00,2.409074524079775514e+00,1.014781981079266426e+00,4.009018656946551573e+00,3.499491356746704085e+00,2.027074471187257032e+00,2.674150568627535751e+00,1.090634480823725383e+00,-2.022539343767320474e+00,9.537293352299363036e-01
1.844000000000001416e+00,1.116469441957822495e+00,-2.080990785052960312e+00,9.329571591612036974e-01,9.493473664832788872e-01,-3.691179994664981923e+00,-1.479204833604337299e-01,8.843014607188171006e-01,-4.482076431879870593e-01,-1.291516841900885448e-01,-2.099232310393395542e-02,-2.834301548400703030e+00,2.463400182208479006e+00,1.007860325757586661e+00,4.020573459044687326e+00,3.470199533927469826e+00,2.018308537452636831e+00,2.727576869501781687e+00,1.092670749722318035e+00,-2.028934446764864674e+00,9.532787697226927648e-01
1.846000000000001418e+00,1.118368136690789161e+00,-2.088373145042290435e+00,9.326613181944828357e-01,9.431461990576611720e-01,-3.667566950642092927e+00,-1.508087233830535945e-01,8.833637376626727322e-01,-4.507890671895200541e-01,-1.264611106582421429e-01,-2.157107730548290039e-02,-2.630704169470333920e+00,2.511562117681347850e+00,9.988935638517778548e-01,4.030365642770208368e+00,3.439588407411136028e+00,2.011664253120379886e+00,2.781651562314401360e+00,1.094694941034392244e+00,-2.035295238958255482e+00,9.528257370698325346e-01
1.848000000000001419e+00,1.120254429088904491e+00,-2.095708278943574587e+00,9.323597007477166798e-01,9.370985359482466581e-01,-3.643791978965832623e+00,-1.537579549691747705e-01,8.825107297040211130e-01,-4.531818563988118664e-01,-1.237345701959974148e-01,-2.215339988838783969e-02,-2.425833892296640926e+00,2.553432097837641024e+00,9.879361496652235841e-01,4.038386032768695344e+00,3.407745608967690742e+00,2.007179721795278038e+00,2.836257818817762288e+00,1.096707043428667205e+00,-2.041621518974793048e+00,9.523702391615378460e-01
1.850000000000001421e+00,1.122128626160801002e+00,-2.102995862901506197e+00,9.320521848377782970e-01,9.312062292401394048e-01,-3.619863314719809821e+00,-1.567599749827302547e-01,8.817433206119484890e-01,-4.553853088120715098e-01,-1.209788743769878716e-01,-2.273871211889014546e-02,-2.220099021793158656e+00,2.588897447502960247e+00,9.750507880476776412e-01,4.044628625382761022e+00,3.374763020248755296e+00,2.004886233613921931e+00,2.891278087515551931e+00,1.098707045923335457e+00,-2.047913087550213618e+00,9.519122779896447284e-01
1.852000000000001423e+00,1.123991038619281291e+00,-2.110235589530945699e+00,9.317386648878128730e-01,9.254707617327845304e-01,-3.595789201487758824e+00,-1.598064508726854960e-01,8.810621507074042347e-01,-4.573990811706894477e-01,-1.182008817514765414e-01,-2.332635179847003179e-02,-2.013910560434625463e+00,2.617861357496022556e+00,9.603080512732448115e-01,4.049090590963658087e+00,3.340736512440547035e+00,2.004808171855893217e+00,2.946594449353569178e+00,1.100694937885835500e+00,-2.054169747531304324e+00,9.514518556476252442e-01
1.854000000000001425e+00,1.125841980142746834e+00,-2.117427167933921162e+00,9.314190519860674478e-01,9.198932434649383927e-01,-3.571577882107841884e+00,-1.628889453407099397e-01,8.804676153817038164e-01,-4.592231890653362125e-01,-1.154074792831407265e-01,-2.391557263018994836e-02,-1.807681061735875172e+00,2.640243142779192365e+00,9.437859462934841126e-01,4.051772273123138035e+00,3.305765663703116086e+00,2.006962952403121392e+00,3.002088967543958375e+00,1.102670709033320762e+00,-2.060391303877835867e+00,9.509889743305732779e-01
1.856000000000001426e+00,1.127681766629676785e+00,-2.124570323698137031e+00,9.310932740953860032e-01,9.144744088381460134e-01,-3.547237589647538769e+00,-1.659989412685708987e-01,8.799598646401350921e-01,-4.608580062170403169e-01,-1.126055639691089377e-01,-2.450554409452162380e-02,-1.601823484914945084e+00,2.655978449525273621e+00,9.255694354975246840e-01,4.052677185108477964e+00,3.269953455862075753e+00,2.011360996124779366e+00,3.057644029554581699e+00,1.104634349432318530e+00,-2.066577563664154127e+00,9.505236363348172901e-01
1.858000000000001428e+00,1.129510715447353153e+00,-2.131664798877431988e+00,9.307612762128488759e-01,9.092146143388392110e-01,-3.522776538552293335e+00,-1.691278668232070737e-01,8.795388036592988179e-01,-4.623042629511140422e-01,-1.098020247094187718e-01,-2.509535185066896421e-02,-1.396750056012104224e+00,2.665019410685422585e+00,9.057499145493694837e-01,4.051812003473021839e+00,3.233405952011715989e+00,2.018005734071568469e+00,3.113142679442617577e+00,1.106585849499156282e+00,-2.072728336083159206e+00,9.500558440583182218e-01
1.860000000000001430e+00,1.131329144676030740e+00,-2.138710351954536737e+00,9.304230204792024450e-01,9.041138368626515653e-01,-3.498202915920617162e+00,-1.722671206584458492e-01,8.792040943403366393e-01,-4.635630438815826482e-01,-1.070037244885840982e-01,-2.568399867624684973e-02,-1.192871140581257983e+00,2.667334749954809237e+00,8.844246512689160067e-01,4.049186559155191212e+00,3.196231956831296461e+00,2.026893644991037746e+00,3.168468938796887180e+00,1.108525199999961686e+00,-2.078843432448238104e+00,9.495855999999802677e-01
1.862000000000001432e+00,1.133137372349755978e+00,-2.145706757786377761e+00,9.300784862378855822e-01,8.991716726478307109e-01,-3.473524872858381407e+00,-1.754080971331468120e-01,8.789551578339372950e-01,-4.646357848252939959e-01,-1.042174829281002496e-01,-2.627040595484891536e-02,-9.905941328758350872e-01,2.662909834334560966e+00,8.616961898841826173e-01,4.044813826077388264e+00,3.158542661577511179e+00,2.038014324539027644e+00,3.223508114772582811e+00,1.110452392050563120e+00,-2.084922666194742646e+00,9.491129067600345692e-01
1.864000000000001434e+00,1.134935715695051694e+00,-2.152653807532094454e+00,9.297276700436193364e-01,8.943873368278758562e-01,-3.448750515866660038e+00,-1.785422114669501792e-01,8.787911780070593037e-01,-4.655242689661713840e-01,-1.014500592645298516e-01,-2.685341571755481618e-02,-7.903223662005809391e-01,2.651746675786787133e+00,8.376717252902571298e-01,4.038709907293243973e+00,3.120451275816426229e+00,2.051350585148174144e+00,3.278147093762417530e+00,1.112367417116773893e+00,-2.090965852883968523e+00,9.486377670394956496e-01
1.866000000000001435e+00,1.136724490368707485e+00,-2.159551308563827821e+00,9.293705856206854188e-01,8.897596636163271899e-01,-3.423887898219155623e+00,-1.816609247557439966e-01,8.787111058157068832e-01,-4.662306222911117848e-01,-9.870813580335295601e-02,-2.743179324082263212e-02,-5.924540488273318806e-01,2.633863882753339158e+00,8.124624522189567433e-01,4.030894018723755856e+00,3.082072648059059450e+00,2.066878585505671939e+00,3.332274619587179743e+00,1.114270267013823812e+00,-2.096972810199972059e+00,9.481601836403177330e-01
1.868000000000001437e+00,1.138504009695940233e+00,-2.166399084360266070e+00,9.290072637711739301e-01,8.852871071393182412e-01,-3.398945011288874607e+00,-1.847557687707752083e-01,8.787136645428919035e-01,-4.667573083198444106e-01,-9.599830189409155889e-02,-2.800423019950041420e-02,-3.973812295413792217e-01,2.609296562582133383e+00,7.861828944271257447e-01,4.021388470419831052e+00,3.043522877539257543e+00,2.084567988081154954e+00,3.385781555064919512e+00,1.116160933907154984e+00,-2.102943357959688342e+00,9.476801594651780292e-01
1.870000000000001439e+00,1.140274583910218853e+00,-2.173196974382843649e+00,9.286377522336324297e-01,8.809677429335157628e-01,-3.373929775786817853e+00,-1.878183704663855813e-01,8.787973558561830156e-01,-4.671071221516607253e-01,-9.332703846738570064e-02,-2.856934836991764301e-02,-2.054887965530148020e-01,2.578096176138413131e+00,7.589502191764749828e-01,4.010218645313372576e+00,3.004918919399719890e+00,2.104382143305566277e+00,3.438561126280951452e+00,1.118039410311853388e+00,-2.108877318106223697e+00,9.471976975172777813e-01
1.872000000000001441e+00,1.142036519396085970e+00,-2.179944833934417403e+00,9.282621154926996576e-01,8.767992701288874757e-01,-3.348850032880650307e+00,-1.908404761234820113e-01,8.789604666349776219e-01,-4.672831838523239245e-01,-9.070070316976808211e-02,-2.912570387419119791e-02,-1.715351312131249695e-02,2.540330346112588789e+00,7.308835423707910062e-01,3.997412975310912220e+00,2.966378185597910999e+00,2.126278298440078984e+00,3.490509148800569061e+00,1.119905689092819401e+00,-2.114774514718291698e+00,9.467128009003920042e-01
1.874000000000001442e+00,1.143790117936343664e+00,-2.186642534000178717e+00,9.278804345404526588e-01,8.727790143367840647e-01,-3.323713535165801591e+00,-1.938139750572260289e-01,8.792010765139244288e-01,-4.672889312046850652e-01,-8.812551612690994185e-02,-2.967179195305547426e-02,1.672569071358359361e-01,2.496082620725542878e+00,7.021032297705981362e-01,3.983002914602426614e+00,2.928018143811141005e+00,2.150207829404241267e+00,3.541524235540170817e+00,1.121759763464554638e+00,-2.120634774003960388e+00,9.462254728184005259e-01
1.876000000000001444e+00,1.145535675965017264e+00,-2.193289961070510330e+00,9.274928065903381702e-01,8.689039312645289170e-01,-3.298527937467621740e+00,-1.967309228197415827e-01,8.795170660857485334e-01,-4.671281118465978044e-01,-8.560754636115336380e-02,-3.020605225070997421e-02,3.473846826848582814e-01,2.445452194715324712e+00,6.727301996884864632e-01,3.967022909969901256e+00,2.889955916619786791e+00,2.176116493365285454e+00,3.591507985982476114e+00,1.123601626991332481e+00,-2.126457924310201975e+00,9.457357165754549655e-01
1.878000000000001446e+00,1.147273483827546237e+00,-2.199887016945445417e+00,9.270993447446986835e-01,8.651706110776786751e-01,-3.273300787458925054e+00,-1.995835638305228366e-01,8.799061257041468354e-01,-4.668047748196517133e-01,-8.315269888425322331e-02,-3.072687459142238800e-02,5.228828021088252065e-01,2.388553589632228746e+00,6.428852325092133668e-01,3.949510367881755801e+00,2.852307883179762360e+00,2.203944700049436545e+00,3.640365156795140944e+00,1.125431273586771752e+00,-2.132243796116867429e+00,9.452435355756518831e-01
1.880000000000001448e+00,1.149003825049701666e+00,-2.206433618520363460e+00,9.267001776170376015e-01,8.615752835305854340e-01,-3.248039516083781830e+00,-2.023643533696191932e-01,8.803657648254136214e-01,-4.663232615520668811e-01,-8.076670248148053177e-02,-3.123260522394600766e-02,6.934158159727411563e-01,2.325516295593661908e+00,6.126882922606394777e-01,3.930505618103596444e+00,2.815189285535485197e+00,2.233627799518234980e+00,3.688003814003988357e+00,1.127248697514234621e+00,-2.137992222043166635e+00,9.447489333229013297e-01
1.882000000000001450e+00,1.150726975616762848e+00,-2.212929697552531216e+00,9.262954489102983580e-01,8.581138238847432209e-01,-3.222751427785018663e+00,-2.050659788711685916e-01,8.808933218260494025e-01,-4.656881962988340673e-01,-7.845509819863319412e-02,-3.172155350624705078e-02,8.586605811656975451e-01,2.256484376745881093e+00,5.822578652934156107e-01,3.910051873538073597e+00,2.778713841639165683e+00,2.265096384126221274e+00,3.734335467085788896e+00,1.129053893386158691e+00,-2.143703036845735710e+00,9.442519134208415821e-01
1.884000000000001451e+00,1.152443203264532423e+00,-2.219375200408101101e+00,9.258853169525560478e-01,8.547817596326727774e-01,-3.197443690539606642e+00,-2.076813804575482758e-01,8.814859742327882941e-01,-4.649044760618641359e-01,-7.622322853910315499e-02,-3.219199899961865813e-02,1.018306956749194248e+00,2.181616042749939588e+00,5.517103209152193211e-01,3.888195185975879653e+00,2.742993367033832008e+00,2.298276602373659383e+00,3.779275185499274770e+00,1.130846856164511749e+00,-2.149376077424889786e+00,9.437524795726330851e-01
1.886000000000001453e+00,1.154152766783797857e+00,-2.225770087789180174e+00,9.254699541916409089e-01,8.515742780427753011e-01,-3.172123325712521869e+00,-2.102037706571077691e-01,8.821407493012443091e-01,-4.639772600125638413e-01,-7.407622737399906232e-02,-3.264219893801172112e-02,1.172058450705154131e+00,2.101083188649208733e+00,5.211592985702938607e-01,3.864984397439385599e+00,2.708137407043741618e+00,2.333090482430330681e+00,3.822741698398939736e+00,1.132627581160109642e+00,-2.155011182815528059e+00,9.432506355806173914e-01
1.888000000000001455e+00,1.155855915339883300e+00,-2.232114334440605141e+00,9.250495466503266817e-01,8.484862345378610948e-01,-3.146797197746862729e+00,-2.126266532519628938e-01,8.828545348796980052e-01,-4.629119584388950992e-01,-7.201901056445439431e-02,-3.307039603536279793e-02,1.319632817341319209e+00,2.015070905504474652e+00,4.907151258501607494e-01,3.840471086748898255e+00,2.674252881191447440e+00,2.369456262878378627e+00,3.864657478242188748e+00,1.134396064032957341e+00,-2.160608194200548837e+00,9.427463853464130850e-01
1.890000000000001457e+00,1.157552887808958930e+00,-2.238407928836098737e+00,9.246242933438227896e-01,8.455121619166673375e-01,-3.121472003713642085e+00,-2.149438412051319913e-01,8.836240904954283382e-01,-4.617142212386277644e-01,-7.005626729168869249e-02,-3.347482659088700518e-02,1.460762605416481064e+00,1.923776964169851222e+00,4.604842712997104792e-01,3.814709510988562702e+00,2.641443741412418778e+00,2.407288728665979427e+00,3.904948809370746066e+00,1.136152300791225755e+00,-2.166166954900390351e+00,9.422397328706031416e-01
1.892000000000001458e+00,1.159243912132792209e+00,-2.244650872843525935e+00,9.241944056614125325e-01,8.426462804240540949e-01,-3.096154262751448893e+00,-2.171494736202829179e-01,8.844460586023694670e-01,-4.603899259801881305e-01,-6.819245208715925266e-02,-3.385372884972999430e-02,1.595195657360917174e+00,1.827411274568542909e+00,4.305688356108748338e-01,3.787756541490046924e+00,2.609810645502548709e+00,2.446499549904469273e+00,3.943545842490183695e+00,1.137896287792559136e+00,-2.171687310382239389e+00,9.417306822524329490e-01
1.894000000000001460e+00,1.160929204693640360e+00,-2.250843181369028834e+00,9.237601067141719691e-01,8.398825086714147847e-01,-3.070850305431360727e+00,-2.192380316907276694e-01,8.853169759307479847e-01,-4.589451655522439610e-01,-6.643177755225496139e-02,-3.420535157408507304e-02,1.722695560221662481e+00,1.726195322778133701e+00,4.010660844123449253e-01,3.759671594012291340e+00,2.579450647083504577e+00,2.486997621558615368e+00,3.980382636280210384e+00,1.139628021741986075e+00,-2.177169108255597507e+00,9.412192376899808366e-01
1.896000000000001462e+00,1.162608969710983153e+00,-2.256984881979891444e+00,9.233216306507905369e-01,8.372144754044918979e-01,-3.045566263088092196e+00,-2.212043535984592746e-01,8.862332848816539821e-01,-4.573862354229764615e-01,-6.477820775445944368e-02,-3.452796277788050539e-02,1.843042049200522836e+00,1.620361588180406764e+00,3.720680254517733099e-01,3.730516552758059046e+00,2.550456903206722359e+00,2.528689401961298433e+00,4.015397187263587853e+00,1.141347499693511125e+00,-2.182612198275577953e+00,9.407054034794972708e-01
1.898000000000001464e+00,1.164283398661792202e+00,-2.263076014506067768e+00,9.228792219435936195e-01,8.346355321111508241e-01,-3.020308057162996551e+00,-2.230436483280479054e-01,8.871913449122212914e-01,-4.557196205298856828e-01,-6.323545228474804214e-02,-3.481985857645721744e-02,1.956031364851932963e+00,1.510152942856687330e+00,3.436610325401957544e-01,3.700355687922377790e+00,2.522918400583074483e+00,2.571479248285038821e+00,4.048531449194684662e+00,1.143054719048835821e+00,-2.188016432341655104e+00,9.401891840155327529e-01
1.900000000000001465e+00,1.165952669726014523e+00,-2.269116630620393593e+00,9.224331346469375470e-01,8.321387664568705711e-01,-2.995081388608619388e+00,-2.247515083644213985e-01,8.881874438601354838e-01,-4.539519818209488133e-01,-6.180696095918467026e-02,-3.507937210129880717e-02,2.061476565169599429e+00,1.395822035322570986e+00,3.159255181919156108e-01,3.669255566475748687e+00,2.496919701254359136e+00,2.615269747240315468e+00,4.079731343251696174e+00,1.144749677557074463e+00,-2.193381664499256090e+00,9.396705837907211034e-01
1.902000000000001467e+00,1.167616947258928173e+00,-2.275106793397610794e+00,9.219836316302086887e-01,8.297170165308543899e-01,-2.969891727408209281e+00,-2.263239212480574192e-01,8.892178091595747125e-01,-4.520901424680491276e-01,-6.049591914624975753e-02,-3.530488242885668898e-02,2.159207793924766250e+00,1.277630660603698676e+00,2.889356564476591172e-01,3.637284955910744966e+00,2.472540708381368191e+00,2.659962039336394302e+00,4.108946760269420295e+00,1.146432373314938857e+00,-2.198707750937600736e+00,9.391496073953673474e-01
1.904000000000001469e+00,1.169276381291989964e+00,-2.281046576852427066e+00,9.215309837877125876e-01,8.273628858807686726e-01,-2.944744302266437685e+00,-2.277572799656001068e-01,8.902786189042963816e-01,-4.501410737737719381e-01,-5.930524370034281206e-02,-3.549482347184398229e-02,2.249072506716205844e+00,1.155849118552835009e+00,2.627591569225836698e-01,3.604514720727434618e+00,2.449856452681792529e+00,2.705456135223486491e+00,4.136131556270941090e+00,1.148102804766681473e+00,-2.203994549993453234e+00,9.386262595174335033e-01
1.906000000000001471e+00,1.170931107063751586e+00,-2.286936065456960154e+00,9.210754692277813849e-01,8.250687593092764782e-01,-2.919644090529704084e+00,-2.290483921584305638e-01,8.913660127174212189e-01,-4.481118807929660997e-01,-5.823757948115543259e-02,-3.564769278105893446e-02,2.330935656255219257e+00,1.030755562199356490e+00,2.374570906757208222e-01,3.571017711469592903e+00,2.428936899900228319e+00,2.751651222795344687e+00,4.161243542558479724e+00,1.149760970702901730e+00,-2.209241922148507342e+00,9.381005449422508136e-01
1.908000000000001473e+00,1.172581244582370230e+00,-2.292775353638019542e+00,9.206173724434645322e-01,8.228268194008427905e-01,-2.894595808396107639e+00,-2.301944881364805517e-01,8.924761023914484781e-01,-4.460097876908783454e-01,-5.729529643818666307e-02,-3.576206020584443007e-02,2.404679838446517337e+00,9.026353378179874376e-01,2.130837680601621320e-01,3.536868646162087071e+00,2.409846779568646014e+00,2.798445963824628624e+00,4.184244471486387340e+00,1.151406870260659687e+00,-2.214449730031546437e+00,9.375724685522355273e-01
1.910000000000001474e+00,1.174226898221171878e+00,-2.298564545254811797e+00,9.201569834671915471e-01,8.206290637427476886e-01,-2.869603901475747953e+00,-2.311932276890425186e-01,8.936049822661201736e-01,-4.438421228601708290e-01,-5.648048723954467165e-02,-3.583657636169619576e-02,2.470205400826752662e+00,7.717803182908009596e-01,1.896866682866360787e-01,3.502143984063272431e+00,2.392645435183332392e+00,2.845738779152767073e+00,4.205100019087695706e+00,1.153040502923987631e+00,-2.219617838414123412e+00,9.370420353268960056e-01
1.912000000000001476e+00,1.175868156348657267e+00,-2.304303753057763249e+00,9.196945970118134417e-01,8.184673228000094447e-01,-2.844672535762585053e+00,-2.320427056892333251e-01,8.947487393158987112e-01,-4.416163038197522539e-01,-5.579496542433361878e-02,-3.586998085429407568e-02,2.527430514914689397e+00,6.384882312346186195e-01,1.673064200128944190e-01,3.466921791681347287e+00,2.377386695805995043e+00,2.893428121417764842e+00,4.223779765523609342e+00,1.154661868522241619e+00,-2.224746114217495574e+00,9.365092503422927095e-01
1.914000000000001478e+00,1.177505090994257264e+00,-2.309993098129288214e+00,9.192305116004350074e-01,8.163332783998981101e-01,-2.819805589077961194e+00,-2.327414564928700080e-01,8.959034629229796209e-01,-4.393398219190474130e-01,-5.524026405832965086e-02,-3.586111021035062046e-02,2.576291213967387694e+00,5.030619832556462168e-01,1.459768318826124289e-01,3.431281601086846322e+00,2.364118768987497177e+00,2.941412734771024162e+00,4.240257174405856588e+00,1.156270967230684121e+00,-2.229834426504325506e+00,9.359741187710346466e-01
1.916000000000001480e+00,1.179137757551057097e+00,-2.315632709307444248e+00,9.187650286874492478e-01,8.142184827781503431e-01,-2.795006643045352401e+00,-2.332884571373957106e-01,8.970652543158631476e-01,-4.370202268721229411e-01,-5.481763487328250584e-02,-3.580890546712504896e-02,2.616741397592476925e+00,3.658089816025319463e-01,1.257249715502372633e-01,3.395304260580812805e+00,2.352884154807331818e+00,2.989591900797046176e+00,4.254509571739991003e+00,1.157867799569574530e+00,-2.234882646485615965e+00,9.354366458819809438e-01
1.918000000000001481e+00,1.180766194516613465e+00,-2.321222722593534904e+00,9.182984517731744845e-01,8.121143781357144098e-01,-2.770278975653673204e+00,-2.336831293504220974e-01,8.982302356575585511e-01,-4.346651111469396755e-01,-5.452804787100721390e-02,-3.571241937424826651e-02,2.648752804574427522e+00,2.270404543913540074e-01,1.065712913785241411e-01,3.359071777867559394e+00,2.343719580727537277e+00,3.037865670336454826e+00,4.266518125318739862e+00,1.159452366404424950e+00,-2.239890647514002353e+00,9.348968370400241312e-01
1.920000000000001483e+00,1.182390423272884794e+00,-2.326763280544842161e+00,9.178310855144736768e-01,8.100123166520397655e-01,-2.745625554464278917e+00,-2.339253403816549948e-01,8.993945587714049505e-01,-4.322820942359226759e-01,-5.437219137442800276e-02,-3.557082316361397101e-02,2.672314955186584573e+00,8.707077049356390375e-02,8.852979865962776196e-02,3.322667155929700300e+00,2.336655956875469897e+00,3.086135080844390366e+00,4.276267825177513693e+00,1.161024668944749649e+00,-2.244858305086253836e+00,9.343546977056922387e-01
1.922000000000001485e+00,1.184010447906188812e+00,-2.332254531653770613e+00,9.173632348337104059e-01,8.079035808985370881e-01,-2.721049030514037348e+00,-2.340154026759049266e-01,9.005544134962554237e-01,-4.298788068349987390e-01,-5.435047250887298925e-02,-3.538341284550765298e-02,2.687435064160549558e+00,-5.378323989585495624e-02,7.160826790483670878e-02,3.286174221865402423e+00,2.331718351288415203e+00,3.134302359090229917e+00,4.283747465599071269e+00,1.162584708744306639e+00,-2.249785496844523891e+00,9.338102334352127443e-01
1.924000000000001487e+00,1.185626255067985912e+00,-2.337696629714798746e+00,9.168952040283585569e-01,8.057794045938492244e-01,-2.696551732963124337e+00,-2.339540724081777823e-01,9.017060356663600951e-01,-4.274628749592428445e-01,-5.446301809816186251e-02,-3.514961499184884874e-02,2.694137925365982067e+00,-1.952029630656576809e-01,5.580849247196342788e-02,3.249677449022831510e+00,2.328925984582729924e+00,3.182271109261375130e+00,4.288949629146747711e+00,1.164132487700756613e+00,-2.254672102570097536e+00,9.332634498798588751e-01
1.926000000000001489e+00,1.187237813877173531e+00,-2.343089733180724998e+00,9.164272958835422145e-01,8.036309936411077937e-01,-2.672135664532855781e+00,-2.337425469054876526e-01,9.028457147146383699e-01,-4.250419040242815472e-01,-5.470967596135573041e-02,-3.486899197038584308e-02,2.692465769155103938e+00,-3.368686770776125883e-01,4.112657254398312950e-02,3.213261772813473804e+00,2.328292243447991794e+00,3.229946486405436357e+00,4.291870672909876561e+00,1.165668008054753457e+00,-2.259518004189189355e+00,9.327143527861307959e-01
1.928000000000001490e+00,1.188845075864455758e+00,-2.348434004509790896e+00,9.159598107897312103e-01,8.014495473862440766e-01,-2.647802497774237374e+00,-2.333824609826049834e-01,9.039698009011672974e-01,-4.226234629235967599e-01,-5.509001659741483842e-02,-3.454124659689699478e-02,2.682478093199433200e+00,-4.784602236998601876e-01,2.755323625684466191e-02,3.177012400665557124e+00,2.329824712309226609e+00,3.277235355553445473e+00,4.292510717217579597e+00,1.167191272390057932e+00,-2.264323085768509713e+00,9.321629479951729635e-01
1.930000000000001492e+00,1.190447974959228272e+00,-2.353729609505339493e+00,9.154930458677660310e-01,7.992262800358179708e-01,-2.623553572203756623e+00,-2.328758822218364444e-01,9.050747121715807531e-01,-4.202150681328592485e-01,-5.560333524641476732e-02,-3.416622617588031124e-02,2.664251467545894592e+00,-6.196576761807442990e-01,1.507419057962276418e-02,3.141014616621358169e+00,2.333525222448637138e+00,3.324046436714429564e+00,4.290873636792360557e+00,1.168702283632343963e+00,-2.269087233512081525e+00,9.316092414426142554e-01
1.932000000000001494e+00,1.192046427519299900e+00,-2.358976716649746841e+00,9.150272941033223972e-01,7.969524421725906471e-01,-2.599389892338034969e+00,-2.322253052290345898e-01,9.061569406526756021e-01,-4.178241678733579101e-01,-5.624865431737541971e-02,-3.374392590384098223e-02,2.637879314507709960e+00,-7.601420020917090126e-01,3.670498393145257138e-03,3.105353581147685116e+00,2.339389917834659993e+00,3.370290436202322493e+00,4.286967054296682456e+00,1.170201045049781285e+00,-2.273810335763741364e+00,9.310532391582837519e-01
1.934000000000001496e+00,1.193640332403645088e+00,-2.364175496434422818e+00,9.145628434928643191e-01,7.946193423072357431e-01,-2.575312126654087930e+00,-2.314336448999711471e-01,9.072130587948337155e-01,-4.154581263674806957e-01,-5.702472617413786860e-02,-3.327449161307934750e-02,2.603471663912731771e+00,-8.995957204893104686e-01,-6.681021920410361303e-03,3.070114126784855291e+00,2.347409336868794494e+00,3.415880164730129565e+00,4.280802336086562576e+00,1.171687560251216453e+00,-2.278492283006684715e+00,9.304949472661183663e-01
1.936000000000001497e+00,1.195229571088259668e+00,-2.369326120687730963e+00,9.140999762030643794e-01,7.922183684050798647e-01,-2.551320607496645021e+00,-2.305042287325266559e-01,9.082397251728921983e-01,-4.131242082200110022e-01,-5.793003627206212702e-02,-3.275822183781981756e-02,2.561154884134172249e+00,-1.037703552661809026e+00,-1.600737815819328058e-02,3.035380550302174907e+00,2.357568509224872599e+00,3.460730642923778078e+00,4.272394589906462592e+00,1.173161833186940228e+00,-2.283132967858577445e+00,9.299343719835659883e-01
1.938000000000001499e+00,1.196814007825069748e+00,-2.374428761902724450e+00,9.136389677455992731e-01,7.897410093276209242e-01,-2.527415331949056654e+00,-2.294407882214703209e-01,9.092336899588140398e-01,-4.108295629597331078e-01,-5.896280663959302393e-02,-3.219556918856728706e-02,2.511071389261316789e+00,-1.174153065729173440e+00,-2.433897110260420382e-02,3.001236402077557930e+00,2.369847066928370438e+00,3.504759194789815346e+00,4.261762664097195064e+00,1.174623868147607553e+00,-2.287732285071669480e+00,9.293715196214966667e-01
1.940000000000001501e+00,1.198393489843724957e+00,-2.379483592566622452e+00,9.131800861691563576e-01,7.871788761296559800e-01,-2.503595963678789893e+00,-2.282474493730919929e-01,9.101918000809373632e-01,-4.085812097764511819e-01,-6.012099969993407039e-02,-3.158714102471423674e-02,2.453379322693562958e+00,-1.308635308369478389e+00,-3.170915034257498072e-02,2.967764273460989255e+00,2.384219368798531136e+00,3.547885529929963422e+00,4.248929147898117265e+00,1.176073669763853857e+00,-2.292290131533363251e+00,9.288063965840036573e-01
1.942000000000001503e+00,1.199967847595984294e+00,-2.384490784493979998e+00,9.127235912704101395e-01,7.845237231542238066e-01,-2.479861835763561118e+00,-2.269287223775469375e-01,9.111110040857086645e-01,-4.063860224890286643e-01,-6.140232242916945915e-02,-3.093369941960942213e-02,2.388252217397402788e+00,-1.440845437935527107e+00,-3.815376301182047541e-02,2.935045582909150852e+00,2.400654637351772536e+00,3.590031815170305229e+00,4.233920372231202656e+00,1.177511243005442410e+00,-2.296806406263371514e+00,9.282390093679451226e-01
1.944000000000001505e+00,1.201536895042292663e+00,-2.389450508165507081e+00,9.122697338256550159e-01,7.817674688690645635e-01,-2.456211954498543903e+00,-2.254894904764291885e-01,9.119883567186393147e-01,-4.042507147804104695e-01,-6.280423084816436075e-02,-3.023616041651718683e-02,2.315878633017552257e+00,-1.570483338221754233e+00,-4.371069932299198602e-02,2.903160361724060223e+00,2.419117107260480903e+00,3.631122736523567429e+00,4.216766410431494805e+00,1.178936593181093784e+00,-2.301281010408715133e+00,9.276693645627309692e-01
1.946000000000001506e+00,1.203100429980030750e+00,-2.394362932074504347e+00,9.118187548447022062e-01,7.789022163900419793e-01,-2.432645004180510107e+00,-2.239349980632366344e-01,9.128210232417672820e-01,-4.021818257358091842e-01,-6.432393484645038129e-02,-2.949559257810716040e-02,2.236461770024519957e+00,-1.697254227121730352e+00,-4.841943873297562678e-02,2.872187040228303179e+00,2.439566184428037410e+00,3.671085552164579990e+00,4.197501078132751751e+00,1.180349725937690053e+00,-2.305713847249066362e+00,9.270974688500031036e-01
1.948000000000001508e+00,1.204658234412810724e+00,-2.399228222082865347e+00,9.113708848485757574e-01,7.759202736387104116e-01,-2.409159352859262082e+00,-2.222708380533478245e-01,9.136062835051820263e-01,-4.001857057202818369e-01,-6.595840333705085823e-02,-2.871321483629942981e-02,2.150219061059805536e+00,-1.820869253408241129e+00,-5.232060049621051895e-02,2.842202235256526599e+00,2.461956614757384809e+00,3.709850137425160010e+00,4.176161931682175421e+00,1.181750647259990572e+00,-2.310104822189813945e+00,9.265233290034933233e-01
1.950000000000001510e+00,1.206210074960088141e+00,-2.404046540788583819e+00,9.109263431724690108e-01,7.728141730830946354e-01,-2.385753059042146074e+00,-2.205029385594937386e-01,9.143415357901742979e-01,-3.982685026318125154e-01,-6.770436974182238166e-02,-2.789039365341016569e-02,2.057381739651969799e+00,-1.941046081848773364e+00,-5.545550226385204118e-02,2.813280539827817783e+00,2.486238661662150129e+00,3.747349022618266190e+00,4.152790264264007547e+00,1.183139363470063543e+00,-2.314453842760585189e+00,9.259469518884371197e-01
1.952000000000001512e+00,1.207755703306254258e+00,-2.408818046906668009e+00,9.104853372953499724e-01,7.695766910126340399e-01,-2.362423879332788079e+00,-2.186375489076440859e-01,9.150243004413158854e-01,-3.964361485657141304e-01,-6.955833780737481764e-02,-2.702863950957668654e-02,1.958194386499177986e+00,-2.057509465852409125e+00,-5.786573026183939455e-02,2.785494315886536842e+00,2.512358291381403319e+00,3.783517424564792897e+00,4.127431098932566655e+00,1.184515881225935985e+00,-2.318760818615587027e+00,9.253683444614742015e-01
1.954000000000001513e+00,1.209294856688279518e+00,-2.413542894665333449e+00,9.100480621975346462e-01,7.662008663000973163e-01,-2.339169276980613610e+00,-2.166812250268511653e-01,9.156522233043025150e-01,-3.946943469256842807e-01,-7.151658775198410645e-02,-2.612960273536145406e-02,1.852914453539734829e+00,-2.169991806830189329e+00,-5.959272442797565461e-02,2.758913490984001626e+00,2.540257365154006575e+00,3.818293272779662129e+00,4.100133177761095205e+00,1.185880207521934793e+00,-2.323025661529513286e+00,9.247875137702896708e-01
1.956000000000001515e+00,1.210827258420879682e+00,-2.418221233219294497e+00,9.096146997474809925e-01,7.626800186051134745e-01,-2.315986431313569849e+00,-2.146408142452867485e-01,9.162230789856636859e-01,-3.930485600161713333e-01,-7.357518274412722104e-02,-2.519506871220855704e-02,1.741811766083484869e+00,-2.278233699437010262e+00,-6.067738172037705907e-02,2.733605359780100663e+00,2.569873837317001364e+00,3.851617231146651665e+00,4.070948946285858128e+00,1.187232349687805666e+00,-2.327248285396521510e+00,9.242044669533440171e-01
1.958000000000001517e+00,1.212352618458089948e+00,-2.422853206081921673e+00,9.091854181189904516e-01,7.590077659757177297e-01,-2.292872248022427062e+00,-2.125234395231839490e-01,9.167347739495372849e-01,-3.915039971498441851e-01,-7.572997571335475520e-02,-2.422695246703805705e-02,1.625168003327967181e+00,-2.381984461851723189e+00,-6.115968061347640955e-02,2.709634391216229954e+00,2.601141958399626475e+00,3.883432715995063234e+00,4.039934532429034775e+00,1.188572315387519396e+00,-2.331428606228072908e+00,9.236192112394965292e-01
1.960000000000001519e+00,1.213870633990041359e+00,-2.427438950577966548e+00,9.087603712399441314e-01,7.551780418059863553e-01,-2.269823370261332407e+00,-2.103364831519287936e-01,9.171853494655964889e-01,-3.900656033028985781e-01,-7.797661649416993968e-02,-2.322729269068073490e-02,1.503276157649848566e+00,-2.481002650243874008e+00,-6.107832958631732173e-02,2.687062042196022293e+00,2.633992482295831827e+00,3.913685911411096896e+00,4.007149719096240403e+00,1.189900112619570294e+00,-2.335566542151227054e+00,9.230317539477068678e-01
1.962000000000001521e+00,1.215380990073653411e+00,-2.431978597318489310e+00,9.083396982736402503e-01,7.511851111093964528e-01,-2.246836190525775656e+00,-2.080875699470204621e-01,9.175729844209242758e-01,-3.887380483496724604e-01,-8.031055930341049476e-02,-2.219824521305967246e-02,1.376439973133826378e+00,-2.575056556572133726e+00,-6.047044217741879418e-02,2.665946578585056237e+00,2.668352876615920355e+00,3.942325782615707208e+00,3.972657909683975141e+00,1.191215749715498262e+00,-2.339662013403980723e+00,9.224421024867472951e-01
1.964000000000001522e+00,1.216883360295872185e+00,-2.436472269699540671e+00,9.079235231337462464e-01,7.470235860690060958e-01,-2.223906863265962208e+00,-2.057845499612426521e-01,9.178959980072084468e-01,-3.875257169066085305e-01,-8.272707055134069509e-02,-2.114207597099433678e-02,1.244973363879402939e+00,-2.663924688858285705e+00,-5.937124093233365346e-02,2.646342904302070753e+00,2.704147535335704955e+00,3.969304088192775470e+00,3.936526085733191405e+00,1.192519235339604577e+00,-2.343714942334358398e+00,9.218502643547905606e-01
1.966000000000001524e+00,1.218377407468010265e+00,-2.440920083426072473e+00,9.075119540338237867e-01,7.426884408268730198e-01,-2.201031318190554753e+00,-2.034354807429908651e-01,9.181528522930418879e-01,-3.864326988139648589e-01,-8.522123698625204413e-02,-2.006115350721531312e-02,1.109199812707300614e+00,-2.747396233087282535e+00,-5.781379230901810551e-02,2.628302399246439602e+00,2.741297992889462076e+00,3.994575391929560571e+00,3.898824756053624885e+00,1.193810578488099239e+00,-2.347725253400298584e+00,9.212562471391505525e-01
1.968000000000001526e+00,1.219862784349664109e+00,-2.445322146062453683e+00,9.071050830723378366e-01,7.381750254763486119e-01,-2.178205274213060427e+00,-2.010486091635314831e-01,9.183421546894310339e-01,-3.854627802818794691e-01,-8.778797417186019747e-02,-1.895794104161833971e-02,9.694517509695917967e-01,-2.825271495892981655e+00,-5.582877432939345463e-02,2.611872766753777331e+00,2.779723138878856137e+00,4.018097074987647233e+00,3.859627896655358104e+00,1.195089788488759908e+00,-2.351692873161582042e+00,9.206600585160407135e-01
1.970000000000001528e+00,1.221339134400616810e+00,-2.449678556610879632e+00,9.067029858540107679e-01,7.334790792220297062e-01,-2.155424253990873673e+00,-1.986323528361518820e-01,9.184626603148126067e-01,-3.846194357254220098e-01,-9.042203529616971158e-02,-1.783498815793567102e-02,8.260699202583571266e-01,-2.897362327202677168e+00,-5.344427848183417457e-02,2.597097891228561828e+00,2.819339432595559636e+00,4.039829348994283365e+00,3.819012880863935422e+00,1.196356874999965569e+00,-2.355617730283583455e+00,9.200617062499842902e-01
1.972000000000001529e+00,1.222806092559060920e+00,-2.453989405118861544e+00,9.063057211483385167e-01,7.285967426731351226e-01,-2.132683599004597141e+00,-1.961952811491939619e-01,9.185132742640111925e-01,-3.839058203111435086e-01,-9.311802030977003874e-02,-1.669492215085182155e-02,6.794027168835304886e-01,-2.963492522035957144e+00,-5.068564708107963640e-02,2.584017706556595240e+00,2.860061116607444998e+00,4.059735270728548784e+00,3.777060399126094925e+00,1.197611848009460189e+00,-2.359499755528972287e+00,9.194611981937148570e-01
1.974000000000001531e+00,1.224263286044407151e+00,-2.458254772316870618e+00,9.059133305860401775e-01,7.235245692370758652e-01,-2.109978485123593206e+00,-1.937460959347178935e-01,9.184930537836277775e-01,-3.833247632353741774e-01,-9.587038539073132470e-02,-1.554043908012137619e-02,5.298055200761669914e-01,-3.023498200674984648e+00,-4.757534698987948840e-02,2.572668075830610412e+00,2.901800428679429888e+00,4.077780758872340705e+00,3.733854367980804057e+00,1.198854717834807460e+00,-2.363338881757258036e+00,9.188585422877464381e-01
1.976000000000001533e+00,1.225710335182881305e+00,-2.462474729287117636e+00,9.055258383941707789e-01,7.182595355808848447e-01,-2.087303938601979603e+00,-1.912936117942669878e-01,9.184012103543660599e-01,-3.828787617521334230e-01,-9.867345273239178094e-02,-1.437429457945427029e-02,3.776400049492399380e-01,-3.077228166454790248e+00,-4.413288029977568971e-02,2.563080682885901851e+00,2.944467811359058995e+00,4.093934613303515491e+00,3.689481827828354099e+00,1.200085495121770762e+00,-2.367135043925699733e+00,9.182537465600182358e-01
1.978000000000001535e+00,1.227146854254043129e+00,-2.466649337164321665e+00,9.051432511705822526e-01,7.127990511290550613e-01,-2.064654852447814548e+00,-1.888467361032695468e-01,9.182371116787942933e-01,-3.825699759660216581e-01,-1.015214206493799537e-01,-1.319929446880977603e-02,2.232734413133420359e-01,-3.124544240456045952e+00,-4.037473225414103806e-02,2.555282936067269528e+00,2.987972118602608695e+00,4.108168537370325168e+00,3.644032829175335664e+00,1.201304190843403674e+00,-2.370888179076118263e+00,9.176468191254931739e-01
1.980000000000001537e+00,1.228572452356301303e+00,-2.470778646869217443e+00,9.047655576983757442e-01,7.071409665673332734e-01,-2.042026003107432874e+00,-1.864144487164206276e-01,9.180002835710222575e-01,-3.824002244028896214e-01,-1.044083739962005514e-01,-1.201828521927779392e-02,6.707797951725449903e-02,-3.165321572415358276e+00,-3.631435638574945224e-02,2.549297884584104334e+00,3.032220818857102707e+00,4.120457163365276010e+00,3.597600307025841548e+00,1.202510816300234708e+00,-2.374598226343877627e+00,9.170377681860157892e-01
1.982000000000001538e+00,1.229986734289435946e+00,-2.474862698875432088e+00,9.043927288009429022e-01,7.012835813229093551e-01,-2.019412067405610411e+00,-1.840057813968237477e-01,9.176904117427608920e-01,-3.823709803684270381e-01,-1.073282948916311208e-01,-1.083414431992691870e-02,-9.057007547066470154e-02,-3.199448927215259975e+00,-3.196219652846350040e-02,2.545144147769418996e+00,3.077120194090269045e+00,4.130778081548262648e+00,3.550279943344293532e+00,1.203705383118391481e+00,-2.378265126947539443e+00,9.164266020296087945e-01
1.984000000000001540e+00,1.231389301452081808e+00,-2.478901523010243135e+00,9.040247172381492557e-01,6.952256499925680844e-01,-1.996807639681875246e+00,-1.816297969930953105e-01,9.173073434782588187e-01,-3.824833691021264359e-01,-1.102750737410478771e-01,-9.649770595858963088e-03,-2.492910004730452267e-01,-3.226828946353769823e+00,-2.732574505263960299e-02,2.542835857470489014e+00,3.122575534305562339e+00,4.139111872823202809e+00,3.502170017412294722e+00,1.204887903249828085e+00,-2.381888824186702891e+00,9.158133290304872887e-01
1.986000000000001542e+00,1.232779752752066971e+00,-2.482895138289606951e+00,9.036614576441630575e-01,6.889663876915715912e-01,-1.974207249062861047e+00,-1.792955683901066299e-01,9.168510891886633152e-01,-3.827381657313566055e-01,-1.132425205476117885e-01,-8.468074526234716307e-03,-4.087023997005641007e-01,-3.247378383840521021e+00,-2.240963637197445138e-02,2.542382613751498877e+00,3.168491327141893077e+00,4.145442145144637713e+00,3.453371244083815572e+00,1.206058388970392414e+00,-2.385469263438253051e+00,9.151979576484015055e-01
1.988000000000001544e+00,1.234157685527450088e+00,-2.486843552787732836e+00,9.033028665073828956e-01,6.825054742974189237e-01,-1.951605376810492176e+00,-1.770121572608943650e-01,9.163218238344936761e-01,-3.831357940275639806e-01,-1.162243765020173902e-01,-7.291968610231958949e-03,-5.684199582041886689e-01,-3.261028316011326034e+00,-1.721577447101227745e-02,2.543789454014359741e+00,3.214771442226626252e+00,4.149755573664470454e+00,3.403986599975878047e+00,1.207216852880280911e+00,-2.389006392156815650e+00,9.145804964285089156e-01
1.990000000000001545e+00,1.235522696476044846e+00,-2.490746763541353825e+00,9.029488421928610897e-01,6.758430575641803939e-01,-1.928996473685796076e+00,-1.747885926493100983e-01,9.157198882031141185e-01,-3.836763259639181523e-01,-1.192143258392327626e-01,-6.124357827770075119e-03,-7.280582018331971383e-01,-3.267724324802161462e+00,-1.174349291692787511e-02,2.547056835599760927e+00,3.261319310020421192e+00,4.152041944544106578e+00,3.354121137762601901e+00,1.208363307902049044e+00,-2.392500159867367415e+00,9.139609540007311850e-01
1.992000000000001547e+00,1.236874382591173216e+00,-2.494604756488725261e+00,9.025992650075624901e-01,6.689797550849707619e-01,-1.906374977268681103e+00,-1.726338494155647274e-01,9.150457900264108435e-01,-3.843594820710674043e-01,-1.222060079493509505e-01,-4.968130240398828737e-03,-8.872312623395786080e-01,-3.267426654066713620e+00,-5.989745542043359294e-03,2.552180631844953584e+00,3.308038094952055364e+00,4.152294202234604548e+00,3.303881788725298474e+00,1.209497767280568681e+00,-2.395950518163530774e+00,9.133393390796546996e-01
1.994000000000001549e+00,1.238212342101343122e+00,-2.498417506443262770e+00,9.022539973087313481e-01,6.619166550821599104e-01,-1.883735329174440309e+00,-1.705568265793047378e-01,9.143002049222905825e-01,-3.851846325850715180e-01,-1.251930297283246341e-01,-3.826147776014509391e-03,-1.045553646270911852e+00,-3.260110338571815092e+00,5.067427650294609176e-05,2.559152141545907533e+00,3.354830862720132867e+00,4.150508499998349699e+00,3.253377153901868102e+00,1.210620244581777527e+00,-2.399357420702685317e+00,9.127156604640260795e-01
1.996000000000001551e+00,1.239536175411507513e+00,-2.502184977101611807e+00,9.019128836555727613e-01,6.546553160073749211e-01,-1.861071992108848994e+00,-1.685663255979474306e-01,9.134839771421809917e-01,-3.861507993790791460e-01,-1.281689781529830874e-01,-2.701237239051437929e-03,-1.202641006299828730e+00,-3.245765305344549656e+00,6.384888061799685183e-03,2.567958111683130262e+00,3.401600741700731234e+00,4.146684253292471922e+00,3.202717284111882723e+00,1.211730753692195961e+00,-2.402720823203580380e+00,9.120899270362974320e-01
1.998000000000001553e+00,1.240845486043522294e+00,-2.505907121085829470e+00,9.015757510043768130e-01,6.471977649359743623e-01,-1.838379466704599841e+00,-1.666710286207895853e-01,9.125981201054134129e-01,-3.872566586679112022e-01,-1.311274330633233620e-01,-1.596181585518500557e-03,-1.358110913657038399e+00,-3.224396447092257478e+00,1.302166295645112819e-02,2.578580773250088054e+00,3.448251078480674359e+00,4.140824195640506744e+00,3.152013449350949514e+00,1.212829308817392260e+00,-2.406040683442242312e+00,9.114621477624664792e-01
2.000000000000001332e+00,1.242139881573394167e+00,-2.509583880019238489e+00,9.012424089471352540e-01,6.395464947437606851e-01,-1.815652308083366862e+00,-1.648794767626878266e-01,9.116438167002316462e-01,-3.885005444724335399e-01,-1.340619801336396522e-01,-5.137114997293513530e-04,-1.511583630355438856e+00,-3.196023667453637973e+00,1.997112147643655133e-02,2.590997889942438182e+00,3.494685587594852372e+00,4.132934436462512906e+00,3.101377897991107080e+00,1.213915924481755226e+00,-2.409316961247768063e+00,9.108323316914050949e-01
2.002000000000001112e+00,1.243418974562881640e+00,-2.513215184635405386e+00,9.009126499936098709e-01,6.317044600570649315e-01,-1.792885142089408301e+00,-1.632000484442654165e-01,9.106224193302192571e-01,-3.898804528284658399e-01,-1.369662240126055530e-01,5.435026931659066871e-04,-1.662682879918544465e+00,-3.160681897877126723e+00,2.724443324738753947e-02,2.605182819438065067e+00,3.540808495621190488e+00,4.123024520276933558e+00,3.050923606347888395e+00,1.214990615527343110e+00,-2.412549618500960946e+00,9.102004879548273308e-01
2.004000000000000892e+00,1.244682383482995869e+00,-2.516800954919584221e+00,9.005862498967213137e-01,6.236750719709913682e-01,-1.770072681142341287e+00,-1.616409378485998138e-01,9.095354496841733249e-01,-3.913940467229880538e-01,-1.398338016109556270e-01,1.572858747675388294e-03,-1.811036615362673574e+00,-3.118421085959754535e+00,3.485349183861777278e-02,2.621104586949293935e+00,3.586524679854146136e+00,4.111107486678150735e+00,3.000764019266235483e+00,1.216053397112775158e+00,-2.415738619122052455e+00,9.095666257663230780e-01
2.006000000000000671e+00,1.245929733626937930e+00,-2.520341100281868751e+00,9.002629680210241236e-01,6.154621915347771033e-01,-1.747209739659229433e+00,-1.602101335477710553e-01,9.083845982068876612e-01,-3.930386617385889791e-01,-1.426583955139336668e-01,2.571829823420837893e-03,-1.956277783206197052e+00,-3.069306155105484102e+00,4.281057995021261137e-02,2.638727970672873457e+00,3.631739801829077852e+00,4.097199930262648060e+00,2.951012782313431781e+00,1.217104284713132145e+00,-2.418883929082980444e+00,9.089307544218589996e-01
2.008000000000000451e+00,1.247160658010007417e+00,-2.523835519761187030e+00,8.999425477539285678e-01,6.070701220074244953e-01,-1.724291248998063741e+00,-1.589153973551704346e-01,9.071717232479775683e-01,-3.948113123854615214e-01,-1.454337474941860553e-01,3.537971390733959508e-03,-2.098045082325360688e+00,-3.013416935397127183e+00,5.112802632790650753e-02,2.658013598750696982e+00,3.676360436049285862e+00,4.081322059854781692e+00,2.901783466417654278e+00,1.218143294117483677e+00,-2.421985516383514891e+00,9.082928832983361289e-01
2.010000000000000231e+00,1.248374798254022311e+00,-2.527284102259183207e+00,8.996247169592181958e-01,5.985035998915839706e-01,-1.701312271877836180e+00,-1.577642434626620738e-01,9.058988498657525312e-01,-3.967086990987978568e-01,-1.481536720992888134e-01,4.468927694936527736e-03,-2.235983716497602192e+00,-2.950848065593770997e+00,5.981785786793563514e-02,2.678918057287977383e+00,3.720294194300694635e+00,4.063497756051042131e+00,2.853189285627157901e+00,1.219170441429684004e+00,-2.425043351061717090e+00,9.076530218540446171e-01
2.012000000000000011e+00,1.249571805453805418e+00,-2.530686726802938935e+00,8.993091884722929086e-01,5.897677847585145461e-01,-1.678268016233092963e+00,-1.567639179239898040e-01,9.045681682632701337e-01,-3.987272158781688947e-01,-1.508120702866079244e-01,5.362437761290213441e-03,-2.369746139508856597e+00,-2.881708866191791785e+00,6.889145043698692572e-02,2.701394008968684979e+00,3.763449846002766996e+00,4.043754626239254968e+00,2.805342808886405415e+00,1.220185743066467765e+00,-2.428057405185526818e+00,9.070111796278075289e-01
2.013999999999999790e+00,1.250751341023322416e+00,-2.534043262835405041e+00,8.989956606364449820e-01,5.808682478820839101e-01,-1.655153848463949195e+00,-1.559213785479800218e-01,9.031820318340715303e-01,-4.008629585444014043e-01,-1.534029430767170077e-01,6.216340926100329123e-03,-2.498992791731070362e+00,-2.806123183506780361e+00,7.835918196813965175e-02,2.725390321766335333e+00,3.805737435089045828e+00,4.022124056169134043e+00,2.758355666716031163e+00,1.221189215756369961e+00,-2.431027652844122144e+00,9.063673662386824148e-01
2.015999999999999570e+00,1.251913077519086537e+00,-2.537353570532332903e+00,8.986838178793490339e-01,5.718109597051913573e-01,-1.631965306046155861e+00,-1.552432752671335514e-01,9.017429547957114266e-01,-4.031117335885889275e-01,-1.559204051951385006e-01,7.028581882980658099e-03,-2.623392827090985868e+00,-2.724229204748907396e+00,8.823009139609069851e-02,2.750852207217132417e+00,3.847068393934728991e+00,3.998641257008813010e+00,2.712338253690459666e+00,1.222180876538901728e+00,-2.433954070148146798e+00,9.057215913854355094e-01
2.017999999999999350e+00,1.253056699438496846e+00,-2.540617501144425194e+00,8.983733313288148059e-01,5.626022761674750461e-01,-1.608698109469405724e+00,-1.547359310486216000e-01,9.002536093900681546e-01,-4.054690675871761574e-01,-1.583586986707434530e-01,7.797215236800551091e-03,-2.742624829366882899e+00,-2.636179244079248196e+00,9.851154697115319103e-02,2.777721367703452682e+00,3.887355654893005052e+00,3.973345306867785087e+00,2.667399427684891577e+00,1.223160742764436648e+00,-2.436836635229255421e+00,9.050738648466127856e-01
2.019999999999999130e+00,1.254181903990831737e+00,-2.543834897363363989e+00,8.980638594667175179e-01,5.532489239285661720e-01,-1.585348173475498390e+00,-1.544053234153495713e-01,8.987168226305454199e-01,-4.079302171565472590e-01,-1.607122063577514637e-01,8.520409561313255914e-03,-2.856377516766039903e+00,-2.542139499656014490e+00,1.092089274392380877e-01,2.805936152190153354e+00,3.926513760024018751e+00,3.946279185839384418e+00,2.623646207006592679e+00,1.224128832091794905e+00,-2.439675328222264739e+00,9.044241964794172972e-01
2.021999999999998909e+00,1.255288401838688950e+00,-2.547005593710315097e+00,8.977550488198867695e-01,5.437579845270237300e-01,-1.561911617572741884e+00,-1.542570666459140705e-01,8.971355725776618550e-01,-4.104901794202197585e-01,-1.629754653469323855e-01,9.196450959879552689e-03,-2.964350433715584821e+00,-2.442289781683455896e+00,1.203253194855738173e-01,2.835431719788645388e+00,3.964458969592404625e+00,3.917489803274505356e+00,2.581183466301320895e+00,1.225085162488243284e+00,-2.442470131276863299e+00,9.037725962197766805e-01
2.023999999999998689e+00,1.256375917807742937e+00,-2.550129416945460470e+00,8.974465346865949655e-01,5.341368775202870456e-01,-1.538384775806325155e+00,-1.542963947215516829e-01,8.955129841261678658e-01,-4.131437029615649958e-01,-1.651431802303251206e-01,9.823746132015476196e-03,-3.066254628807777216e+00,-2.336823211503165965e+00,1.318612347319636224e-01,2.866140210573997926e+00,4.001109369952875916e+00,3.887028016438371925e+00,2.540113632512157160e+00,1.226029752228329883e+00,-2.445221028540331076e+00,9.031190740817036655e-01
2.025999999999998469e+00,1.257444191562783420e+00,-2.553206186497073205e+00,8.971379418971519026e-01,5.243933426566657063e-01,-1.514764205769386418e+00,-1.545281450882117213e-01,8.938523242887133069e-01,-4.158852992349620914e-01,-1.672102361825836547e-01,1.040082495169345270e-02,-3.161813317803187307e+00,-2.225945891776056840e+00,1.438143494286807655e-01,2.897990922998952001e+00,4.036384981397712401e+00,3.854948639274667688e+00,2.500536381882943360e+00,1.226962619891837747e+00,-2.447928006157312097e+00,9.024636401570758082e-01
2.027999999999998249e+00,1.258492978248096694e+00,-2.556235714908611900e+00,8.968288856069754900e-01,5.145354211354501439e-01,-1.491046696843512098e+00,-1.549567433004302996e-01,8.921569969632342501e-01,-4.187092544084003998e-01,-1.691717118209404291e-01,1.092634256637423258e-02,-3.250762530574336395e+00,-2.109876547828682725e+00,1.561792698137544622e-01,2.930910497282558591e+00,4.070207866556883936e+00,3.821310440328837377e+00,2.462548339259011509e+00,1.227883784364779629e+00,-2.450591052268450198e+00,9.018063046149107365e-01
2.029999999999998028e+00,1.259522049090367579e+00,-2.559217808302298724e+00,8.965189721203746798e-01,5.045714360162629752e-01,-1.467229277662050357e+00,-1.555861886121487903e-01,8.904305371736002117e-01,-4.216096416107830147e-01,-1.710228918047623503e-01,1.139908102862852504e-02,-3.332851740825680587e+00,-1.988846140259677098e+00,1.689473259101108849e-01,2.964823104123271769e+00,4.102502239905361670e+00,3.786176128728352630e+00,2.426242780858036241e+00,1.228793264836385291e+00,-2.453210157000157210e+00,9.011470777012773326e-01
2.031999999999997808e+00,1.260531191962400044e+00,-2.562152266857622873e+00,8.962077997431503462e-01,4.945099718434366465e-01,-1.443309222794189939e+00,-1.564200405774297808e-01,8.886766047756614606e-01,-4.245803335575109583e-01,-1.727592791347785928e-01,1.181795047489456185e-02,-3.407844477376574144e+00,-1.863097448930174815e+00,1.821063963053989598e-01,2.999650638068647179e+00,4.133194578895788673e+00,3.749612327212676899e+00,2.391709341726391269e+00,1.229691080799300451e+00,-2.455785312461884473e+00,9.004859697385994011e-01
2.033999999999997588e+00,1.261520211906086875e+00,-2.565038885303211114e+00,8.958949596619955047e-01,4.843598535554637374e-01,-1.419284058652265923e+00,-1.574614067212423418e-01,8.868989776236575473e-01,-4.276150155283466314e-01,-1.743766071113008187e-01,1.218198986839413335e-02,-3.475518915732723535e+00,-1.732884628496960122e+00,1.956407662059031494e-01,3.035312914884673141e+00,4.162213737199237151e+00,3.711689531236971540e+00,2.359033729142550051e+00,1.230577252047540426e+00,-2.458316512741347992e+00,8.998229911252435542e-01
2.035999999999997367e+00,1.262488931613197751e+00,-2.567877453420515543e+00,8.955800368485530294e-01,4.741301247534053798e-01,-1.395151568629302785e+00,-1.587129313372436790e-01,8.851015441949644513e-01,-4.307071986720262813e-01,-1.758708509101493400e-01,1.249036732547636336e-02,-3.535668448605182146e+00,-1.598472735686859991e+00,2.095310207806691527e-01,3.071727872246661661e+00,4.189491060478681916e+00,3.672482053237953181e+00,2.328297443219693008e+00,1.231451798676234333e+00,-2.460803753900890456e+00,8.991581523353060490e-01
2.037999999999997147e+00,1.263437191862704534e+00,-2.570667756557774020e+00,8.952626109858785597e-01,4.638300254053928096e-01,-1.370909797478053971e+00,-1.601767854655861967e-01,8.832882956743528524e-01,-4.338502336126075498e-01,-1.772382387345610710e-01,1.274238004666179182e-02,-3.588102233964411081e+00,-1.460137228561973144e+00,2.237539755138995279e-01,3.108811773091787689e+00,4.214960505061117857e+00,3.632067951252399229e+00,2.299577506031118102e+00,1.232314741080601905e+00,-2.463247033968272603e+00,8.984914639179306661e-01
2.039999999999996927e+00,1.264364851913515331e+00,-2.573409576152730249e+00,8.949422574149473730e-01,4.534689690672757401e-01,-1.346557054947448817e+00,-1.618546580998273532e-01,8.814633175023014466e-01,-4.370373243330816782e-01,-1.784752625011087057e-01,1.293745387540800457e-02,-3.632645719130014772e+00,-1.318163438077125438e+00,2.382826449615708664e-01,3.146479410942586430e+00,4.238558759792455000e+00,3.590528941021227993e+00,2.272946200476902323e+00,1.233166099954106087e+00,-2.465646352934285801e+00,8.978229364969214643e-01
2.041999999999996707e+00,1.265271789851649897e+00,-2.576102690262624950e+00,8.946185480987477456e-01,4.430565197015068901e-01,-1.322091918696166379e+00,-1.637477486671295723e-01,8.796307803954044324e-01,-4.402615423123076854e-01,-1.795786880176112321e-01,1.307514250909750167e-02,-3.669141139322910750e+00,-1.172846012300222007e+00,2.530862509749013944e-01,3.184644316546021425e+00,4.260225371292406749e+00,3.547950290996340073e+00,2.248470820246039725e+00,1.234005896287259318e+00,-2.468001712749114063e+00,8.971525807703306654e-01
2.043999999999996486e+00,1.266157902891053011e+00,-2.578746874100017461e+00,8.942910526014135053e-01,4.326023681779330166e-01,-1.297513236507050305e+00,-1.658567608210073652e-01,8.777949308505544890e-01,-4.435158408918578044e-01,-1.805455646111948365e-01,1.315512638795932922e-02,-3.697447989023615822e+00,-1.024488333738420742e+00,2.681302711015602913e-01,3.223218965154179383e+00,4.279902872732296082e+00,3.504420699660932836e+00,2.226213432129892755e+00,1.234834151368220390e+00,-2.470313117312102236e+00,8.964804075101104885e-01
2.045999999999996266e+00,1.267023107627408773e+00,-2.581341900573031367e+00,8.939593390797715422e-01,4.221163085411338556e-01,-1.272820127829929815e+00,-1.681818975807014283e-01,8.759600811482859406e-01,-4.467930698498441822e-01,-1.813732341650692859e-01,1.317721128856943515e-02,-3.717443464389711849e+00,-8.734019102975605353e-01,2.833765275038192533e-01,3.262114983791801759e+00,4.297536916151333486e+00,3.460032154606336174e+00,2.206230651954885325e+00,1.235650886779156465e+00,-2.472580572471756000e+00,8.958064275613315530e-01
2.047999999999996046e+00,1.267867340244491103e+00,-2.583887540828691431e+00,8.936229752846100993e-01,4.116082141290012264e-01,-1.248011984683362829e+00,-1.707228578454074164e-01,8.741305988744697553e-01,-4.500859901592328405e-01,-1.820593395232496248e-01,1.314132664922649553e-02,-3.729022874924034170e+00,-7.199057404968780549e-01,2.987833163676961723e-01,3.301243357867352568e+00,4.313076408252303651e+00,3.414879773183685074e+00,2.188573435413288415e+00,1.236456124397351530e+00,-2.474804086018693283e+00,8.951306518421509040e-01
2.049999999999995826e+00,1.268690556672749103e+00,-2.586383564798058199e+00,8.932815295689192636e-01,4.010880136269536211e-01,-1.223088471949201672e+00,-1.734788343060992000e-01,8.723108959833756337e-01,-4.533872889085253655e-01,-1.826018322233740054e-01,1.304752365488065328e-02,-3.732100022499659886e+00,-5.643256536634106979e-01,3.143055773851978763e-01,3.340514636490031553e+00,4.326473649476541894e+00,3.369061624364296126e+00,2.173286884980131450e+00,1.237249886392250531e+00,-2.476983667674275580e+00,8.944530913430304153e-01
2.051999999999995605e+00,1.269492732700002957e+00,-2.588829741741956791e+00,8.929345719003071169e-01,3.905656671409472591e-01,-1.198049527096250344e+00,-1.764485127716166890e-01,8.705054174289558189e-01,-4.566895943629744048e-01,-1.829989795189669033e-01,1.289597310939302570e-02,-3.726607545795959986e+00,-4.069936259436980897e-01,3.298951025120333558e-01,3.379839135880323919e+00,4.337684476073535578e+00,3.322678531835057125e+00,2.160410074110712397e+00,1.238032195225942544e+00,-2.479119329094473301e+00,8.937737571263815184e-01
2.053999999999995385e+00,1.270273864034284772e+00,-2.591225840796149260e+00,8.925816748747639195e-01,3.800511423706617875e-01,-1.172895359371482593e+00,-1.796300729197323753e-01,8.687186293950414084e-01,-4.599854911447134875e-01,-1.832493706539792266e-01,1.268696312274015733e-02,-3.712497228147910722e+00,-2.482470730928590941e-01,3.455007828145877369e-01,3.419127140285522337e+00,4.346668404754172599e+00,3.275833858381780317e+00,2.149975889855071820e+00,1.238803073650830200e+00,-2.481211083858951838e+00,8.930926603263378283e-01
2.055999999999995165e+00,1.271033966319025987e+00,-2.593571631514892228e+00,8.922224147289244955e-01,3.695543909618438372e-01,-1.147626448499080798e+00,-1.830211904779811272e-01,8.669550071589033902e-01,-4.632675355102843784e-01,-1.833519223542063870e-01,1.242089664035206376e-02,-3.689740266776357913e+00,-8.842812113022890941e-02,3.610688918369836520e-01,3.458289099821600043e+00,4.353388779396970776e+00,3.228633271780954495e+00,2.142010894938580545e+00,1.239562544709089664e+00,-2.483258947466865152e+00,8.924098121477568313e-01
2.057999999999994944e+00,1.271773075100949724e+00,-2.595866884411890396e+00,8.918563723479685512e-01,3.590853251136664759e-01,-1.122243542928541782e+00,-1.866190408329438388e-01,8.652190226263253292e-01,-4.665282707040623311e-01,-1.833058835022514377e-01,1.209828884109659559e-02,-3.658327501353027866e+00,7.211714390974124922e-02,3.765434035442127292e-01,3.497235824721129482e+00,4.357812919178038591e+00,3.181184492641994765e+00,2.136535210345736679e+00,1.240310631730453750e+00,-2.485262937327647137e+00,8.917252238663193609e-01
2.059999999999994724e+00,1.272491245751177003e+00,-2.598111371497747513e+00,8.914831342663026570e-01,3.486537945135150807e-01,-1.096747657674114640e+00,-1.904203040610538133e-01,8.635151315799124427e-01,-4.697602423659905102e-01,-1.831108389650628332e-01,1.171976442950982931e-02,-3.618269599853141116e+00,2.330394457626632498e-01,3.918663425299151459e-01,3.535878675451026965e+00,4.359912267356725657e+00,3.133597024687908572e+00,2.133562419256904263e+00,1.241047358332695083e+00,-2.487223072760556875e+00,8.910389068274993107e-01
2.061999999999994504e+00,1.273188553340204088e+00,-2.600304866813095916e+00,8.911022936581804998e-01,3.382695636673564432e-01,-1.071140071787598291e+00,-1.944211713680577269e-01,8.618477606857795070e-01,-4.729560139718405054e-01,-1.827667125457268227e-01,1.128605484673156183e-02,-3.569597199678011368e+00,3.939871057336828963e-01,4.069781638275933311e-01,3.574129748262882877e+00,4.359662539866424602e+00,3.085981868274598305e+00,2.133099493237524236e+00,1.241772748419011307e+00,-2.489139374983992070e+00,8.903508724467910085e-01
2.063999999999994284e+00,1.273865092467538762e+00,-2.602447146956671009e+00,8.907134513154444377e-01,3.279422896894880757e-01,-1.045422325506531802e+00,-1.986173529190438658e-01,8.602212943070040030e-01,-4.761081822839337008e-01,-1.822737690341394157e-01,1.079799542325712847e-02,-3.512361002074889438e+00,5.546068468425124909e-01,4.218181593289199172e-01,3.611902055707131964e+00,4.357043872725146372e+00,3.038451217956043671e+00,2.135146741314058794e+00,1.242486826177541914e+00,-2.491011867113670064e+00,8.896611322084408968e-01
2.065999999999994063e+00,1.274520977046917691e+00,-2.604537991607684067e+00,8.903162166096063590e-01,3.176815006103592132e-01,-1.019596217118370118e+00,-2.030040870354143656e-01,8.586400611752594836e-01,-4.792093927898740668e-01,-1.816326153344020033e-01,1.025652249507203080e-02,-3.446631817964044942e+00,7.145446124869102578e-01,4.363248875053869491e-01,3.649109701758445290e+00,4.352040967212984057e+00,2.991118145261711270e+00,2.139697782624162770e+00,1.243189616080117688e+00,-2.492840574155124500e+00,8.889696976657317506e-01
2.067999999999993843e+00,1.275156340048138492e+00,-2.606577184041920958e+00,8.899102084355354769e-01,3.074965742561360793e-01,-9.936637995801682610e-01,-2.075761507305072251e-01,8.571083209748104892e-01,-4.822523551063863101e-01,-1.808442006502702926e-01,9.662670503019266804e-03,-3.372500563376932714e+00,8.734463976484507786e-01,4.504366228381087578e-01,3.685668051176483218e+00,4.344643231641938996e+00,2.944096267784429344e+00,2.146739543047423204e+00,1.243881142880299606e+00,-2.494625522995065126e+00,8.882765804398742304e-01
2.069999999999993623e+00,1.275771333196650703e+00,-2.608564511641081385e+00,8.894950561340744244e-01,2.973967177481281476e-01,-9.676273769309174932e-01,-2.123278715507400938e-01,8.556302508955501152e-01,-4.852298583248129127e-01,-1.799098157137241638e-01,9.017569093369984939e-03,-3.290078202846486111e+00,1.030959090511378795e+00,4.640918211080894973e-01,3.721493892825801453e+00,4.334844918490077248e+00,2.897499406038872571e+00,2.156252276203752594e+00,1.244561431612753566e+00,-2.496366742398421934e+00,8.875817922197652976e-01
2.071999999999993403e+00,1.276366126632146880e+00,-2.610499766394943411e+00,8.890704003909729591e-01,2.873909476646778760e-01,-9.414895005312040599e-01,-2.172531406849223523e-01,8.542099322139399264e-01,-4.881347862742317911e-01,-1.788310910456898939e-01,8.322440235553984697e-03,-3.199495639247968093e+00,1.186731322220490714e+00,4.772295964738295648e-01,3.756505596697530702e+00,4.322645255587183044e+00,2.851441229585506498e+00,2.168209608996414683e+00,1.245230507592880898e+00,-2.498064263001069207e+00,8.868853447618176844e-01
2.073999999999993182e+00,1.276940908527476326e+00,-2.612382745396006012e+00,8.886358941096030861e-01,2.774880709024865055e-01,-9.152529651617381523e-01,-2.223454273004152326e-01,8.528513369625456697e-01,-4.909601326775108743e-01,-1.776099942421145439e-01,7.578595370872910977e-03,-3.100903548772913965e+00,1.340414322361887844e+00,4.897902060702518101e-01,3.790623264446160601e+00,4.308048569984251230e+00,2.806034894057014561e+00,2.182578611782184819e+00,1.245888396412953014e+00,-2.499718117300616882e+00,8.861872498887626293e-01
2.075999999999992962e+00,1.277495884669281212e+00,-2.614213251326329424e+00,8.881912032550022262e-01,2.676966662687600418e-01,-8.889208050087396007e-01,-2.275977940612331774e-01,8.515583147503332784e-01,-4.936990161749424955e-01,-1.762488262829435548e-01,6.787432603786108277e-03,-2.994472159939589151e+00,1.491662777624107150e+00,5.017155377184379095e-01,3.823768873286919945e+00,4.291064403111467307e+00,2.761392670922706571e+00,2.199319893013953919e+00,1.246535123944186196e+00,-2.501328339658570599e+00,8.854875194899483049e-01
2.077999999999992742e+00,1.278031278001818816e+00,-2.615991092936346796e+00,8.877360076668797673e-01,2.580250668300472783e-01,-8.624962895600781776e-01,-2.330029137799009276e-01,8.503345797969579234e-01,-4.963446951894098236e-01,-1.747502168660411137e-01,5.950433945051498627e-03,-2.880390975779890894e+00,1.640135690971860738e+00,5.129495962189521974e-01,3.855866413181315178e+00,4.271707615783999934e+00,2.717625571859909606e+00,2.218387718160896416e+00,1.247170716332819396e+00,-2.502894966286689282e+00,8.847861655203237419e-01
2.079999999999992522e+00,1.278547328135478889e+00,-2.617716085515466862e+00,8.872700018393199217e-01,2.484813430383069899e-01,-8.359829194315543388e-01,-2.385530871519370155e-01,8.491836982449290083e-01,-4.988905826063468885e-01,-1.731171187727012228e-01,5.069162613638674916e-03,-2.758868438618038432e+00,1.785497238560970867e+00,5.234389836428938736e-01,3.886842017270404348e+00,4.249998481624835733e+00,2.674842969820810268e+00,2.239730152451742562e+00,1.247795199999972127e+00,-2.504418035238572315e+00,8.840831999999840818e-01
2.081999999999992301e+00,1.279044290821555574e+00,-2.619388051354329949e+00,8.867928956650160677e-01,2.390732866498743170e-01,-8.093844221384076665e-01,-2.442402615195241877e-01,8.481090758137449503e-01,-5.013302602410882880e-01,-1.713528012760752728e-01,4.145260401936620709e-03,-2.630131537132609942e+00,1.927417621534271097e+00,5.331333690013834170e-01,3.916624085553054080e+00,4.225962767467905223e+00,2.633152218731976468e+00,2.263289226816127542e+00,1.248408601639939164e+00,-2.505897586408295297e+00,8.833786350139112287e-01
2.083999999999992081e+00,1.279522437394855272e+00,-2.621006820198606757e+00,8.863044151419769978e-01,2.298083954481293378e-01,-7.827047478216786480e-01,-2.500560506084494872e-01,8.471139458598472283e-01,-5.036574930655589588e-01,-1.694608426085564001e-01,3.180445106363183946e-03,-2.494425355716892945e+00,2.065573909761301952e+00,5.419859427088477011e-01,3.945143401896927582e+00,4.199631799340870941e+00,2.592658274142286334e+00,2.289001126321162705e+00,1.249010948219934747e+00,-2.507333661527454183e+00,8.826724827113343608e-01
2.085999999999991861e+00,1.279982054185751617e+00,-2.622572229694250190e+00,8.858043030407600771e-01,2.206938587763793425e-01,-7.559480649338289338e-01,-2.559917551804690161e-01,8.462013579055254198e-01,-5.058662431656728575e-01,-1.674451215088660072e-01,2.176508023086273520e-03,-2.352012566476066713e+00,2.199650874527983468e+00,5.499538513222207436e-01,3.972333244503414740e+00,4.171042512666814694e+00,2.553463316998580090e+00,2.316796400218813723e+00,1.249602266977250409e+00,-2.508726304147884889e+00,8.819647553052751832e-01
2.087999999999991640e+00,1.280423441903304482e+00,-2.624084125824117653e+00,8.852923195303991077e-01,2.117365438837949532e-01,-7.291187558831713211e-01,-2.620383845418421398e-01,8.453741666987101278e-01,-5.079506834002930349e-01,-1.653098078742475385e-01,1.135311506199506966e-03,-2.203172864534233000e+00,2.329341807155623556e+00,5.569986081534042954e-01,3.998129489949043158e+00,4.140237485386720095e+00,2.515666382687737901e+00,2.346600192436797183e+00,1.250182585418601278e+00,-2.510075559639616927e+00,8.812554650717663307e-01
2.089999999999991420e+00,1.280846914991072172e+00,-2.625542363335883866e+00,8.847682427613153822e-01,2.029429830837149173e-01,-7.022214126307534388e-01,-2.681866788470843033e-01,8.446350218639098184e-01,-5.099052107321565552e-01,-1.630593525477311290e-01,5.878658337640531160e-05,-2.048202347682633651e+00,2.454349320510232690e+00,5.630864755224346263e-01,4.022470711041288283e+00,4.107264952791133794e+00,2.479362997709035898e+00,2.378332491390100945e+00,1.250751931319500798e+00,-2.511381475189509160e+00,8.805446243499472914e-01
2.091999999999991200e+00,1.281252800957239701e+00,-2.626946806161145176e+00,8.842318694036211957e-01,1.943193617209438562e-01,-6.752608322283033537e-01,-2.744271321359336713e-01,8.439863582023818811e-01,-5.117244592008302062e-01,-1.606984762748572271e-01,-1.051069378209827133e-03,-1.887412841749753767e+00,2.574386130377286808e+00,5.681888146254866490e-01,4.045298268703358957e+00,4.072178802937793662e+00,2.444644826124292791e+00,2.411908397707669849e+00,1.251310332721503826e+00,-2.512644099792041175e+00,8.798322455409985920e-01
2.093999999999990980e+00,1.281641439680681671e+00,-2.628297327825601659e+00,8.836830151393493260e-01,1.858715069422947896e-01,-6.482420122802012852e-01,-2.807500160402757183e-01,8.434303866969872221e-01,-5.134033125075139203e-01,-1.582321578684869057e-01,-2.192194965058273919e-03,-1.721131173439634177e+00,2.689175813708917229e+00,5.722823992556371753e-01,4.066556398180113163e+00,4.035038551655851791e+00,2.411599328099796491e+00,2.447238408431791967e+00,1.251857817932263472e+00,-2.513863484229645451e+00,8.791183411077225784e-01
2.095999999999990759e+00,1.282013182694566211e+00,-2.629593811850162055e+00,8.831215151072687730e-01,1.776048772632418948e-01,-6.211701463082703878e-01,-2.871454040972815647e-01,8.429690862740513158e-01,-5.149369161813912577e-01,-1.556656216243384461e-01,-3.362466980980687893e-03,-1.549698392715525230e+00,2.798453540818146568e+00,5.753496898959582495e-01,4.086192289812281331e+00,3.995909296266892952e+00,2.380309432416383153e+00,2.484228715967774725e+00,1.252394415523285787e+00,-2.515039681090897261e+00,8.784029235743870956e-01
2.097999999999990539e+00,1.282368392449092731e+00,-2.630836152142778772e+00,8.825472242990741734e-01,1.695245529220215097e-01,-5.940506189920381486e-01,-2.936031966035114738e-01,8.426041963709924865e-01,-5.163206892972059814e-01,-1.530043240336361188e-01,-4.559702694482214470e-03,-1.373468947181469391e+00,2.901966778663739088e+00,5.773790650686732029e-01,4.104156164772455817e+00,3.954861647285134119e+00,2.350853225408322977e+00,2.522781520261931032e+00,1.252920154329034474e+00,-2.516172744737545486e+00,8.776860055258124405e-01
2.099999999999990319e+00,1.282707441554936878e+00,-2.632024253380762957e+00,8.819600179058671996e-01,1.616352270125014923e-01,-5.668890012543171819e-01,-3.001131459447603511e-01,8.423372103544576328e-01,-5.175503357138846461e-01,-1.502539398426947781e-01,-5.781662084866351706e-03,-1.192809811207706572e+00,2.999475962493711290e+00,5.783650071714563357e-01,4.120401346001039578e+00,3.911971637535176960e+00,2.323303657834959957e+00,2.562795352178059538e+00,1.253435063444898745e+00,-2.517262731316336044e+00,8.769675996069130619e-01
2.101999999999990099e+00,1.283030712008961904e+00,-2.633158031383271425e+00,8.813597916139777055e-01,1.539411973867526318e-01,-5.396910451566852007e-01,-3.066648823350487940e-01,8.421693698292895824e-01,-5.186218548042630383e-01,-1.474203475123581908e-01,-7.026050103607531239e-03,-1.008099572886207440e+00,3.090755133231947838e+00,5.783082404639945384e-01,4.134884324758734131e+00,3.867320608274840144e+00,2.297728271897611751e+00,2.604165406385476444e+00,1.253939172226823828e+00,-2.518309698742413616e+00,8.762477185224275544e-01
2.103999999999989878e+00,1.283338594403735433e+00,-2.634237413473584866e+00,8.807464618493076047e-01,1.464463593190251656e-01,-5.124626785667399931e-01,-3.132479398978018081e-01,8.421016598738457759e-01,-5.195315516463772099e-01,-1.445096141329293704e-01,-8.290518968873939604e-03,-8.197274821752797980e-01,3.175592538152615774e+00,5.772158192935423759e-01,4.147564823090359454e+00,3.820995072095520584e+00,2.274188949902831602e+00,2.646783881726118004e+00,1.254432510289207769e+00,-2.519313706694774169e+00,8.755263750362294317e-01
2.105999999999989658e+00,1.283631487122373516e+00,-2.635262338830718143e+00,8.801199659695120303e-01,1.391541989238186672e-01,-4.852099995560965606e-01,-3.198517830214867574e-01,8.421348052320279942e-01,-5.202760466472932110e-01,-1.415279798525448940e-01,-9.572670512218156916e-03,-6.280924638557723316e-01,3.253791192560076428e+00,5.751011651131571201e-01,4.158405852538175296e+00,3.773086552551544237e+00,2.252741686147937017e+00,2.690540327100294782e+00,1.254915107503679295e+00,-2.520274816609216373e+00,8.748035819706734273e-01
2.107999999999989438e+00,1.283909795520221220e+00,-2.636232758829830214e+00,8.794802624034691041e-01,1.320677873221390297e-01,-4.579392704858292196e-01,-3.264658329211789778e-01,8.422692674869385332e-01,-5.208522845711170968e-01,-1.384818418788344718e-01,-1.087005859735388526e-02,-4.336020991532378854e-01,3.325169400383061635e+00,5.719840513293855677e-01,4.167373769432494157e+00,3.723691400654874251e+00,2.233436383428426097e+00,2.735321990907098044e+00,1.255386993997392509e+00,-2.521193091671520392e+00,8.740793522062650922e-01
2.109999999999989218e+00,1.284173931094865440e+00,-2.637148637370801740e+00,8.788273307376267551e-01,1.251897755518089628e-01,-4.306569117345159237e-01,-3.330794943366862104e-01,8.425052432353413723e-01,-5.212575429436037133e-01,-1.353777381151466397e-01,-1.218019163158834753e-02,-2.366715800801080793e-01,3.389561231800851004e+00,5.678905355161657509e-01,4.174438327064381227e+00,3.672910588556194345e+00,2.216316675400860969e+00,2.781014172063576595e+00,1.255848200152657412e+00,-2.522068596808693997e+00,8.733536986811918368e-01
2.111999999999988997e+00,1.284424310645968959e+00,-2.638009951194270730e+00,8.781611717489533619e-01,1.185223902199090407e-01,-4.033694950238467247e-01,-3.396821822972611038e-01,8.428426632761795156e-01,-5.214894398067103642e-01,-1.322223304936056831e-01,-1.350053519086751377e-02,-3.772264069957451116e-02,3.446816956247719332e+00,5.628528390273649373e-01,4.179572724988414478e+00,3.620849480923284514e+00,2.201419775659100520e+00,2.827500570586127360e+00,1.256298756604040889e+00,-2.522901398684311403e+00,8.726266343905413336e-01
2.113999999999988777e+00,1.284661355426408802e+00,-2.638816690184318414e+00,8.774818073843588806e-01,1.120674298975505162e-01,-3.760837362962162755e-01,-3.462633488817485894e-01,8.432811928202884610e-01,-5.215459407974649686e-01,-1.290223880677793256e-01,-1.482851477951435681e-02,1.628175303510778771e-01,3.496803429371940108e+00,5.569091745629380918e-01,4.182753655737407428e+00,3.567617584701847644e+00,2.188776354522638634e+00,2.874663635899603165e+00,1.256738694238395126e+00,-2.523691565686689842e+00,8.718981723858894028e-01
2.115999999999988557e+00,1.284885490286203913e+00,-2.639568857656910961e+00,8.767892806865953403e-01,1.058262622597846009e-01,-3.488064881003338780e-01,-3.528125099024372879e-01,8.438202327222401600e-01,-5.214253655266827270e-01,-1.257847699277873932e-01,-1.616151874556855106e-02,3.645173916773518097e-01,3.539404432777284448e+00,5.501035227353665569e-01,4.183961349118636264e+00,3.513328278132182181e+00,2.178410443924874151e+00,2.922384910943176983e+00,1.257168044192015444e+00,-2.524439167925024208e+00,8.711683257748594755e-01
2.117999999999988336e+00,1.285097142810723403e+00,-2.640266470633111595e+00,8.760836556667904729e-01,9.979982197585099413e-02,-3.215447314423630631e-01,-3.593192714398372734e-01,8.444589217289816263e-01,-5.211263932343186411e-01,-1.225164080002665995e-01,-1.749690137218723809e-02,5.669421608368224730e-01,3.574520965624301105e+00,5.424853591905748340e-01,4.183179614270794211e+00,3.458098520046783975e+00,2.170339370896207321e+00,2.970545370327754231e+00,1.257586837850555028e+00,-2.525144277222565847e+00,8.704371077204831053e-01
2.119999999999988116e+00,1.285296742454675067e+00,-2.640909560095996422e+00,8.753650171239107936e-01,9.398860935741540357e-02,-2.943055670627191533e-01,-3.657733561547155121e-01,8.451961397336676951e-01,-5.206480676996070311e-01,-1.192242897947407843e-01,-1.883198616481550000e-02,7.696549314998631930e-01,3.602071487422598750e+00,5.341093343179482700e-01,4.180395879603217679e+00,3.402048540643850316e+00,2.164573719788766226e+00,3.019025750894268612e+00,1.257995106846580669e+00,-2.525806967106845491e+00,8.697045314407167993e-01
2.121999999999987896e+00,1.285484719673389842e+00,-2.641498171230121983e+00,8.746334704116013326e-01,8.839268977483021039e-02,-2.670962061023615663e-01,-3.721646293030023700e-01,8.460305120168897242e-01,-5.199898013855998036e-01,-1.159154411566451354e-01,-2.016406935278998100e-02,9.722177916702222644e-01,3.621992111604368514e+00,5.250349080469193241e-01,4.175601230668681829e+00,3.345301515073816123e+00,2.161117323147118796e+00,3.067706873068734907e+00,1.258392883058975897e+00,-2.526427312804216285e+00,8.689706102078167405e-01
2.123999999999987676e+00,1.285661505052939413e+00,-2.642032363642326853e+00,8.738891411529953190e-01,8.301169385351545027e-02,-2.399239601263918331e-01,-3.784831243782909582e-01,8.469604144514237820e-01,-5.191513787992593221e-01,-1.125969090855385296e-01,-2.149042362270200263e-02,1.174192938654605500e+00,3.634236749717730586e+00,5.153259426704787094e-01,4.168790446000013361e+00,3.287983221301774783e+00,2.159967281043154941e+00,3.116469951645455705e+00,1.258780198609757761e+00,-2.527005391224165010e+00,8.682353573478556186e-01
2.125999999999987455e+00,1.285827528440646406e+00,-2.642512211562579427e+00,8.731321749042387781e-01,7.784481846454523180e-02,-2.127962304784833669e-01,-3.847190683063534955e-01,8.479839796407114827e-01,-5.181329590498856552e-01,-1.092757446749369893e-01,-2.280830209921453494e-02,1.375143786607559537e+00,3.638777206335137571e+00,5.050502570385356771e-01,4.159962030830317126e+00,3.230221683839315627e+00,2.161114008255935026e+00,3.165196894594871857e+00,1.259157085865412640e+00,-2.527541280967952275e+00,8.674987862401399852e-01
2.127999999999987235e+00,1.285983218077575430e+00,-2.642937804023536508e+00,8.723627367676261013e-01,7.289082852481346131e-02,-1.857204969444165576e-01,-3.908629061151552286e-01,8.490991039556364806e-01,-5.169350775903520656e-01,-1.059589862277456052e-01,-2.411494258712303801e-02,1.574636062620006216e+00,3.635603224996490468e+00,4.942791458511754943e-01,4.149118248655284447e+00,3.172146805017093563e+00,2.164541308890838067e+00,3.213770588955136454e+00,1.259523577432803521e+00,-2.528035062302123492e+00,8.667609103169686691e-01
2.129999999999987015e+00,1.286128999734625022e+00,-2.643309245017425368e+00,8.715810109553957519e-01,6.814805962347018908e-02,-1.587043057105849420e-01,-3.969053250041836289e-01,8.503034554287722813e-01,-5.155586471273968519e-01,-1.026536425984959644e-01,-2.540757208625958607e-02,1.772238887534513418e+00,3.624722485749752199e+00,4.830868681062238656e-01,4.136265150409958125e+00,3.113889985574533892e+00,2.170226477320442271e+00,3.262075172640610532e+00,1.259879706159027890e+00,-2.528486817164761646e+00,8.660217430623537993e-01
2.131999999999986795e+00,1.286265295853872059e+00,-2.643626653628846412e+00,8.707872003053873655e-01,6.361442149175230987e-02,-1.317552566094843114e-01,-4.028372777365282764e-01,8.515944824602441621e-01,-5.140049576890300953e-01,-9.936667681054273116e-02,-2.668341158840916577e-02,1.967525837877988515e+00,3.606160555055730743e+00,4.715501090619368396e-01,4.121412601098735529e+00,3.055583736397733841e+00,2.178140424647494022e+00,3.309996291518539469e+00,1.260225505129826118e+00,-2.528896629155482856e+00,8.652812980124471309e-01
2.133999999999986574e+00,1.286392524696855499e+00,-2.643890164142065569e+00,8.699815257499142751e-01,5.928740233349635846e-02,-1.048809896520888491e-01,-4.086500052776854131e-01,8.529694232847065960e-01,-5.122756758390044629e-01,-9.610498999308877965e-02,-2.793968116272571578e-02,2.160075985557104783e+00,3.579960789025218748e+00,4.597474203214590993e-01,4.104574303577098071e+00,2.997361283276040567e+00,2.188247829429781799e+00,3.357421341090154776e+00,1.260561007667620359e+00,-2.529264583518383347e+00,8.645395887541118540e-01
2.135999999999986354e+00,1.286511099501522537e+00,-2.644099926121369570e+00,8.691642257393589199e-01,5.516407403314319002e-02,-7.808917085492009247e-02,-4.143350586057755747e-01,8.544253161447106226e-01,-5.103728430302229002e-01,-9.287540567943225467e-02,-2.917360533324176233e-02,2.349474912231413803e+00,3.546184191139925002e+00,4.477586428510407779e-01,4.085767819164876080e+00,2.939356166598561249e+00,2.200507311358174789e+00,3.404239692324042554e+00,1.260886247330150312e+00,-2.529590767141129959e+00,8.637966289249368046e-01
2.137999999999986134e+00,1.286621427649588867e+00,-2.644256104463079460e+00,8.683355556221473703e-01,5.124109825700628312e-02,-5.138747737796460491e-02,-4.198843196190608640e-01,8.559590101119983752e-01,-5.082988730909306918e-01,-8.968465450420909368e-02,-3.038241874897931044e-02,2.535315695566296768e+00,3.504909225771262182e+00,4.356643178980220688e-01,4.065014584700806566e+00,2.881701837902266750e+00,2.214871626420101602e+00,3.450342901369980897e+00,1.261201257909592144e+00,-2.529875268552459033e+00,8.630524322123980241e-01
2.139999999999985913e+00,1.286723909846102964e+00,-2.644358879417835428e+00,8.674957869829093005e-01,4.751473346183199969e-02,-2.478358199740772483e-02,-4.252900210679148030e-01,8.575671764950079101e-01,-5.060565488395533107e-01,-8.653935933368712974e-02,-3.156337214391907037e-02,2.717199864854121572e+00,3.456231588945134270e+00,4.235450908857749108e-01,4.042339925644550469e+00,2.824531255185523726e+00,2.231287882139718626e+00,3.495624903182629417e+00,1.261506073429943697e+00,-2.530118177900348542e+00,8.623070123533613796e-01
2.141999999999985693e+00,1.286818939313026711e+00,-2.644408446581830052e+00,8.666452069407735159e-01,4.398084282258667849e-02,1.714863053364962253e-03,-4.305447654409767511e-01,8.592463207681545478e-01,-5.036490178261001649e-01,-8.344602085940672209e-02,-3.271373858069162588e-02,2.894738323813839997e+00,3.400263937936815140e+00,4.114811134085188393e-01,4.017773064703114017e+00,2.767976478894095038e+00,2.249697771014879777e+00,3.539982188955272058e+00,1.261800728146541317e+00,-2.530319586956792932e+00,8.615603831337201868e-01
2.143999999999985473e+00,1.286906900998671777e+00,-2.644405016855723378e+00,8.657841174098915848e-01,4.063490308840917581e-02,2.810024283369606801e-02,-4.356415427372246629e-01,8.609927949562868887e-01,-5.010797872001345743e-01,-8.041100368169110113e-02,-3.383081996837194322e-02,3.067552238661859221e+00,3.337135581363418257e+00,3.995514484661322197e-01,3.991347125525305906e+00,2.712168270417631977e+00,2.270037820712491161e+00,3.583313967829623081e+00,1.262085256543786116e+00,-2.530479589100522730e+00,8.608125583874715048e-01
2.145999999999985253e+00,1.286988170804848508e+00,-2.644348816370055921e+00,8.649128343244171235e-01,3.747201437242433236e-02,5.436499698642729972e-02,-4.405737470593336091e-01,8.628028104061017389e-01,-4.983527177074432712e-01,-7.744052290582861819e-02,-3.491195384119178541e-02,3.235273889871150832e+00,3.266992131534470989e+00,3.878334840205128198e-01,3.963099130876072795e+00,2.657235694930047742e+00,2.292239658979440264e+00,3.625522313120684625e+00,1.262359693333921840e+00,-2.530598279316890853e+00,8.600635519965029729e-01
2.147999999999985032e+00,1.287063114833593369e+00,-2.644240086376083099e+00,8.640316868302984066e-01,3.448691087709807729e-02,8.050163751215992647e-02,-4.453351919669467085e-01,8.646724508752677840e-01,-4.954720168196763419e-01,-7.454063127008833667e-02,-3.595452038140391909e-02,3.397547486309485443e+00,3.189995120868430956e+00,3.764023598765962597e-01,3.933069994752298459e+00,2.603305730297851284e+00,2.316230291690692056e+00,3.666512293736699402e+00,1.262624073455670626e+00,-2.530675754183661752e+00,8.593133778898254249e-01
2.149999999999984812e+00,1.287132088655347673e+00,-2.644079083101058991e+00,8.631410164463645396e-01,3.167397255249203986e-02,1.065027669616205042e-01,-4.499201245329066956e-01,8.665976858695311202e-01,-4.924422310034191619e-01,-7.171720682121726642e-02,-3.695594966594191455e-02,3.554029940741603166e+00,3.106321584225077537e+00,3.653304127416833191e-01,3.901304507834818303e+00,2.550502883748626548e+00,2.341932392066506274e+00,3.706192091439784342e+00,1.262878432072158219e+00,-2.530712111861006974e+00,8.585620500430755087e-01
2.151999999999984592e+00,1.287195436600452547e+00,-2.643866077567135875e+00,8.622411761972986755e-01,2.902723767999836404e-02,1.323610969734241305e-01,-4.543232380503692824e-01,8.685743841581771152e-01,-4.892682371373614503e-01,-6.897594114971800083e-02,-3.791372911298505205e-02,3.704391605946902644e+00,3.016163609024591352e+00,3.546866441350433607e-01,3.867851315662237166e+00,2.498948817886791129e+00,2.369264599202841381e+00,3.744473104715880574e+00,1.263122804570231850e+00,-2.530707452095370513e+00,8.578095824779046197e-01
2.153999999999984372e+00,1.287253491075812439e+00,-2.643601355373188966e+00,8.613325297211978926e-01,2.654041636893352332e-02,1.580694670785490752e-01,-4.585396833436916064e-01,8.705983273988654458e-01,-4.859552330884506777e-01,-6.632232819404802748e-02,-3.882541110108708032e-02,3.848316970940742543e+00,2.919727855015053830e+00,3.445362155976356422e-01,3.832762888946063651e+00,2.448761987558799369e+00,2.398141824218728679e+00,3.781270040297514345e+00,1.263357226557475954e+00,-2.530661876194457705e+00,8.570559892615383646e-01
2.155999999999984151e+00,1.287306571908550357e+00,-2.643285216439031693e+00,8.604154503545105026e-01,2.420690494803703213e-02,1.836208636863251309e-01,-4.625650786421635630e-01,8.726652238040333298e-01,-4.825087274601776444e-01,-6.376165361995506098e-02,-3.968862073019451681e-02,3.985505317020892946e+00,2.817235045543912797e+00,3.349399753861719287e-01,3.796095485385425850e+00,2.400057288977545777e+00,2.428475562093687756e+00,3.816500993206132453e+00,1.263581733862155332e+00,-2.530575487027462600e+00,8.563012845061086509e-01
2.157999999999983931e+00,1.287354985718446532e+00,-2.642917974711659124e+00,8.594903201972261542e-01,2.201980122830453704e-02,2.090084391617818282e-01,-4.663955179818645713e-01,8.747707217827542792e-01,-4.789345285284073439e-01,-6.129898477847634669e-02,-4.050106369071441309e-02,4.115671333561377487e+00,2.708919432154171414e+00,3.259540205321136419e-01,3.757909102395959877e+00,2.352945722420882291e+00,2.460174207433977855e+00,3.850087516450534153e+00,1.263796362530628770e+00,-2.530448389023248978e+00,8.555454823679289333e-01
2.159999999999983711e+00,1.287399025320903112e+00,-2.642499957833335689e+00,8.585575291612623783e-01,1.997192060786008583e-02,2.342255309002686803e-01,-4.700275781074434445e-01,8.769104234941111908e-01,-4.752387323824524556e-01,-5.893916124371718218e-02,-4.126053420382745640e-02,4.238545693637933987e+00,2.595028234277812373e+00,3.176292978226141206e-01,3.718267420182709060e+00,2.307534069700250878e+00,2.493143372577333317e+00,3.881954681565953802e+00,1.264001148826439547e+00,-2.530280688146021362e+00,8.547885970473663164e-01
2.161999999999983491e+00,1.287438969162118862e+00,-2.642031506771535199e+00,8.576174740050475087e-01,1.805581298392356163e-02,2.592656803012466926e-01,-4.734583238531089311e-01,8.790798982507557202e-01,-4.714277102913925210e-01,-5.668678592939287858e-02,-4.196492299350573774e-02,4.353875589727624451e+00,2.475821055753645084e+00,3.100112468944429267e-01,3.677237734573672867e+00,2.263924587507732955e+00,2.527286206226765586e+00,3.912031131043651300e+00,1.264196129227785903e+00,-2.530072491900781984e+00,8.540306427877899509e-01
2.163999999999983270e+00,1.287475080788086812e+00,-2.641512975410932551e+00,8.566705573573413224e-01,1.626378043126584447e-02,2.841226515410115727e-01,-4.766853119893705859e-01,8.812746957143566817e-01,-4.675080953179442944e-01,-5.454621678127503925e-02,-4.261222524823680274e-02,4.461425229835614736e+00,2.351569279829518244e+00,3.031394882509920174e-01,3.634890879108089390e+00,2.222214717637010395e+00,2.562503711113901961e+00,3.940249123898016403e+00,1.264381340427577882e+00,-2.529823909320029429e+00,8.532716338752157625e-01
2.165999999999983050e+00,1.287507608348949395e+00,-2.640944730107850358e+00,8.557171867333626114e-01,1.458789560107127958e-02,3.087904500427639531e-01,-4.797065935296599970e-01,8.834903588280335063e-01,-4.634867682045032966e-01,-5.252155904113870594e-02,-4.320054852829535719e-02,4.560976294486254190e+00,2.222555444237011901e+00,2.970475586093473397e-01,3.591301135900112129e+00,2.182496814965034115e+00,2.598695059236181493e+00,3.966544575591852695e+00,1.264556819329714088e+00,-2.529535050949547781e+00,8.525115846378090723e-01
2.167999999999982830e+00,1.287536784140151491e+00,-2.640327149207764901e+00,8.547577735463033344e-01,1.302002078894972346e-02,3.332633405414567873e-01,-4.825207144991410790e-01,8.857224364345938072e-01,-4.593708425582951893e-01,-5.061665807656005878e-02,-4.372812057257255414e-02,4.652328355083136024e+00,2.089072597862999814e+00,2.917626955640108544e-01,3.546546134824797747e+00,2.144857893986211295e+00,2.635757903161628501e+00,3.990857093363672892e+00,1.264722603048740623e+00,-2.529206028846587628e+00,8.517505094450816827e-01
2.169999999999982609e+00,1.287562824181729404e+00,-2.639660622526681877e+00,8.537927321173049977e-01,1.155182761593222945e-02,3.575358646416474939e-01,-4.851267151757922003e-01,8.879664955333794740e-01,-4.551676493648743049e-01,-4.883509276995005866e-02,-4.419329695750067594e-02,4.735299254171417616e+00,1.951423640462053077e+00,2.873056731200090974e-01,3.500706740664154992e+00,2.109379394586156309e+00,2.673588682143259732e+00,4.013130008169758511e+00,1.264878728908856331e+00,-2.528836956574181727e+00,8.509884227076076613e-01
2.171999999999982389e+00,1.287585927836961242e+00,-2.638945550797398454e+00,8.528224786869533780e-01,1.017481726180923494e-02,3.816028577681014333e-01,-4.875241278217765650e-01,8.902181331327717606e-01,-4.508847208615110458e-01,-4.718016945953334984e-02,-4.459456855951789839e-02,4.809725448137865733e+00,1.809920646779082487e+00,2.836906892111228928e-01,3.453866927894543082e+00,2.076136967635351382e+00,2.712082921873249397e+00,4.033310404318327436e+00,1.265025234440388502e+00,-2.528427949180681367e+00,8.502253388760285802e-01
2.173999999999982169e+00,1.287606277471484928e+00,-2.638182345081862223e+00,8.518474304313098378e-01,8.880341186195073178e-03,4.054594654109315854e-01,-4.897129729312890700e-01,8.924729876597965461e-01,-4.465297738042821596e-01,-4.565491642456941807e-02,-4.493056877181676734e-02,4.875462312876368998e+00,1.664884176388350179e+00,2.809253058719710650e-01,3.406113642862896196e+00,2.045200280909311719e+00,2.751135526669987286e+00,4.051349147704370601e+00,1.265162157379991825e+00,-2.527979123202825917e+00,8.494612724410819382e-01
2.175999999999981949e+00,1.287624038153857287e+00,-2.637371426151040144e+00,8.508680044854473046e-01,7.659622269209858010e-03,4.291011585708523479e-01,-4.916937540285006292e-01,8.947267498928264118e-01,-4.421106921649288202e-01,-4.426207890694611874e-02,-4.520008042583776448e-02,4.932384412897113712e+00,1.516642570477517937e+00,2.790104422884377988e-01,3.357536653187336739e+00,2.016632845717004852e+00,2.790641063217218054e+00,4.067200913695573128e+00,1.265289535667919907e+00,-2.527490596648348742e+00,8.486962379322440242e-01
2.177999999999981728e+00,1.287639357398395745e+00,-2.636513223833898412e+00,8.498846169773902615e-01,6.503776300817625325e-03,4.525237483138646599e-01,-4.934674510570520867e-01,8.969751733880005906e-01,-4.376355092957664450e-01,-4.300411466134483607e-02,-4.540204236810348182e-02,4.980385734312497981e+00,1.365531236755867406e+00,2.779404205073052747e-01,3.308228384289709556e+00,1.990491864572801362e+00,2.830494034844129203e+00,4.080824215362557794e+00,1.265407407447201038e+00,-2.526962488996886691e+00,8.479302499179999231e-01
2.179999999999981508e+00,1.287652364950997441e+00,-2.635608176337270514e+00,8.488976820752761610e-01,5.403833745572166752e-03,4.757233993502711367e-01,-4.950355124093066550e-01,8.992140843746506684e-01,-4.331123896030914522e-01,-4.188319002644146083e-02,-4.553555564355800389e-02,5.019379882043461194e+00,1.211891923599812459e+00,2.777030631544660788e-01,3.258283743057004855e+00,1.966828100111237987e+00,2.870589145738651649e+00,4.092181432921000450e+00,1.265515811060511808e+00,-2.526394921174741626e+00,8.471633230043655871e-01
2.181999999999981288e+00,1.287663172618488616e+00,-2.634656729538570108e+00,8.479076110504575325e-01,4.350761707952897558e-03,4.986966425579794082e-01,-4.963998456508407209e-01,9.014393910996855164e-01,-4.285496097716605668e-01,-4.090117651006087290e-02,-4.559988923756876783e-02,5.049300241525174648e+00,1.056071984519665774e+00,2.782798420801134709e-01,3.207799928714033300e+00,1.945685765422433544e+00,2.910821554221851404e+00,4.101238844806308848e+00,1.265614785050717117e+00,-2.525788015564430111e+00,8.463954718350441553e-01
2.183999999999981068e+00,1.287671874141904427e+00,-2.633659336253454164e+00,8.469148113591558058e-01,3.335486022496491135e-03,5.214403863772214542e-01,-4.975628070013576876e-01,9.036470926055029107e-01,-4.239555395848534358e-01,-4.005964788179575825e-02,-4.559448533017954053e-02,5.070100105078266139e+00,8.984236339801604521e-01,2.796460764390943377e-01,3.156876231095529839e+00,1.927102435849481710e+00,2.951087114728243144e+00,4.107966661061931646e+00,1.265704368157630100e+00,-2.525141895984447160e+00,8.456267110905875128e-01
2.185999999999980847e+00,1.287678545113949413e+00,-2.632616455480699891e+00,8.459196857451530827e-01,2.348913392691894409e-03,5.439519270102497472e-01,-4.985271896393412838e-01,9.058332869305170121e-01,-4.193386223871112262e-01,-3.935987776732920163e-02,-4.551896401805005654e-02,5.081752763025296993e+00,7.393031955957061196e-01,2.817711783178659668e-01,3.105613816582496689e+00,1.911108982255504518e+00,2.991282607909532043e+00,4.112339059223271143e+00,1.265784599316562620e+00,-2.524456687683809264e+00,8.448570554875720617e-01
2.187999999999980627e+00,1.287683242940734774e+00,-2.631528551626679313e+00,8.449226313658744214e-01,1.381953502980767280e-03,5.662289573675638454e-01,-4.992962109024537964e-01,9.079941787257941321e-01,-4.147073552371223770e-01,-3.880283773951111875e-02,-4.537312746178210482e-02,5.084251559520848396e+00,5.790703436976685214e-01,2.846189436414814367e-01,3.054115502088618150e+00,1.897729525674758388e+00,3.031305958642605436e+00,4.114334223041839600e+00,1.265855517656392593e+00,-2.523732517330913083e+00,8.440865197782434493e-01
2.189999999999980407e+00,1.287686006847740705e+00,-2.630396093711944161e+00,8.439240389440695322e-01,4.255410292686319894e-04,5.882695747097024253e-01,-4.998734984604087939e-01,9.101260862855270473e-01,-4.100702688020114728e-01,-3.838919590212024752e-02,-4.515696341899132910e-02,5.077609912975205475e+00,4.180873392763302387e-01,2.881478857349483169e-01,3.002485517561139794e+00,1.886981413204180669e+00,3.071056441594660402e+00,4.113934384018038237e+00,1.265917162499876625e+00,-2.522969513009897469e+00,8.433151187499907664e-01
2.191999999999980187e+00,1.287686857929799311e+00,-2.629219554562524763e+00,8.429242919471486850e-01,-5.293425250112162792e-04,6.100722869424050065e-01,-5.002630755402482921e-01,9.122254479931247717e-01,-4.054359070444423785e-01,-3.811931596315294019e-02,-4.487064812652844653e-02,5.061861300843679246e+00,2.567182612968570421e-01,2.923116085816421239e-01,2.950829257577365361e+00,1.878875214907158364e+00,3.110434874366885261e+00,4.111125865827674808e+00,1.265969573358875166e+00,-2.522167804199156649e+00,8.425428672245081074e-01
2.193999999999979966e+00,1.287685799244749241e+00,-2.627999409988639901e+00,8.419237657960682020e-01,-1.491647237971682749e-03,6.316360175307450531e-01,-5.004693452873756332e-01,9.142888281885243051e-01,-4.008128067560898788e-01,-3.799325679540441203e-02,-4.451454849865169039e-02,5.037059208485644923e+00,9.532823442099430666e-02,2.970592165115467642e-01,2.899253022703425664e+00,1.873414741462275934e+00,3.149343798007436579e+00,4.105899131268000879e+00,1.266012789935290428e+00,-2.521327521778047753e+00,8.417697800574677203e-01
2.195999999999979746e+00,1.287682815950273341e+00,-2.626736137953578520e+00,8.409228271054934867e-01,-2.470233491429840028e-03,6.529601090069799829e-01,-5.004970743472981765e-01,9.163129224659248839e-01,-3.962094769923101278e-01,-3.801077248299934014e-02,-4.408922361169145127e-02,5.003277041707351991e+00,-6.571734581852797796e-02,3.023357567740690421e-01,2.847863751388448605e+00,1.870597082190920135e+00,3.187687645126102254e+00,4.098248831556313476e+00,1.266046852117939991e+00,-2.520448798010519909e+00,8.409958721378520963e-01
2.197999999999979526e+00,1.287677875483290491e+00,-2.625430217735564398e+00,8.399218329567988972e-01,-3.473851070844929338e-03,6.740443250553252996e-01,-5.003513757544106877e-01,9.182945624144593921e-01,-3.916343784640690107e-01,-3.817131285338341840e-02,-4.359542544978576434e-02,4.960608002546417872e+00,-2.260535893048017109e-01,3.080826911978896132e-01,2.796768743254214318e+00,1.870412663052984481e+00,3.225372895728824130e+00,4.088173857499376673e+00,1.266071799980823087e+00,-2.519531766529425454e+00,8.402211583869165779e-01
2.199999999999979305e+00,1.287670927781148889e+00,-2.624082129085453907e+00,8.389211302052900221e-01,-4.511118704063070591e-03,6.948888511651224453e-01,-5.000376912148774000e-01,9.202307198173765856e-01,-3.870959029442463395e-01,-3.847402449507183325e-02,-4.303409889058081722e-02,4.909164927821668023e+00,-3.853168879454481055e-01,3.142383929214266902e-01,2.746075374741760999e+00,1.872845324151069191e+00,3.262308220934545311e+00,4.075677391858651966e+00,1.266087673782722689e+00,-2.518576562336065194e+00,8.394456537585304190e-01
2.201999999999979085e+00,1.287661905543740826e+00,-2.622692351383123732e+00,8.379210548228602784e-01,-5.590504095902611853e-03,7.154942938524855300e-01,-4.995617728701533533e-01,9.221185103280499229e-01,-3.826023527462795726e-01,-3.891775226213568112e-02,-4.240638091434856261e-02,4.849080089940781768e+00,-5.431456914211805209e-01,3.207386639882409129e-01,2.695890808145085416e+00,1.877872416180108139e+00,3.298404614957188397e+00,4.060766962320066398e+00,1.266094513964278079e+00,-2.517583321791775575e+00,8.386693732376206967e-01
2.203999999999978865e+00,1.287650724535549074e+00,-2.621261362795418659e+00,8.369219312771200014e-01,-6.720304511348994259e-03,7.358616784588868365e-01,-4.989296646263794988e-01,9.239551966435930463e-01,-3.781619203337719393e-01,-3.950104126699320595e-02,-4.171359902473621706e-02,4.780504959449531022e+00,-6.991812808367749987e-01,3.275172694508368676e-01,2.646321695164786103e+00,1.885464915234108751e+00,3.333575515811493695e+00,4.043454494307333391e+00,1.266092361146336387e+00,-2.516552182598374543e+00,8.378923318400728348e-01
2.205999999999978645e+00,1.287637283926526433e+00,-2.619789639438500739e+00,8.359240719478672199e-01,-7.908627955625545380e-03,7.559924455424748002e-01,-4.981476831335559519e-01,9.257381911989920331e-01,-3.737826681201231738e-01,-4.022213936353344343e-02,-4.095726887428863955e-02,4.703609928839083132e+00,-8.530685389654338868e-01,3.345064835063522035e-01,2.597473876168511442e+00,1.895587555310585426e+00,3.367736915051828817e+00,4.023756362602640024e+00,1.266081256129071519e+00,-2.515483283799753167e+00,8.371145446122190137e-01
2.207999999999978424e+00,1.287621466670615167e+00,-2.618277654547415789e+00,8.349277765816001118e-01,-9.163374994833689557e-03,7.758884458859881539e-01,-4.972223984953234588e-01,9.274650584064979553e-01,-3.694725085174337398e-01,-4.107900012291514774e-02,-4.013909109294414718e-02,4.618583997153989706e+00,-1.004456715728872185e+00,3.416376431032755456e-01,2.549452076422094038e+00,1.908198977775748650e+00,3.400807457216689755e+00,4.001693440987423855e+00,1.266061239889198831e+00,-2.514376765765959476e+00,8.363360266297155121e-01
2.209999999999978204e+00,1.287603139920625583e+00,-2.616725877655643906e+00,8.339333317846094884e-01,-1.049222125618719248e-02,7.955519341518889620e-01,-4.961606147873074968e-01,9.291335164665350810e-01,-3.652391842938924604e-01,-4.206928630456615442e-02,-3.926094732284697575e-02,4.525634415015773904e+00,-1.153000187481923122e+00,3.488417044143283796e-01,2.502359600613548452e+00,1.923251897023519508e+00,3.432708529472335623e+00,3.977291148738277826e+00,1.266032353579264580e+00,-2.513232770188537302e+00,8.355567929976919217e-01
2.211999999999977984e+00,1.287582155478113277e+00,-2.615134773787340272e+00,8.329410105550348886e-01,-1.190260064224467687e-02,8.149855612221506007e-01,-4.949693504580189862e-01,9.307414387775720943e-01,-3.610902492985437751e-01,-4.319037382492665889e-02,-3.832489546800781771e-02,4.424986289759387681e+00,-1.298359208615722071e+00,3.560497975572154417e-01,2.456298027034255593e+00,1.940693281474103138e+00,3.463364342115825778e+00,3.950579492972076334e+00,1.265994638525258509e+00,-2.512051440061767948e+00,8.347768588492447961e-01
2.213999999999977764e+00,1.287558350276828856e+00,-2.613504802664896154e+00,8.319510718541188732e-01,-1.340168928899105466e-02,8.341923652660738764e-01,-4.936558186821977112e-01,9.322868549732858945e-01,-3.570330496117596342e-01,-4.443935622635064586e-02,-3.733316417253562669e-02,4.316882150495518822e+00,-1.440200653927803165e+00,3.631937749730537179e-01,2.411366902835035297e+00,1.960464549029789394e+00,3.492702000539216201e+00,3.921593105628872422e+00,1.265948136224936960e+00,-2.510832919687672415e+00,8.339962393457360790e-01
2.215999999999977543e+00,1.287531546898250889e+00,-2.611836417934363830e+00,8.309637602167544435e-01,-1.499639029326085490e-02,8.531757615855112276e-01,-4.922274077312974172e-01,9.337679516159271831e-01,-3.530747051788791779e-01,-4.581304964828634280e-02,-3.628814654631646458e-02,4.201581473025512103e+00,-1.578198750164593323e+00,3.702067489373073172e-01,2.367663441778910638e+00,1.982501776016038164e+00,3.520651569494520849e+00,3.890371274072612628e+00,1.265892888346344947e+00,-2.509577354652137160e+00,8.332149496755993923e-01
2.217999999999977323e+00,1.287501554117664426e+00,-2.610130066411192828e+00,8.299793054012918336e-01,-1.669331923078594751e-02,8.719395312914063334e-01,-4.906916614212346039e-01,9.351830725750531759e-01,-3.492220919833491921e-01,-4.730799830241780995e-02,-3.519239316207930374e-02,4.079360164705208902e+00,-1.712035795080553813e+00,3.770236137759519490e-01,2.325282225960886073e+00,2.006735918626906479e+00,3.547146130190792945e+00,3.856957963980247150e+00,1.265828936725968745e+00,-2.508284891824459351e+00,8.324330050538994996e-01
2.219999999999977103e+00,1.287468167479202785e+00,-2.608386187348609830e+00,8.289979220784493563e-01,-1.849879048227870762e-02,8.904878088705524553e-01,-4.890562596915556393e-01,9.365307191207865589e-01,-3.454818248142660919e-01,-4.892048045285051633e-02,-3.404860435273493469e-02,3.950510009503678255e+00,-1.841402862331737111e+00,3.835815484966472177e-01,2.284314912949025445e+00,2.033093045807529364e+00,3.572121831125575575e+00,3.821401833530208680e+00,1.265756323366973746e+00,-2.506955679343931820e+00,8.316504207217922939e-01
2.221999999999976882e+00,1.287431169898238137e+00,-2.606605211730868898e+00,8.280198095590662888e-01,-2.041880438133622869e-02,9.088250687050660748e-01,-4.873289993649073115e-01,9.378095497604281849e-01,-3.418602406815008932e-01,-5.064651490169159997e-02,-3.285962184264724917e-02,3.815338073694037213e+00,-1.966000490482048280e+00,3.898204957179898789e-01,2.244849949803005451e+00,2.061494582487068961e+00,3.595517933305943714e+00,3.783756237639149589e+00,1.265675090437641259e+00,-2.505589866609838623e+00,8.308672119458710981e-01
2.223999999999976662e+00,1.287390332289475525e+00,-2.604787561593458811e+00,8.270451515603364223e-01,-2.245903519469619192e-02,9.269561106104953208e-01,-4.855177751298863087e-01,9.390183798466774645e-01,-3.383633829295860096e-01,-5.248186797950132876e-02,-3.162841975106438219e-02,3.674166072809230688e+00,-2.085539354383629806e+00,3.956836129831747817e-01,2.206972295415681629e+00,2.091857562025571937e+00,3.617276850605202654e+00,3.744079221189458906e+00,1.265585280268810564e+00,-2.504187604278044432e+00,8.300833940173282244e-01
2.225999999999976442e+00,1.287345414219086104e+00,-2.602933649372237923e+00,8.260741160100766312e-01,-2.462481994252139691e-02,9.448860444615901910e-01,-4.836305607842111276e-01,9.401561809848557605e-01,-3.349969860992421111e-01,-5.442206103909725395e-02,-3.035809501025921522e-02,3.527329700685539748e+00,-2.199740917190907030e+00,4.011176927875083620e-01,2.170763152575915456e+00,2.124094886700332196e+00,3.637344186133394608e+00,3.702433500285034818e+00,1.265486935353111519e+00,-2.502749044238257170e+00,8.292989822519407639e-01
2.227999999999976222e+00,1.287296164579201152e+00,-2.601043877283314654e+00,8.251068548885082121e-01,-2.692114806382323033e-02,9.626202739764013749e-01,-4.816753907701729065e-01,9.412220802654195362e-01,-3.317664615828626040e-01,-5.646237845009000750e-02,-2.905185724496172836e-02,3.375177921652802393e+00,-2.308338061257547924e+00,4.060735479158488759e-01,2.136299711138229362e+00,2.158115595048496260e+00,3.655668765115672514e+00,3.658886430368172960e+00,1.265380098343088733e+00,-2.501274339618461795e+00,8.285139919886210791e-01
2.229999999999976001e+00,1.287242322283073559e+00,-2.599118636735362031e+00,8.241435041069679057e-01,-2.935265193010047971e-02,9.801644797317909941e-01,-4.796603420279570984e-01,9.422153593467068600e-01,-3.286768841174194100e-01,-5.859787609031644195e-02,-2.771301816338651858e-02,3.218072227120590156e+00,-2.411075696199570739e+00,4.105063589878112373e-01,2.103654903609402105e+00,2.193825134836701718e+00,3.672202665224207241e+00,3.613509960516625874e+00,1.265264812048785714e+00,-2.499763644765707227e+00,8.277284385898004970e-01
2.231999999999975781e+00,1.287183616979213463e+00,-2.597158307775898400e+00,8.231841834229119970e-01,-3.192359820850042967e-02,9.975246014841872011e-01,-4.775935161876665447e-01,9.431354534112909027e-01,-3.257329791551672460e-01,-6.082339032905183934e-02,-2.634498051352099704e-02,3.056385858037272474e+00,-2.507711342425705148e+00,4.143759814378950579e-01,2.072897174399224607e+00,2.231125640430549062e+00,3.686901244905206099e+00,3.566380572935745175e+00,1.265141119436721695e+00,-2.498217115240194630e+00,8.269423374397524285e-01
2.233999999999975561e+00,1.287119769782796519e+00,-2.595163258572930065e+00,8.222289963905367038e-01,-3.463788007448764805e-02,1.014706819870339505e+00,-4.754830221156582382e-01,9.439819500175311573e-01,-3.229391111491856647e-01,-6.313354749551518263e-02,-2.495122666132138303e-02,2.890502994913113355e+00,-2.598015688484282215e+00,4.176472095051821376e-01,2.044090263942134555e+00,2.269916213337585198e+00,3.699723170341667533e+00,3.517579206999732477e+00,1.265009063627362096e+00,-2.496634907807774084e+00,8.261557039449760609e-01
2.235999999999975341e+00,1.287050494022647484e+00,-2.593133844933189547e+00,8.212780303463054210e-01,-3.749901027307520757e-02,1.031717537563441978e+00,-4.733369588257825278e-01,9.447545878659445728e-01,-3.202992727872371326e-01,-6.552277382476205669e-02,-2.353530685003851763e-02,2.720817917280072162e+00,-2.681773120640779773e+00,4.202899951890102237e-01,2.017293008739825311e+00,2.310093204664367406e+00,3.710630441838022264e+00,3.467191167314465972e+00,1.264868687893811128e+00,-2.495017180419935698e+00,8.253685535326544809e-01
2.237999999999975120e+00,1.286975496002101371e+00,-2.591070409858062806e+00,8.203313564286538462e-01,-4.051011502693954713e-02,1.048563359959316266e+00,-4.711633987626256403e-01,9.454532554978620773e-01,-3.178170752036854063e-01,-6.798530587160089844e-02,-2.210082720202912257e-02,2.547734134692067887e+00,-2.758782223152731028e+00,4.222796205131916225e-01,1.992559158391336016e+00,2.351550498311000048e+00,3.719588419874116703e+00,3.415306015111020610e+00,1.264720035659737007e+00,-2.493364092215855976e+00,8.245809016508820477e-01
2.239999999999974900e+00,1.286894475772047519e+00,-2.588973283138144232e+00,8.193890296311285848e-01,-4.367392878947125301e-02,1.065251075467456676e+00,-4.689703714594141148e-01,9.460779899415446836e-01,-3.154957391952779577e-01,-7.051520138166658680e-02,-2.065143752609915895e-02,2.371663491517604250e+00,-2.828856247807921775e+00,4.235968218572528365e-01,1.969937210457286536e+00,2.394179793661994626e+00,3.726565851604215052e+00,3.362017442790664834e+00,1.264563150498760891e+00,-2.491675803509664888e+00,8.237927637675417358e-01
2.241999999999974680e+00,1.286807127914468607e+00,-2.586842780987209434e+00,8.184510888882097213e-01,-4.699278984072072229e-02,1.081787635480901733e+00,-4.667658475700677267e-01,9.466289753184806699e-01,-3.133380874625426582e-01,-7.310635060727843637e-02,-1.919081899463761717e-02,2.193025247950959766e+00,-2.891823551383126745e+00,4.242278655319794423e-01,1.949470263980341400e+00,2.437870886625620681e+00,3.731534898176084081e+00,3.307423131361781010e+00,1.264398076130662574e+00,-2.489952475771119111e+00,8.230041553697651224e-01
2.243999999999974460e+00,1.286713142334787063e+00,-2.584679205716247541e+00,8.175175571930696217e-01,-5.046863672421460223e-02,1.098180134097332061e+00,-4.645577232728542727e-01,9.471065414200395827e-01,-3.113465378943776618e-01,-7.575248805419655673e-02,-1.772267175553291635e-02,2.012245139833101160e+00,-2.947527999770190643e+00,4.241645742087199467e-01,1.931195892353998023e+00,2.482511947911034689e+00,3.734471163071211741e+00,3.251624590465982845e+00,1.264224856421011012e+00,-2.488194271629240006e+00,8.222150919632715826e-01
2.245999999999974239e+00,1.286612205061338665e+00,-2.582482845448053066e+00,8.165884417465238965e-01,-5.410300552302218374e-02,1.114435787663199395e+00,-4.623538050400332611e-01,9.475111622620134844e-01,-3.095230979091450063e-01,-7.844720464386889525e-02,-1.625070254411012383e-02,1.829754419965704981e+00,-2.995829337651626290e+00,4.234043042502774745e-01,1.915146036067367330e+00,2.527989797438667807e+00,3.735353722073857519e+00,3.194726981284776723e+00,1.264043535378776895e+00,-2.486401354853100543e+00,8.214255890721409159e-01
2.247999999999974019e+00,1.286503999050292668e+00,-2.580253973872726814e+00,8.156637341364438853e-01,-5.789702797370981785e-02,1.130561914210551633e+00,-4.601617947671093334e-01,9.478434546218558188e-01,-3.078693598612921578e-01,-8.118396027427246531e-02,-1.477861236007344155e-02,1.645988883730385544e+00,-3.036603522712812975e+00,4.219498744265986478e-01,1.901346915791328085e+00,2.574190173891956146e+00,3.734165154868524628e+00,3.136838922271519614e+00,1.263854157155281044e+00,-2.484573890345799896e+00,8.206356622376480559e-01
2.249999999999973799e+00,1.286388204994345141e+00,-2.577992850044305673e+00,8.147434105469096854e-01,-6.185143041725452845e-02,1.146565912854610625e+00,-4.579892752541879775e-01,9.481041765606827987e-01,-3.063864975182144512e-01,-8.395609676097451346e-02,-1.331008427369751411e-02,1.461387881897966645e+00,-3.069743023508536783e+00,4.198094469344088031e-01,1.889818966122228883e+00,2.620997998469699830e+00,3.730891578484877957e+00,3.078072278035104414e+00,1.263656766041238555e+00,-2.482712044129911533e+00,8.198453270180641184e-01
2.251999999999973578e+00,1.286264502133510623e+00,-2.575699718218596335e+00,8.138274319964012848e-01,-6.596653358639821552e-02,1.162455243218292411e+00,-4.558436960314870001e-01,9.482942259293227760e-01,-3.050752636077821989e-01,-8.675685113859170350e-02,-1.184877142428123788e-02,1.276393323557336146e+00,-3.095157080237101788e+00,4.169963620701728213e-01,1.880576790147278743e+00,2.668297631957960547e+00,3.725522682733476643e+00,3.018541931812856127e+00,1.263451406465707194e+00,-2.480815983344982101e+00,8.190545989877184851e-01
2.253999999999973358e+00,1.286132569066337883e+00,-2.573374807732159653e+00,8.129157446043383528e-01,-7.024225322921812120e-02,1.178237404947632738e+00,-4.537323595214509120e-01,9.484146388549508089e-01,-3.039359884327486050e-01,-8.957936930141936760e-02,-1.039828527216860726e-02,1.091448672131244191e+00,-3.112771927804755645e+00,4.135289283218314127e-01,1.873629134919208461e+00,2.715973124363558533e+00,3.718051767555849985e+00,2.958365542006553994e+00,1.263238122994609469e+00,-2.478885876231615271e+00,8.182634937366008998e-01
2.255999999999973138e+00,1.285992084559879345e+00,-2.571018332922264449e+00,8.120082798852954475e-01,-7.467810156888232687e-02,1.193919917379846263e+00,-4.516624075306907571e-01,9.484665882021106054e-01,-3.029685795441277585e-01,-9.241671996062958416e-02,-8.962184163471074994e-03,9.069979374454990584e-01,-3.122530980700223058e+00,4.094301700486668860e-01,1.868978887765025076e+00,2.763908456414227555e+00,3.708475782223799477e+00,2.897663283430255809e+00,1.263016960327293603e+00,-2.476921892118966184e+00,8.174720268696509251e-01
2.257999999999972918e+00,1.285842728356741516e+00,-2.568630493087504796e+00,8.111049550702340571e-01,-7.927318959956626554e-02,1.209510299423350865e+00,-4.496408080663024665e-01,9.484513819992945738e-01,-3.021725224616516048e-01,-9.526190889411183249e-02,-7.543962264011193526e-03,7.234846667955837640e-01,-3.124394979330157529e+00,4.047275353054982650e-01,1.866623093246443821e+00,2.811987772356946635e+00,3.696795366218411871e+00,2.836557573979926250e+00,1.262787963297329341e+00,-2.474924201426105697e+00,8.166802140064453042e-01
2.259999999999972697e+00,1.285684181977542417e+00,-2.566211472488657996e+00,8.102056734541014382e-01,-8.402623021834032535e-02,1.225016049706747490e+00,-4.476743424726848386e-01,9.483704618196819869e-01,-3.015468824255945757e-01,-9.810789346374347575e-02,-6.147038915970271487e-03,5.413509379041906433e-01,-3.118342097605821372e+00,3.994525667276390135e-01,1.866552990466879391e+00,2.860095603558545641e+00,3.683014891571348315e+00,2.775172787654064166e+00,1.262551176868329961e+00,-2.472892975636781898e+00,8.158880707796916099e-01
2.261999999999972477e+00,1.285516129517105810e+00,-2.563761440389244584e+00,8.093103247691560975e-01,-8.893554219229349300e-02,1.240444627050895310e+00,-4.457695928875219926e-01,9.482254011022223095e-01,-3.010903071606450543e-01,-1.009475973736480153e-01,-4.774748467292491694e-03,3.610363566057683271e-01,-3.104368011685148865e+00,3.936405387330045857e-01,1.868754070326857475e+00,2.908117082582991397e+00,3.667142506229810195e+00,2.713634954708596947e+00,1.262306646132758559e+00,-2.470828387297601125e+00,8.150956128358251007e-01
2.263999999999972257e+00,1.285338258432721315e+00,-2.561280551135142858e+00,8.084187855833810943e-01,-9.399905495946052347e-02,1.255803431315782426e+00,-4.439329300177967119e-01,9.480179033969737823e-01,-3.008010306291066249e-01,-1.037739256418011430e-01,-3.430330620104883339e-03,1.829770619907669649e-01,-3.082485929907542666e+00,3.873300646059280039e-01,1.873206152176094763e+00,2.955938147458811116e+00,3.649190178132200923e+00,2.652071450084712900e+00,1.262054416311274352e+00,-2.468730610011093063e+00,8.143028558333318401e-01
2.265999999999972037e+00,1.285150260322802440e+00,-2.558768944272511447e+00,8.075309197233454528e-01,-9.921431426104483642e-02,1.271099784671128941e+00,-4.421705012395110712e-01,9.477498005165284622e-01,-3.006768777475882226e-01,-1.065797797562065830e-01,-2.116921340288866870e-03,7.604741640927614732e-03,-3.052726584070942994e+00,3.805626773023958465e-01,1.879883479267008495e+00,3.003445736023743873e+00,3.629173739451914571e+00,2.590610671187198566e+00,1.261794532748981013e+00,-2.466599818417407164e+00,8.135098154429760697e-01
2.267999999999971816e+00,1.284951831694280289e+00,-2.556226744703169018e+00,8.066465787208664251e-01,-1.045784886009814979e-01,1.286340913336706526e+00,-4.404882190279726384e-01,9.474230505734766439e-01,-3.007152700384900790e-01,-1.093580729857678430e-01,-8.375443659255897046e-04,-1.646543405414288286e-01,-3.015138182302766090e+00,3.733823880626939151e-01,1.888754832260912453e+00,3.050527970326614380e+00,3.607112930441088494e+00,2.529381706106371475e+00,1.261527040915057185e+00,-2.464436188183853460e+00,8.127165073462370160e-01
2.269999999999971596e+00,1.284742674717078259e+00,-2.553654062876495434e+00,8.057656022828104669e-01,-1.100883765271260806e-01,1.301533929835431591e+00,-4.388917497286719538e-01,9.470397358822365552e-01,-3.009132321850426783e-01,-1.121017458149290852e-01,4.048966523293723438e-04,-3.333803015326324282e-01,-2.969786323873689238e+00,3.658352271172049530e-01,1.899783660024993770e+00,3.097074331198610420e+00,3.583031442143565393e+00,2.468513993512768234e+00,1.261251986400596437e+00,-2.462239896006494178e+00,8.119229472356499500e-01
2.271999999999971376e+00,1.284522497964023957e+00,-2.551050995016824530e+00,8.048878187833531372e-01,-1.157404147263673688e-01,1.316685815799575776e+00,-4.373865026816101675e-01,9.466020607022027633e-01,-3.012673994564112889e-01,-1.148037814701501069e-01,1.607625350757703377e-03,-4.981605792098959817e-01,-2.916753876400138612e+00,3.579687709433783116e-01,1.912928226783531027e+00,3.142975823173098426e+00,3.556956957445519318e+00,2.408136975586208095e+00,1.260969414916703002e+00,-2.460011119586042128e+00,8.111291508136906359e-01
2.273999999999971156e+00,1.284291017134571167e+00,-2.548417623385225372e+00,8.040130457779899320e-01,-1.215306869234312470e-01,1.331803405367017135e+00,-4.359776197156366440e-01,9.461123487980842572e-01,-3.017740259674816516e-01,-1.174572215053261565e-01,2.767999168833408779e-03,-6.585908531206490224e-01,-2.856140815946545342e+00,3.498316606522134942e-01,1.928141774719090984e+00,3.188125130108798722e+00,3.528921189473356090e+00,2.348379745152413545e+00,1.260679372291649614e+00,-2.457750037623085859e+00,8.103351337919795228e-01
2.275999999999970935e+00,1.284047955760724280e+00,-2.545754016574491185e+00,8.031410905385586441e-01,-1.274549335704984465e-01,1.346893369201512147e+00,-4.346699650322045638e-01,9.455730407925306835e-01,-3.024289937363574543e-01,-1.200551814123430594e-01,3.883515164231691325e-03,-8.142759440995942510e-01,-2.788064030609819888e+00,3.414731161714248397e-01,1.945372700973179825e+00,3.232416761928914362e+00,3.498959916637905287e+00,2.289370688419611888e+00,1.260381904471417513e+00,-2.455456829811723196e+00,8.095409118911538471e-01
2.277999999999970715e+00,1.283793045893583340e+00,-2.543060229836088038e+00,8.022717506084942052e-01,-1.335085623117862053e-01,1.361962199167768839e+00,-4.334681155008995312e-01,9.449866912856905721e-01,-3.032278225013655404e-01,-1.225908662220876882e-01,4.951815113831228334e-03,-9.648306909866547487e-01,-2.712657088229631697e+00,3.329424509279285682e-01,1.964564748005290795e+00,3.275747192982225275e+00,3.467113013386446063e+00,2.231237124733663979e+00,1.260077057515262666e+00,-2.453131676818415485e+00,8.087465008398728727e-01
2.279999999999970495e+00,1.283526028768959826e+00,-2.540336305437752351e+00,8.014048143774924471e-01,-1.396866592039428256e-01,1.377016193688605172e+00,-4.323763513921446422e-01,9.443559657162374776e-01,-3.041656802584623009e-01,-1.250575860604169476e-01,5.970689893199853000e-03,-1.109880802853745685e+00,-2.630069968903289812e+00,3.242885917332143375e-01,1.985657206186290491e+00,3.318014992661970197e+00,3.433424475687708810e+00,2.174104944613144408e+00,1.259764877594607313e+00,-2.450774760283806586e+00,8.079519163741855081e-01
2.281999999999970274e+00,1.283246655450551943e+00,-2.537582273050375203e+00,8.005400616747081477e-01,-1.459840006697918080e-01,1.392061443808356058e+00,-4.313986475746250382e-01,9.436836369386414347e-01,-3.052373944793538296e-01,-1.274487716228100975e-01,6.938083132281369289e-03,-1.249063685312155947e+00,-2.540468763030087285e+00,3.155596085297249220e-01,2.008585127469290743e+00,3.359120948946558549e+00,3.397942440386963359e+00,2.118098247573257265e+00,1.259445410993665249e+00,-2.448386262805328784e+00,8.071571742372460889e-01
2.283999999999970054e+00,1.282954687449212372e+00,-2.534798150162758557e+00,7.996772643795588831e-01,-1.523950661593559963e-01,1.407103819983113624e+00,-4.305386652073479037e-01,9.429725814920586480e-01,-3.064374639703945635e-01,-1.297579895307143238e-01,7.852094150161364680e-03,-1.382029239602631243e+00,-2.444035335635793338e+00,3.068022585619497589e-01,2.033279548991826058e+00,3.398968185616231708e+00,3.360719197323415841e+00,2.063338981119850590e+00,1.259118704103103781e+00,-2.445966367926629914e+00,8.063622901783480401e-01
2.285999999999969834e+00,1.282649897316893606e+00,-2.531983942522792130e+00,7.988161870491441441e-01,-1.589140514884412325e-01,1.422148959614843777e+00,-4.297997439581027201e-01,9.422257755371781229e-01,-3.077600713323697668e-01,-1.319789575319355035e-01,8.710980176831245939e-03,-1.508440633312679635e+00,-2.340966957740804766e+00,2.980615494104457697e-01,2.059667725382331227e+00,3.437462273976788385e+00,3.321811193251213989e+00,2.009946582248501201e+00,1.258784803421578502e+00,-2.443515260126659427e+00,8.055672799523554417e-01
2.287999999999969614e+00,1.282332069213916625e+00,-2.529139644603562331e+00,7.979565875612278925e-01,-1.655348828214115442e-01,1.437202255342899582e+00,-4.291848947814443926e-01,9.414462904386908804e-01,-3.091990959816007800e-01,-1.341055595068259831e-01,9.513157874754934670e-03,-1.627975041678995982e+00,-2.231475905553018890e+00,2.893803251483180738e-01,2.087673368591065781e+00,3.474511339930296927e+00,3.281279026492085471e+00,1.958037622906295461e+00,1.258443755553260601e+00,-2.441033124817167277e+00,8.047721593192767031e-01
2.289999999999969393e+00,1.282000999448273726e+00,-2.526265240092876674e+00,7.970982177716650074e-01,-1.722512312612463348e-01,1.452268844103024037e+00,-4.286967932900518363e-01,9.406372879727300518e-01,-3.107481276934002667e-01,-1.361318602414947343e-01,1.025720417772425612e-02,-1.740324358551645023e+00,-2.115789028279074113e+00,2.807988796699760203e-01,2.117216894012123873e+00,3.510026167257265683e+00,3.239187431401005401e+00,1.907725460869994949e+00,1.258095607204937849e+00,-2.438520148319511804e+00,8.039769440433266467e-01
2.291999999999969173e+00,1.281656496985751126e+00,-2.523360702404670697e+00,7.962408241850849056e-01,-1.790565280063448061e-01,1.467353596960055295e+00,-4.283377737541839148e-01,9.398020151406754064e-01,-3.124004806297448478e-01,-1.380521199288264333e-01,1.094185646893402683e-02,-1.845195876171956684e+00,-1.994147285340392539e+00,2.723546009873694107e-01,2.148215671705160368e+00,3.543920298039480610e+00,3.195605251502160460e+00,1.859119897314395864e+00,1.257740405184962995e+00,-2.435976517862613377e+00,8.031816498925854475e-01
2.293999999999968953e+00,1.281298383929738494e+00,-2.520425995210750614e+00,7.953841486375765601e-01,-1.859439800302802037e-01,1.482461109717106984e+00,-4.281098237637429582e-01,9.389437985730879621e-01,-3.141492078140603050e-01,-1.398608083577302097e-01,1.156601212437182759e-02,-1.942312932999055386e+00,-1.866805253787057417e+00,2.640816500030317981e-01,2.180584281505959510e+00,3.576110131106782664e+00,3.150605400394391076e+00,1.812326842510666891e+00,1.257378196401036874e+00,-2.433402421572495200e+00,8.023862926383733551e-01
2.295999999999968733e+00,1.280926495969678003e+00,-2.517461072991316495e+00,7.945279289900490927e-01,-1.929065862375881624e-01,1.497595694300371649e+00,-4.280145795870616277e-01,9.380660385102504994e-01,-3.159871160172341709e-01,-1.415526187507811506e-01,1.212872745147383635e-02,-2.031415528874283893e+00,-1.734030606703553135e+00,2.560106769465157472e-01,2.214234770838945376e+00,3.606515019379772813e+00,3.104264809456125818e+00,1.767447991014910125e+00,1.257009027858872585e+00,-2.430798048454320792e+00,8.015908880541422477e-01
2.297999999999968512e+00,1.280540682797202789e+00,-2.514465881602715669e+00,7.936718998308749384e-01,-1.999371540458619034e-01,1.512761370915141512e+00,-4.280533222596252796e-01,9.371722023488026077e-01,-3.179067810203324851e-01,-1.431224812102670219e-01,1.262921605651417048e-02,-2.112260906848724140e+00,-1.596103563397460068e+00,2.481685783079502772e-01,2.249076914078932621e+00,3.635057366986019556e+00,3.056664361429366039e+00,1.724580507656968464e+00,1.256632946660149130e+00,-2.428163588396031969e+00,8.007954519157598483e-01
2.299999999999968292e+00,1.280140808489111048e+00,-2.511440358860885347e+00,7.928157931863556440e-01,-2.070283163420068573e-01,1.527961860965260765e+00,-4.282269744344707196e-01,9.362658177472453769e-01,-3.199005632209626082e-01,-1.445655757326191893e-01,1.306684667734412351e-02,-2.184624101028346033e+00,-1.453316312171426983e+00,2.405782967232428793e-01,2.285018472304451986e+00,3.661662726925164701e+00,3.007888809092904125e+00,1.683816725694295080e+00,1.256249999999640821e+00,-2.425499232135948091e+00,7.999999999999749534e-01
2.301999999999968072e+00,1.279726751856427036e+00,-2.508384435138955038e+00,7.919593392374867369e-01,-2.141725487583450716e-01,1.543200580724634063e+00,-4.285360980244971030e-01,9.353504652866504454e-01,-3.219606235517810666e-01,-1.458773447513125598e-01,1.344114052086123161e-02,-2.248298449783482145e+00,-1.305972406474715353e+00,2.332586658566650761e-01,2.321965452354906478e+00,3.686259900077312857e+00,2.958026678130476927e+00,1.645243858308608642e+00,1.255860235164876215e+00,-2.422805171276294800e+00,7.992045480840479499e-01
2.303999999999967851e+00,1.279298406758910378e+00,-2.505298033977505945e+00,7.911022670414377123e-01,-2.213621872128240797e-01,1.558480635746584131e+00,-4.289808926642304510e-01,9.344297706866832032e-01,-3.240789396812233658e-01,-1.470535051685585015e-01,1.375176814694082338e-02,-2.303096073678117417e+00,-1.154386135257263080e+00,2.262243019036878355e-01,2.359822364111644255e+00,3.708781036185861968e+00,2.907170153666538859e+00,1.608943724853077129e+00,1.255463699533381217e+00,-2.420081598254554933e+00,7.984091119456655505e-01
2.305999999999967631e+00,1.278855682384484771e+00,-2.502181072706012976e+00,7.902443052561092252e-01,-2.285894456562898580e-01,1.573804815993454120e+00,-4.295611950164677784e-01,9.335073965810233299e-01,-3.262473224681400330e-01,-1.480900598365245957e-01,1.399854594250151546e-02,-2.348848317438873678e+00,-9.988818683565667822e-01,2.194855428889750382e-01,2.398492474972708344e+00,3.729161737431020196e+00,2.855414949726543306e+00,1.574992492934313981e+00,1.255060440570689551e+00,-2.417328706340057920e+00,7.976137073615694462e-01
2.307999999999967411e+00,1.278398503493172189e+00,-2.499033463074026074e+00,7.893851828660762848e-01,-2.358464339692583067e-01,1.589175591666236453e+00,-4.302764789460551964e-01,9.325870338604002052e-01,-3.284574326435887315e-01,-1.489833084493829285e-01,1.418143223088068339e-02,-2.385406155257206784e+00,-8.397933777791239951e-01,2.130484364774139772e-01,2.437878060550065396e+00,3.747341165083108550e+00,2.802860161196191857e+00,1.543460437570820520e+00,1.254650505829006946e+00,-2.414546689624430087e+00,7.968183501072436670e-01
2.309999999999967191e+00,1.277926810625233722e+00,-2.495855111890693756e+00,7.885246299081841714e-01,-2.431251759505221322e-01,1.604595109711420831e+00,-4.311258565798776199e-01,9.316723925957249852e-01,-3.307007976945499084e-01,-1.497298578082434661e-01,1.430052306276779345e-02,-2.412640558678694536e+00,-6.774631357751543792e-01,2.069147765478731027e-01,2.477880650652680927e+00,3.763262149601681816e+00,2.749608097902044079e+00,1.514411718566900378e+00,1.254233942945051083e+00,-2.411735743007724864e+00,7.960230559565877329e-01
2.311999999999966970e+00,1.277440560273332748e+00,-2.492645921671270859e+00,7.876623781950243819e-01,-2.504176273403257436e-01,1.620065190979864234e+00,-4.321080802688294642e-01,9.307671925581311179e-01,-3.329688289257585754e-01,-1.503266314219726396e-01,1.435604773557949167e-02,-2.430442826282801949e+00,-5.122415906461006418e-01,2.010821883041719049e-01,2.518401269682558841e+00,3.776871304453284228e+00,2.695764100514992379e+00,1.487904177138353212e+00,1.253810799637578910e+00,-2.408896062188418341e+00,7.952278406806945199e-01
2.313999999999966750e+00,1.276939725018652050e+00,-2.489405791289311054e+00,7.867981620344867144e-01,-2.577156938218985727e-01,1.635587328010677632e+00,-4.332215454637085572e-01,9.298751533571371075e-01,-3.352528386771617130e-01,-1.507708784080445397e-01,1.434836408836168836e-02,-2.438724874315236768e+00,-3.444864212837888129e-01,1.955442612248498302e-01,2.559340670628594605e+00,3.788119143765680263e+00,2.641436338228417835e+00,1.463989152862395393e+00,1.253381123707272948e+00,-2.406027843653177456e+00,7.944327200475589379e-01
2.315999999999966530e+00,1.276424293631008178e+00,-2.486134616633289607e+00,7.859317189435592876e-01,-2.650112489465452081e-01,1.651162683411302012e+00,-4.344642945134568612e-01,9.289999842225260540e-01,-3.375440576756900679e-01,-1.510601816589275670e-01,1.427795361908117816e-02,-2.437419487373680305e+00,-1.745617714996806069e-01,1.902907286750393223e-01,2.600599561924568981e+00,3.796960203829750746e+00,2.586735588114924767e+00,1.442711321850520534e+00,1.252944963032620151e+00,-2.403131284665036560e+00,7.936377098215379178e-01
2.317999999999966310e+00,1.275894271133115154e+00,-2.482832291266467095e+00,7.850627903545324138e-01,-2.722961519295917787e-01,1.666792088803891625e+00,-4.358340213900799842e-01,9.281453734598913430e-01,-3.398336525010419717e-01,-1.511924652410804593e-01,1.414541647052528113e-02,-2.426480528218259103e+00,-2.837465282667039901e-03,1.853076925447924850e-01,2.642078826467471941e+00,3.803353168278300611e+00,2.531774996459718707e+00,1.424108557073582082e+00,1.252502365569684528e+00,-2.400206583256917270e+00,7.928428257626114473e-01
2.319999999999966089e+00,1.275349678829255984e+00,-2.479498707088859444e+00,7.841911223117522534e-01,-2.795622652668983688e-01,1.682476044307136931e+00,-4.373280773408601552e-01,9.273149776140744427e-01,-3.421127431460311841e-01,-1.511660009954277351e-01,1.395146632998720687e-02,-2.405883105726875915e+00,1.703117957953334816e-01,1.805778908176826625e-01,2.683679732212459257e+00,3.807260996666539388e+00,2.476669822282520528e+00,1.408211811604337838e+00,1.252053379349236550e+00,-2.397253938214689128e+00,7.920480836256151846e-01
2.321999999999965869e+00,1.274790554298722123e+00,-2.476133755000245351e+00,7.833164661570705123e-01,-2.868014721246409660e-01,1.698214718522401245e+00,-4.389434774643944381e-01,9.265124103788617838e-01,-3.443724206526955212e-01,-1.509794143102003994e-01,1.369692528648269216e-02,-2.375623699999179550e+00,3.445072517082170549e-01,1.760810055401512975e-01,2.725304133797338491e+00,3.808651055991884693e+00,2.421537163630082645e+00,1.395045025531530314e+00,1.251598052475729972e+00,-2.394273549072622131e+00,7.912534991600415069e-01
2.323999999999965649e+00,1.274216951354472771e+00,-2.472737325563200361e+00,7.824385792021417707e-01,-2.940056934582977455e-01,1.714007948992916530e+00,-4.406769082033282214e-01,9.257412312952981726e-01,-3.466037648058278298e-01,-1.506316890392731533e-01,1.338271868745022526e-02,-2.335720243587277256e+00,5.193669182243590976e-01,1.717940082387415524e-01,2.766854664758304772e+00,3.807495254587792477e+00,2.366495667188280194e+00,1.384625057108586743e+00,1.251136433124147018e+00,-2.391265616089967239e+00,7.904590881087321108e-01
2.325999999999965429e+00,1.273628939967556217e+00,-2.469309309665214336e+00,7.815572253857351326e-01,-3.011669048203978738e-01,1.729855243105217211e+00,-4.425247357429319961e-01,9.250049342847497247e-01,-3.487978618658395535e-01,-1.501221715415928526e-01,1.300987003474545801e-02,-2.286212157829121239e+00,6.945064347545609751e-01,1.676915394367439471e-01,2.808234919972700361e+00,3.803770177678613695e+00,2.311665221995553576e+00,1.376961638617241412e+00,1.250668569539657327e+00,-2.388230340262325058e+00,7.896648662078780134e-01
2.327999999999965208e+00,1.273026606157915408e+00,-2.465849599179003704e+00,7.806721759142493111e-01,-3.082771528206899037e-01,1.745755779403339369e+00,-4.444830153005675522e-01,9.243069360663904721e-01,-3.509458223229106055e-01,-1.494505738199696510e-01,1.257949595727788673e-02,-2.227160343302229339e+00,8.695399241462408169e-01,1.637463185647684838e-01,2.849349628023343239e+00,3.797457223640050561e+00,2.257166638433384165e+00,1.372057357498176700e+00,1.250194510034349449e+00,-2.385167923285038682e+00,7.888708491861669003e-01
2.329999999999964988e+00,1.272410051852274071e+00,-2.462358087620196923e+00,7.797832098836481318e-01,-3.153285712061965618e-01,1.761708409287013666e+00,-4.465475012883713957e-01,9.236505645120275387e-01,-3.530387986542434242e-01,-1.486169757404031122e-01,1.209280129489426377e-02,-2.158647123412295254e+00,1.044080862681510125e+00,1.599295802069388706e-01,2.890104813333705724e+00,3.788542740106869644e+00,2.203121313241899415e+00,1.369907662752836597e+00,1.249714302986150827e+00,-2.382078567565471872e+00,7.880770527641862699e-01
2.331999999999964768e+00,1.271779394709861677e+00,-2.458834670801623101e+00,7.788901148810714048e-01,-3.223133965332241058e-01,1.777711659067673144e+00,-4.487136583273155788e-01,9.230390469941255338e-01,-3.550680030658715514e-01,-1.476218263161906130e-01,1.155107432508477305e-02,-2.080776140238358884e+00,1.217742958385472418e+00,1.562115323460676053e-01,2.930407947916639166e+00,3.777018158652714952e+00,2.149650882254161122e+00,1.370500897025395126e+00,1.249227996837321442e+00,-2.378962476198225318e+00,7.872834926535992039e-01
2.333999999999964547e+00,1.271134767916795250e+00,-2.455279247483487914e+00,7.779926875644167517e-01,-3.292239834074762728e-01,1.793763732357825713e+00,-4.509766730882822094e-01,9.224754987854579813e-01,-3.570247251999634774e-01,-1.464659440443459304e-01,1.095568216084792657e-02,-1.993672201800456678e+00,1.390141035651187407e+00,1.525618319913995546e-01,2.970168092773233681e+00,3.762880126918774160e+00,2.096876861929381164e+00,1.373818354185405655e+00,1.248735640090758992e+00,-2.375819852953313216e+00,7.864901845568317285e-01
2.335999999999964327e+00,1.270476319949980226e+00,-2.451691720018772447e+00,7.770907342182401534e-01,-3.360528192728264862e-01,1.809862512772207443e+00,-4.533314669326505286e-01,9.219629115710177292e-01,-3.589003497878499038e-01,-1.451505162852902431e-01,1.030806634458748122e-02,-1.897481080041135471e+00,1.560891924065807679e+00,1.489500733638458030e-01,3.009296028983762472e+00,3.746130636835193872e+00,2.044920281394855266e+00,1.379834362287339466e+00,1.248237281310652591e+00,-2.372650902277868568e+00,7.856971441665043798e-01
2.337999999999964107e+00,1.269804214311434531e+00,-2.448071994993227918e+00,7.761840712843748324e-01,-3.427925387336440699e-01,1.826005566922428436e+00,-4.557727093219201553e-01,9.215041421345884221e-01,-3.606863742281470886e-01,-1.436770976803524724e-01,9.609738659287724721e-03,-1.792369258949001454e+00,1.729615349192092255e+00,1.453462836390136403e-01,3.047704378662861924e+00,3.726777147445235805e+00,1.993901306746207469e+00,1.388516391759518243e+00,1.247732969117707924e+00,-2.369455829267380409e+00,7.849043871640679626e-01
2.339999999999963887e+00,1.269118629233967344e+00,-2.444419983859383194e+00,7.752725258657310325e-01,-3.494359373994860851e-01,1.842190147689841684e+00,-4.582948319638058821e-01,9.211019012837282638e-01,-3.623744260683764984e-01,-1.420476076053338033e-01,8.862277174452275544e-03,-1.678523632388720266e+00,1.895934822977015433e+00,1.417214211139494751e-01,3.085307716042155590e+00,3.704832700979926230e+00,1.943938859229366933e+00,1.399825188155632505e+00,1.247222752189573569e+00,-2.366234839671605528e+00,7.841119292201943480e-01
2.341999999999963666e+00,1.268419757359168454e+00,-2.440735603564003320e+00,7.743559362018034298e-01,-3.559759852450009587e-01,1.858413197765455660e+00,-4.608920436595128067e-01,9.207587430777876003e-01,-3.639562803673650482e-01,-1.402643266621762808e-01,8.067322540411413570e-03,-1.556151151398337706e+00,2.059478531337027185e+00,1.380478705907783599e-01,3.122022669002824991e+00,3.680316030530630389e+00,1.895150229377303042e+00,1.413714929069229242e+00,1.246706679258624106e+00,-2.362988139875241700e+00,7.833197859934406537e-01
2.343999999999963446e+00,1.267707805388678555e+00,-2.437018777168472372e+00,7.734341521144844078e-01,-3.624058394814133055e-01,1.874671353449552491e+00,-4.635583458149217240e-01,9.204770544239784247e-01,-3.654238769145328192e-01,-1.383298922146514731e-01,7.226574540661487300e-03,-1.425478420906479249e+00,2.219880216392979388e+00,1.342999307383412055e-01,3.157768011485420523e+00,3.653251657821549259e+00,1.847650689018709214e+00,1.430133404362442517e+00,1.246184799108748464e+00,-2.359715936887923249e+00,7.825279731301781894e-01
2.345999999999963226e+00,1.266982993709715677e+00,-2.433269434461573066e+00,7.725070354228545932e-01,-3.687188569392406134e-01,1.890960948707943956e+00,-4.662875485763589567e-01,9.202590451064093235e-01,-3.667693372809202046e-01,-1.362472929778847375e-01,6.341788907913555214e-03,-1.286751246047598496e+00,2.376780050746305051e+00,1.304542882170880991e-01,3.192464747262329983e+00,3.623669979470182767e+00,1.801553103269224021e+00,1.449022218853965427e+00,1.245657160574724642e+00,-2.356418438330805998e+00,7.817365062632566364e-01
2.347999999999963006e+00,1.266245555995837213e+00,-2.429487512564157292e+00,7.715744603257018719e-01,-3.749086059646689062e-01,1.907278019485953990e+00,-4.690732875499998844e-01,9.201067383123869847e-01,-3.679849816755215164e-01,-1.340198626754406097e-01,5.414774405539698847e-03,-1.140234128476712794e+00,2.529825501139378652e+00,1.264904734188817270e-01,3.226036185660768218e+00,3.591607340241370405e+00,1.756967544500809275e+00,1.470317016324542037e+00,1.245123812539405961e+00,-2.353095852435203028e+00,7.809454010122243162e-01
2.349999999999962785e+00,1.265495738783907864e+00,-2.425672956525185331e+00,7.706363137506018202e-01,-3.809688778345776128e-01,1.923618308286024314e+00,-4.719090410618676512e-01,9.200219617191522925e-01,-3.690633455791749729e-01,-1.316512727815643824e-01,4.447390172135933829e-03,-9.862097133649316838e-01,2.678672178779959889e+00,1.223912928125796273e-01,3.258408009829608432e+00,3.557106091640356738e+00,1.714000910681737544e+00,1.493947723796765992e+00,1.244584803932527350e+00,-2.349748388016436706e+00,7.801546729818218395e-01
2.351999999999962565e+00,1.264733801028238735e+00,-2.421825719908613284e+00,7.696924956684780827e-01,-3.868936976969594155e-01,1.939977269018841488e+00,-4.747881479142649352e-01,9.200063392025733533e-01,-3.699971961269897247e-01,-1.291455243699950184e-01,3.441543323028916582e-03,-8.249781879884254820e-01,2.822984673607465300e+00,1.181432330450300910e-01,3.289508338282570055e+00,3.520214634498523232e+00,1.672756549975255025e+00,1.519838814577647579e+00,1.244040183728971627e+00,-2.346376254477931411e+00,7.793643377621810586e-01
2.353999999999962345e+00,1.263960013632844825e+00,-2.417945765370575817e+00,7.687429193726496024e-01,-3.926773350450355471e-01,1.956350072142609475e+00,-4.777038255926295829e-01,9.200612832271398700e-01,-3.707795482090171513e-01,-1.265069390944651428e-01,2.399186798736481670e-03,-6.568566331193474994e-01,2.962437369756414807e+00,1.137368321856595532e-01,3.319267780422957337e+00,3.480987444031474976e+00,1.633333893974447282e+00,1.547909588733212827e+00,1.243490000945586260e+00,-2.342979661788817225e+00,7.785744109277450420e-01
2.355999999999962125e+00,1.263174658962754826e+00,-2.414033065226290464e+00,7.677875117214643108e-01,-3.983143137341639828e-01,1.972731610109095035e+00,-4.806491888756277975e-01,9.201879879739265355e-01,-3.714036802576942131e-01,-1.237401493295839094e-01,1.322317446716878269e-03,-4.821783286874296581e-01,3.096715239501793171e+00,1.091670137691994891e-01,3.347619486843671055e+00,3.439485076122013041e+00,1.595828101578554259e+00,1.578074469298389682e+00,1.242934304640870735e+00,-2.339558820483361501e+00,7.777849080365006884e-01
2.357999999999961904e+00,1.262378030335286505e+00,-2.410087602006072416e+00,7.668262133437130368e-01,-4.037994215510758989e-01,1.989116503139356062e+00,-4.836172687996676545e-01,9.203874232600061100e-01,-3.718631496894709842e-01,-1.208500875041949307e-01,2.129743192155563835e-04,-3.012920154667735329e-01,3.225514612997473662e+00,1.044333796155446220e-01,3.374499195206240199e+00,3.395774153556876840e+00,1.560329715711747056e+00,1.610243312625752043e+00,1.242373143911907007e+00,-2.336113941638231495e+00,7.769958446301492572e-01
2.359999999999961684e+00,1.261570431492184285e+00,-2.406109368999793663e+00,7.658589788061137549e-01,-4.091277193446673510e-01,2.005499105355481149e+00,-4.866010319279946428e-01,9.206603292991167864e-01,-3.721518079670367851e-01,-1.178419746625034986e-01,-9.267628333100148786e-04,-1.145611147953209397e-01,3.348543921193940953e+00,9.954045775984113331e-02,3.399845272536889507e+00,3.349927331207782633e+00,1.526924334752145729e+00,1.644321730947081672e+00,1.241806567892909996e+00,-2.332645236870448002e+00,7.762072362323158004e-01
2.361999999999961464e+00,1.260752176053494988e+00,-2.402098370789082615e+00,7.648857767422577725e-01,-4.142945497269658883e-01,2.021873511298381221e+00,-4.895933998728534964e-01,9.210072123492492047e-01,-3.722638152476644424e-01,-1.147213082912202919e-01,-2.094774896825846427e-03,7.763709138954691391e-02,3.465524409391762983e+00,9.449790223608681150e-02,3.423598754773212516e+00,3.302023239153360823e+00,1.495692300762895055e+00,1.680211425379186441e+00,1.241234625753806498e+00,-2.329152918326016675e+00,7.754190983489470668e-01
2.363999999999961243e+00,1.259923586954041053e+00,-2.398054623766485705e+00,7.639065899425120376e-01,-4.192955453515972986e-01,2.038233562864447013e+00,-4.925872690180205238e-01,9.214283412882421365e-01,-3.721936545824583442e-01,-1.114938494536668878e-01,-3.288904582914386945e-03,2.749123176799407320e-01,3.576190818997505350e+00,8.932064188866851995e-02,3.445703384407390324e+00,3.252146402988418394e+00,1.466708406260513797e+00,1.717810527381017138e+00,1.240657366697094588e+00,-2.325637198661056004e+00,7.746314464671746336e-01
2.365999999999961023e+00,1.259084995863337886e+00,-2.393978156640756971e+00,7.629214154044759999e-01,-4.241266367753787625e-01,2.054572856696368799e+00,-4.955755303876078210e-01,9.219237451534741945e-01,-3.719361456306911617e-01,-1.081656092741870578e-01,-4.506957501609712771e-03,4.768621667407369480e-01,3.680292035175537269e+00,8.402897585748231313e-02,3.466105647051769267e+00,3.200387140709098244e+00,1.440041621254041448e+00,1.757013946659061077e+00,1.240074839956863073e+00,-2.322098291039523588e+00,7.738442960548317373e-01
2.367999999999960803e+00,1.258236742589787127e+00,-2.389869010927364368e+00,7.619302643437008138e-01,-4.287840599065176339e-01,2.070884752065297096e+00,-4.985510896056352670e-01,9.224932116763698842e-01,-3.714864578529869510e-01,-1.047428348182911639e-01,-5.746703149241427951e-03,6.830730523127965803e-01,3.777591698236576701e+00,7.864861387696522876e-02,3.484754807740321869e+00,3.146841435750778793e+00,1.415754842112878720e+00,1.797713723490521165e+00,1.239487094797484090e+00,-2.318536409122074815e+00,7.730576625600553697e-01
2.369999999999960583e+00,1.257379174469974048e+00,-2.385727241423233558e+00,7.609331621644895849e-01,-4.332643630403827939e-01,2.087162379282868852e+00,-5.015068868893428622e-01,9.231362868367273267e-01,-3.708401231468452797e-01,-1.012319944157076129e-01,-7.005875844607301582e-03,8.931211505360665548e-01,3.867868776760638561e+00,7.321066004815811323e-02,3.501602947731233151e+00,3.091610785884003398e+00,1.393904663724016668e+00,1.839799383494006069e+00,1.238894180509591436e+00,-2.314951767043780251e+00,7.722715614100641446e-01
2.371999999999960362e+00,1.256512645743893319e+00,-2.381552916664667841e+00,7.599301483907109356e-01,-4.375644134808894248e-01,2.103398648682020866e+00,-5.044359170179525398e-01,9.238522754558623484e-01,-3.699930478879248641e-01,-9.763976247491783222e-02,-8.282175648392091014e-03,1.106573376311696943e+00,3.950918100648536768e+00,6.775153927353025352e-02,3.516605002556693726e+00,3.034802027993695361e+00,1.374541176097633377e+00,1.883158292700133352e+00,1.238296146410705845e+00,-2.311344579417195177e+00,7.714860080112719842e-01
2.373999999999960142e+00,1.255637516916931595e+00,-2.377346119367303778e+00,7.589212765566750729e-01,-4.416814037424594552e-01,2.119586260205573058e+00,-5.073312492169095300e-01,9.246402428413045271e-01,-3.689415243405945732e-01,-9.397300383878121055e-02,-9.573269301981398791e-03,1.322988381289244009e+00,4.026550852477545739e+00,6.231286609467763526e-02,3.529718801977389298e+00,2.976527138786226878e+00,1.357707786609264389e+00,1.927676011044107796e+00,1.237693041841511743e+00,-2.307715061311782279e+00,7.707010177479736157e-01
2.375999999999959922e+00,1.254754154109446684e+00,-2.373106946846892829e+00,7.579066140582412237e-01,-4.456128573241361912e-01,2.135717713640507220e+00,-5.101860468963278494e-01,9.254990174893223953e-01,-3.676822414015498142e-01,-9.023875773153300361e-02,-1.087679122264986233e-02,1.541917569992614423e+00,4.094595015758626388e+00,5.694125621722598979e-02,3.540905112481348205e+00,2.916903011832802761e+00,1.343441068658885351e+00,1.973236642236051885e+00,1.237084916164123527e+00,-2.304063428252092649e+00,7.699166059825151009e-01
2.377999999999959702e+00,1.253862928394798404e+00,-2.368835511419611795e+00,7.568862419644485362e-01,-4.493566340440021678e-01,2.151785319534291752e+00,-5.129935871808048997e-01,9.264271948449375182e-01,-3.662122946407435631e-01,-8.644422134773777078e-02,-1.219034459253473708e-02,1.762906130531411542e+00,4.154895778903606285e+00,5.168808156809895360e-02,3.550127682834005594e+00,2.856051211393856093e+00,1.331770637578196359e+00,2.019723178167808886e+00,1.236471818762398200e+00,-2.300389896194801054e+00,7.691327880540006490e-01
2.379999999999959481e+00,1.252964215126710412e+00,-2.364531940780543184e+00,7.558602547900868940e-01,-4.529109349185136968e-01,2.167781210827005811e+00,-5.157472801665010653e-01,9.274231421123869668e-01,-3.645291956045311754e-01,-8.259673313372459247e-02,-1.351150257880619730e-02,1.985494076351435266e+00,4.207315893944270968e+00,4.660917026050665629e-02,3.557353293187035526e+00,2.794097703795799248e+00,1.322719054126531901e+00,2.067017836030450972e+00,1.235853799035796285e+00,-2.296694681525067949e+00,7.683495792780083988e-01
2.381999999999959261e+00,1.252058393256873403e+00,-2.360196378358889291e+00,7.548287602297538701e-01,-4.562743065679227827e-01,2.183697355229813120e+00,-5.184406878399738794e-01,9.284850041022498779e-01,-3.626308803467275799e-01,-7.870375581162002143e-02,-1.483780972202985472e-02,2.209217295480400800e+00,4.251735989273165650e+00,4.176445339101311077e-02,3.562551808078196824e+00,2.731172567179705801e+00,1.316301756049217397e+00,2.115002386433401771e+00,1.235230906402252415e+00,-2.292978001049036152e+00,7.675669949460433017e-01
2.383999999999959041e+00,1.251145844643737570e+00,-2.355828983648429631e+00,7.537918788540739490e-01,-4.594456451256101470e-01,2.199525568376259343e+00,-5.210675425920592296e-01,9.296107100947315072e-01,-3.605157171542637817e-01,-7.477285919534620851e-02,-1.616678352885148398e-02,2.433608603792878355e+00,4.288054835904652862e+00,3.721756110053056621e-02,3.565696233622118072e+00,2.667409680662234273e+00,1.312527017745653390e+00,2.163558470997624106e+00,1.234603190292292041e+00,-2.289240071968819734e+00,7.667850503242297222e-01
2.385999999999958820e+00,1.250226953353486437e+00,-2.351429932511677201e+00,7.527497437688898119e-01,-4.624241996259877419e-01,2.215257527767912293e+00,-5.236217652591557137e-01,9.307979816919509375e-01,-3.581825134352639162e-01,-7.081170284689321248e-02,-1.749591630383650134e-02,2.658198798915456074e+00,4.316189566996830429e+00,3.303537082839473615e-02,3.566762779081123380e+00,2.602946394154397325e+00,1.311395937953102386e+00,2.212567907877029949e+00,1.233970700150111455e+00,-2.285481111891826345e+00,7.660037606541356681e-01
2.387999999999958600e+00,1.249302104954234549e+00,-2.346999417456141490e+00,7.517025002383714849e-01,-4.652095748427878541e-01,2.230884787530343250e+00,-5.260974826233552060e-01,9.320443416255751456e-01,-3.556305217386526718e-01,-6.682801861981349512e-02,-1.882267725356464444e-02,2.882517711513988168e+00,4.336075850590189518e+00,2.928751115751268563e-02,3.565730922875816056e+00,2.537923180099755260e+00,1.312902455236760080e+00,2.261912983995630455e+00,1.233333485429456644e+00,-2.281701338800289136e+00,7.652231411506127401e-01
2.389999999999958380e+00,1.248371685804549047e+00,-2.342537647881080876e+00,7.506503052731248182e-01,-4.678017335470593396e-01,2.246398793989172749e+00,-5.284890443022358664e-01,9.333471234798246252e-01,-3.528594448758339275e-01,-6.282959313527304579e-02,-2.014451489391382369e-02,3.106095250861041102e+00,4.347668015741041003e+00,2.604582508827375797e-02,3.562583483009816199e+00,2.472483268601930462e+00,1.317033390875747667e+00,2.311476732836008630e+00,1.232691595592969591e+00,-2.277900971050243584e+00,7.644432070022508796e-01
2.391999999999958160e+00,1.247436082337454843e+00,-2.338044850293102606e+00,7.495933271845203194e-01,-4.702009981520908766e-01,2.261790902068790743e+00,-5.307910389590410061e-01,9.347034822838111712e-01,-3.498694401165512446e-01,-5.882425023414559334e-02,-2.145885978887956957e-02,3.328462441782290337e+00,4.350939132446611346e+00,2.338379697345855518e-02,3.557306691796116915e+00,2.406772267561650747e+00,1.323768518422224982e+00,2.361143196732758298e+00,1.232045080110568236e+00,-2.274080227362318851e+00,7.636639733700993915e-01
2.393999999999957939e+00,1.246495680341150658e+00,-2.333521268488965017e+00,7.485317451066022532e-01,-4.724080517109596200e-01,2.277052392509115730e+00,-5.329983097637148726e-01,9.361104059214040429e-01,-3.466611224327171281e-01,-5.481983344658828555e-02,-2.276312764629322138e-02,3.549152450270268933e+00,4.345881045934468112e+00,2.137594771663485493e-02,3.549890274598650919e+00,2.340937769348357289e+00,1.333080659343657270e+00,2.410797673040385725e+00,1.231393988455410593e+00,-2.270239326803093149e+00,7.628854553876953659e-01
2.395999999999957719e+00,1.245550864237728650e+00,-2.328967163703946852e+00,7.474657484870748103e-01,-4.744239382313422126e-01,2.292174489887468081e+00,-5.351059690360081555e-01,9.375647273014174887e-01,-3.432355667658143483e-01,-5.082418851834998724e-02,-2.405472279242078237e-02,3.767701595301947481e+00,4.332504366093616888e+00,2.009720315398902737e-02,3.540327532268478627e+00,2.275128945853938767e+00,1.344935803704965682e+00,2.460326943371290209e+00,1.230738370105401103e+00,-2.266378488778045153e+00,7.621076681597562796e-01
2.397999999999957499e+00,1.244602016361265884e+00,-2.324382814724172075e+00,7.463955365490028138e-01,-4.762500622718481846e-01,2.307148381424404704e+00,-5.371094120025430296e-01,9.390631372258949616e-01,-3.395943092953699893e-01,-4.684514603073960254e-02,-2.533104204369129864e-02,3.983650344638298701e+00,4.310838412970427136e+00,1.962224081074167778e-02,3.528615426800641774e+00,2.209496133614221591e+00,1.359293254893140013e+00,2.509619485651408244e+00,1.230078274538159988e+00,-2.262497933025187535e+00,7.613306267622652612e-01
2.399999999999957279e+00,1.243649516236722263e+00,-2.319768517961323440e+00,7.453213177249977672e-01,-4.778881877843658144e-01,2.321965236543599875e+00,-5.390043296011053364e-01,9.406021978897052271e-01,-3.357393476880118355e-01,-4.289050414880547779e-02,-2.658947898973630306e-02,4.196544292633185513e+00,4.280931119405473773e+00,2.002482046302210897e-02,3.514754669626857453e+00,2.144190410822513826e+00,1.376105797299717493e+00,2.558565668674785076e+00,1.229413751231392737e+00,-2.258597879593921220e+00,7.605543462413626443e-01
2.401999999999957058e+00,1.242693739861153501e+00,-2.315124587488236241e+00,7.442433090657956107e-01,-4.793404361678141878e-01,2.336616227146852243e+00,-5.407867202673969365e-01,9.421783569405767222e-01,-3.316731403087188612e-01,-3.896801152985798072e-02,-2.782742869754680631e-02,4.405935118362500624e+00,4.242848892013875606e+00,2.137710410130981564e-02,3.498749811913252739e+00,2.079363168101699078e+00,1.395319885545926120e+00,2.607057929137412078e+00,1.228744849658740534e+00,-2.254678548838668917e+00,7.597788416129480638e-01
2.403999999999956838e+00,1.241735058988817864e+00,-2.310451355033942722e+00,7.431617356252607776e-01,-4.806092835003085706e-01,2.351092548556319439e+00,-5.424529006418592481e-01,9.437879620251304891e-01,-3.273986043780505173e-01,-3.508535042206598065e-02,-2.904229284192962751e-02,4.611381522639481645e+00,4.196676431818064046e+00,2.374897103318701283e-02,3.480609336080346505e+00,2.015165674854221933e+00,1.416875853990637646e+00,2.654990931253506048e+00,1.228071619290888705e+00,-2.250740161418647745e+00,7.590041278621972864e-01
2.405999999999956618e+00,1.240773840421817154e+00,-2.305749169936829990e+00,7.420768298239770466e-01,-4.816975569190707906e-01,2.365385441067313188e+00,-5.439995151368961501e-01,9.454272757434402097e-01,-3.229191130613965344e-01,-3.125011998050306050e-02,-3.023148526258819316e-02,4.812450142726405033e+00,4.142516515901213836e+00,2.720733394503857538e-02,3.460345747638464253e+00,1.951748642881798723e+00,1.440708145224735004e+00,2.702261709473424922e+00,1.227394109590195015e+00,-2.246782938261944196e+00,7.582302199424253430e-01
2.407999999999956398e+00,1.239810445307979014e+00,-2.301018399054695518e+00,7.409888307937032570e-01,-4.826084301203670823e-01,2.379486212045668125e+00,-5.454235443089963109e-01,9.470924909321809526e-01,-3.182384914786458574e-01,-2.746981982577960738e-02,-3.139243794310943303e-02,5.008716443857248457e+00,4.080489741553892991e+00,3.181546175674834775e-02,3.437975666526063012e+00,1.889261789341504238e+00,1.466745555683814040e+00,2.748769794468994387e+00,1.226712370011115993e+00,-2.242807100578588120e+00,7.574571327753636396e-01
2.409999999999956177e+00,1.238845228447738256e+00,-2.296259426630604228e+00,7.398979837050853048e-01,-4.833454179554789176e-01,2.393386258495644014e+00,-5.467223119838309220e-01,9.487797461945518540e-01,-3.133610116250465927e-01,-2.375183386825308746e-02,-3.252260740199099109e-02,5.199765586867727940e+00,4.010734234379528473e+00,3.763231510708293232e-02,3.413519916789069519e+00,1.827853400494483527e+00,1.494911497290302371e+00,2.794417323385457674e+00,1.226026449999638501e+00,-2.238812869842249142e+00,7.566848812499378241e-01
2.411999999999955957e+00,1.237878537611827312e+00,-2.291472654113612784e+00,7.388045390811176505e-01,-4.839123701029984237e-01,2.407077090015894871e+00,-5.478934910874965203e-01,9.504851415938596615e-01,-3.082913861965350666e-01,-2.010341441886415517e-02,-3.361948148057933988e-02,5.385193271486038213e+00,3.933405321859078985e+00,4.471190022105024642e-02,3.387003613592615814e+00,1.767669898091132730e+00,1.525124273293420485e+00,2.839109135076916424e+00,1.225336398986657471e+00,-2.234800467769318288e+00,7.559134802215714544e-01
2.413999999999955737e+00,1.236910712871621243e+00,-2.286658499933580835e+00,7.377087520989427105e-01,-4.843134638026559413e-01,2.420550352053320697e+00,-5.489351081425674073e-01,9.522047544269435226e-01,-3.030347613153487885e-01,-1.653166660588850645e-02,-3.468058650751749267e-02,5.564606555037160618e+00,3.848675173884145817e+00,5.310264680484420158e-02,3.358456246430120640e+00,1.708855410086443927e+00,1.557297366746209111e+00,2.882752851170135688e+00,1.224642266390789658e+00,-2.230770116319590102e+00,7.551429445123565287e-01
2.415999999999955516e+00,1.235942085944016000e+00,-2.281817399229474130e+00,7.366108818826575533e-01,-4.845531956413577923e-01,2.433797849357753229e+00,-5.498455463933918930e-01,9.539346549935295849e-01,-2.975967081543547388e-01,-1.304353311534547227e-02,-3.570349481404798409e-02,5.737624646469999590e+00,3.756732411720067777e+00,6.284681545314618756e-02,3.327911757269188087e+00,1.651551347122773183e+00,1.591339740154029236e+00,2.925258944258168015e+00,1.223944101613627211e+00,-2.226722037683074973e+00,7.543732889092842342e-01
2.417999999999955296e+00,1.234972979552733330e+00,-2.276949803530758487e+00,7.355111907898708168e-01,-4.846363723880448005e-01,2.446811569533999364e+00,-5.506235475317898809e-01,9.556709222780611634e-01,-2.919832134612189156e-01,-9.645779271523359510e-03,-3.668583256933240222e-02,5.903879675780276060e+00,3.657781686838084578e+00,7.397993984610962137e-02,3.295408612454641339e+00,1.595895986400812649e+00,1.627156144593302045e+00,2.966540794301009143e+00,1.223241954040306112e+00,-2.222656454265219850e+00,7.536045281648418026e-01
2.419999999999955076e+00,1.234003706807957235e+00,-2.272056180391690550e+00,7.344099436948072768e-01,-4.845681008803309209e-01,2.459583706582367579e+00,-5.512682120013080445e-01,9.574096594616199329e-01,-2.862006689863086928e-01,-6.344978473048206759e-03,-3.762528789990616379e-02,6.063017439000465636e+00,3.552043230983647160e+00,8.653030877063476456e-02,3.260989867040999801e+00,1.542024064264692518e+00,1.664647436837122241e+00,3.006514734658206400e+00,1.222535873033850251e+00,-2.218573588677358543e+00,7.528366769955061599e-01
2.421999999999954856e+00,1.233034570606196478e+00,-2.267137012978525767e+00,7.333074072708046787e-01,-4.843537769725483333e-01,2.472106684314187230e+00,-5.517789978658633743e-01,9.591470091831303391e-01,-2.802558598210606045e-01,-3.147497999176217861e-03,-3.851961925252180008e-02,6.214698119015858779e+00,3.439752378793912158e+00,1.005184927202185108e-01,3.224703220301221585e+00,1.490066378939446601e+00,1.703710902913647462e+00,3.045100089012000577e+00,1.221825907938724143e+00,-2.214473663724206176e+00,7.520697500818576131e-01
2.423999999999954635e+00,1.232065863052251409e+00,-2.262192799609897609e+00,7.322038492750729821e-01,-4.839990735617283324e-01,2.484373179525288577e+00,-5.521557182366267913e-01,9.608791684711952552e-01,-2.741559516564773258e-01,-5.948520050839641634e-05,-3.936666395501113580e-02,6.358596982518379015e+00,3.321159064186325338e+00,1.159569194959846755e-01,3.186601061116887568e+00,1.440149404656165366e+00,1.744240586526873749e+00,3.082219200736604048e+00,1.221112108074096980e+00,-2.210356902403859181e+00,7.513037620675850903e-01
2.425999999999954415e+00,1.231097864905127848e+00,-2.257224053250847184e+00,7.310995378385997112e-01,-4.835099277150821107e-01,2.496376144808054143e+00,-5.523985372592028487e-01,9.626024032705295941e-01,-2.679084769744088934e-01,2.913145911863206268e-03,-4.016434692547202201e-02,6.494405053387214188e+00,3.196527291641774404e+00,1.328495028956120094e-01,3.146740501868006135e+00,1.392394918268164972e+00,1.786127621117088449e+00,3.117797456240572362e+00,1.220394522733217357e+00,-2.206223527877668289e+00,7.505387275588324414e-01
2.427999999999954195e+00,1.230130845049697719e+00,-2.252231300961231142e+00,7.299947407640813291e-01,-4.828925269296197587e-01,2.508108830881113249e+00,-5.525079646721230420e-01,9.643130624900739800e-01,-2.615213201873952120e-01,5.764727664680553525e-03,-4.091068947608504647e-02,6.621829762791438867e+00,3.066134583429302118e+00,1.511913281801614273e-01,3.105183399633521635e+00,1.346919639610106856e+00,1.829260563917427085e+00,3.151763303671498040e+00,1.219673201183669065e+00,-2.202073763473308077e+00,7.497746611238573777e-01
2.429999999999953975e+00,1.229165059995838583e+00,-2.247215083299468841e+00,7.288897248347371294e-01,-4.821532945615511490e-01,2.519564808315701843e+00,-5.524848489563647380e-01,9.660075915034139760e-01,-2.550027017460151924e-01,8.489851293882086716e-03,-4.160381815427174890e-02,6.740595576224893470e+00,2.930271403702576993e+00,1.709683976024609087e-01,3.061996363372919472e+00,1.303834886527468706e+00,1.873525730810653878e+00,3.184048268641038959e+00,1.218948192663079411e+00,-2.197907832671589290e+00,7.490115772924061943e-01
2.431999999999953754e+00,1.228200753406715418e+00,-2.242175953682837619e+00,7.277847551368243906e-01,-4.812988744699496779e-01,2.530737988538616534e+00,-5.523303691047553032e-01,9.676825450360844183e-01,-2.483611612359777066e-01,1.108337907397116857e-02,-4.224197356073784021e-02,6.850444597588409401e+00,2.789240560306310179e+00,1.921574388475267292e-01,3.017250745870484696e+00,1.263246245575274873e+00,1.918807530683978912e+00,3.214586968406475176e+00,1.218219546378010776e+00,-2.193725959088951072e+00,7.482494905548042752e-01
2.433999999999953534e+00,1.227238155657775609e+00,-2.237114477705760329e+00,7.266800943986149175e-01,-4.803361149257244223e-01,2.541622643993898922e+00,-5.520460250491701082e-01,9.693345993786494086e-01,-2.416055394905637921e-01,1.354045598954590340e-02,-4.282351908125146128e-02,6.951137150307202361e+00,2.643356585032782036e+00,2.147257787754221214e-01,2.971022619275038856e+00,1.225253259291915864e+00,1.964988798044540630e+00,3.243317126001023176e+00,1.217487311502539526e+00,-2.189528366479734700e+00,7.474884153621266236e-01
2.435999999999953314e+00,1.226277483427924198e+00,-2.232031232417772681e+00,7.255760023485166021e-01,-4.792720518431372589e-01,2.552213427348750230e+00,-5.516336267924144554e-01,9.709605638690966822e-01,-2.347449597474978722e-01,1.585652093213471212e-02,-4.334694946682938338e-02,7.042452335294174581e+00,2.492945092969498067e+00,2.386312843872082368e-01,2.923392733055772741e+00,1.189949130823538148e+00,2.011951122853955720e+00,3.270179585770724096e+00,1.216751537175840170e+00,-2.185315278701395414e+00,7.467283661245778248e-01
2.437999999999953094e+00,1.225318939324237855e+00,-2.226926805563075096e+00,7.244727350949318190e-01,-4.781138913968401294e-01,2.562505389633563446e+00,-5.510952823007732038e-01,9.725573915930033619e-01,-2.277888078828976259e-01,1.802731740430211366e-02,-4.381089919536412802e-02,7.124188565420089603e+00,2.338342121519740413e+00,2.638223724347084076e-01,2.874446453464472917e+00,1.157420446850679685e+00,2.059575176265147967e+00,3.295118331492797203e+00,1.216012272500565317e+00,-2.181086919738149277e+00,7.459693572120320582e-01
2.439999999999952873e+00,1.224362711541444160e+00,-2.221801794783807793e+00,7.233705445303302284e-01,-4.768689920925657799e-01,2.572493997211765748e+00,-5.504333842214665928e-01,9.741221892551116257e-01,-2.207467117585751870e-01,2.004890371170150662e-02,-4.421415054667467842e-02,7.196164075875460142e+00,2.179893449561609131e+00,2.902380886049801823e-01,2.824273683295392523e+00,1.127746919251396029e+00,2.107741031672245136e+00,3.318080508628622916e+00,1.215269566541623547e+00,-2.176843513661182783e+00,7.452114029525267469e-01
2.441999999999952653e+00,1.223408973557259083e+00,-2.216656806789384149e+00,7.222696777618873298e-01,-4.755448463641627210e-01,2.582175147481611699e+00,-5.496505954978873065e-01,9.756522261813325159e-01,-2.136285197227308363e-01,2.191766262234096097e-02,-4.455564132248578807e-02,7.258217409641567031e+00,2.017953897193141000e+00,3.178082566832056144e-01,2.772968761301546348e+00,1.101001146474176018e+00,2.156328479748153448e+00,3.339016451559857490e+00,1.214523468322314059e+00,-2.172585284619103163e+00,7.444545176318930757e-01
2.443999999999952433e+00,1.222457883864530803e+00,-2.211492456494420722e+00,7.211703765708915581e-01,-4.741490617735025226e-01,2.591545183219747361e+00,-5.487498339632351785e-01,9.771449424157383490e-01,-2.064442783078531407e-01,2.363031047090619410e-02,-4.483447214300140954e-02,7.310207877018663147e+00,1.852886606455536711e+00,3.464536975875565084e-01,2.720630340416393622e+00,1.077248395168838080e+00,2.205217336782915094e+00,3.357879716878329202e+00,1.213774026825150898e+00,-2.168312456853740855e+00,7.436987154937204636e-01
2.445999999999952212e+00,1.221509585740983894e+00,-2.206309366127981342e+00,7.200728769029650644e-01,-4.726893418928452828e-01,2.600600905484967917e+00,-5.477342560002288474e-01,9.785979558827890834e-01,-1.992042091734987086e-01,2.518390568455652553e-02,-4.504991325251451323e-02,7.352015987880385239e+00,1.685062303374605275e+00,3.760865176430141510e-01,2.667361244021868583e+00,1.056546402542984264e+00,2.254287745690091604e+00,3.374627123803750184e+00,1.213021290987514433e+00,-2.164025254657289565e+00,7.429440107383333824e-01
2.447999999999951992e+00,1.220564207057198258e+00,-2.201108164317011617e+00,7.189774083909645785e-01,-4.711734669515335039e-01,2.609339585009718299e+00,-5.466072393615555303e-01,9.800090685908023902e-01,-1.919186853455491226e-01,2.657585670520349469e-02,-4.520141076790218371e-02,7.383543855107549625e+00,1.514858541687198024e+00,4.066104649334620902e-01,2.613268299905270986e+00,1.038945200229322019e+00,2.303420468720760450e+00,3.389218802170746336e+00,1.212265309702077687e+00,-2.159723902372306270e+00,7.421904175218960731e-01
2.449999999999951772e+00,1.219621860123295098e+00,-2.195889485146992115e+00,7.178841939122414528e-01,-4.696092743302887063e-01,2.617758972016924091e+00,-5.453723652514920195e-01,9.813762718585086198e-01,-1.845982068074479843e-01,2.780392928200093802e-02,-4.528859230590835672e-02,7.404715567383178154e+00,1.342658928618912562e+00,4.379213520497697298e-01,2.558462151467390200e+00,1.024486960132402480e+00,2.352497171354763328e+00,3.401618248629878494e+00,1.211506131813566256e+00,-2.155408624393757577e+00,7.414379499568104492e-01
2.451999999999951552e+00,1.218682641574634573e+00,-2.190653967202958352e+00,7.167934491817384846e-01,-4.680046389869297330e-01,2.625857304410264881e+00,-5.440333997742218264e-01,9.826977505523857293e-01,-1.772533755028399827e-01,2.886625310662339211e-02,-4.531127192779604851e-02,7.415477529266436107e+00,1.168852333098754137e+00,4.699075430320721058e-01,2.503057045869216068e+00,1.013205862679896541e+00,2.401400696890225728e+00,3.411792391531879076e+00,1.210743806116456156e+00,-2.151079645145827612e+00,7.406866221100889547e-01
2.453999999999951331e+00,1.217746632296660803e+00,-2.185402252594137895e+00,7.157053823821900584e-01,-4.663674538969982963e-01,2.633633314296922823e+00,-5.425942748586494169e-01,9.839718863283113404e-01,-1.698948698129425505e-01,2.976132776293093085e-02,-4.526945434324888135e-02,7.415798766235017325e+00,9.938320768618039702e-01,5.024505017955216424e-01,2.447170599077224562e+00,1.005127988028024610e+00,2.450015331209879577e+00,3.419711664594813794e+00,1.209978381354263277e+00,-2.146737189061227014e+00,7.399364480032692981e-01
2.455999999999951111e+00,1.216813897388866916e+00,-2.180134985965544114e+00,7.146201938324727720e-01,-4.647056105915958191e-01,2.641086232812977386e+00,-5.410590687730985060e-01,9.851972598768777845e-01,-1.625334185758224581e-01,3.048802796187956646e-02,-4.516333831930436499e-02,7.405671192207273990e+00,8.179951089887034232e-01,5.354253988235151418e-01,2.390923538041336727e+00,1.000271230809220757e+00,2.498227057070255608e+00,3.425350089182504831e+00,1.209209906218093877e+00,-2.142381480598473331e+00,7.391874416123576097e-01
2.457999999999950891e+00,1.215884486167683631e+00,-2.174852813499918103e+00,7.135380756949265546e-01,-4.630269798726527331e-01,2.648215793233142268e+00,-5.394319863452589070e-01,9.863726521774612843e-01,-1.551797747184627263e-01,3.104560803208631509e-02,-4.499331924459628457e-02,7.385109836797991711e+00,6.417411644838064699e-01,5.687017724314650247e-01,2.334439419990857800e+00,9.986452385581241487e-01,2.545923797949558143e+00,3.428685365323953071e+00,1.208438429343916098e+00,-2.138012744203464877e+00,7.384396168661515603e-01
2.459999999999950671e+00,1.214958432207938310e+00,-2.169556381913452014e+00,7.124592117222360299e-01,-4.613393927830041763e-01,2.655022232357826972e+00,-5.377173390044001078e-01,9.874970447717797972e-01,-1.478446885761545149e-01,3.143370563627616299e-02,-4.475999080421828868e-02,7.354153029460305468e+00,4.654719076503216479e-01,6.021442404295519468e-01,2.277844329534933543e+00,1.000251374445589203e+00,2.592995650812503605e+00,3.429698970788273460e+00,1.207663999309291469e+00,-2.133631204313118701e+00,7.376929876464677349e-01
2.461999999999950450e+00,1.214035753422372244e+00,-2.164246337448736401e+00,7.113837770442272834e-01,-4.596506219050003339e-01,2.661506290181816503e+00,-5.359195247631102221e-01,9.885696190732027322e-01,-1.405388809771696279e-01,3.165234468403079621e-02,-4.446414572609158622e-02,7.312862537512937244e+00,2.895900611477230102e-01,6.356132575728177247e-01,2.221266554083149103e+00,1.005082704570563479e+00,2.639335107735396146e+00,3.428376267673270306e+00,1.206886664634938100e+00,-2.129237085339795499e+00,7.369475677874879338e-01
2.463999999999950230e+00,1.213116452178562232e+00,-2.158923324868372795e+00,7.103119379947010481e-01,-4.579683630570290376e-01,2.667669207859903580e+00,-5.340430082550647883e-01,9.895897547334646660e-01,-1.332730161739055508e-01,3.170193741181309699e-02,-4.410677556576304142e-02,7.261323654973479869e+00,1.144985217663557209e-01,6.689659137563387370e-01,2.164836238414725056e+00,1.013124010082905313e+00,2.684837266170070347e+00,3.424706615775772622e+00,1.206106473780041100e+00,-2.124830611660726731e+00,7.362033710748212556e-01
2.465999999999950010e+00,1.212200515452448224e+00,-2.153587986452652814e+00,7.092438519781909534e-01,-4.563002174523444476e-01,2.673512723995432161e+00,-5.320923009436395734e-01,9.905570270936353561e-01,-1.260576747046674162e-01,3.158328560217966985e-02,-4.368906950304859982e-02,7.199645239091581495e+00,-5.940053585715818207e-02,7.020567675239390848e-01,2.108685019478434342e+00,1.024351824465712824e+00,2.729400027674019569e+00,3.418683491612528158e+00,1.205323475142423106e+00,-2.120412007612557659e+00,7.354604112456462062e-01
2.467999999999949789e+00,1.211287915017543515e+00,-2.148240961004661997e+00,7.081796673763036676e-01,-4.546536743790457469e-01,2.679039069287888264e+00,-5.300719416133334860e-01,9.914712037512311005e-01,-1.189033262729090462e-01,3.129758091545761095e-02,-4.321241213081412208e-02,7.127959691468046088e+00,-2.317065661916970776e-01,7.347387090930578291e-01,2.052945642541115667e+00,1.038734496047586386e+00,2.772924285124767962e+00,3.410304612052440731e+00,1.204537717054650514e+00,-2.115981497476113304e+00,7.347187019873180347e-01
2.469999999999949569e+00,1.210378607668785467e+00,-2.142882882866086192e+00,7.071195234930770512e-01,-4.530360944540344770e-01,2.684250959585208651e+00,-5.279864772521660754e-01,9.923322402801392217e-01,-1.118203027330772342e-01,3.084640430892758231e-02,-4.267838022339880133e-02,7.046422880708689718e+00,-4.020215688325894932e-01,7.668638467766106803e-01,1.997751560110485824e+00,1.056232275900796935e+00,2.815314098409173127e+00,3.399572061135992307e+00,1.203749247784687171e+00,-2.111539305459118054e+00,7.339782569374539989e-01
2.471999999999949349e+00,1.209472535479877431e+00,-2.137514380946915704e+00,7.060635505385727262e-01,-4.514546934974030812e-01,2.689151587395290033e+00,-5.258404444285864621e-01,9.931402751445903565e-01,-1.048187712741278504e-01,3.023172452075295960e-02,-4.208873847967593146e-02,6.955214003703753534e+00,-5.699510117783880281e-01,7.982844103930190061e-01,1.943236515339997084e+00,1.076797431220199330e+00,2.856476858461978185e+00,3.386492418497082824e+00,1.202958115531034267e+00,-2.107085655697787274e+00,7.332390896829101834e-01
2.473999999999949129e+00,1.208569626092882654e+00,-2.132136077772125216e+00,7.050118696497155169e-01,-4.499165270670408834e-01,2.693744611919263399e+00,-5.236383512606277435e-01,9.938956238526949205e-01,-9.790870789323501133e-02,2.945589559851917102e-02,-4.144543424345695920e-02,6.854535382751153705e+00,-7.351047599597899662e-01,8.288536650191014044e-01,1.889534111516571802e+00,1.100374383985504023e+00,2.896323439979910042e+00,3.371076887865869676e+00,1.202164368424094576e+00,-2.102620772237273172e+00,7.325012137597530781e-01
2.475999999999948908e+00,1.207669793038748551e+00,-2.126748588548286634e+00,7.039645929471942676e-01,-4.484284756864375110e-01,2.698034147676221739e+00,-5.213846600686870003e-01,9.945987723990576956e-01,-9.109987125322450974e-02,2.852165345526314413e-02,-4.075059121179842175e-02,6.744612196006250393e+00,-8.970980067878899789e-01,8.584268282439704301e-01,1.836777369765872692e+00,1.126899874864918827e+00,2.934768342717348766e+00,3.353341423735090032e+00,1.201368054522790274e+00,-2.098144879027799448e+00,7.317646426521227099e-01
2.477999999999948688e+00,1.206772936087375570e+00,-2.121352520252933971e+00,7.029218236270569076e-01,-4.469972307917817744e-01,2.702024751795371937e+00,-5.190837707959489178e-01,9.952503700496577732e-01,-8.440177701770650021e-02,2.743211143929328438e-02,-4.000650214971322727e-02,6.625692138989609070e+00,-1.055552206298151940e+00,8.868619839427385187e-01,1.785098276967825193e+00,1.156303151972591259e+00,2.971729821708478436e+00,3.333306854422198207e+00,1.200569221811578657e+00,-2.093658199902833417e+00,7.310293897920550066e-01
2.479999999999948468e+00,1.205878941625792011e+00,-2.115948470749343446e+00,7.018836560854649909e-01,-4.456292814176437411e-01,2.705721410056812104e+00,-5.167400052726764947e-01,9.958512215255052036e-01,-7.782367275779479565e-02,2.619075490786944987e-02,-3.921562063773505191e-02,6.498045015243660849e+00,-1.210096003245413998e+00,9.140209855064176381e-01,1.734627326299597483e+00,1.188506184199669580e+00,3.007130006491424368e+00,3.310998999388627517e+00,1.199767918202015338e+00,-2.089160958586248285e+00,7.302954685591691586e-01
2.481999999999948248e+00,1.204987683062956672e+00,-2.110537027929229925e+00,7.008501760749196174e-01,-4.443309016338555795e-01,2.709129521766428628e+00,-5.143575923919828652e-01,9.964022786445537738e-01,-7.137451352359480694e-02,2.480143479893250763e-02,-3.838055188666912587e-02,6.361962254594732080e+00,-1.360366158336508091e+00,9.397703414320680571e-01,1.685493052742378373e+00,1.223423898471147853e+00,3.040895009671575444e+00,3.286448778954278893e+00,1.198964191527240430e+00,-2.084653378662196133e+00,7.295628922793744309e-01
2.483999999999948027e+00,1.204099021259688929e+00,-2.105118768885696934e+00,6.998214608901356382e-01,-4.431081387398053684e-01,2.712254883553657070e+00,-5.119406542557771722e-01,9.969046314838982958e-01,-6.506293817233517462e-02,2.326836019946418657e-02,-3.750404266161079525e-02,6.217756357916988996e+00,-1.506008465595453982e+00,9.639820762189528214e-01,1.637821566171377974e+00,1.260964440351405091e+00,3.072955025078730973e+00,3.259692314196607654e+00,1.198158089542404880e+00,-2.080135683576472161e+00,7.288316742250122715e-01
2.485999999999947807e+00,1.203212804982209283e+00,-2.099694259118589645e+00,6.987975795816240288e-01,-4.419668022163057985e-01,2.715103672183087902e+00,-5.094931933402756519e-01,9.973594991264304044e-01,-5.889724654306939533e-02,2.159608991371472081e-02,-3.658897036484416720e-02,6.065760267778602888e+00,-1.646678658700512221e+00,9.865345596124376337e-01,1.591736084734265422e+00,1.301029457186063887e+00,3.103244415773323439e+00,3.230771014964068488e+00,1.197349659922709364e+00,-2.075608096620371157e+00,7.281018276140249768e-01
2.487999999999947587e+00,1.202328871377776665e+00,-2.094264051774223478e+00,6.977785931949435083e-01,-4.409124534295808528e-01,2.717682426472180612e+00,-5.070190807207667349e-01,9.977682200578180671e-01,-5.288537756526724004e-02,1.978952303938946722e-02,-3.563833133447751045e-02,5.906326664846702101e+00,-1.782043303008145951e+00,1.007313297401002838e+00,1.547356471206686512e+00,1.343514402765375149e+00,3.131701792332752365e+00,3.199731654026539474e+00,1.196538950260476852e+00,-2.071070840927504264e+00,7.273733656093304134e-01
2.489999999999947367e+00,1.201447046470917490e+00,-2.088828686921279321e+00,6.967645550335019866e-01,-4.399503960768202937e-01,2.719998028407646817e+00,-5.045220453856816833e-01,9.981322422808857064e-01,-4.703488838537784461e-02,1.785388856487493681e-02,-3.465522842255298885e-02,5.739827190480736974e+00,-1.911780669859214132e+00,1.026211677205915107e+00,1.504798775195800964e+00,1.388308862456309134e+00,3.158270081734829482e+00,3.166626425253038946e+00,1.195726008064925239e+00,-2.066524139451743736e+00,7.266463013186514885e-01
2.491999999999947146e+00,1.200567145678763881e+00,-2.083388690864464099e+00,6.957555109427305817e-01,-4.390856673582357317e-01,2.722057683552470131e+00,-5.020056646601918082e-01,9.984531132152085764e-01,-4.135293459155730406e-02,1.579473400567312641e-02,-3.364285792281281745e-02,5.566651596518732426e+00,-2.035581589685627524e+00,1.043131662998056930e+00,1.464174784089707249e+00,1.435296897537386540e+00,3.182896587189376625e+00,3.131512983914679804e+00,1.194910880759239902e+00,-2.061968214967677682e+00,7.259206477936350765e-01
2.493999999999946926e+00,1.199688974344047310e+00,-2.077944575497359114e+00,6.947514996134102061e-01,-4.383230298566793692e-01,2.723868900834103268e+00,-4.994733557499344556e-01,9.987324694499466471e-01,-3.584625161223106010e-02,1.361791310332627868e-02,-3.260449592424601029e-02,5.387206823836405256e+00,-2.153150280386619375e+00,1.057984432442826028e+00,1.425591585585808563e+00,1.484357407315196387e+00,3.205533039368561266e+00,3.094454467263519692e+00,1.194093615679294729e+00,-2.057403290053102296e+00,7.251964180291983197e-01
2.495999999999946706e+00,1.198812328284333928e+00,-2.072496837695690708e+00,6.937525529019102910e-01,-4.376669641026876278e-01,2.725439471802175273e+00,-4.969283684059325745e-01,9.989720264176388254e-01,-3.052113735904755931e-02,1.132957261519621991e-02,-3.154348417190894205e-02,5.201916011858997102e+00,-2.264205147426098907e+00,1.070690951602269791e+00,1.389151144700264684e+00,1.535364507491209896e+00,3.226135639423565404e+00,3.055519493674956788e+00,1.193274260071577331e+00,-2.052829587079472162e+00,7.244736249636138936e-01
2.497999999999946485e+00,1.197936994356128659e+00,-2.067045958752086410e+00,6.927586961650984421e-01,-4.371216618003306853e-01,2.726777449441155632e+00,-4.943737787026848407e-01,9.991735680558256893e-01,-2.538343617909222943e-02,8.936138228453025315e-03,-3.046321552125134946e-02,5.011217441802057415e+00,-2.368479552122385812e+00,1.081182482014062529e+00,1.354949898085801907e+00,1.588187923077865049e+00,3.244665094185555709e+00,3.014782138800325306e+00,1.192452861091995331e+00,-2.048247328203601114e+00,7.237522814774868252e-01
2.499999999999946265e+00,1.197062751032528016e+00,-2.061592403853204303e+00,6.917699486076930304e-01,-4.366910196874808081e-01,2.727891126619942153e+00,-4.918124839126055137e-01,9.993389365219915721e-01,-2.043852417501758334e-02,6.444299636464964620e-03,-2.936711907623062306e-02,4.815563416994266710e+00,-2.465722544659576076e+00,1.089401015716991772e+00,1.323078368373526104e+00,1.642693394030144249e+00,3.261086644020522840e+00,2.972321887380853234e+00,1.191629465803346832e+00,-2.043656735356634613e+00,7.230324003929871068e-01
2.501999999999946045e+00,1.196189368993153090e+00,-2.056136621599964354e+00,6.907863236398678053e-01,-4.363786340030732513e-01,2.728789014256355561e+00,-4.892471984517482442e-01,9.994700220253740497e-01,-1.569129594506733089e-02,3.860994820404802224e-03,-2.825864510481060007e-02,4.615419084214193113e+00,-2.555699558434346486e+00,1.095299634398078981e+00,1.293620801250082497e+00,1.698743091703728503e+00,3.275370083704928881e+00,2.928223559500316764e+00,1.190804121173927754e+00,-2.039058030231316820e+00,7.223139944741054919e-01
2.503999999999945825e+00,1.195316611725147027e+00,-2.050679043571451476e+00,6.898078292429643543e-01,-4.361877955336012636e-01,2.729479819270149932e+00,-4.866804508641301430e-01,9.995687528367223074e-01,-1.114615278787098838e-02,1.193393583251395156e-03,-2.714124982797418498e-02,4.411261200499834167e+00,-2.638193062491864360e+00,1.098842789486815352e+00,1.266654827707375697e+00,1.756196044025759129e+00,3.287489776793886875e+00,2.882577210415656843e+00,1.189976874076650759e+00,-2.034451434274942017e+00,7.215970764254597825e-01
2.505999999999945604e+00,1.194444236134079906e+00,-2.045220083932911326e+00,6.888344683412360725e-01,-4.361214852114337903e-01,2.729972422393471820e+00,-4.841145818049982785e-01,9.996370855340896977e-01,-6.806992409452683988e-03,-1.551119612599987990e-03,-2.601838018010012299e-02,4.203576850412868993e+00,-2.713003168951659383e+00,1.100006500722403358e+00,1.242251153923446871e+00,1.814908567356343205e+00,3.297424663809294110e+00,2.835478003130346814e+00,1.189147771285407273e+00,-2.029837168675257431e+00,7.208816588921527213e-01
2.507999999999945384e+00,1.193571993163657030e+00,-2.039760139088124369e+00,6.878662391776261265e-01,-4.361823702385329016e-01,2.730275855902836390e+00,-4.815517429771024593e-01,9.996769955392320606e-01,-2.677200162174356215e-03,-4.364963449218956654e-03,-2.489345863943003348e-02,3.992862119176076696e+00,-2.779948192540647955e+00,1.098778471447039884e+00,1.220473280806375849e+00,1.874734702739721426e+00,3.305158264754975761e+00,2.787026053401091552e+00,1.188316859475550658e+00,-2.025215454352050415e+00,7.201677544589477620e-01
2.509999999999945164e+00,1.192699628423179892e+00,-2.034299587376318552e+00,6.869031356916719400e-01,-4.363728007107235407e-01,2.730399281331730599e+00,-4.789938969686271530e-01,9.996904679952022255e-01,1.240358162557410457e-03,-7.240378140349986412e-03,-2.376986822737408439e-02,3.779620727543985037e+00,-2.838865159561771101e+00,1.095158119641512773e+00,1.201377255317060300e+00,1.935526654423602722e+00,3.310678676181107338e+00,2.737326246843004185e+00,1.187484185219092936e+00,-2.020586511943960772e+00,7.194553756498995867e-01
2.511999999999944944e+00,1.191826882821758415e+00,-2.028838788813655203e+00,6.859451478977346417e-01,-4.366948067197677918e-01,2.730351967217991227e+00,-4.764428179368168093e-01,9.996794890312881154e-01,4.943341974026104965e-03,-1.016944434094681216e-02,-2.265093777455506538e-02,3.564362634591958123e+00,-2.889610263896044362e+00,1.089156524496651013e+00,1.185011455142528813e+00,1.997135228322886924e+00,3.313978563280862488e+00,2.686488028286713625e+00,1.186649794987632234e+00,-2.015950561809617625e+00,7.187445349280627838e-01
2.513999999999944723e+00,1.190953493208318781e+00,-2.023378084879219330e+00,6.849922622618610513e-01,-4.371500959130477093e-01,2.730143266935249002e+00,-4.739000930775491005e-01,9.996460374565944162e-01,8.429939948620016749e-03,-1.314410251566206639e-02,-2.153992754977869170e-02,3.347602614909230834e+00,-2.932059267926068191e+00,1.080796289100498964e+00,1.171416408225821826e+00,2.059410268146770306e+00,3.315055147279184489e+00,2.634625163783128166e+00,1.185813735145702097e+00,-2.011307823997626087e+00,7.180352446946391964e-01
2.515999999999944503e+00,1.190079193016492676e+00,-2.017917798345348679e+00,6.840444620757059058e-01,-4.377400514935841369e-01,2.729782596653031135e+00,-4.713671248182935147e-01,9.995920769183633814e-01,1.169887252515137283e-02,-1.615617270105067227e-02,-2.044001534555454913e-02,3.129858816913690944e+00,-2.966107846552076488e+00,1.070111320617567641e+00,1.160624648401344494e+00,2.122201087103771311e+00,3.313910188359712183e+00,2.581855475682091505e+00,1.184976051951425191e+00,-2.006658518247363077e+00,7.173275172884805428e-01
2.517999999999944283e+00,1.189203712913505573e+00,-2.012458233152042641e+00,6.831017278260693715e-01,-4.384657306463308202e-01,2.729279413465672377e+00,-4.688451336698377658e-01,9.995195485556168657e-01,1.474939283915894031e-02,-1.919737459484860409e-02,-1.935428311038856278e-02,2.911651309140790289e+00,-2.991671872819206435e+00,1.057146530110922633e+00,1.152660607936237591e+00,2.185356892880454538e+00,3.310549964445169024e+00,2.528300551848883693e+00,1.184136791556257506e+00,-2.002002863987499381e+00,7.166213649859463075e-01
2.519999999999944063e+00,1.188326781452212932e+00,-2.006999674325111283e+00,6.821640375587296745e-01,-4.393278633800890010e-01,2.728643193726056015e+00,-4.663351616711040593e-01,9.994303641729307408e-01,1.758128611388643653e-02,-2.225934790481757380e-02,-1.828570421386788505e-02,2.693500621437671327e+00,-3.008687644010647588e+00,1.041957454921245807e+00,1.147540547576349823e+00,2.248727203808108754e+00,3.304985246026470591e+00,2.474085430129386864e+00,1.183295999999446124e+00,-1.997341080304622096e+00,7.159167999998450327e-01
2.521999999999943842e+00,1.187448125725452774e+00,-2.001542387937659040e+00,6.812313672353874638e-01,-4.403268517779040936e-01,2.727883411616424336e+00,-4.638380763610869817e-01,9.993263999532301378e-01,2.019486753294120335e-02,-2.533367288927356603e-02,-1.723713142559557890e-02,2.475926288018858390e+00,-3.017112047377970896e+00,1.024609807257576666e+00,1.145272524517723323e+00,2.312162254423214769e+00,3.297231267110509734e+00,2.419338259215002562e+00,1.182453723210871388e+00,-1.992673385955740173e+00,7.152138344796616920e-01
2.523999999999943622e+00,1.186567472021897052e+00,-1.996086621114426141e+00,6.803036910826653072e-01,-4.414627696523346079e-01,2.727009517985135467e+00,-4.613545752125243760e-01,9.992094907224250422e-01,2.259097862659504435e-02,-2.841189102150422710e-02,-1.621128568334626388e-02,2.259445399224788709e+00,-3.016922665088900501e+00,1.005178953338437875e+00,1.145856398020037137e+00,2.375513388193007724e+00,3.287307692582667418e+00,2.364189937947822173e+00,1.181610007004140428e+00,-1.987999999334633117e+00,7.145124805099092313e-01
2.525999999999943402e+00,1.185684546482592472e+00,-1.990632602078455937e+00,6.793809819322402799e-01,-4.427353626054431612e-01,2.726030919475293857e+00,-4.588851904632044176e-01,9.990814247726306219e-01,2.477098221015758273e-02,-3.148552571089677926e-02,-1.521074571948460678e-02,2.044571168733118505e+00,-3.008117818251317299e+00,9.837493280876155044e-01,1.149283872640013637e+00,2.438633436150933420e+00,3.275238581836999341e+00,2.308773734341804662e+00,1.180764897080083031e+00,-1.983321138484811286e+00,7.138127501111233286e-01
2.527999999999943181e+00,1.184799075757381637e+00,-1.985180540239505298e+00,6.784632115513138384e-01,-4.441440484966574509e-01,2.724956957968691640e+00,-4.564302942829487342e-01,9.989439392446615162e-01,2.673675591886855857e-02,-3.454610301459255794e-02,-1.423793860774755921e-02,1.831811522719415164e+00,-2.990716550279155506e+00,9.604137909716869981e-01,1.155538578197457866e+00,2.501377079497402178e+00,3.261052348848531235e+00,2.253224886780039959e+00,1.179918439021493626e+00,-1.978637021070412061e+00,7.131146552381286696e-01
2.529999999999942961e+00,1.183910787660388264e+00,-1.979730626323567888e+00,6.775503509627479604e-01,-4.456879183247166587e-01,2.723796890366442014e+00,-4.539901042169640633e-01,9.987987160645590556e-01,2.849068438917300855e-02,-3.758517227495870860e-02,-1.329513128504257284e-02,1.621667717213097770e+00,-2.964758550157706729e+00,9.352729291088027752e-01,1.164596185709698695e+00,2.563601195088098805e+00,3.244781718549528460e+00,2.197680189236709936e+00,1.179070678293870245e+00,-1.973947864380065198e+00,7.124182077801242130e-01
2.531999999999942741e+00,1.183019411823738931e+00,-1.974283032542835103e+00,6.766423707543139932e-01,-4.473657375326780539e-01,2.722559868726082133e+00,-4.515646888496081535e-01,9.986473784231728601e-01,3.003565014108796477e-02,-4.059432661998345349e-02,-1.238442309500867658e-02,1.414632989539764907e+00,-2.930304016515726140e+00,9.084343142383114467e-01,1.176424557973971385e+00,2.625165182461093760e+00,3.226463679492406644e+00,2.142277563041624422e+00,1.178221660240838631e+00,-1.969253885302791218e+00,7.117234195600294910e-01
2.533999999999942521e+00,1.182124680348673573e+00,-1.968837912805383006e+00,6.757392413766147854e-01,-4.491759477473502016e-01,2.721254920773739094e+00,-4.491539736364526525e-01,9.984914877823405366e-01,3.137502322056249376e-02,-4.356522326589149646e-02,-1.150773939182340132e-02,1.211191249375478618e+00,-2.887433463683514390e+00,8.800117205369214490e-01,1.190983933458181543e+00,2.685931271656446295e+00,3.206139432550843438e+00,2.087155617376417638e+00,1.177371430085260684e+00,-1.964555300332435195e+00,7.110303023342003925e-01
2.535999999999942300e+00,1.181226328453178764e+00,-1.963395402963835634e+00,6.748409334293419271e-01,-4.511166689664906082e-01,2.719890930809159002e+00,-4.467577468568170729e-01,9.983325413860769659e-01,3.251264966429445735e-02,-4.648960356373822711e-02,-1.066682623418794759e-02,1.011815814476736852e+00,-2.836247471228294348e+00,8.501243105752090967e-01,1.208227141633684498e+00,2.745764810899891550e+00,3.183854335584588302e+00,2.032453201233408002e+00,1.176520032926221759e+00,-1.959852325547998930e+00,7.103388677914059812e-01
2.537999999999942080e+00,1.180324095115245830e+00,-1.957955621102217325e+00,6.739474179356282901e-01,-4.531857022086228093e-01,2.718476621020969208e+00,-4.443756656435470243e-01,9.981719702504573410e-01,3.345283885233386184e-02,-4.935931273449286477e-02,-9.863246190686104919e-03,8.169681957040546560e-01,-2.776866378688606307e+00,8.188957969432608675e-01,1.228099847963482372e+00,2.804534533823901388e+00,3.159657843703219449e+00,1.978308949209928169e+00,1.175667513737979064e+00,-1.955145176605910251e+00,7.096491275530558696e-01
2.539999999999941860e+00,1.179417723710828536e+00,-1.952518667860175361e+00,6.730586666043412158e-01,-4.553805326413469801e-01,2.717020533229432822e+00,-4.420072620517895290e-01,9.980111376016164160e-01,3.420034981602555063e-02,-5.216631924005793453e-02,-9.098375268865699361e-03,6.270969354327418088e-01,-2.709429927476877165e+00,7.864535872190813182e-01,1.250540826287758867e+00,2.862112805829563733e+00,3.133603444934678794e+00,1.924860823855408354e+00,1.174813917366977378e+00,-1.950434068730245940e+00,7.089610931724044107e-01
2.541999999999941640e+00,1.178506962645545775e+00,-1.947084626793716522e+00,6.721746520802376335e-01,-4.576983332045407860e-01,2.715531011074106882e+00,-4.396519491335846297e-01,9.978513377275408658e-01,3.476037657038191786e-02,-5.490273374079222141e-02,-8.373400971533155601e-03,4.426365029430789910e-01,-2.634096852101203812e+00,7.529279200179912479e-01,1.275482256422950211e+00,2.918375849669579303e+00,3.105748590864118253e+00,1.872245657036032185e+00,1.173959288532104850e+00,-1.945719216705001031e+00,7.082747761336127823e-01
2.543999999999941419e+00,1.177591565979136723e+00,-1.941653564771568252e+00,6.712953481819704527e-01,-4.601359687448567937e-01,2.714016182664181986e+00,-4.373090269903250893e-01,9.976937952061739612e-01,3.513853254089139427e-02,-5.756082759332503684e-02,-7.689321474962932529e-03,2.640062498188554541e-01,-2.551044423054357857e+00,7.184509998373431738e-01,1.302850044381878680e+00,2.973203950245653981e+00,3.076154622001476824e+00,1.820598693081078245e+00,1.173103671821964511e+00,-1.941000834857604218e+00,7.075901878520616251e-01
2.545999999999941199e+00,1.176671294041647053e+00,-1.936225532406239846e+00,6.704207301279897502e-01,-4.626900006774288254e-01,2.712483943709817158e+00,-4.349776887803765146e-01,9.975396644697773763e-01,3.534083415503574271e-02,-6.013305084576805321e-02,-7.046945915097392599e-03,9.160942788371698176e-02,-2.460467943825213499e+00,6.831561383091038220e-01,1.332564162864939172e+00,3.026481639220821140e+00,3.044886687280614623e+00,1.770053136008255645e+00,1.172247111692628962e+00,-1.936279137059713662e+00,7.069073396735197079e-01
2.547999999999940979e+00,1.175745914040292162e+00,-1.930800564518820206e+00,6.695507747504290119e-01,-4.653566921897191455e-01,2.710941941153425461e+00,-4.326570266644024776e-01,9.973900296635767049e-01,3.537368366851208201e-02,-6.261204969074790627e-02,-6.446895759422181620e-03,-7.416772838035343152e-02,-2.362580204634481706e+00,6.471769092853265626e-01,1.364539009112510248e+00,3.078097859768734068e+00,3.012013657496457331e+00,1.720739703555563604e+00,1.171389652466816145e+00,-1.931554336700386898e+00,7.062262428733765418e-01
2.549999999999940758e+00,1.174815200655912717e+00,-1.925378680636513407e+00,6.686854606971002202e-01,-4.681320140010138409e-01,2.709397557320546213e+00,-4.303460376759344896e-01,9.972459047554418365e-01,3.524385129528517097e-02,-6.499068334002459923e-02,-5.889607234138334417e-03,-2.329568534638792321e-01,-2.257610895543693097e+00,6.106463249225240197e-01,1.398683777670734818e+00,3.127946112445603610e+00,2.977608032008810302e+00,1.672786190178217280e+00,1.170531338333633542e+00,-1.926826646698586387e+00,7.055469086568271209e-01
2.551999999999940538e+00,1.173878936627910763e+00,-1.919959885521872245e+00,6.678247686217483325e-01,-4.710116506892148003e-01,2.707857894610652405e+00,-4.280436295097272970e-01,9.971082338527569311e-01,3.495845670927699017e-02,-6.726204028772259091e-02,-5.375334768576421965e-03,-3.844082355812584728e-01,-2.145805981668373441e+00,5.736960395965756687e-01,1.434902845145854533e+00,3.175924582881820335e+00,2.941745838418846404e+00,1.626317041498192895e+00,1.169672213344087552e+00,-1.922096279469982960e+00,7.048693481577350539e-01
2.553999999999940318e+00,1.172936913326532382e+00,-1.914544169732650847e+00,6.669686813627289101e-01,-4.739910075943696843e-01,2.706329760748869884e+00,-4.257486262249899345e-01,9.969778916826829152e-01,3.452494998370367330e-02,-6.941945393241159834e-02,-4.904155411588071237e-03,-5.281915340622275190e-01,-2.027427043225769943e+00,5.364555880805889077e-01,1.473096164377754924e+00,3.221936252533033507e+00,2.904506524618471364e+00,1.581452942207536516e+00,1.168812321410827693e+00,-1.917363446934459148e+00,7.041935724385401940e-01
2.555999999999940098e+00,1.171988931311343629e+00,-1.909131510211153016e+00,6.661171841102789815e-01,-4.770652183058365359e-01,2.704819654620163938e+00,-4.234597738650138221e-01,9.968556841927420642e-01,3.395109203191799124e-02,-7.145651753134894812e-02,-4.475974167960370190e-03,-6.639964293756950298e-01,-1.902750583167085008e+00,4.990516639574455460e-01,1.513159665186445624e+00,3.265888993521390837e+00,2.865972842877143822e+00,1.538310419593565737e+00,1.167951706307322368e+00,-1.912628360503376257e+00,7.035195924898607345e-01
2.557999999999939877e+00,1.171034800874731996e+00,-1.903721870901912583e+00,6.652702645625490074e-01,-4.802291527371897462e-01,2.703333752707975268e+00,-4.211757459987106045e-01,9.967423492299852805e-01,3.324493461111243525e-02,-7.336709846315390970e-02,-4.090530196789323759e-03,-7.915332061846418465e-01,-1.772067305127631887e+00,4.616074437265291763e-01,1.554985659062724013e+00,3.307695648790472287e+00,2.826230725510637143e+00,1.497001464622141897e+00,1.167090411664931437e+00,-1.907891231055700132e+00,7.028474192294700273e-01
2.559999999999939657e+00,1.170074342569257686e+00,-1.898315203396496731e+00,6.644279130705516012e-01,-4.834774257900052441e-01,2.701877896159563086e+00,-4.188951491930612558e-01,9.966385572589616659e-01,3.241479994747611254e-02,-7.514535177799334942e-02,-3.747403808262409538e-03,-9.105332701625119540e-01,-1.635681364349091726e+00,4.242419615014199064e-01,1.598463245422402368e+00,3.347274099189210261e+00,2.785369151526633225e+00,1.457633172092213991e+00,1.166228480971883030e+00,-1.903152268950279336e+00,7.021770635029218610e-01
2.561999999999939437e+00,1.169107387717677637e+00,-1.892911447604177511e+00,6.635901227721654472e-01,-4.868044066045127405e-01,2.700457578500433442e+00,-4.166165284289206627e-01,9.965449120812156503e-01,3.146926003847611703e-02,-7.678573301695934550e-02,-3.446024190476169782e-03,-1.020749599703912880e+00,-1.493909594231992877e+00,3.870695385997392490e-01,1.643478716546159957e+00,3.384547318395342508e+00,2.743480004224500668e+00,1.420307401856579776e+00,1.165365957572960909e+00,-1.898411683995718136e+00,7.015085360819872662e-01
2.563999999999939217e+00,1.168133778904468567e+00,-1.887510532447176592e+00,6.627568897153075511e-01,-4.902042283919679222e-01,2.699077934020116754e+00,-4.143383724750545061e-01,9.964619515220647372e-01,3.041711568479843128e-02,-7.828301028480044721e-02,-3.185677793789187633e-03,-1.121957133851517074e+00,-1.347080711038991074e+00,3.501992716922605609e-01,1.689915959327340067e+00,3.419443417573754473e+00,2.700657918960073012e+00,1.385120462139065367e+00,1.164502884664132765e+00,-1.893669685458448271e+00,7.008418476645976725e-01
2.565999999999938996e+00,1.167153370447684635e+00,-1.882112376579136326e+00,6.619282129703574213e-01,-4.936707988403790104e-01,2.697743726851288049e+00,-4.120591192378390555e-01,9.963901480539065769e-01,2.926737530136603802e-02,-7.963227556239692306e-02,-2.965517296797349264e-03,-1.213953098093836891e+00,-1.195534499247776994e+00,3.137345825290390189e-01,1.737656851091671006e+00,3.451895680698738644e+00,2.657000121250536306e+00,1.352162816608759810e+00,1.163639305295591342e+00,-1.888926482037263099e+00,7.001770088746743781e-01
2.567999999999938776e+00,1.166166028850003977e+00,-1.876716889125433774e+00,6.611040947318816974e-01,-4.971978110821301811e-01,2.696459340763713186e+00,-4.097771611056716945e-01,9.963299093291967390e-01,2.802923355362101770e-02,-8.082895524746987193e-02,-2.784571075341539439e-03,-1.296557269797993683e+00,-1.039620979912961873e+00,2.777728315873871923e-01,1.786581647819156293e+00,3.481842592274587922e+00,2.612606254586304466e+00,1.321518816017267506e+00,1.162775262367377493e+00,-1.884182281861271235e+00,6.995140302613611638e-01
2.569999999999938556e+00,1.165171633227839676e+00,-1.871323970443906415e+00,6.602845404096703286e-01,-5.007787552090380290e-01,2.695228769693822191e+00,-4.074908503085171163e-01,9.962815786004786123e-01,2.671204986214743837e-02,-8.186881991387674751e-02,-2.641753094015618798e-03,-1.369612185233147095e+00,-8.796995643304861279e-01,2.424049973121241708e-01,1.836569362614082213e+00,3.509227858550312273e+00,2.567578198013846347e+00,1.293266455541777438e+00,1.161910798628101205e+00,-1.879437292485349076e+00,6.988529222986263889e-01
2.571999999999938336e+00,1.164170075717421593e+00,-1.865933512904518699e+00,6.594695587090533273e-01,-5.044069303175376939e-01,2.694055609029833764e+00,-4.051985043139111342e-01,9.962454350093565836e-01,2.532532681564722901e-02,-8.274799328155592326e-02,-2.535873138439037697e-03,-1.432983290245100516e+00,-7.161381951980940741e-01,2.077154219416944281e-01,1.887498132654618077e+00,3.534000423480807562e+00,2.522019873402064682e+00,1.267477158597274167e+00,1.161045956674913171e+00,-1.874691720869449796e+00,6.981936953850071959e-01
2.573999999999938115e+00,1.163161261856786588e+00,-1.860545401686459099e+00,6.586591617004254884e-01,-5.080754570641028423e-01,2.692943047671317203e+00,-4.028984112809732010e-01,9.962216937310177656e-01,2.387868852935315367e-02,-8.346296039071687822e-02,-2.465647306082781147e-03,-1.486559036671790901e+00,-5.493124773523915261e-01,1.737816242407656531e-01,1.939245573222055263e+00,3.556114480718357562e+00,2.476037042220645912e+00,1.244215587656217537e+00,1.160180778949099434e+00,-1.869945773377239107e+00,6.975363598428137024e-01
2.575999999999937895e+00,1.162145110942658377e+00,-1.855159515591116470e+00,6.578533648778635001e-01,-5.117772907086227674e-01,2.691893860880899769e+00,-4.005888355940152579e-01,9.962105059657555550e-01,2.238185898324909773e-02,-8.401057497522898543e-02,-2.429708673673258278e-03,-1.530250926660547961e+00,-3.796048000914645781e-01,1.406741788069267862e-01,1.991689117187728009e+00,3.575529482494778311e+00,2.429737092134075294e+00,1.223539482677804990e+00,1.159315307737331935e+00,-1.865199655765408693e+00,6.968809259182142668e-01
2.577999999999937675e+00,1.161121556361241147e+00,-1.849775727869354736e+00,6.570521872066754643e-01,-5.155052346213937486e-01,2.690910403944529516e+00,-3.982680234967080346e-01,9.962119587738529347e-01,2.084464037192475250e-02,-8.438806603139288598e-02,-2.426618060124892656e-03,-1.563993507009573847e+00,-2.074034529847814112e-01,1.084566609794828662e-01,2.044706338911863153e+00,3.592210146453557851e+00,2.383228813428322823e+00,1.205499527355820000e+00,1.158449585169423202e+00,-1.860453573167305308e+00,6.962274037800417759e-01
2.579999999999937454e+00,1.160090545891998337e+00,-1.844393907061465665e+00,6.562556511596820963e-01,-5.192519542276172739e-01,2.689994606655320197e+00,-3.959342088467466270e-01,9.962260747550905071e-01,1.927689149562656495e-02,-8.459304357936089924e-02,-2.454874805539292073e-03,-1.587744315623859537e+00,-3.310173699414331594e-02,7.718565576814606644e-02,2.098175261529031665e+00,3.606126461183431164e+00,2.336622165568981835e+00,1.190139243388303569e+00,1.157583653214887320e+00,-1.855707730095545571e+00,6.955758035204970824e-01
2.581999999999937234e+00,1.159052041983543058e+00,-1.839013917848155044e+00,6.554637827419885765e-01,-5.230099913618185825e-01,2.689147968634581165e+00,-3.935856190097148932e-01,9.962528115789606176e-01,1.768850622006736331e-02,-8.462350361544572486e-02,-2.512927489022851596e-03,-1.601483782132354650e+00,1.429029273438595371e-01,4.691082864060721475e-02,2.151974646700060223e+00,3.617253691061223186e+00,2.290028034339573360e+00,1.177494912784861736e+00,1.156717553684389443e+00,-1.850962330417345925e+00,6.949261351533015940e-01
2.583999999999937014e+00,1.158006022000819479e+00,-1.833635621910885805e+00,6.546766115039691636e-01,-5.267717790034953662e-01,2.688371555502163890e+00,-3.912204809088832280e-01,9.962920613763557309e-01,1.608939203082803207e-02,-8.447783225443572519e-02,-2.599184510877647521e-03,-1.605215084607789722e+00,3.202098929972015950e-01,1.767505546261174260e-02,2.205984266340030864e+00,3.625572380966123553e+00,2.243557979928529900e+00,1.167595528065229704e+00,1.155851328225596220e+00,-1.846217577363617579e+00,6.942784086143651834e-01
2.585999999999936794e+00,1.156952478442812460e+00,-1.828258878799881471e+00,6.538941705421513761e-01,-5.305296563644582575e-01,2.687665995906822314e+00,-3.888370272457272736e-01,9.963436500079805302e-01,1.448944870677847628e-02,-8.415480906183114840e-02,-2.712024468068306281e-03,-1.598963964259974446e+00,4.984161791547218057e-01,-1.048539161712443157e-02,2.260085155739594676e+00,3.631068361133173994e+00,2.197323976660859657e+00,1.160462770102925312e+00,1.154985018324397927e+00,-1.841473673509639752e+00,6.936326337613030191e-01
2.587999999999936573e+00,1.155891419130083531e+00,-1.822883546808067745e+00,6.531164964876599033e-01,-5.342758842978171385e-01,2.687031479425868508e+00,-3.864335029034388636e-01,9.964073362289571634e-01,1.289854713581675867e-02,-8.365360957665805841e-02,-2.849806255714475503e-03,-1.582778499846820619e+00,6.771173620071786470e-01,-3.754060600532957426e-02,2.314159847924491586e+00,3.633732752362083929e+00,2.151438144961554055e+00,1.156111013197618442e+00,1.154118665299423085e+00,-1.836730820750503312e+00,6.929888203722063267e-01
2.589999999999936353e+00,1.154822867361487981e+00,-1.817509483849216068e+00,6.523436294818529824e-01,-5.380026609983576957e-01,2.686467755342055508e+00,-3.840081715427842712e-01,9.964828107730063778e-01,1.132650829541859659e-02,-8.297380702621570681e-02,-3.010878831654332458e-03,-1.556728843420097208e+00,8.559084620849584102e-01,-6.346676031391575157e-02,2.368092589240799128e+00,3.633561971814185387e+00,2.106012476258136701e+00,1.154547356716202122e+00,1.153252310305250106e+00,-1.831989220325894507e+00,6.923469781458129191e-01
2.591999999999936133e+00,1.153746862039491283e+00,-1.812136548338531883e+00,6.515756131387674399e-01,-5.417021379640080125e-01,2.685974132304375761e+00,-3.815593223970014103e-01,9.965696953831423288e-01,9.783082419992324141e-03,-8.211537323476381101e-02,-3.193590585824430689e-03,-1.520906918957716902e+00,1.034384826626368437e+00,-8.824577625686831628e-02,2.421769536014613422e+00,3.630557738850569649e+00,2.061158551959070273e+00,1.155771682905293751e+00,1.152385994327291385e+00,-1.827249072784169925e+00,6.917071167015356181e-01
2.593999999999935913e+00,1.152663457763563271e+00,-1.806764600073923033e+00,6.508124944939734924e-01,-5.453664361883954204e-01,2.685549478878303642e+00,-3.790852772687773875e-01,9.966675418189827607e-01,8.277928376768734636e-03,-8.107867872884970406e-02,-3.396298261236105950e-03,-1.475426085251565267e+00,1.212143005535634144e+00,-1.118649555613333152e-01,2.475078932876903171e+00,3.624727081170207033e+00,2.016987257113110665e+00,1.159776739766705589e+00,1.151519758181708042e+00,-1.822510577978945889e+00,6.910692455780695909e-01
2.595999999999935692e+00,1.151572724891186450e+00,-1.801393501116166362e+00,6.500543239394359629e-01,-5.489876625548482103e-01,2.685192224989985554e+00,-3.765843977292107070e-01,9.967758308735034101e-01,6.820593272025418478e-03,-7.986449204261303336e-02,-3.617375378667860887e-03,-1.420420764372471334e+00,1.388781619461005645e+00,-1.343165769038260904e-01,2.527911272872097825e+00,3.616082340453373511e+00,1.973608490117932490e+00,1.166548248336179761e+00,1.150653642514130937e+00,-1.817773935067279467e+00,6.904333742335628799e-01
2.597999999999935472e+00,1.150474749566076760e+00,-1.796023116666186414e+00,6.493011551439775708e-01,-5.525579264027915549e-01,2.684900364267978734e+00,-3.740550925147537731e-01,9.968939714343428848e-01,5.420492309696992722e-03,-7.847397822710941440e-02,-3.855220122760341737e-03,-1.356046036882123440e+00,1.563902218569722002e+00,-1.555974641007661363e-01,2.580159440163503515e+00,3.604641177295329069e+00,1.931130869337915446e+00,1.176065033178626207e+00,1.149787687798609070e+00,-1.813039342490910144e+00,6.897995120451048123e-01
2.599999999999935252e+00,1.149369633713271277e+00,-1.790653315937650536e+00,6.485530449589480551e-01,-5.560693562380940591e-01,2.684671457285373819e+00,-3.714958251144844237e-01,9.970212996265628291e-01,4.086888924945030616e-03,-7.690869656839294244e-02,-4.108262652959232368e-03,-1.282477204896387724e+00,1.737110130589017754e+00,-1.757085309293841546e-01,2.631718835914029775e+00,3.590426574665470660e+00,1.889661437946717593e+00,1.188299175056657830e+00,1.148921934332891581e+00,-1.808306997977510377e+00,6.891676683084702049e-01
2.601999999999935032e+00,1.148257495000795103e+00,-1.785283973023079840e+00,6.478100533087191026e-01,-5.595141165595827193e-01,2.684502635704488771e+00,-3.689051215362599834e-01,9.971570780750620422e-01,2.828875215948668895e-03,-7.517059751984772609e-02,-4.374971808637599657e-03,-1.199909324042116587e+00,1.908015296683992945e+00,-1.946543080512007085e-01,2.682487488091607641e+00,3.573466839125706063e+00,1.849305368313471032e+00,1.203216184558236979e+00,1.148056422242378360e+00,-1.803577098517493482e+00,6.885378522374940857e-01
2.603999999999934811e+00,1.147138466767675835e+00,-1.779914967751670796e+00,6.470722430656465907e-01,-5.628844247746558338e-01,2.684390607325795930e+00,-3.662815782360130945e-01,9.973004953256612293e-01,1.655352698007693654e-03,-7.326201885505893852e-02,-4.653861183692683916e-03,-1.108556705237577766e+00,2.076233093771100435e+00,-2.124424575674933313e-01,2.732366146386575601e+00,3.553795599235374691e+00,1.810165666979085763e+00,1.220775195269018898e+00,1.147191191473838856e+00,-1.798849840369697972e+00,6.879100729635885259e-01
2.605999999999934591e+00,1.146012697918126433e+00,-1.774546186537019121e+00,6.463396799091745137e-01,-5.661725681774817387e-01,2.684331662042316768e+00,-3.636238701907226756e-01,9.974506654641541736e-01,5.750134050553904657e-04,-7.118568104833424004e-02,-4.943494551910771959e-03,-1.008652387228886615e+00,2.241385141848101004e+00,-2.290832807198215637e-01,2.781258363031886560e+00,3.531451800056254697e+00,1.772342881799470193e+00,1.240929175180194299e+00,1.146326281797373170e+00,-1.794125419049109382e+00,6.872843395359131691e-01
2.607999999999934371e+00,1.144880352781771471e+00,-1.769177523212934533e+00,6.456124321687930490e-01,-5.693709209637811686e-01,2.684321678700371638e+00,-3.609307590915043495e-01,9.976066279724263852e-01,-4.036786352762408801e-04,-6.894468189088120980e-02,-5.242490630365438491e-03,-9.004475807699648948e-01,2.403100094927014041e+00,-2.445892241935191391e-01,2.829070560723984329e+00,3.506479692843078588e+00,1.735934812541563899e+00,1.263625154863101452e+00,1.145461732802546706e+00,-1.789404029305714516e+00,6.866606609202952072e-01
2.609999999999934150e+00,1.143741610939843945e+00,-1.763808879855533807e+00,6.448905706506100621e-01,-5.724719612565795090e-01,2.684356132867266709e+00,-3.582011016289846084e-01,9.977673478600309620e-01,-1.272505525783340424e-03,-6.654249035158849024e-02,-5.549527174018153465e-03,-7.842110852864442316e-01,2.561014414195378119e+00,-2.589743903897138710e-01,2.875712088996045246e+00,3.478928819233994219e+00,1.701036226126416473e+00,1.288804470719752127e+00,1.144597583897054349e+00,-1.784685865128139426e+00,6.860390459990588496e-01
2.611999999999933930e+00,1.142596667017330869e+00,-1.758440167589799374e+00,6.441741684473520912e-01,-5.754682881174353337e-01,2.684430105506222741e+00,-3.554338578394480863e-01,9.979317161084328980e-01,-2.023513194589505321e-03,-6.398293969231830247e-02,-5.863344400491899561e-03,-6.602286789174289794e-01,2.714773122010936124e+00,-2.722540568650167470e-01,2.921095270050529713e+00,3.448853988660089520e+00,1.667738578162750951e+00,1.316403021859249067e+00,1.143733874308852094e+00,-1.779971119737510321e+00,6.854195035713663842e-01
2.613999999999933710e+00,1.141445730441096096e+00,-1.753071307378786914e+00,6.434633007316732378e-01,-5.783526385176155360e-01,2.684538292558548367e+00,-3.526280994762109322e-01,9.980985504634664052e-01,-2.649028631305507756e-03,-6.127021984865351628e-02,-6.182747749624131588e-03,-5.288024828016870682e-01,2.864030535369270325e+00,-2.844442099528646239e-01,2.965135435555684040e+00,3.416315248152219652e+00,1.636129741894562395e+00,1.346351538881165766e+00,1.142870643079421100e+00,-1.775259985566080445e+00,6.848020423514205035e-01
2.615999999999933490e+00,1.140289025164060943e+00,-1.747702230793669820e+00,6.427580445327207848e-01,-5.811179042433745057e-01,2.684675015432699929e+00,-3.497830183669178306e-01,9.982665966094647070e-01,-3.141676633853541199e-03,-5.840886908810015432e-02,-6.506609987853672998e-03,-3.902503005351406484e-01,3.008450977506604840e+00,-2.955610973397754249e-01,3.007750955593370357e+00,3.381377843552578533e+00,1.606293746059501260e+00,1.378575862876161295e+00,1.142007929066894079e+00,-1.770552654258025882e+00,6.841866709694590654e-01
2.617999999999933269e+00,1.139126789355574099e+00,-1.742332880762804459e+00,6.420584784959869618e-01,-5.837571487089241451e-01,2.684834232399408549e+00,-3.468979347137668423e-01,9.984345297559746868e-01,-3.494396034392981826e-03,-5.540376495883535257e-02,-6.833872672710377370e-03,-2.449049337344795796e-01,3.147709466340343099e+00,-3.056208041023956157e-01,3.048863261259314505e+00,3.344112171282910939e+00,1.578310522771435576e+00,1.412997232899508404e+00,1.141145770940342530e+00,-1.765849316654325207e+00,6.835733979702913743e-01
2.619999999999933049e+00,1.137959275058156194e+00,-1.736963212298005654e+00,6.413646826265594347e-01,-5.862636236497993369e-01,2.685009550891448438e+00,-3.439723052903462253e-01,9.986009566650660974e-01,-3.700455371900217717e-03,-5.226011454319676869e-02,-7.163546997629700007e-03,-9.311347472692796390e-02,3.281492378478833238e+00,-3.146388563940273331e-01,3.088396862103976570e+00,3.304593719668350804e+00,1.552255666855309357e+00,1.449532580230195489e+00,1.140284207183841048e+00,-1.761150162789121509e+00,6.829622318139803028e-01
2.621999999999932829e+00,1.136786747810856646e+00,-1.731593193196222735e+00,6.406767380159787972e-01,-5.886307856681765038e-01,2.685194240705829571e+00,-3.410057314854333388e-01,9.987644181439404578e-01,-3.753467978249897669e-03,-4.898344403123815888e-02,-7.494714041963949219e-03,6.476342259243464405e-02,3.409498087592131466e+00,-3.226298566373512755e-01,3.126279359924429180e+00,3.262902999106567670e+00,1.528200207619917483e+00,1.488094827641072371e+00,1.139423276089901904e+00,-1.756455381885857037e+00,6.823531808743572569e-01
2.623999999999932609e+00,1.135609486239520294e+00,-1.726222804714811154e+00,6.399947265530079310e-01,-5.908523126002325210e-01,2.685381248105159990e+00,-3.379979671413568809e-01,9.989233920239266595e-01,-3.647406444071835899e-03,-4.557958763079986847e-02,-7.826524455391555696e-03,2.283522925835510531e-01,3.531437575974280652e+00,-3.296071536990134998e-01,3.162441459996639725e+00,3.219125460137527206e+00,1.506210394435851363e+00,1.528593192029290559e+00,1.138563015761407726e+00,-1.751765162333171588e+00,6.817462534399600926e-01
2.625999999999932388e+00,1.134427781614319786e+00,-1.720852042218600886e+00,6.393187306187252394e-01,-5.929221196739259403e-01,2.685563210813628032e+00,-3.349489261316501709e-01,9.990762966430206671e-01,-3.376616430324191030e-03,-4.205467583167937784e-02,-8.158197609892378632e-03,3.972676272048507595e-01,3.647035018221898461e+00,-3.355825511453793264e-01,3.196816981290919291e+00,3.173351399004304074e+00,1.486347496832269410e+00,1.570933488582798798e+00,1.137703464107888252e+00,-1.747079691686039382e+00,6.811414577121288616e-01
2.627999999999932168e+00,1.133241937374972030e+00,-1.715480915796973704e+00,6.386488327664618936e-01,-5.948343754235827507e-01,2.685732473901437878e+00,-3.318586896204566150e-01,9.992214948449377188e-01,-2.935829791339928090e-03,-3.841512304258273836e-02,-8.489020256060870323e-03,5.711126636147683122e-01,3.756028336012275481e+00,-3.405660562546521386e-01,3.229342866734637774e+00,3.125675849970840137e+00,1.468667620268947704e+00,1.615018434893084054e+00,1.136844658846742462e+00,-1.742399156668497540e+00,6.805388018062279443e-01
2.629999999999931948e+00,1.132052268624124780e+00,-1.710109450849170765e+00,6.379851153872210245e-01,-5.965835173254110391e-01,2.685881106549564912e+00,-3.287275129446229904e-01,9.993572985032195266e-01,-2.320176975181541604e-03,-3.466761462062536991e-02,-8.818344723726894915e-03,7.494801886935281710e-01,3.858169723025860254e+00,-3.445656720231713432e-01,3.259959194601645294e+00,3.076198463700572372e+00,1.453221538469191998e+00,1.660747953476595873e+00,1.135986637499572183e+00,-1.737723743132036702e+00,6.799382937498554824e-01
2.631999999999931728e+00,1.130859101589474003e+00,-1.704737688636071669e+00,6.373276603613318159e-01,-5.981642671157127999e-01,2.686000919684358390e+00,-3.255558320571945163e-01,9.994819735743362132e-01,-1.525198667463836333e-03,-3.081909331422954743e-02,-9.145586709630181693e-03,9.319533591483681878e-01,3.953226139197470790e+00,-3.475872339821002299e-01,3.288609192423789018e+00,3.025023371791586868e+00,1.440054542769978241e+00,1.708019470937652606e+00,1.135129437392352614e+00,-1.733053636090161831e+00,6.793399414838097172e-01
2.633999999999931507e+00,1.129662773055242653e+00,-1.699365686796702857e+00,6.366765486972174592e-01,-5.995716457509226993e-01,2.686083484468781979e+00,-3.223442694706983858e-01,9.995937456789563136e-01,-5.468566453097610004e-04,-2.687674514125608025e-02,-9.470222697259699993e-03,1.118106535747095176e+00,4.040979773522345830e+00,-3.496342931631680195e-01,3.315239254088822918e+00,2.972259036663158049e+00,1.429206309460062663e+00,1.756728212511475595e+00,1.134273095652675423e+00,-1.728389019676441762e+00,6.787437528607247472e-01
2.635999999999931287e+00,1.128463629763740705e+00,-1.693993519827765359e+00,6.360318601582760634e-01,-6.008009879659640395e-01,2.686120151633920372e+00,-3.190936396376766737e-01,9.996908062056931721e-01,6.184561910781792961e-04,-2.284798472520897794e-02,-9.791787055870061762e-03,1.307506130221583573e+00,4.121228474772766326e+00,-3.507080461072969446e-01,3.339798961227907093e+00,2.918018086894921925e+00,1.420710785435514989e+00,1.806767490461507419e+00,1.133417649210516132e+00,-1.723730077148488249e+00,6.781497356451842151e-01
2.637999999999931067e+00,1.127262027787808707e+00,-1.688621279524497476e+00,6.353936728790007260e-01,-6.018479563846885760e-01,2.686102071630808830e+00,-3.158049537059257617e-01,9.997713189266952405e-01,1.973906640727698860e-03,-1.874044011327591006e-02,-1.010986886714776260e-02,1.499711463350959173e+00,4.193786149577497291e+00,-3.508073123476360688e-01,3.362241109701057606e+00,2.862417137884739393e+00,1.414596092591907439e+00,1.858028985068421957e+00,1.132563134795079307e+00,-1.719076990888865453e+00,6.775578975132381387e-01
2.639999999999930846e+00,1.126058331875039231e+00,-1.683249075381235915e+00,6.347620629715888807e-01,-6.027085551334597779e-01,2.686020215578631021e+00,-3.124794235866354963e-01,9.998334271094734271e-01,3.522212908324722121e-03,-1.456193710084927213e-02,-1.042410852900054613e-02,1.694275632695257938e+00,4.258483127413282610e+00,-3.499285593340112355e-01,3.382521741774598301e+00,2.805576597753016266e+00,1.410884451348465740e+00,1.910403017036319984e+00,1.131709588932411137e+00,-1.714429942370756521e+00,6.769682460521186940e-01
2.641999999999930626e+00,1.124852914764772338e+00,-1.677877034950078672e+00,6.341371041244155959e-01,-6.033791429063467548e-01,2.685865396980925635e+00,-3.091184652743843575e-01,9.998752611044177119e-01,5.265637223486450795e-03,-1.032048308801287312e-02,-1.073419418647681214e-02,1.890746388473943718e+00,4.315166492184685509e+00,-3.480659743215135937e-01,3.400600184730080411e+00,2.747620458829087120e+00,1.409592123353284876e+00,1.963778810155614618e+00,1.130857047949975325e+00,-1.709789112182974691e+00,6.763807887603823232e-01
2.643999999999930406e+00,1.123646156478959712e+00,-1.672505304156116868e+00,6.335188671938668525e-01,-6.038564454279280458e-01,2.685628294176631403e+00,-3.057237013601468711e-01,9.998949463825334005e-01,7.205979399906660247e-03,-6.024250494249392372e-03,-1.103985803990172911e-02,2.088667016065656412e+00,4.363700380140604906e+00,-3.452115822897872111e-01,3.416439096217344762e+00,2.688676074631113799e+00,1.410729373560584365e+00,2.018044743415630116e+00,1.130005547967074975e+00,-1.705154679994720368e+00,6.757955330465454935e-01
2.645999999999930186e+00,1.122438443588103851e+00,-1.667134047567763622e+00,6.329074197911465083e-01,-6.041375672575081124e-01,2.685299473487632760e+00,-3.022969626803699295e-01,9.998906119931383341e-01,9.344571359468527294e-03,-1.681559758380585549e-03,-1.134087257992718104e-02,2.287577223647654368e+00,4.403966244011599862e+00,-3.413554085356658718e-01,3.430004516804766812e+00,2.628873922958885778e+00,1.414300451569130868e+00,2.073088591589132168e+00,1.129155124900167451e+00,-1.700526824561947592e+00,6.752124862296815522e-01
2.647999999999929965e+00,1.121230168453588805e+00,-1.661763448620788397e+00,6.323028258657857892e-01,-6.042200028766350206e-01,2.684869413018982964e+00,-2.988402890484799790e-01,9.998603994065730083e-01,1.168227264431931194e-02,2.699138048566144827e-03,-1.163704679835889447e-02,2.487014033517935374e+00,4.435863083325859435e+00,-3.364856841568240609e-01,3.441265929858563943e+00,2.568347355276844990e+00,1.420303592133452808e+00,2.128797753724957609e+00,1.128305814456782130e+00,-1.695905723712129998e+00,6.746316555384543889e-01
2.649999999999929745e+00,1.120021728447835541e+00,-1.656393709794750535e+00,6.317051452876888407e-01,-6.041016470002918970e-01,2.684328527062222580e+00,-2.953559290186230091e-01,9.998024717024813768e-01,1.421946693761697890e-02,7.109278969200970473e-03,-1.192822242234075486e-02,2.686512675704090469e+00,4.459307640970376241e+00,-3.305890922479806648e-01,3.450196328886680597e+00,2.507232333011525149e+00,1.428731034565819513e+00,2.185059468932299964e+00,1.127457652139243649e+00,-1.691291554341077585e+00,6.740530481115376560e-01
2.651999999999929525e+00,1.118813525153834920e+00,-1.651025052740626053e+00,6.311144334296515668e-01,-6.037808040510636021e-01,2.683667191046239076e+00,-2.918463386357230127e-01,9.997150230599288756e-01,1.695605961123474933e-02,1.154020423533507617e-02,-1.221427021776685766e-02,2.885607482533325996e+00,4.474234566146360947e+00,-3.236510522516659605e-01,3.456772292323794904e+00,2.445667151295180197e+00,1.439569060661777034e+00,2.241761019088504003e+00,1.126610673238504390e+00,-1.686684492409639802e+00,6.734766709963642128e-01
2.653999999999929305e+00,1.117605963545732717e+00,-1.645657718358533472e+00,6.305307407523801366e-01,-6.032561967350437149e-01,2.682875766974014198e+00,-2.883141791312491264e-01,9.995962885015745591e-01,1.989147631616288228e-02,1.598317864366582269e-02,-1.249508640566905811e-02,3.083832782865480571e+00,4.480596543921516073e+00,-3.156560395362765781e-01,3.460974065324379012e+00,2.383792150533789123e+00,1.452798050965881327e+00,2.298789918316042069e+00,1.125764912837015075e+00,-1.682084712912669033e+00,6.729025311497940365e-01
2.655999999999929084e+00,1.116399451152262579e+00,-1.640291966824585446e+00,6.299541123941176934e-01,-6.025269736582781199e-01,2.681944629277413839e+00,-2.847623135286675433e-01,9.994445538403654572e-01,2.302466262864545643e-02,2.042940920136361929e-02,-1.277058923279863513e-02,3.280723794877078880e+00,4.478364391706637804e+00,-3.065879369691117406e-01,3.462785648771338209e+00,2.321749417049376429e+00,1.468392558390542391e+00,2.356034088918222302e+00,1.124920405804404666e+00,-1.677492389910852921e+00,6.723306354371478832e-01
2.657999999999928864e+00,1.115194397204946064e+00,-1.634928077566030646e+00,6.293845877670604105e-01,-6.015927159232448140e-01,2.680864191016053333e+00,-2.811938021299639767e-01,9.992581657737711343e-01,2.635408476240519091e-02,2.487006401077578033e-02,-1.304071573474707528e-02,3.475817516244790628e+00,4.467527122964663810e+00,-2.964304149124686316e-01,3.462194894354361008e+00,2.259682472758335336e+00,1.486321399253383913e+00,2.413382024125401148e+00,1.124077186797622474e+00,-1.672907696482283768e+00,6.717609906320012314e-01
2.659999999999928644e+00,1.113991211773099677e+00,-1.629566349183998453e+00,6.288222001628004376e-01,-6.004534426462231345e-01,2.679624930340207545e+00,-2.776118968601148929e-01,9.990355420674801312e-01,2.987773135442872707e-02,2.929629136181209278e-02,-1.330541872669725387e-02,3.668653610794107234e+00,4.448091978571899752e+00,-2.851673358267831082e-01,3.459193605768151158e+00,2.197735955331125535e+00,1.506547760532255698e+00,2.470722937617095383e+00,1.123235290259318120e+00,-1.668330804737919948e+00,6.711936034159000641e-01
2.661999999999928423e+00,1.112790304887807169e+00,-1.624207099323317971e+00,6.282669763690802434e-01,-5.991096153385269130e-01,2.678217417131925515e+00,-2.740200344543574640e-01,9.987751817677739119e-01,3.359311632898323574e-02,3.369923899997122330e-02,-1.356466405335884397e-02,3.858775290702093130e+00,4.420084426244254239e+00,-2.727831794004273447e-01,3.453777644912587874e+00,2.136055289224499720e+00,1.529029323019924114e+00,2.527946900314253842e+00,1.122394750418267861e+00,-1.663761885808625607e+00,6.706284803783324477e-01
2.663999999999928203e+00,1.111592085657130191e+00,-1.618850664489054125e+00,6.277189363001715039e-01,-5.975621410974191194e-01,2.676632339732980537e+00,-2.704218284803346362e-01,9.984756753794715722e-01,3.749728284163438702e-02,3.807007353728990989e-02,-1.381842812580089987e-02,4.045730193490778781e+00,4.383548128480101447e+00,-2.592634839245179235e-01,3.445947042514708070e+00,2.074786348629068744e+00,1.553718399421998964e+00,2.584944964890260710e+00,1.121555601285338710e+00,-1.659201109839258947e+00,6.700656280163022060e-01
2.665999999999927983e+00,1.110396961374935376e+00,-1.613497399809588062e+00,6.271780926432107828e-01,-5.958123745561842988e-01,2.674860531663199925e+00,-2.668210601957402006e-01,9.981357149444618493e-01,4.158680830218056818e-02,4.239999997279667726e-02,-1.406669576881770453e-02,4.229071253104605077e+00,4.338544879459528936e+00,-2.445952994432661898e-01,3.435706111997452350e+00,2.014075112984394789e+00,1.580562086809369049e+00,2.641609278693851426e+00,1.120717876654028444e+00,-1.654648645973438192e+00,6.695050527336752211e-01
2.667999999999927763e+00,1.109205336625822991e+00,-1.608147678746261633e+00,6.266444505228192519e-01,-5.938621185472028330e-01,2.672892998228086014e+00,-2.632216682498560445e-01,9.977541039544076673e-01,4.585781047253785492e-02,4.668028128828220769e-02,-1.430945839816755161e-02,4.408357564505908321e+00,4.285154511364003049e+00,-2.287676480764850029e-01,3.423063565817322740e+00,1.954067316247398267e+00,1.609502432414668949e+00,2.697833185741574269e+00,1.119881610099527691e+00,-1.650104662357179564e+00,6.689467608415489153e-01
2.669999999999927542e+00,1.108017612388728645e+00,-1.602801892749805557e+00,6.261180071863194918e-01,-5.917136234370881098e-01,2.670720942910698170e+00,-2.596277372467672984e-01,9.973297670302411211e-01,5.030595463281010982e-02,5.090225808439950012e-02,-1.454671254256881610e-02,4.583155241262705459e+00,4.223474770526885358e+00,-2.117719867923638088e-01,3.408032632845400922e+00,1.894908090462842143e+00,1.640476612115765676e+00,2.753511318812579933e+00,1.119046834976275662e+00,-1.645569326121957943e+00,6.683907585572859134e-01
2.671999999999927322e+00,1.106834185141854388e+00,-1.597460450863984249e+00,6.255987517118259955e-01,-5.893695850988286411e-01,2.668335793439448267e+00,-2.560434851963936942e-01,9.968617593005910660e-01,5.492646180598050043e-02,5.505736822120922691e-02,-1.477845872074503263e-02,4.753038265705946230e+00,4.153621163823456364e+00,-1.936026678421783886e-01,3.390631175720726809e+00,1.836741604816338080e+00,1.673417120638573508e+00,2.808539682524488157e+00,1.118213584418727535e+00,-1.641042803385502680e+00,6.678370520047698378e-01
2.673999999999927102e+00,1.105655445971656770e+00,-1.592123779277105244e+00,6.250866647414332622e-01,-5.868331414925306300e-01,2.665729227421012038e+00,-2.524732498888737631e-01,9.963492754112970307e-01,5.971411802895058851e-02,5.913716642634650467e-02,-1.500470067914050527e-02,4.917589331272823827e+00,4.075726775646279165e+00,-1.742573920284644917e-01,3.370881806699995931e+00,1.779710700886950159e+00,1.708251972678364483e+00,2.862815728590008213e+00,1.117381891337688060e+00,-1.636525259236336183e+00,6.672856472137231876e-01
2.675999999999926882e+00,1.104481779688671672e+00,-1.586792320822263180e+00,6.245817182416555369e-01,-5.841078678335899221e-01,2.662893197425900027e+00,-2.489214742364085076e-01,9.957916580986793109e-01,6.466328465499068812e-02,6.313334383295510222e-02,-1.522544499121535402e-02,5.076400676714059479e+00,3.989942055781795727e+00,-1.537376499817457998e-01,3.348812000707525272e+00,1.723956525233405479e+00,1.744904914003769347e+00,2.916238424355482195e+00,1.116551788421476843e+00,-1.632016857730818060e+00,6.667365501200768207e-01
2.677999999999926661e+00,1.103313563953004506e+00,-1.581466534427411474e+00,6.240838752931827660e-01,-5.811977703350487134e-01,2.659819955413641246e+00,-2.453926906361891813e-01,9.951884062602647241e-01,6.976790967009605104e-02,6.703774740845566682e-02,-1.544070101452631703e-02,5.229074911839726170e+00,3.896434578418603856e+00,-1.320491466544697068e-01,3.324454203902064808e+00,1.669618160005613250e+00,1.783295641746546867e+00,2.968708315998106695e+00,1.115723308132858804e+00,-1.627517761883595426e+00,6.661897665647762423e-01
2.679999999999926441e+00,1.102151168412334403e+00,-1.576146894516584185e+00,6.235930899119104254e-01,-5.781072785191955221e-01,2.656502076384792854e+00,-2.418915044160979688e-01,9.945391824581907292e-01,7.502154000322620864e-02,7.084239923404361816e-02,-1.565048119714603989e-02,5.375225834511452305e+00,3.795388772480415618e+00,-1.092022043194259551e-01,3.297845936414772972e+00,1.616832252825326055e+00,1.823340032900037322e+00,3.020127587599437557e+00,1.114896482709868408e+00,-1.623028133662828054e+00,6.656453022941510866e-01
2.681999999999926221e+00,1.100994953855296110e+00,-1.570833890363814600e+00,6.231093069030781972e-01,-5.748412361023186312e-01,2.652932481148444932e+00,-2.384225764338490650e-01,9.938438197925536510e-01,8.041733480799952150e-02,7.453951559361111923e-02,-1.585480172042383687e-02,5.514479238543799511e+00,3.687005623383804664e+00,-8.521213946772783487e-02,3.269029887481532892e+00,1.565732646698090091e+00,1.864950380230185223e+00,3.070400117564137776e+00,1.114071344163734878e+00,-1.618548133988824134e+00,6.651031629599719608e-01
2.683999999999926001e+00,1.099845271383091516e+00,-1.565528025401517809e+00,6.226324617502104752e-01,-5.714048904656815475e-01,2.649104458096408710e+00,-2.349906049085116189e-01,9.931023280844886170e-01,8.594807969106547929e-02,7.812152582951382984e-02,-1.605368346068184945e-02,5.646473712122136668e+00,3.571502346241017367e+00,-6.009960914927174602e-02,3.238054001246013502e+00,1.516450010894026867e+00,1.908035634764495114e+00,3.119431533820126834e+00,1.113247924277375844e+00,-1.614077922707437551e+00,6.645633541179369885e-01
2.685999999999925780e+00,1.098702461602160119e+00,-1.560229816485324994e+00,6.221624805403934699e-01,-5.678038807349979900e-01,2.645011683878732089e+00,-2.316003065700659724e-01,9.923148993118001693e-01,9.160620186009627020e-02,8.158109092128991435e-02,-1.624715324822099266e-02,5.770861426328719013e+00,3.449112030491622516e+00,-3.389092248679115293e-02,3.204971551912433991e+00,1.469111474191624245e+00,1.952501653810632787e+00,3.167129269076603748e+00,1.112426254604089948e+00,-1.609617658603255563e+00,6.640258812289223656e-01
2.687999999999925560e+00,1.097566853840690193e+00,-1.554939793117567470e+00,6.216992799272533787e-01,-5.640442245002972310e-01,2.640648242880056173e+00,-2.282563972209928072e-01,9.914819122434436194e-01,9.738378616218572315e-02,8.491112174214053565e-02,-1.643524539802827811e-02,5.887308913193823656e+00,3.320083255822461332e+00,-6.618313307507017046e-03,3.169841206040979298e+00,1.423840261020118625e+00,1.998251453939843048e+00,3.213402617771095482e+00,1.111606366468210538e+00,-1.605167499387661678e+00,6.634907496576607500e-01
2.689999999999925340e+00,1.096438765391689607e+00,-1.549658496631807436e+00,6.212427671328113465e-01,-5.601323032173662897e-01,2.636008645401993533e+00,-2.249635718094421533e-01,9.906039362231023881e-01,1.032725919812793186e-01,8.810479694663317374e-02,-1.661800348285944612e-02,5.995497832631220270e+00,3.184679679201185110e+00,2.167982990335830945e-02,3.132727070684417914e+00,1.380755331929100604e+00,2.045185467855374917e+00,3.258162795988109206e+00,1.110788290962007707e+00,-1.600727601676894096e+00,6.629579646729402143e-01
2.691999999999925119e+00,1.095318500785254834e+00,-1.544386479341003371e+00,6.207928399891924354e-01,-5.560748463412563680e-01,2.631087844463556813e+00,-2.217264841195106251e-01,9.896817340564966203e-01,1.092640709612204136e-01,9.115558044179800090e-02,-1.679548231597263394e-02,6.095125727446062847e+00,3.043179592778331166e+00,5.095878023759094905e-02,3.093698725536179417e+00,1.339971029402716063e+00,2.093201804430387281e+00,3.301323005742894612e+00,1.109972058946739892e+00,-1.596298121018875804e+00,6.624275314477392484e-01
2.693999999999924899e+00,1.094206351092572360e+00,-1.539124303652076309e+00,6.203493870209534355e-01,-5.518789142514129997e-01,2.625881251139615458e+00,-2.185497261895011367e-01,9.887162639618324311e-01,1.153493855189852701e-01,9.405723839253478380e-02,-1.696775010773358960e-02,6.185906765417816366e+00,2.895875452341671874e+00,8.116733797535040373e-02,3.052831237304086454e+00,1.301596729999261015e+00,2.142196511135840087e+00,3.342798505033348633e+00,1.109157701049015898e+00,-1.591879211840691255e+00,6.618994550577204095e-01
2.695999999999924679e+00,1.093102593264069444e+00,-1.533872541149797097e+00,6.199122875685744161e-01,-5.475518800364465033e-01,2.620384748365944372e+00,-2.154378075722903352e-01,9.877086805479871057e-01,1.215194281106983659e-01,9.680385571105590281e-02,-1.713489075763948918e-02,6.267572467313629936e+00,2.743073375997792329e+00,1.122477484073642062e-01,3.010205155004502586e+00,1.265736504320815303e+00,2.192063837926131242e+00,3.382506684768075811e+00,1.108345247661732813e+00,-1.587471027481328179e+00,6.613737404824808763e-01
2.697999999999924459e+00,1.092007489503996620e+00,-1.528631771653065297e+00,6.194814119534298724e-01,-5.431014102148029599e-01,2.614594703149262678e+00,-2.123951345560503579e-01,9.866603347905400501e-01,1.277648412111172527e-01,9.938985197903646429e-02,-1.729700624104452134e-02,6.339872419422289518e+00,2.585092612690373048e+00,1.441356743186519851e-01,2.965906484245558694e+00,1.232488785678537591e+00,2.242696501968858058e+00,3.420367153885190081e+00,1.107534728942455970e+00,-1.583073720163255871e+00,6.608503926045008470e-01
2.699999999999924238e+00,1.090921286683566915e+00,-1.523402582246766723e+00,6.190566216843177427e-01,-5.385354444749086422e-01,2.608507977130875677e+00,-2.094259894650689902e-01,9.855727729816113891e-01,1.340760379653496981e-01,1.018099967501924913e-01,-1.745421904804006497e-02,6.402574969019929618e+00,2.422264980180784288e+00,1.767602251717019235e-01,2.920026639339237562e+00,1.201946048997509564e+00,2.293985952279890217e+00,3.456301833595388118e+00,1.106726174812367347e+00,-1.578687440996063174e+00,6.603294162092572250e-01
2.701999999999924018e+00,1.089844215794617099e+00,-1.518185566292505007e+00,6.186377697053876412e-01,-5.338621745251306283e-01,2.602121935463627356e+00,-2.065345101620624235e-01,9.844477346355994252e-01,1.404432234697092496e-01,1.040594241802590275e-01,-1.760667463056900944e-02,6.455467900906784351e+00,2.254934272108195081e+00,2.100440445877249374e-01,2.872662371654679969e+00,1.174194501127714618e+00,2.345822633619956576e+00,3.490235061728844013e+00,1.105919614955185537e+00,-1.574312339961679186e+00,6.598108159842857035e-01
2.703999999999923798e+00,1.088776491445566874e+00,-1.512981322421577790e+00,6.182247006850635218e-01,-5.290900221497153444e-01,2.595434453973352706e+00,-2.037246698734704875e-01,9.832871493392865148e-01,1.468564166367435642e-01,1.061336469307859187e-01,-1.775454381295087092e-02,6.498359092920678037e+00,2.083455633774546456e+00,2.439034572595399353e-01,2.823915673031015316e+00,1.149313783945685952e+00,2.398096248840668743e+00,3.522093707971097665e+00,1.105115078816341523e+00,-1.569948565917101746e+00,6.592945965204313197e-01
2.705999999999923578e+00,1.087718311401267401e+00,-1.507790453513631057e+00,6.178172513453166204e-01,-5.242276165718020575e-01,2.588443924587932266e+00,-2.010002574585511570e-01,9.820931325413788660e-01,1.533054725976278065e-01,1.080285692928630858e-01,-1.789802512057819817e-02,6.531077148069621252e+00,1.908194906349514497e+00,2.782486759431914702e-01,2.773893653048994601e+00,1.127376691640310513e+00,2.450696018985893510e+00,3.551807300585552163e+00,1.104312595602040759e+00,-1.565596266574274864e+00,6.587807623100010446e-01
2.707999999999923357e+00,1.086669856168123838e+00,-1.502613565664455253e+00,6.174152508303994979e-01,-5.192837712284511520e-01,2.581149259029060339e+00,-1.983648582410331151e-01,9.808679802832975803e-01,1.597801055932738801e-01,1.097404994768630959e-01,-1.803734698161867447e-02,6.553472000692700306e+00,1.729527939267313741e+00,3.129840686699922325e-01,2.722708389303135412e+00,1.108448903676825470e+00,2.503510940363293358e+00,3.579308165058709523e+00,1.103512194277586289e+00,-1.561255588509979475e+00,6.582693177475311685e-01
2.709999999999923137e+00,1.085631288625666935e+00,-1.497451267146397091e+00,6.170185211139174175e-01,-5.142674600655839923e-01,2.573549890774183169e+00,-1.958218355198897975e-01,9.796141628799320822e-01,1.662699123036996962e-01,1.112661610145882635e-01,-1.817276975712645015e-02,6.565415493773468114e+00,1.547839870664346362e+00,3.480084857944695242e-01,2.670476749588888143e+00,1.092588734715102650e+00,2.556430037999658289e+00,3.604531574998158572e+00,1.102713903567719811e+00,-1.556926677149007787e+00,6.577602671292188674e-01
2.711999999999922917e+00,1.084602753705535827e+00,-1.492304167364848722e+00,6.166268774428775856e-01,-5.091877934623333379e-01,2.565645775307958232e+00,-1.933743128714889015e-01,9.783343175660275115e-01,1.727643955633745843e-01,1.126027032208400530e-01,-1.830458755602962229e-02,6.566801924331844731e+00,1.363524375845890368e+00,3.832156459606755883e-01,2.617320185630359397e+00,1.079846903146026715e+00,2.609342614676713801e+00,3.627415915263278112e+00,1.101917751953807922e+00,-1.552609676758024193e+00,6.572536146534622148e-01
2.713999999999922697e+00,1.083584378118611191e+00,-1.487172875814232853e+00,6.162401288171346359e-01,-5.040539938949748500e-01,2.557437388694544733e+00,-1.910251573511196066e-01,9.770312401308914874e-01,1.792529884084926584e-01,1.137477106624615597e-01,-1.843312979300871721e-02,6.557548553574331862e+00,1.176982883906467547e+00,4.184945795217941411e-01,2.563364497728540137e+00,1.070266319634170848e+00,2.662138494967856595e+00,3.647902857195469473e+00,1.101123767676087439e+00,-1.548304730446929511e+00,6.567493644192685665e-01
2.715999999999922476e+00,1.082576270130821250e+00,-1.482058001036843820e+00,6.158580785024323490e-01,-4.988753714500462344e-01,2.548925724513431135e+00,-1.887769636963329833e-01,9.757078755710946183e-01,1.857250784003689759e-01,1.146992115843369353e-01,-1.855876244930342034e-02,6.537596078290851764e+00,9.886237627908078807e-01,4.537301273957237147e-01,2.508739570140676722e+00,1.063881897108520658e+00,2.714708263608212935e+00,3.665937545634784467e+00,1.100331978728293691e+00,-1.544011980147715235e+00,6.562475204273345852e-01
2.717999999999922256e+00,1.081578519387921267e+00,-1.476960149587816851e+00,6.154805245750396558e-01,-4.936612992945412226e-01,2.540112289212323127e+00,-1.866320396280660432e-01,9.743673077977829111e-01,1.921700321674520706e-01,1.154556852436952608e-01,-1.868188899896945990e-02,6.506909059822470809e+00,7.988614732929076867e-01,4.888034927903893712e-01,2.453579077253029261e+00,1.060720383794383270e+00,2.766943497583663536e+00,3.681468797013820460e+00,1.099542412860786911e+00,-1.539731566629470194e+00,6.557480865791296409e-01
2.719999999999922036e+00,1.080591196789332242e+00,-1.471879925009392132e+00,6.151072604957835699e-01,-4.884211892083732964e-01,2.530999095940920096e+00,-1.845923923388706200e-01,9.730127484420493245e-01,1.985772201068138065e-01,1.160160681064001942e-01,-1.880295096602531413e-02,6.465476306767837578e+00,6.081156926820223685e-01,5.235928426788406531e-01,2.398020160635622844e+00,1.060800220519639847e+00,2.818736991398721692e+00,3.694449307843834074e+00,1.098755097576431083e+00,-1.535463629471323088e+00,6.552510666770379189e-01
2.721999999999921815e+00,1.079614354410915578e+00,-1.466817926817510331e+00,6.147380757111058358e-01,-4.831644672803610541e-01,2.521588656938556827e+00,-1.826597162494176807e-01,9.716475248084904814e-01,2.049360411844095287e-01,1.163797588616893169e-01,-1.892242808126803205e-02,6.413311207521075197e+00,4.168104089074279317e-01,5.579739553709966993e-01,2.342203077664773758e+00,1.064131423893378559e+00,2.869982974933846798e+00,3.704835872389777407e+00,1.097970060132498205e+00,-1.531208307065625718e+00,6.547564644242873655e-01
2.723999999999921595e+00,1.078648025476354855e+00,-1.461774749503633286e+00,6.143727562786069907e-01,-4.779005498642553418e-01,2.511883974557180377e+00,-1.808353821065582789e-01,9.702750670335487104e-01,2.112359477719626122e-01,1.165466222151138181e-01,-1.904083801125502559e-02,6.350452008663978631e+00,2.253729865699921897e-01,5.918209099998176237e-01,2.286270822344365516e+00,1.070715496506717823e+00,2.920577323412945070e+00,3.712589608354215365e+00,1.097187327538081902e+00,-1.526965736621477276e+00,6.542642834245233630e-01
2.725999999999921375e+00,1.077692224376626262e+00,-1.456750981554518987e+00,6.140110855143938728e-01,-4.726388198855815959e-01,2.501888531008389371e+00,-1.791204274873847702e-01,9.688988945114419549e-01,2.174664704570000440e-01,1.165169914231801301e-01,-1.915873563602586011e-02,6.276962035226469894e+00,3.423320612661107099e-02,6.250068132350664607e-01,2.230368719354961726e+00,1.080545365436939242e+00,2.970417759047708994e+00,3.717676189029778477e+00,1.096406926553756378e+00,-1.522736054140054307e+00,6.537745271814889847e-01
2.727999999999921155e+00,1.076746946736855115e+00,-1.451747204492502163e+00,6.136528446594190500e-01,-4.673886035835280728e-01,2.491606276929333230e+00,-1.775155487645478369e-01,9.675226016564096865e-01,2.236172427613964953e-01,1.162916695374332510e-01,-1.927671185653250657e-02,6.192929848890403655e+00,-1.561777219217159451e-01,6.574045580614880091e-01,2.174643992725253661e+00,1.093605350174655655e+00,3.019404043888300748e+00,3.720066080198614067e+00,1.095628883690581645e+00,-1.518519394427798375e+00,6.532871990996218514e-01
2.729999999999920934e+00,1.075812169529688056e+00,-1.446763991938643468e+00,6.132978135618899485e-01,-4.621591477649109603e-01,2.481041618867179110e+00,-1.760210945787654691e-01,9.661498430755320888e-01,2.296780257028077366e-01,1.158719293304240477e-01,-1.939539191741972840e-02,6.098469340295949337e+00,-3.454281658122930754e-01,6.888876090086318849e-01,2.119245310595827991e+00,1.109871160968761039e+00,3.067438163592887790e+00,3.719734779844551031e+00,1.094853225208028746e+00,-1.514315891065720621e+00,6.528023024826614673e-01
2.731999999999920714e+00,1.074887851234158198e+00,-1.441801908700909074e+00,6.129457713727324286e-01,-4.569595976394016379e-01,2.470199405785306723e+00,-1.746370608546314873e-01,9.647843182315318789e-01,2.356387321325966733e-01,1.152595118811589325e-01,-1.951543323570975597e-02,5.993719751788891159e+00,-5.330871019267208188e-01,7.193308078145029816e-01,2.064322308057627176e+00,1.129309928456104117e+00,3.114424501756126062e+00,3.716663058571309186e+00,1.094079977116225066e+00,-1.510125676428046404e+00,6.523198405348145101e-01
2.733999999999920494e+00,1.073973932038879475e+00,-1.436861509889338473e+00,6.125964972510231643e-01,-4.517989752970221207e-01,2.459084914696700430e+00,-1.733630873863327426e-01,9.634297556796352913e-01,2.414894507833350856e-01,1.144566238032061201e-01,-1.963752273105053361e-02,5.878845627154215769e+00,-7.187251621777597244e-01,7.486111931377587014e-01,2.010025090082981691e+00,1.151880265197676501e+00,3.160270004587690806e+00,3.710837198463747377e+00,1.093309165171350017e+00,-1.505948881662888539e+00,6.518398163595611194e-01
2.735999999999920274e+00,1.073070334088285449e+00,-1.431943340059945058e+00,6.122497710762504486e-01,-4.466861588803017757e-01,2.447703835530698591e+00,-1.721984560098316075e-01,9.620898969667478484e-01,2.472204699586997845e-01,1.134659331045946573e-01,-1.976237365844333432e-02,5.754036685175160315e+00,-9.019156964260564013e-01,7.766088276229944354e-01,1.956503717041137458e+00,1.177532359707723408e+00,3.204884335748845459e+00,3.702249227915722862e+00,1.092540814879471966e+00,-1.501785636710891936e+00,6.513622329604507044e-01
2.737999999999920053e+00,1.072176961770524795e+00,-1.427047932388883611e+00,6.119053741642307420e-01,-4.416298624949457907e-01,2.436062255339066951e+00,-1.711420903690099582e-01,9.607684802848025507e-01,2.528223007986250548e-01,1.122905636749563091e-01,-1.989072194971739163e-02,5.619507614167752685e+00,-1.082235846715380978e+00,8.032076253543657396e-01,1.903907675164774549e+00,1.206208103013157285e+00,3.248180021284780672e+00,3.690897150035839847e+00,1.091774951490153356e+00,-1.497636070246343820e+00,6.508870932397661235e-01
2.739999999999919833e+00,1.071293702045534868e+00,-1.422175807878205411e+00,6.115630899834927359e-01,-4.366386168938486967e-01,2.424166641944841327e+00,-1.701925572724963254e-01,9.594692239731674732e-01,2.582857000529065750e-01,1.109340884019482387e-01,-2.002332207543714576e-02,5.475497785102636961e+00,-1.259267629783153097e+00,8.282961725575564982e-01,1.852385335346262929e+00,1.237841248273355177e+00,3.290072584516193999e+00,3.676785161692329496e+00,1.091011599999548665e+00,-1.493500309734017151e+00,6.504144000000300352e-01
2.741999999999919613e+00,1.070420424811747262e+00,-1.417327474594315628e+00,6.112227048689476971e-01,-4.317207509610432314e-01,2.412023827134974319e+00,-1.693480696299432264e-01,9.581958099673402174e-01,2.636016922971841647e-01,1.094005209258643446e-01,-2.016094244431886409e-02,5.322270881316891078e+00,-1.432599024103539342e+00,8.517685342556458039e-01,1.802083402769642406e+00,1.272357602780280983e+00,3.330480671018207772e+00,3.659923860808213192e+00,1.090250785149267543e+00,-1.489378481375396746e+00,6.499441559416743175e-01
2.743999999999919392e+00,1.069556983309825071e+00,-1.412503426940045603e+00,6.108840087296878441e-01,-4.268843740136067932e-01,2.399640989492870968e+00,-1.686064909464493056e-01,9.569518672928655212e-01,2.687615915262612787e-01,1.076943060483439435e-01,-2.030436036260502980e-02,5.160114443374252069e+00,-1.601825057444823841e+00,8.735250395410465440e-01,1.753146361043804280e+00,1.309675252269169476e+00,3.369326163728680434e+00,3.640330438976582261e+00,1.089492531423333688e+00,-1.485270710135850436e+00,6.494763636651432748e-01
2.745999999999919172e+00,1.068703214561797843e+00,-1.407704144961059889e+00,6.105467957477949126e-01,-4.221373589317908293e-01,2.387025636961736197e+00,-1.679653413457401767e-01,9.557409557043557990e-01,2.737570220611588168e-01,1.058203088182237128e-01,-2.045435658109436700e-02,4.989339328164247966e+00,-1.766548890732351218e+00,8.934730381307991465e-01,1.705715914031584735e+00,1.349704816690308729e+00,3.406534288383537667e+00,3.618028856747180999e+00,1.088736863049975412e+00,-1.481177119718708468e+00,6.490110256694441304e-01
2.747999999999918952e+00,1.067858939843934207e+00,-1.402930093687136504e+00,6.102108650651034694e-01,-4.174873261201666463e-01,2.374185589222871151e+00,-1.674218050840351746e-01,9.545665495697179814e-01,2.785799387081037692e-01,1.037838023247393548e-01,-2.061170946263352760e-02,4.810279081946918112e+00,-1.926382893818940900e+00,9.115276209702757315e-01,1.659930429081931225e+00,1.392349736622899847e+00,3.442033709500202932e+00,3.593049998840946557e+00,1.087983803999664545e+00,-1.477097832570038349e+00,6.485481443523175571e-01
2.749999999999918732e+00,1.067023965191693957e+00,-1.398181722508690772e+00,6.098760214549353575e-01,-4.129416282959516016e-01,2.361128959965858698e+00,-1.669727395091008537e-01,9.534320220991239214e-01,2.832226461098488746e-01,1.015904542354107987e-01,-2.077718880777392960e-02,4.623289227664279188e+00,-2.080949708640201123e+00,9.276122978134682118e-01,1.615924385147540221e+00,1.437506588988401113e+00,3.475756617239476043e+00,3.565431806767946021e+00,1.087233377984945903e+00,-1.473032969870004649e+00,6.480877220102092551e-01
2.751999999999918511e+00,1.066198081935102016e+00,-1.393459464588759023e+00,6.095420759759171414e-01,-4.085073360945954413e-01,2.347864139119065552e+00,-1.666146854111940911e-01,9.523406300169102723e-01,2.876778172322784211e-01,9.924631212293885674e-02,-2.095154938095166591e-02,4.428746467522332253e+00,-2.229883295107375485e+00,9.416596249678709230e-01,1.573827829696488489e+00,1.485065430794398900e+00,3.507638805485475686e+00,3.535219386220821658e+00,1.086485608458930940e+00,-1.468982651536279604e+00,6.476297608384617988e-01
2.753999999999918291e+00,1.065381067262912929e+00,-1.388763736310520969e+00,6.092088466050947781e-01,-4.041912244777162155e-01,2.334399775100467256e+00,-1.663438787064259183e-01,9.512954987724225875e-01,2.919385109322020777e-01,9.675778763225359458e-02,-2.113552418388884441e-02,4.227047802494199757e+00,-2.372829955060123286e+00,9.536117767097868070e-01,1.533765847878604038e+00,1.534910168950511355e+00,3.537619741609017154e+00,3.502465087051901182e+00,1.085740518615155636e+00,-1.464946996204488983e+00,6.471742629301493466e-01
2.755999999999918071e+00,1.064572684813957393e+00,-1.384094936760320138e+00,6.088761588476819808e-01,-3.999997599241419954e-01,2.320744757139233005e+00,-1.661562633863759852e-01,9.502996083828634255e-01,2.959981885555139081e-01,9.413163954536585276e-02,-2.132981752692463331e-02,4.018609571099124089e+00,-2.509449329568763432e+00,9.634210542926697762e-01,1.495858047831115867e+00,1.586918954357934730e+00,3.565642628378784984e+00,3.467228553572131666e+00,1.084998131386244680e+00,-1.460926121223891982e+00,6.467212302773139854e-01
2.757999999999917851e+00,1.063772685294109177e+00,-1.379453447246041575e+00,6.085438463209091875e-01,-3.959390883815330775e-01,2.306908197708860353e+00,-1.660475056620255851e-01,9.493557799974177147e-01,2.998507295185088295e-01,9.137495580784094074e-02,-2.153509795259128320e-02,3.803866410505833073e+00,-2.639415364900554728e+00,9.710503269603162346e-01,1.460218065851162539e+00,1.640964598130815633e+00,3.591654458517434811e+00,3.429576743170196007e+00,1.084258469443911466e+00,-1.456920142672387897e+00,6.462706647699141271e-01
2.759999999999917630e+00,1.062980807117346105e+00,-1.374839630850623884e+00,6.082117513095851580e-01,-3.920150239539504922e-01,2.292899415103494043e+00,-1.660130092257447176e-01,9.484666632673630637e-01,3.034904458290855200e-01,8.849513458645714981e-02,-2.175199106891845258e-02,3.583270143634270877e+00,-2.762417242584154664e+00,9.764733999150426724e-01,1.426953094603893302e+00,1.696915007227956629e+00,3.615606062541996124e+00,3.389583911781401948e+00,1.083521555198077024e+00,-1.452929175326389100e+00,6.458225681963858378e-01
2.761999999999917410e+00,1.062196777069438269e+00,-1.370253832020416951e+00,6.078797252911336546e-01,-3.882330382992492668e-01,2.278727916178727497e+00,-1.660479315495355379e-01,9.476347246015436321e-01,3.069120955087173419e-01,8.549986443282253656e-02,-2.198107235267006410e-02,3.357288596632484801e+00,-2.878160269083574807e+00,9.796753048385510310e-01,1.396163438245477062e+00,1.754633637313362193e+00,3.637452150404826057e+00,3.347331564491857314e+00,1.082787410797296346e+00,-1.448953332690720686e+00,6.453769422433017766e-01
2.763999999999917190e+00,1.061420310992839733e+00,-1.365696376188059391e+00,6.075476294280345302e-01,-3.845982507101965986e-01,2.264403379269796623e+00,-1.661472011352371214e-01,9.468622363805035969e-01,3.101108948805133547e-01,8.239710363241034563e-02,-2.222285998489980860e-02,3.126404351646496771e+00,-2.986366720839517708e+00,9.806525092181760384e-01,1.367942097040697913e+00,1.813979959494217642e+00,3.657151347647345396e+00,3.302908370552811057e+00,1.082056058124864606e+00,-1.444992726935410587e+00,6.449337884945185451e-01
2.765999999999916970e+00,1.060651114491419245e+00,-1.361167569429519775e+00,6.072153350257640803e-01,-3.811154188535385012e-01,2.249935637289736778e+00,-1.663055356271763430e-01,9.461512671958215437e-01,3.130825296932419066e-01,7.919505882248249751e-02,-2.247780778289902234e-02,2.891113440468032092e+00,-3.086776640567745478e+00,9.794130415113401211e-01,1.342374385315745045e+00,1.874809938777851848e+00,3.674666226571951189e+00,3.256410041504987252e+00,1.081327518802284615e+00,-1.441047468956853095e+00,6.444931084325977722e-01
2.767999999999916749e+00,1.059888883653712144e+00,-1.356667698154940371e+00,6.068827239545097063e-01,-3.777889301432706404e-01,2.235334661003123724e+00,-1.665174606970434845e-01,9.455036731737620492e-01,3.158231650559771841e-01,7.590216296578083943e-02,-2.274629829367644240e-02,2.651923985057047961e+00,-3.179148581069535240e+00,9.759765299215931167e-01,1.319537584554574039e+00,1.936976520405290003e+00,3.689963333197026518e+00,3.207939172505962500e+00,1.080601814185259357e+00,-1.437117668328241393e+00,6.440549034375555593e-01
2.769999999999916529e+00,1.059133305793425572e+00,-1.352197028832934134e+00,6.065496890331155688e-01,-3.746227937265602104e-01,2.220610542462237547e+00,-1.667773296071119182e-01,9.449210904343745554e-01,3.183294541627958996e-01,7.252705276948745450e-02,-2.302863611465212623e-02,2.409354791464544565e+00,-3.263260293045110672e+00,9.703741534120782219e-01,1.299500634722539960e+00,2.000330121558658636e+00,3.703013210530065713e+00,3.157605046356424694e+00,1.079878965364914123e+00,-1.433203433316620590e+00,6.436191747876582880e-01
2.771999999999916309e+00,1.058384060205972421e+00,-1.347755807748009627e+00,6.062161343739013164e-01,-3.716206330641611544e-01,2.205773478586152692e+00,-1.670793433569961461e-01,9.444049287286623295e-01,3.205985457918344439e-01,6.907854564089556393e-02,-2.332504150714399122e-02,2.163933904035602929e+00,-3.338909353783435563e+00,9.626485044176603667e-01,1.282323865641221694e+00,2.064719124984306653e+00,3.713790418790206438e+00,3.105523400679953916e+00,1.079158993167142810e+00,-1.429304870868790545e+00,6.431859236580868000e-01
2.773999999999916088e+00,1.057640818939844074e+00,-1.343344260790837241e+00,6.058819756871873796e-01,-3.687856790910394866e-01,2.190833754857141713e+00,-1.674175713177445957e-01,9.439563662874992378e-01,3.226280905678468591e-01,6.556561627238265133e-02,-2.363564436752898720e-02,1.916197127089106944e+00,-3.405913733966469792e+00,9.528533635836958782e-01,1.268058770254920420e+00,2.129990371504676183e+00,3.722273553165010185e+00,3.051816158803299928e+00,1.078441918151925805e+00,-1.425422086616080719e+00,6.427551511227269643e-01
2.775999999999915868e+00,1.056903247581661986e+00,-1.338962593281122881e+00,6.055471405445519428e-01,-3.661207639474450271e-01,2.175801729104085425e+00,-1.677859722566514555e-01,9.435763459066842662e-01,3.244162459821801625e-01,6.199737294867339876e-02,-2.396047861964100897e-02,1.666686521502010798e+00,-3.464112300237425668e+00,9.410533877315260254e-01,1.256747821178670232e+00,2.195989648230239233e+00,3.728445259604786344e+00,2.996611125305693957e+00,1.077727760610743601e+00,-1.421555184852977050e+00,6.423268581520664711e-01
2.777999999999915648e+00,1.056171006053767014e+00,-1.334610989822914817e+00,6.052115686000386630e-01,-3.636283152755229731e-01,2.160687815338570239e+00,-1.681784156556238585e-01,9.432655722829730305e-01,3.259616801687433840e-01,5.838303366900626790e-02,-2.429947709002996947e-02,1.415948883775886458e+00,-3.513365251593312255e+00,9.273237131154087320e-01,1.248424331628322559e+00,2.262562169598170581e+00,3.732292249168863041e+00,2.940041647477100728e+00,1.077016540569390557e+00,-1.417704268556107650e+00,6.419010456148432908e-01
2.779999999999915428e+00,1.055443749423216060e+00,-1.330289614192237568e+00,6.048752117687273833e-01,-3.613103510818775344e-01,2.145502467607345309e+00,-1.685887032269293706e-01,9.430245106062234983e-01,3.272635744390527401e-01,5.473190217571181210e-02,-2.465246692515307703e-02,1.164534215203821166e+00,-3.553554488131945188e+00,9.117494768783787062e-01,1.243112361171707647e+00,2.329553048046848929e+00,3.733805311337620392e+00,2.882246244423802395e+00,1.076308277785672729e+00,-1.413869439357753777e+00,6.414777142768519624e-01
2.781999999999915207e+00,1.054721128721052281e+00,-1.325998609257022842e+00,6.045380343622734909e-01,-3.591684751717724722e-01,2.130256163822955795e+00,-1.690105905301539091e-01,9.428533864030218536e-01,3.283216245837130010e-01,5.105334397885747527e-02,-2.501916560642983289e-02,9.129941887605301787e-01,-3.584583911103486731e+00,8.944252604483545754e-01,1.240826666849125903e+00,2.396807751826965038e+00,3.732979326619848770e+00,2.823368205585772284e+00,1.075602991747190984e+00,-1.410050797562675484e+00,6.410568648019099314e-01
2.783999999999914987e+00,1.054002791770708658e+00,-1.321738096929376827e+00,6.042000131812131913e-01,-3.572038731661443256e-01,2.114959389534829981e+00,-1.694378085960218661e-01,9.427521866174458642e-01,3.291360409517724572e-01,4.735676246410119861e-02,-2.539917761535373172e-02,6.618806211853347499e-01,-3.606379653691444087e+00,8.754544593800834829e-01,1.241572699182758921e+00,2.464172547177400752e+00,3.729813278795263365e+00,2.763555160977338776e+00,1.074900701675405301e+00,-1.406248442121054154e+00,6.406384977510333201e-01
2.785999999999914767e+00,1.053288384024376301e+00,-1.317508178150307074e+00,6.038611375640211554e-01,-3.554173091178285393e-01,2.099622621603968398e+00,-1.698640854638984177e-01,9.427206619050523262e-01,3.297075473231410037e-01,4.365157516772855129e-02,-2.579199179658181809e-02,4.117439575715294842e-01,-3.618890242387581946e+00,8.549485849050968422e-01,1.245346642873467191e+00,2.531494922548162663e+00,3.724310266904605093e+00,2.702958625514840563e+00,1.074201426519694635e+00,-1.402462470651684612e+00,6.402226135824582443e-01
2.787999999999914547e+00,1.052577549406140678e+00,-1.313308932907099047e+00,6.035214093930933998e-01,-3.538091227484562729e-01,2.084256311747043178e+00,-1.702831675420866386e-01,9.427583301068677146e-01,3.300373785927588899e-01,3.994719029909829522e-02,-2.619697946210736844e-02,1.631317754577908119e-01,-3.622086689270693771e+00,8.330265031065038350e-01,1.252135500969569382e+00,2.598623992716489806e+00,3.716477517199187730e+00,2.641733520155508774e+00,1.073505184961819126e+00,-1.398692979414462911e+00,6.398092126521808254e-01
2.789999999999914326e+00,1.051869931160643867e+00,-1.309140420283605000e+00,6.031808430580092306e-01,-3.523792273320846546e-01,2.068870869919100297e+00,-1.706888407021926457e-01,9.428644808612212103e-01,3.301272772883295237e-01,3.625298358645057811e-02,-2.661339327434031343e-02,-8.341268489606223913e-02,-3.615962515918091480e+00,8.098136182679122053e-01,1.261917221524733179e+00,2.665410880920818570e+00,3.706326394973200156e+00,2.580037672622395473e+00,1.072811995409326258e+00,-1.394940063315388556e+00,6.393982952131755937e-01
2.791999999999914106e+00,1.051165172705979645e+00,-1.305002678543766725e+00,6.028394653766048217e-01,-3.511271082557461676e-01,2.053476647508774011e+00,-1.710749510216511005e-01,9.430381813027642890e-01,3.299794889462582814e-01,3.257827551730339832e-02,-2.704036694017735235e-02,-3.273519578111828698e-01,-3.600533710080394467e+00,7.854410074677555809e-01,1.274660864956368211e+00,2.731709077462951551e+00,3.693872416282938609e+00,2.518031300738303724e+00,1.072121876004446861e+00,-1.391203815911339348e+00,6.389898614163049828e-01
2.793999999999913886e+00,1.050462918489468045e+00,-1.300895725248749191e+00,6.024973154745615345e-01,-3.500518222905955601e-01,2.038083920325621357e+00,-1.714354250917287659e-01,9.432782827900890732e-01,3.295967563728833816e-01,2.893230903955962274e-02,-2.747691574202066819e-02,-5.681557512909314323e-01,-3.575838616637103673e+00,7.600445139641474057e-01,1.290326810313595862e+00,2.797374773349341037e+00,3.679135259323748741e+00,2.455876481487282437e+00,1.071434844612470627e+00,-1.387484329387788762e+00,6.385839113095732600e-01
2.795999999999913666e+00,1.049762814844886760e+00,-1.296819557408097845e+00,6.021544446243780602e-01,-3.491519976100612710e-01,2.022702871365311683e+00,-1.717642898113083405e-01,9.435834285960683632e-01,3.289823128202043478e-01,2.532422778402377075e-02,-2.792193792523119805e-02,-8.053023026664778428e-01,-3.541937764665682664e+00,7.337638072821759394e-01,1.308866998318375607e+00,2.862267168279630347e+00,3.662138775226778442e+00,2.393736608859327930e+00,1.070750918830812637e+00,-1.383781694577791654e+00,6.381804448380696826e-01
2.797999999999913445e+00,1.049064510849666565e+00,-1.292774151665367244e+00,6.018109160447554506e-01,-3.484258345934065360e-01,2.007343573346180854e+00,-1.720556915912501983e-01,9.439520624884552014e-01,3.281398741070780667e-01,2.176305486340974690e-02,-2.837421695474337882e-02,-1.038279686116786227e+00,-3.498913632809309782e+00,7.067414182069392536e-01,1.330225208570343653e+00,2.926248751915503377e+00,3.642910997927902184e+00,2.331775843879193566e+00,1.070070115981566872e+00,-1.380096000934585732e+00,6.377794618449632580e-01
2.799999999999913225e+00,1.048367659180479805e+00,-1.288759464518674847e+00,6.014668046615729846e-01,-3.478711074541360748e-01,1.992015971017882636e+00,-1.723039148975077928e-01,9.443824381225048858e-01,3.270736297182678110e-01,1.825767229711715636e-02,-2.883242464659717050e-02,-1.266587067963132140e+00,-3.446870355353425008e+00,6.791217570832048800e-01,1.354337368495494243e+00,2.989185558504223295e+00,3.621484152627422848e+00,2.270158559803516329e+00,1.069392453116480013e+00,-1.376427336547507707e+00,6.373809620698827061e-01
2.801999999999913005e+00,1.047671916965571492e+00,-1.284775432576639176e+00,6.011221968317779218e-01,-3.474851667328687777e-01,1.976729863251380115e+00,-1.725034000659099731e-01,9.448726291624328644e-01,3.257882329148463763e-01,1.481680110522829927e-02,-2.929512517299871083e-02,-1.489735906261036025e+00,-3.385933371680423853e+00,6.510501239348587266e-01,1.381131891148676072e+00,3.050947394573904070e+00,3.597894662317236758e+00,2.209048785799261783e+00,1.068717947013739789e+00,-1.372775788130397245e+00,6.369849451503659665e-01
2.803999999999912784e+00,1.046976946632105721e+00,-1.280821972850136437e+00,6.007771900316460911e-01,-3.472649426935107142e-01,1.961494884928062232e+00,-1.726487603262756576e-01,9.454205400444783969e-01,3.242887898902592214e-01,1.144898210933693004e-02,-2.976077993228842117e-02,-1.707251091840702228e+00,-3.316249021954717602e+00,6.226717189294316279e-01,1.410530038863256452e+00,3.111408040030378519e+00,3.572183151765456088e+00,2.148609652178070650e+00,1.068046614176070719e+00,-1.369141441023870698e+00,6.365914106216044033e-01
2.805999999999912564e+00,1.046282416746718624e+00,-1.276898983080280381e+00,6.004318925109934924e-01,-3.472069496598198524e-01,1.946320488654344594e+00,-1.727347979784262799e-01,9.460239172912315864e-01,3.225808480068843576e-01,8.162557472073788886e-03,-3.022775326794082881e-02,-1.918672028566819732e+00,-3.237984092030479211e+00,5.941306616395239937e-01,1.442446309696021611e+00,3.170445423290638942e+00,3.544394448269680087e+00,2.089002840173593611e+00,1.067378470835167903e+00,-1.365524379175084846e+00,6.362003579157606836e-01
2.807999999999912344e+00,1.045588002847398945e+00,-1.273006342102971589e+00,6.000864229150366658e-01,-3.473072913267867268e-01,1.931215926336485644e+00,-1.727565196676356662e-01,9.466803612847108917e-01,3.206703831482008438e-01,4.965653001611066743e-03,-3.069431901350921227e-02,-2.123553651173862189e+00,-3.151325310673878555e+00,5.655690274072886492e-01,1.476788843724248457e+00,3.227941771338628030e+00,3.514577578376801625e+00,2.030388039125076816e+00,1.066713532947291654e+00,-1.361924685163657500e+00,6.358117863625940558e-01
2.809999999999912124e+00,1.044893388264745315e+00,-1.269143910250298601e+00,5.997409098757013890e-01,-3.475616670776878747e-01,1.916190230659206017e+00,-1.727091507131484072e-01,9.473873384044785295e-01,3.185637862217702287e-01,1.866161242067214225e-03,-3.115866783331776302e-02,-2.321467379657991437e+00,-3.056478802274148254e+00,5.371259088639390722e-01,1.513459845718853725e+00,3.283783735639885126e+00,3.482785759826702687e+00,1.972922413920107587e+00,1.066051816193125390e+00,-1.358342440167334075e+00,6.354256951894319272e-01
2.811999999999911903e+00,1.044198264930589870e+00,-1.265311529788980094e+00,5.993954915742750744e-01,-3.479653793332462275e-01,1.901252196519187754e+00,-1.725881484484152739e-01,9.481421934368370330e-01,3.162678488481026617e-01,-1.128274634360576512e-03,-3.161891532179337411e-02,-2.512002009722766438e+00,-2.953669498210236277e+00,5.089365103498088017e-01,1.552356021356099403e+00,3.337862495531671136e+00,3.449076387780567909e+00,1.916760085135396086e+00,1.065393335979566203e+00,-1.354777723984270210e+00,6.350420835209993342e-01
2.813999999999911683e+00,1.043502334171923396e+00,-1.261509025395941785e+00,5.990503152773782869e-01,-3.485133419541337485e-01,1.886410362472558999e+00,-1.723892145382428798e-01,9.489421621618452374e-01,3.137897482702437513e-01,-4.010276122447317161e-03,-3.207311081764648714e-02,-2.694764539330713138e+00,-2.843140510055603976e+00,4.811312825832195772e-01,1.593369023543991014e+00,3.390073840371898850e+00,3.413511014513987085e+00,1.862051624439984510e+00,1.064738107438531145e+00,-1.351230615018366166e+00,6.346609503800442198e-01
2.815999999999911463e+00,1.042805307488015032e+00,-1.257736204670996560e+00,5.987055368483018558e-01,-3.492000897121667058e-01,1.871672992261947277e+00,-1.721083062435773414e-01,9.497843840265139947e-01,3.111370315185377766e-01,-6.772743859474317576e-03,-3.251924688275624475e-02,-2.869380931847305582e+00,-2.725152467727147254e+00,4.538351044817557356e-01,1.636385906088520636e+00,3.440318232413019484e+00,3.376155321561851608e+00,1.808943567338865188e+00,1.064086145424655072e+00,-1.347701190277334149e+00,6.342822946862005651e-01
2.817999999999911243e+00,1.042106907308590680e+00,-1.253992858686472589e+00,5.983613202358146754e-01,-3.500197888390530476e-01,1.857048056495210986e+00,-1.717416466113367013e-01,9.506659148150241601e-01,3.083175988646058574e-01,-9.408871278502779073e-03,-3.295526938961494678e-02,-3.035496816727401459e+00,-2.599982825627650485e+00,4.271665185126429232e-01,1.681289581407259481e+00,3.488500852094255311e+00,3.337079083484966624e+00,1.757577945426242572e+00,1.063437464519354947e+00,-1.344189525368605587e+00,6.339061152572105229e-01
2.819999999999911022e+00,1.041406867730912511e+00,-1.250278762573482139e+00,5.980178369425920293e-01,-3.509662486545939708e-01,1.842543214552966546e+00,-1.712857335726150343e-01,9.515837392301336184e-01,3.053396865980833597e-01,-1.191215744017916529e-02,-3.337908815563628284e-02,-3.192778129021614397e+00,-2.467925139706810711e+00,4.012370253992552094e-01,1.727959279714911034e+00,3.534531627873342963e+00,3.296356122221100637e+00,1.708091839866814565e+00,1.062792079025543401e+00,-1.340695694498649004e+00,6.335324108090096829e-01
2.821999999999910802e+00,1.040704935233603301e+00,-1.246593676144376106e+00,5.976752654754468042e-01,-3.520329342689116903e-01,1.828165796806542120e+00,-1.707373479391310067e-01,9.525347833040264112e-01,3.022118491592041267e-01,-1.427641904693457107e-02,-3.378858805754377664e-02,-3.340911689311510724e+00,-2.329288318239616018e+00,3.761504433887816745e-01,1.776271006765337779e+00,3.578325252661807454e+00,3.254064251149078490e+00,1.660616957774768920e+00,1.062150002971351981e+00,-1.337219770475243763e+00,6.331611799541851937e-01
2.823999999999910582e+00,1.040000869365065528e+00,-1.242937344550762990e+00,5.973337907795684965e-01,-3.532129803457008665e-01,1.813922787231442069e+00,-1.700935602942757474e-01,9.535159265616326429e-01,2.989429406598654859e-01,-1.649580164604285554e-02,-3.418164055451057559e-02,-3.479605725934047378e+00,-2.184395848985871247e+00,3.520023366469468562e-01,1.826097997550407914e+00,3.619801188863226660e+00,3.210285207988715861e+00,1.615279232983549917e+00,1.061511250107146864e+00,-1.333761824703614707e+00,6.327924212044484520e-01
2.825999999999910361e+00,1.039294443404374046e+00,-1.239309498976300050e+00,5.969936036589799100e-01,-3.544992059058297285e-01,1.799820806503623638e+00,-1.693517367813092700e-01,9.545240138648759531e-01,2.955420958254175723e-01,-1.856479003015216664e-02,-3.455611554474800201e-02,-3.608590341529996248e+00,-2.033585005218048192e+00,3.288795166709564954e-01,1.877311163615395184e+00,3.658883664273257619e+00,3.165104575627741390e+00,1.572198452364698795e+00,1.060875833906807841e+00,-1.330321927168697016e+00,6.324261329686313715e-01
2.827999999999910141e+00,1.038585444992562445e+00,-1.235709857363292752e+00,5.966549001854173362e-01,-3.558841301429732096e-01,1.785866095667044906e+00,-1.685095437973669341e-01,9.555558668722491378e-01,2.920187103891237479e-01,-2.047821784557915872e-02,-3.490989347686990901e-02,-3.727617926080487365e+00,-1.877206032931423074e+00,3.068596199129697832e-01,1.929779531740326792e+00,3.695501661002317917e+00,3.118611690085533183e+00,1.531487908762359185e+00,1.060243767567500939e+00,-1.326900146455372465e+00,6.320623135539085169e-01
2.829999999999909921e+00,1.037873676732276484e+00,-1.232138125171958754e+00,5.963178810978225775e-01,-3.573599892154228352e-01,1.772064500461435044e+00,-1.675649516085105373e-01,9.566082950545413688e-01,2.883824209710560971e-01,-2.223127641987953165e-02,-3.524087763463189249e-02,-3.836463518675424567e+00,-1.715621321394674270e+00,2.860107641032844095e-01,1.983370671830660958e+00,3.729588899275227298e+00,3.070899534883535953e+00,1.493254081480656525e+00,1.059615064008001539e+00,-1.323496549729824778e+00,6.317009611654205159e-01
2.831999999999909701e+00,1.037158956753845729e+00,-1.228593996171035929e+00,5.959827511946055312e-01,-3.589187539710203545e-01,1.758421456397884608e+00,-1.665162369063202252e-01,9.576781062143321366e-01,2.846430844731252519e-01,-2.381952282102638152e-02,-3.554700651157855634e-02,-3.934925120248409680e+00,-1.549204558991613023e+00,2.663912850389998921e-01,2.037951112321273683e+00,3.761083818419670877e+00,3.022064621104858961e+00,1.457596344916991082e+00,1.058989735870826010e+00,-1.320111202752158874e+00,6.313420739069561805e-01
2.833999999999909480e+00,1.036441119245903764e+00,-1.225077153258240070e+00,5.956497187207928645e-01,-3.605521485552514727e-01,1.744941974668479112e+00,-1.653619843330314254e-01,9.587621164639380522e-01,2.808107570220536031e-01,-2.523888716091464771e-02,-3.582626619074347207e-02,-4.022823959506272473e+00,-1.378339876166194022e+00,2.480495548909640580e-01,2.093386741161783693e+00,3.789929556577849912e+00,2.972206852629277751e+00,1.424606706008801016e+00,1.058367795520839039e+00,-1.316744169859006774e+00,6.309856497800998554e-01
2.835999999999909260e+00,1.035720014948793288e+00,-1.221587269308903156e+00,5.953189947521267955e-01,-3.622516698462237006e-01,1.731630628972730346e+00,-1.641010870068067284e-01,9.598571596237703840e-01,2.768956724923349322e-01,-2.648567915596091935e-02,-3.607670264385483272e-02,-4.100004714154338537e+00,-1.203420977088696997e+00,2.310238823759649673e-01,2.149543191223791894e+00,3.816073931183064705e+00,2.921429375968214615e+00,1.394369570775973122e+00,1.057749255043605174e+00,-1.313395513967620332e+00,6.306316866851409131e-01
2.837999999999909040e+00,1.034995511609100749e+00,-1.218124008050957663e+00,5.949907925781131590e-01,-3.640086076544444271e-01,1.718491543339976557e+00,-1.627327460841574425e-01,9.609600960104377476e-01,2.729082206416756917e-01,-2.755659395726324512e-02,-3.629643386448956621e-02,-4.166335689412162147e+00,-1.024850261513648553e+00,2.153424944345593284e-01,2.206286208665753090e+00,3.839469421726061871e+00,2.869838414358810930e+00,1.366961540241107498e+00,1.057134126248543637e+00,-1.310065296583374561e+00,6.302801824206474279e-01
2.839999999999908820e+00,1.034267494393791953e+00,-1.214687024964277606e+00,5.946653270859448837e-01,-3.658140656201776530e-01,1.705528381022341389e+00,-1.612564694013763067e-01,9.620678205913217873e-01,2.688589248920132402e-01,-2.844871726219388650e-02,-3.648366175030968300e-02,-4.221708955651331863e+00,-8.430379381752448609e-01,2.010235983853433939e-01,2.263482003170904644e+00,3.860073156067971745e+00,2.817543085870508168e+00,1.342451235909137619e+00,1.056522420664011364e+00,-1.306753577773847041e+00,6.299311346839777670e-01
2.841999999999908599e+00,1.033535866262551561e+00,-1.211275968202232933e+00,5.943428141471421844e-01,-3.676589827368271224e-01,1.692744334526917749e+00,-1.596720692403191810e-01,9.631772704896920390e-01,2.647584197899834901e-01,-2.915952971847807565e-02,-3.663668365088275369e-02,-4.266040446762882965e+00,-6.584011309045607607e-01,1.880755228591106942e-01,2.320997579376913311e+00,3.877846901904011379e+00,2.764655205299314744e+00,1.320899154674656906e+00,1.055914149544380010e+00,-1.303460416201332350e+00,6.295845410716216506e-01
2.843999999999908379e+00,1.032800548297077903e+00,-1.207890479533179073e+00,5.940234700086615138e-01,-3.695341554251193039e-01,1.680142116850243061e+00,-1.579796592684133139e-01,9.642854318316242956e-01,2.606174281816933114e-01,-2.968691063075428946e-02,-3.675390349962218833e-02,-4.299270020670070913e+00,-4.713629785851484733e-01,1.764969351983886325e-01,2.378701048598736101e+00,3.892757063997343003e+00,2.711289069908885185e+00,1.302357553183421279e+00,1.055309323862532622e+00,-1.300185869092373991e+00,6.292403990786032963e-01
2.845999999999908159e+00,1.032061479986227770e+00,-1.204530195299478690e+00,5.937075106901247290e-01,-3.714302600801251963e-01,1.667723953970993156e+00,-1.561796507052413130e-01,9.653893459329694338e-01,2.564467381377678601e-01,-3.002914097843921437e-02,-3.683384245106231802e-02,-4.321361483141230586e+00,-2.823517299445530426e-01,1.662771324002172146e-01,2.436461920523732783e+00,3.904774688328357612e+00,2.657561229077159304e+00,1.286870361328920520e+00,1.054707954312847917e+00,-1.296929992244358232e+00,6.288987060984529975e-01
2.847999999999907939e+00,1.031318619466067510e+00,-1.201194747391536755e+00,5.933951513887142371e-01,-3.733378760111872308e-01,1.655491578649832984e+00,-1.542727477708911998e-01,9.664861148313327321e-01,2.522571796659472954e-01,-3.018490575240941401e-02,-3.687514894798234882e-02,-4.332302575819621637e+00,-9.179983412245329433e-02,1.573964021185367268e-01,2.494151374487846073e+00,3.913875473645064940e+00,2.603590238130659706e+00,1.274473124610318475e+00,1.054110051312763474e+00,-1.293692840032335312e+00,6.285594594248840039e-01
2.849999999999907718e+00,1.030571943714045036e+00,-1.197883764234237036e+00,5.930866058931724139e-01,-3.752475086936861715e-01,1.643446225577928077e+00,-1.522599424733787066e-01,9.675729061743951753e-01,2.480596012499388381e-01,-3.015329561664961688e-02,-3.687660814678192511e-02,-4.332104929132299276e+00,9.985697208447288920e-02,1.498264497233600390e-01,2.551642510212848158e+00,3.920039790710627248e+00,2.549496396750526639e+00,1.265192974958850858e+00,1.053515625000359890e+00,-1.290474465396172832e+00,6.282226562499166889e-01
2.851999999999907498e+00,1.029821448696657704e+00,-1.194596871783081271e+00,5.927820860082256837e-01,-3.771496132513258992e-01,1.631588627907666345e+00,-1.501425087934165070e-01,9.686469574818918904e-01,2.438648462547901019e-01,-2.993380789964665903e-02,-3.683715063394824712e-02,-4.320803980482184947e+00,2.921805794406956980e-01,1.435308869236606166e-01,2.608810578110134948e+00,3.923252709553734618e+00,2.495401472474773730e+00,1.259048629512483419e+00,1.052924685234303936e+00,-1.287274919847718024e+00,6.278882936660385994e-01
2.853999999999907278e+00,1.029067149470155096e+00,-1.191333694527265896e+00,5.924818009906388516e-01,-3.790346180880788673e-01,1.619919015191510381e+00,-1.479219963259189585e-01,9.697055798041164243e-01,2.396837292407267839e-01,-2.952634691894970645e-02,-3.675586037140753104e-02,-4.298458857902416774e+00,4.847314230883295050e-01,1.384657770200758142e-01,2.665533189220958832e+00,3.923504034524898376e+00,2.441428410005529237e+00,1.256050416790347235e+00,1.052337241596434936e+00,-1.284094253474890479e+00,6.275563686642149364e-01
2.855999999999907057e+00,1.028309080233978934e+00,-1.188093856496882816e+00,5.921859569979870397e-01,-3.808929485901959566e-01,1.608437112746967212e+00,-1.456002234376020665e-01,9.707461608048887358e-01,2.355270122291319157e-01,-2.893122364103428018e-02,-3.663198181397962772e-02,-4.265152229120768190e+00,6.770694000769953425e-01,1.345802314658526844e-01,2.721690505203373078e+00,3.920788346802781543e+00,2.387701027147426380e+00,1.256200329652487513e+00,1.051753303389007854e+00,-1.280932514910077202e+00,6.272268781362688728e-01
2.857999999999906837e+00,1.027547294336798478e+00,-1.184876982271388934e+00,5.918947565511117892e-01,-3.827150508206729751e-01,1.597142142457622871e+00,-1.431792699989684614e-01,9.717661673015173251e-01,2.314053809661441308e-01,-2.814915467743754965e-02,-3.646492614799972526e-02,-4.220990115751714455e+00,8.687547867188138984e-01,1.318170520555312919e-01,2.777165409006950192e+00,3.915105054124340178e+00,2.334343698236440723e+00,1.259492104209065433e+00,1.051172879633925916e+00,-1.277789751369695637e+00,6.268998188730909860e-01
2.859999999999906617e+00,1.026781864235157160e+00,-1.181682697986473629e+00,5.916083980111138674e-01,-3.844914151310702688e-01,1.586032825013006020e+00,-1.406614697485272791e-01,9.727631472983060412e-01,2.273294212311910423e-01,-2.718126061706823901e-02,-3.625427660639380517e-02,-4.166101672204050921e+00,1.059349154793888248e+00,1.301134127662560980e-01,2.831843656525781405e+00,3.906458446651425387e+00,2.281481026327288220e+00,1.265911324035078334e+00,1.050595979078083886e+00,-1.274666008629409930e+00,6.265751875660745540e-01
2.861999999999906397e+00,1.026012881404894994e+00,-1.178510632336447594e+00,5.913270750716168589e-01,-3.862125996187559251e-01,1.575107383582368792e+00,-1.380494023446287299e-01,9.737347315536915016e-01,2.233095952395625361e-01,-2.602906369373314197e-02,-3.599979282205025694e-02,-4.100638928694003482e+00,1.248416285592162778e+00,1.294015750292738520e-01,2.885614010292531617e+00,3.894857758294118621e+00,2.229237505205028835e+00,1.275435548720331935e+00,1.050022610186234218e+00,-1.271561331031861641e+00,6.262529808068597603e-01
2.863999999999906176e+00,1.025240456205657402e+00,-1.175360417569282889e+00,5.910509762669275968e-01,-3.878692533611792781e-01,1.564363548910772117e+00,-1.353458851584354583e-01,9.746786347240201653e-01,2.193562181899101626e-01,-2.469448478722872931e-02,-3.570141418814799794e-02,-4.024776497680611520e+00,1.435523080683587027e+00,1.296096300037790361e-01,2.938368355757738470e+00,3.880317232224625990e+00,2.177737172702337354e+00,1.288034465887664348e+00,1.049452781146188229e+00,-1.268475761468707219e+00,6.259331950873550099e-01
2.865999999999905956e+00,1.024464717698934990e+00,-1.172231690471461363e+00,5.907802844966106859e-01,-3.894521393628376238e-01,1.553798565818607758e+00,-1.325539648572101048e-01,9.755926561293842836e-01,2.154794350092253674e-01,-2.317983975587718445e-02,-3.535926220115203494e-02,-3.938711242885790220e+00,1.620240468266251677e+00,1.306622612728398913e-01,2.990001801613590526e+00,3.862856189799134476e+00,2.127103256558213751e+00,1.303670065531632449e+00,1.048886499866968691e+00,-1.265409341419271527e+00,6.256158268002769418e-01
2.867999999999905736e+00,1.023685813420209367e+00,-1.169124093339824144e+00,5.905151765668962272e-01,-3.909521571546595853e-01,1.543409201080621074e+00,-1.296769088257465619e-01,9.764746801887498329e-01,2.116891973494675339e-01,-2.148783509809967796e-02,-3.497364176939574826e-02,-3.842661910129302694e+00,1.802144303768240086e+00,1.324815212979152113e-01,3.040412764426745795e+00,3.842499100641879828e+00,2.077457814728952634e+00,1.322296835863584263e+00,1.048323773978752982e+00,-1.262362110898592960e+00,6.253008722391788510e-01
2.869999999999905516e+00,1.022903909105900011e+00,-1.166037274937662849e+00,5.902558227492447074e-01,-3.923603649901197810e-01,1.533191752653639162e+00,-1.267181964672895178e-01,9.773226765729042809e-01,2.079952408913696149e-01,-1.962156294064346107e-02,-3.454504147749708903e-02,-3.736868719080826295e+00,1.980816263375092978e+00,1.349876149013030380e-01,3.089503039535412832e+00,3.819275653375282964e+00,2.028921371410741692e+00,1.343861979211202318e+00,1.047764610833867849e+00,-1.259334108492780047e+00,6.249883275983370012e-01
2.871999999999905295e+00,1.022119188375919752e+00,-1.162970891432355547e+00,5.900023863563100823e-01,-3.936680015867666249e-01,1.523142060217831162e+00,-1.236815104223685097e-01,9.781347001244721229e-01,2.044070630122399312e-01,-1.758449535124848029e-02,-3.407413280423737811e-02,-3.621592915140675828e+00,2.155844728992311499e+00,1.380996830661747610e-01,3.137177858877364667e+00,3.793220824725610285e+00,1.981612550752049451e+00,1.368305646974620426e+00,1.047209017507897855e+00,-1.256325371362194687e+00,6.246781889741717109e-01
2.873999999999905075e+00,1.021331852372746152e+00,-1.159924607311919820e+00,5.897550233354653670e-01,-3.948665073663309988e-01,1.513255516991637739e+00,-1.205707277390200838e-01,9.789088905944551833e-01,2.009339008755713085e-01,-1.538047797400650223e-02,-3.356176829891759084e-02,-3.497116280725864002e+00,2.326825663062919158e+00,1.417365803965485449e-01,3.183345937025575889e+00,3.764374945403093697e+00,1.935647710024315460e+00,1.395561192325684985e+00,1.046657000794484205e+00,-1.253335935200752260e+00,6.243704523630304593e-01
2.875999999999904855e+00,1.020542119358013533e+00,-1.156898096277936494e+00,5.895138818799873226e-01,-3.959475451510169330e-01,1.503527082775893309e+00,-1.173899110215212011e-01,9.796434722444432586e-01,1.975847100010111046e-01,-1.301372298635472893e-02,-3.300897872854183929e-02,-3.363740605296347219e+00,2.493363471608108561e+00,1.458176396726897639e-01,3.227919507066082438e+00,3.732783761486228258e+00,1.891140573942293734e+00,1.425555439194582164e+00,1.046108567213169138e+00,-1.250365834288217570e+00,6.240651136645700703e-01
2.877999999999904635e+00,1.019750224267711447e+00,-1.153891042112384691e+00,5.892791020579443151e-01,-3.969030202776499539e-01,1.493951298179825304e+00,-1.141432995809442963e-01,9.803367533628376540e-01,1.943681433737554920e-01,-1.048880137751427750e-02,-3.241696921541234455e-02,-3.221787113657339052e+00,2.655071853714081609e+00,1.502634171133157004e-01,3.270814347223836016e+00,3.698498488908741777e+00,1.848201872183770300e+00,1.458208966307051879e+00,1.045563723002716827e+00,-1.247415101451778696e+00,6.237621686793124454e-01
2.879999999999904414e+00,1.018956418227156213e+00,-1.150903139516024964e+00,5.890508154587824619e-01,-3.977251000953270221e-01,1.484522299978027648e+00,-1.108353006040995042e-01,9.809871257421403090e-01,1.912925311525627836e-01,-7.810634549317644650e-03,-3.178711439178925902e-02,-3.071595852212582578e+00,2.811574635656955756e+00,1.549964121397494898e-01,3.311949799833287855e+00,3.661575859800492605e+00,1.806938981901078822e+00,1.493436404689903796e+00,1.045022474126428236e+00,-1.244483768071958707e+00,6.234616131100088054e-01
2.881999999999904194e+00,1.018160968026965651e+00,-1.147934094916069014e+00,5.888291448575743159e-01,-3.984062328157474964e-01,1.475233837545110172e+00,-1.074704803521315394e-01,9.815930641626451347e-01,1.883658610354163321e-01,-4.984485241645402777e-03,-3.112095260513955339e-02,-2.913525033042181356e+00,2.962506587773998223e+00,1.599417557006014290e-01,3.351248784024229099e+00,3.622078158740476006e+00,1.767455577094357189e+00,1.531146747186235668e+00,1.044484826268815780e+00,-1.241571864106489897e+00,6.231634425619523299e-01
2.883999999999903974e+00,1.017364155561334194e+00,-1.144983627240978796e+00,5.886142038968700252e-01,-3.989391656885505344e-01,1.466079290312765293e+00,-1.040535553948215008e-01,9.821531259256958135e-01,1.855957593413429807e-01,-2.015947786157906707e-03,-3.042017921410153022e-02,-2.747950335945878120e+00,3.107514222128103132e+00,1.650278615068478671e-01,3.388637803211355326e+00,3.580073247124900604e+00,1.729851286862227999e+00,1.571243668460847731e+00,1.043950784837933909e+00,-1.238679418055298243e+00,6.228676525433760602e-01
2.885999999999903753e+00,1.016566277229957072e+00,-1.142051468660353342e+00,5.884060967860803570e-01,-3.993169624767322068e-01,1.457051686191931150e+00,-1.005893838802265627e-01,9.826659504771358966e-01,1.829894728659588743e-01,1.089062306372026072e-03,-2.968663902159354717e-02,-2.575264168782879004e+00,3.246256569005589565e+00,1.701870348634387520e-01,3.424046949098884518e+00,3.535634574328014423e+00,1.694221364171461408e+00,1.613625853807895361e+00,1.043420354965236996e+00,-1.235806457001316971e+00,6.225742384647423577e-01
2.887999999999903533e+00,1.015767643305003576e+00,-1.139137365287969494e+00,5.882049180183198667e-01,-3.995330202094196648e-01,1.448143720901803322e+00,-9.708295683497604467e-02,9.831302591586297268e-01,1.805538515670467581e-01,4.324319418104251821e-03,-2.892231789743944861e-02,-2.395874886765655187e+00,3.378405930227774689e+00,1.753560341736846995e-01,3.457409903099586401e+00,3.488841173681743513e+00,1.660656367164071723e+00,1.658187335272594209e+00,1.042893541502822430e+00,-1.232953006562169662e+00,6.222831956394534458e-01
2.889999999999903313e+00,1.014968577264584670e+00,-1.136241077846165792e+00,5.880107521046499253e-01,-3.995810851910478467e-01,1.439347778145917189e+00,-9.353938948421416932e-02,9.835448551212750967e-01,1.782953321347508502e-01,7.683299546680504889e-03,-2.812933364842700595e-02,-2.210205971580980755e+00,3.503648607300596129e+00,1.804765805986831284e-01,3.488663936824050626e+00,3.439777642316554918e+00,1.629241854533690415e+00,1.704817833306145669e+00,1.042370349029257071e+00,-1.230119090934280734e+00,6.219945192849811733e-01
2.891999999999903093e+00,1.014169415094202664e+00,-1.133362382289873960e+00,5.878236733256815283e-01,-3.994552682471911864e-01,1.430655950575161928e+00,-8.996391257647454176e-02,9.839086234323284330e-01,1.762199224989181856e-01,1.115919266752466929e-02,-2.730992619882190511e-02,-2.018695171538456901e+00,3.621685602405500415e+00,1.854958118220926266e-01,3.517749912535826695e+00,3.388534103116183971e+00,1.600058096775390126e+00,1.753403102410056036e+00,1.041850781845598206e+00,-1.227304732874003435e+00,6.217082045224691100e-01
2.893999999999902872e+00,1.013370504557708385e+00,-1.130501070388723717e+00,5.876437455005285582e-01,-3.991500591880504101e-01,1.422060061476790205e+00,-8.636186369390420892e-02,9.842205314019889517e-01,1.743331873236221574e-01,1.474491572317676406e-02,-2.646644714897906231e-02,-1.821793604208652884e+00,3.732233290287861216e+00,1.903666763530404149e-01,3.544612284856822448e+00,3.335206147786793807e+00,1.573179804813729321e+00,1.803825279073776988e+00,1.041334843977127278e+00,-1.224509953685341657e+00,6.214242463762067459e-01
2.895999999999902652e+00,1.012572204439332380e+00,-1.127656950265770064e+00,5.874710217731407003e-01,-3.986603404708374820e-01,1.413551687127877710e+00,-8.273867852392761957e-02,9.844796291530675258e-01,1.726402345360524004e-01,1.843312622497471354e-02,-2.560134878379646123e-02,-1.619964823264211873e+00,3.835024059171307176e+00,1.950482653127899035e-01,3.569199104960139479e+00,3.279894760182000990e+00,1.548675877375064402e+00,1.855963230311146184e+00,1.040822539172411965e+00,-1.221734773259854023e+00,6.211426397750789974e-01
2.897999999999902432e+00,1.011774883758390642e+00,-1.124829846891514329e+00,5.873055444160928396e-01,-3.979814000421228459e-01,1.405122179751862044e+00,-7.909988206652235343e-02,9.846850504519896186e-01,1.711457029337574987e-01,2.221623645044836295e-02,-2.471717260630924839e-02,-1.413683851579637496e+00,3.929806918850020647e+00,1.995060792074316580e-01,3.591462027744889873e+00,3.222706218464025163e+00,1.526609168709128106e+00,1.909692901330934056e+00,1.040313870906915739e+00,-1.218979210025608495e+00,6.208633795523317289e-01
2.899999999999902212e+00,1.010978920958306437e+00,-1.122019602532010607e+00,5.871473446519598349e-01,-3.971089433405926017e-01,1.396762691015730917e+00,-7.545107974655858307e-02,9.848360138150654697e-01,1.698537509106164689e-01,2.608642821781585047e-02,-2.381653747468752066e-02,-1.203436182776877361e+00,4.016348074274988633e+00,2.037122277358182632e-01,3.611356323666870427e+00,3.163751976169898672e+00,1.507036277437797001e+00,1.964887660533622071e+00,1.039808842378734610e+00,-1.216243281002206800e+00,6.205864604460264999e-01
2.901999999999901991e+00,1.010184703071625334e+00,-1.119226077149979126e+00,5.869964424924667412e-01,-3.960391044397665872e-01,1.388464196005928963e+00,-7.179794840078375373e-02,9.849318238992287311e-01,1.687680463380986651e-01,3.003566821711358206e-02,-2.290212742326420969e-02,-9.897167537665128023e-01,4.094431462982653258e+00,2.076455612807847628e-01,3.628840895178179426e+00,3.103148520838336921e+00,1.490007358071236521e+00,2.021418640538149347e+00,1.039307456512434058e+00,-1.213527001750989598e+00,6.203118770995237341e-01
2.903999999999901771e+00,1.009392624862745835e+00,-1.116449148757967302e+00,5.868528465956651674e-01,-3.947684563089794429e-01,1.380217517620043743e+00,-6.814622710586806797e-02,9.849718731816509143e-01,1.678917576341439621e-01,3.405572387562093295e-02,-2.197667924994765876e-02,-7.730288909246026963e-01,4.163859254903094609e+00,2.112917333120779284e-01,3.643878299221624317e+00,3.041017210546565153e+00,1.475565955687637931e+00,2.079155073561055111e+00,1.038809715959247981e+00,-1.210830386419146976e+00,6.200396240609142851e-01
2.905999999999901551e+00,1.008603087950127986e+00,-1.113688713722727153e+00,5.867165541414534058e-01,-3.932940201695719895e-01,1.372013351311484941e+00,-6.450170781489707184e-02,9.849556439277050712e-01,1.672275460476287112e-01,3.813817973351101703e-02,-2.104296995345862967e-02,-5.538832328148225459e-01,4.224452313165750539e+00,2.146431935450008044e-01,3.656434775778681701e+00,2.977484087594980178e+00,1.463748864866371679e+00,2.137964619930915244e+00,1.038315623093923890e+00,-1.208153447698563809e+00,6.197696957843268351e-01
2.907999999999901330e+00,1.007816499909788943e+00,-1.110944687020104293e+00,5.865875507258235810e-01,-3.916132739216661163e-01,1.363842290123415957e+00,-6.087022576856510048e-02,9.848827104418208522e-01,1.667775591817197978e-01,4.227445430396423870e-02,-2.010380410425291475e-02,-3.327966324408869192e-01,4.276050614720496412e+00,2.176991122899445130e-01,3.666480283408022345e+00,2.912679669904032931e+00,1.454586013222237906e+00,2.197713688260397369e+00,1.037825180020293558e+00,-1.205496196878115711e+00,6.195020866300700035e-01
2.909999999999901110e+00,1.007033273361945591e+00,-1.108217002439857435e+00,5.864658102742864587e-01,-3.897241596154387144e-01,1.355694849948154035e+00,-5.725764964984249306e-02,9.847527415907927351e-01,1.665434257746597202e-01,4.645581739043548597e-02,-1.916200123275301620e-02,-1.102910421989840850e-01,4.318513629692352751e+00,2.204652370478748236e-01,3.673988541645360595e+00,2.846738719709725807e+00,1.448100370219222777e+00,2.258267746243482144e+00,1.037338388567549785e+00,-1.202858643793874194e+00,6.192367908639502261e-01
2.911999999999900890e+00,1.006253825042714656e+00,-1.105505612739961174e+00,5.863512949749867254e-01,-3.876250899392511551e-01,1.347561494947047800e+00,-5.366987145117105978e-02,9.845655035841924807e-01,1.665262517515784246e-01,5.067340783226791101e-02,-1.822038331759901625e-02,1.131076152869758544e-01,4.351720658602799219e+00,2.229536829884642135e-01,3.678937080935146930e+00,2.779799990489793871e+00,1.444307881336163835e+00,2.319491620835430812e+00,1.036855250292378017e+00,-1.200240796869579185e+00,6.189738026593465392e-01
2.913999999999900670e+00,1.005478574862836094e+00,-1.102810489750067013e+00,5.862439552320843905e-01,-3.853149536957768961e-01,1.339432663065555085e+00,-5.011279602721083193e-02,9.843208629916683217e-01,1.667266175559727059e-01,5.491825164850528546e-02,-1.728176245506085618e-02,3.368705871602910018e-01,4.375571126714693726e+00,2.251826595429251843e-01,3.681307299750406603e+00,2.712005952167139355e+00,1.443217427890525206e+00,2.381249786954995340e+00,1.036375766480633231e+00,-1.197642663089240500e+00,6.187131160957610732e-01
2.915999999999900449e+00,1.004707944955444576e+00,-1.100131624423935861e+00,5.861437296400299202e-01,-3.827931202361641860e-01,1.331298791577097518e+00,-4.659233030864091962e-02,9.840187899721930531e-01,1.671445767644612612e-01,5.918128054847759945e-02,-1.634892878852846343e-02,5.604674379030365472e-01,4.389984834946439207e+00,2.271761359067188679e-01,3.681084529135512540e+00,2.643502495525750007e+00,1.444830812361486361e+00,2.443406643833656133e+00,1.035899938145464105e+00,-1.195064248025218490e+00,6.184547251609791019e-01
2.917999999999900229e+00,1.003942358714972283e+00,-1.097469026840781625e+00,5.860505449794126687e-01,-3.800594428216151344e-01,1.323150342588542472e+00,-4.311437215711552695e-02,9.836593616857340905e-01,1.677796559834541235e-01,6.345335077657845990e-02,-1.542463877413649716e-02,7.833672012295875842e-01,4.394902166957255218e+00,2.289634487926508755e-01,3.678258104277693619e+00,2.574438616539682201e+00,1.449142769111783968e+00,2.505826778326257553e+00,1.035427766027170904e+00,-1.192505555813212936e+00,6.181986237490511016e-01
2.919999999999900009e+00,1.003182239829329081e+00,-1.094822726155604498e+00,5.859643162350984813e-01,-3.771142608814689878e-01,1.314977828439135576e+00,-3.968479884592470558e-02,9.832427658534604875e-01,1.686308560214608288e-01,6.772526225758464247e-02,-1.451160385510784009e-02,1.005039533119203021e+00,4.390284252167986345e+00,2.305788562939851960e-01,3.672821442864058650e+00,2.504966081612976403e+00,1.456141000157905374e+00,2.568375214663403572e+00,1.034959250598975089e+00,-1.189966589177046785e+00,6.179448056634475606e-01
2.921999999999899789e+00,1.002428011307566091e+00,-1.092192770498726206e+00,5.858849466374066450e-01,-3.739584011371427374e-01,1.306771836923866337e+00,-3.630945515650053218e-02,9.827693044284769863e-01,1.696966543259798010e-01,7.198777800788723480e-02,-1.361247961334174743e-02,1.224955862901880854e+00,4.376113084632408778e+00,2.320610422057223510e-01,3.664772129755506480e+00,2.435239074752728605e+00,1.465806235476349029e+00,2.630917650258718599e+00,1.034494392061363399e+00,-1.187447349416387965e+00,6.176932646148989292e-01
2.923999999999899568e+00,1.001680094505291718e+00,-1.089579226824878511e+00,5.858123277270936846e-01,-3.705931775621139623e-01,1.298523056271417397e+00,-3.299414108686452712e-02,9.822393973352347984e-01,1.709750086693055393e-01,7.623164377709537587e-02,-1.272985546216271434e-02,1.442590539411587658e+00,4.352391597815216784e+00,2.334525756015485565e-01,3.654112007251300920e+00,2.365413827835149974e+00,1.478112317345033011e+00,2.693320677376246142e+00,1.034033190344816333e+00,-1.184947836413797972e+00,6.174439942229517087e-01
2.925999999999899348e+00,1.000938908150167395e+00,-1.086982180712335655e+00,5.857463394449199390e-01,-3.670203901495640020e-01,1.290222299806035533e+00,-2.974459917430868211e-02,9.816535862322883776e-01,1.724633620631811637e-01,8.044760788362911863e-02,-1.186624493902680919e-02,1.657421969384003990e+00,4.319143695470113009e+00,2.347993308755764730e-01,3.640847270303881444e+00,2.295648235289828865e+00,1.493026307939486763e+00,2.755451990596287093e+00,1.033575645113929298e+00,-1.182468048635186619e+00,6.171969880171337408e-01
2.927999999999899128e+00,1.000204867369868245e+00,-1.084401736112723613e+00,5.856868502465713000e-01,-3.632423224614373947e-01,1.281860530222119987e+00,-2.656650144142677292e-02,9.810125382499258473e-01,1.741586488780804132e-01,8.462644120712613238e-02,-1.102407665139657281e-02,1.868933745454890216e+00,4.276414238928623490e+00,2.361498738275693010e-01,3.624988565861158030e+00,2.226101454529926471e+00,1.510508619297759703e+00,2.817180580199385886e+00,1.033121755759085048e+00,-1.180007983141862837e+00,6.169522394354620687e-01
2.929999999999898908e+00,9.994783827249453800e-01,-1.081838015052279278e+00,5.856337172436884009e-01,-3.592617379355675378e-01,1.273428883400086420e+00,-2.346543598196899547e-02,9.803170496514986842e-01,1.760573021390651471e-01,8.875895729973452830e-02,-1.020568592299465720e-02,2.076615761250886205e+00,4.224268991206558077e+00,2.375548196874466833e-01,3.606551095038998955e+00,2.156933493471116403e+00,1.530513164926511571e+00,2.878376911783989467e+00,1.032671521408817128e+00,-1.177567635569161553e+00,6.167097418262335040e-01
2.931999999999898687e+00,9.987598592490742888e-01,-1.079291157285479086e+00,5.855867863717244548e-01,-3.550818749309624933e-01,1.264918691691738761e+00,-2.044689320946461303e-02,9.795680493650101850e-01,1.781552619665943138e-01,9.283603257762698679e-02,-9.413307181285447689e-03,2.279965311338524092e+00,4.162794518438916569e+00,2.390661692500056223e-01,3.585554717478851572e+00,2.088304786799036084e+00,1.552987531739410620e+00,2.938913092529640281e+00,1.032224940921681267e+00,-1.175147000164528777e+00,6.164694884481596304e-01
2.933999999999898467e+00,9.980496954992124081e-01,-1.076761319902095559e+00,5.855458925853055385e-01,-3.507064404957555559e-01,1.256321506603962579e+00,-1.751625179966674259e-02,9.787666023297358908e-01,1.804479851275141433e-01,9.684862655336200221e-02,-8.649067120370624792e-03,2.478488173931605143e+00,4.092098049208024335e+00,2.407366295055527461e-01,3.562024056194604604e+00,2.020375762309576828e+00,1.577873171481383618e+00,2.998663024753283501e+00,1.031782012888159628e+00,-1.172746069745571162e+00,6.162314724697699475e-01
2.935999999999898247e+00,9.973482826182209493e-01,-1.074248676888887699e+00,5.855108600817061637e-01,-3.461396028471917519e-01,1.247629120809988779e+00,-1.467876436443198672e-02,9.779139126013817185e-01,1.829304556586090480e-01,1.007878020689928350e-01,-7.914978666582540498e-03,2.671699674507654443e+00,4.012307292397782277e+00,2.426189253171471827e-01,3.535988601859631597e+00,1.953306399055855680e+00,1.605105610333005695e+00,3.057502547497526812e+00,1.031342735634611429e+00,-1.170364835739619025e+00,6.159956869714013905e-01
2.937999999999898026e+00,9.966560034125265810e-01,-1.071753418647267697e+00,5.854815025529772621e-01,-3.413859825586607055e-01,1.238833589418627534e+00,-1.193954290180196387e-02,9.770113261585405828e-01,1.855971965226633769e-01,1.046447454891021311e-01,-7.212935766982448219e-03,2.859125728688611368e+00,3.923570214247134924e+00,2.447651088025125099e-01,3.507482815082088035e+00,1.887255778910438497e+00,1.634614675461934397e+00,3.115309567028887727e+00,1.030907107221937125e+00,-1.168003288179406240e+00,6.157621249447720047e-01
2.939999999999897806e+00,9.959732314474092352e-01,-1.069275751468430347e+00,5.854576234671736712e-01,-3.364506424551246266e-01,1.229927250433675567e+00,-9.303544074308448680e-03,9.760603333530316617e-01,1.884422822549451648e-01,1.084107868122035079e-01,-6.544709013786257842e-03,3.040303862912304922e+00,3.826054775277706543e+00,2.472258731297838907e-01,3.476546224963025011e+00,1.822381632977583710e+00,1.666324737328585215e+00,3.171964177363514992e+00,1.030475125445464712e+00,-1.165661415692611058e+00,6.155307792929525235e-01
2.941999999999897586e+00,9.953003301624989696e-01,-1.066815896967562960e+00,5.854390163790250678e-01,-3.313390762249679433e-01,1.220902744337645673e+00,-6.775554373386587746e-03,9.750625709470923663e-01,1.914593525563450804e-01,1.120774196581706267e-01,-5.911942110516650410e-03,3.214784211631573463e+00,3.719948627797772467e+00,2.500498774263962276e-01,3.443223522520052704e+00,1.758839884715550639e+00,1.700154966361753006e+00,3.227348771898046031e+00,1.030046787838388767e+00,-1.163339205508904683e+00,6.153016428321285147e-01
2.943999999999897366e+00,9.946376520100490559e-01,-1.064374091478887729e+00,5.854254652702782780e-01,-3.260571957635062246e-01,1.211753032736649693e+00,-4.360175233640102913e-03,9.740198236813665256e-01,1.946416267881383444e-01,1.156363210885694021e-01,-5.316149178486598813e-03,3.382130489961028719e+00,3.605458774680309286e+00,2.532830894364801466e-01,3.407564647404208280e+00,1.696784191456623070e+00,1.736019602601351464e+00,3.281348147384636427e+00,1.029622091668217720e+00,-1.161036643470410468e+00,6.150747082902645602e-01
2.945999999999897145e+00,9.939855376185220415e-01,-1.061950585413414361e+00,5.854167449198109940e-01,-3.206113172711468895e-01,1.202471416006847926e+00,-2.061808166746736688e-03,9.729340253191828269e-01,1.979819193224603979e-01,1.190793712159591983e-01,-4.758712895122220281e-03,3.541920940791997818e+00,3.482811190067483853e+00,2.569681524358273239e-01,3.369624865878377395e+00,1.636365485751425153e+00,1.773828237093711957e+00,3.333849601701386778e+00,1.029201033940497112e+00,-1.158753714029202797e+00,6.148499683088379797e-01
2.947999999999896925e+00,9.933443149839797925e-01,-1.059545642581400715e+00,5.854126213034774873e-01,-3.150081461368439695e-01,1.193051549886410490e+00,1.153600114123382037e-04,9.718072591147602912e-01,2.014726557020201092e-01,1.223986725573718848e-01,-4.240883448702560329e-03,3.693749255577185586e+00,3.352250402657892536e+00,2.611437827341169804e-01,3.329464838710927133e+00,1.577731518557270673e+00,1.813486103476346534e+00,3.384743026696606538e+00,1.028783611401367537e+00,-1.156490400257766282e+00,6.146274154435777959e-01
2.949999999999896705e+00,9.927142986917061318e-01,-1.057159539481627997e+00,5.854128520235003519e-01,-3.092547606457396459e-01,1.183487460961879068e+00,2.167371781772150022e-03,9.706417576556969351e-01,2.051058895624055523e-01,1.255865690863368078e-01,-3.763778287391869159e-03,3.837225468031070896e+00,3.214039042157375459e+00,2.658442038545441033e-01,3.287150676831419371e+00,1.521026405586938912e+00,1.854894378491818818e+00,3.433920997715713685e+00,1.028369820531851886e+00,-1.154246683835239651e+00,6.144070421631289136e-01
2.951999999999896485e+00,9.920957891704146325e-01,-1.054792564559704271e+00,5.854171867670638907e-01,-3.033585945575874021e-01,1.173773561002360521e+00,4.090513270699986347e-03,9.694399020333772654e-01,2.088733202704216030e-01,1.286356649369353733e-01,-3.328382634034171908e-03,3.971976820109397011e+00,3.068457349475400164e+00,2.710986231900280319e-01,3.242753983382558935e+00,1.466390178969620761e+00,1.897950489928916129e+00,3.481278861140519432e+00,1.027959657556580808e+00,-1.152022545078224880e+00,6.141888408515532305e-01
2.953999999999896264e+00,9.914890719812994302e-01,-1.052445017437699581e+00,5.854253677936053224e-01,-2.973274186107843775e-01,1.163904660101180655e+00,5.881328261998192142e-03,9.682042202987647395e-01,2.127663112323176509e-01,1.315388427125346871e-01,-2.935550732122490115e-03,4.097648599618720411e+00,2.915802651158363901e+00,2.769307565884340794e-01,3.196351880014072222e+00,1.413958345475363920e+00,1.942548430682172533e+00,3.526714821608761152e+00,1.027553118439529456e+00,-1.149817962912138114e+00,6.139728038072496119e-01
2.955999999999896044e+00,9.908944171440778881e-01,-1.050117208117497203e+00,5.854371304501293505e-01,-2.911693210143099231e-01,1.153875978590442886e+00,7.536631787402136781e-03,9.669373851653897400e-01,2.167759088263727929e-01,1.342892813509937999e-01,-2.586007782709977536e-03,4.213904948840936804e+00,2.756388798532719786e+00,2.833584059248429599e-01,3.148027015937251427e+00,1.363861453295030612e+00,1.988579077484090574e+00,3.570130030305390445e+00,1.027150198885466992e+00,-1.147632914898721879e+00,6.137589232444602416e-01
2.957999999999895824e+00,9.903120785020492756e-01,-1.047809456160316399e+00,5.854522037137041002e-01,-2.848926869971597498e-01,1.143683157700546627e+00,9.053523210088742362e-03,9.656422109261929565e-01,2.208928619151562522e-01,1.368804734973515236e-01,-2.280352526840639504e-03,4.320429643527195829e+00,2.590545571990157558e+00,2.903930942762575351e-01,3.097867558049794745e+00,1.316224669106395240e+00,2.035930512945912430e+00,3.611428675766270580e+00,1.026750894342315590e+00,-1.145467377231042860e+00,6.135471912932350946e-01
2.959999999999895604e+00,9.897422931280549507e-01,-1.045522089844915348e+00,5.854703107601242351e-01,-2.785061774918837774e-01,1.133322268944078948e+00,1.042939871530878387e-02,9.643216495561667267e-01,2.251076418937887069e-01,1.393062423342841805e-01,-2.019060423390053524e-03,4.416926841525325997e+00,2.418618050785094287e+00,2.980397628227028917e-01,3.045967160265679041e+00,1.271167366898888984e+00,2.084488349605239765e+00,3.650518078693817614e+00,1.026355199999814616e+00,-1.143321324744178469e+00,6.133376000000003714e-01
2.961999999999895383e+00,9.891852807730712183e-01,-1.043255445307027296e+00,5.854911695575548691e-01,-2.720187070348332181e-01,1.122789822210510824e+00,1.166196312420757220e-02,9.629787859784709747e-01,2.294104632316348313e-01,1.415607578199715721e-01,-1.802487368067458209e-03,4.503121800244977990e+00,2.240965948713500744e+00,3.062965330732300706e-01,2.992424910763816559e+00,1.228802730542906119e+00,2.134136054589399478e+00,3.687308791995774993e+00,1.025963110793158606e+00,-1.141194730904757648e+00,6.131301413278853474e-01
2.963999999999895163e+00,9.886412433590014981e-01,-1.041009865662606337e+00,5.855144934838032444e-01,-2.654394209713937802e-01,1.112082772566020505e+00,1.274924094836116413e-02,9.616168324777696341e-01,2.337913044660667461e-01,1.436385522824987215e-01,-1.630873895763184679e-03,4.578761562020468467e+00,2.057962916005744880e+00,3.151545374451824588e-01,2.937345255504488328e+00,1.189237371625172957e+00,2.184755273632804418e+00,3.721714707339115691e+00,1.025574621401888820e+00,-1.139087567823921177e+00,6.129248071576034462e-01
2.965999999999894943e+00,9.881103645170586924e-01,-1.038785700117474287e+00,5.855399919656999463e-01,-2.587776720589605173e-01,1.101198525760208602e+00,1.368958660612257933e-02,9.602391222509565338e-01,2.382399296081590123e-01,1.455345353195409697e-01,-1.504349805466569188e-03,4.643615606317627709e+00,1.869995807787275588e+00,3.245978206307634784e-01,2.880837896938196696e+00,1.152570964492496852e+00,2.236226153117115700e+00,3.753653169211186746e+00,1.025189726251115374e+00,-1.136999806270509339e+00,6.127215892877861947e-01
2.967999999999894722e+00,9.875928091729407887e-01,-1.036583303065953920e+00,5.855673711389122182e-01,-2.520429965644909176e-01,1.090134942449769939e+00,1.448169372461173901e-02,9.588491020921239283e-01,2.427459099214214766e-01,1.472440079519005129e-01,-1.422939144639053357e-03,4.697476467511256359e+00,1.677463919444333929e+00,3.346033135447120666e-01,2.823017666298825112e+00,1.118895899915376191e+00,2.288427659022546301e+00,3.783045097564903259e+00,1.024808419514444680e+00,-1.134931415656396325e+00,6.125204794355232352e-01
2.969999999999894502e+00,9.870887231798117778e-01,-1.034403033181054310e+00,5.855963345263613951e-01,-2.452450899559698028e-01,1.078890341156446109e+00,1.512460345662680963e-02,9.574503242155335547e-01,2.472986460358130578e-01,1.487626759794611342e-01,-1.386565488235848428e-03,4.740160316846115940e+00,1.480778189296936498e+00,3.451408810086550316e-01,2.764004368960401692e+00,1.088296959367399896e+00,2.341237891416600547e+00,3.809815119683550577e+00,1.024430695110170930e+00,-1.132882364060932900e+00,6.123214692367602296e-01
2.971999999999894282e+00,9.865982329998997935e-01,-1.032245252498741328e+00,5.856265837332746971e-01,-2.383937822892342462e-01,1.067463499984726560e+00,1.561771174585801884e-02,9.560464372274177780e-01,2.518873903604055831e-01,1.500866624883995248e-01,-1.395057446512649665e-03,4.771507506926086606e+00,1.280360369007021104e+00,3.561734436371609691e-01,2.703922601453985219e+00,1.060851011332608174e+00,2.394534393532512073e+00,3.833891711982208239e+00,1.024056546707500459e+00,-1.130852618210482774e+00,6.121245502463841248e-01
2.973999999999894062e+00,9.861214454353213199e-01,-1.030110325498771795e+00,5.856578191567664016e-01,-2.314990133920748483e-01,1.055853657131675005e+00,1.596077548030976762e-02,9.546411762646231924e-01,2.565012697589923452e-01,1.512125194590114019e-01,-1.448154335357453070e-03,4.791383076936448937e+00,1.076642162246607581e+00,3.676571737184208821e-01,2.642901539927911436e+00,1.036626731495033260e+00,2.448194454180568691e+00,3.855207352045911584e+00,1.023685967725159074e+00,-1.128842143510482288e+00,6.119297139397295027e-01
2.975999999999893841e+00,9.856584474085371417e-01,-1.027998618184508439e+00,5.856897407077270579e-01,-2.245708079473092422e-01,1.044060510228432159e+00,1.615391747967905717e-02,9.532383523253241675e-01,2.611293084537749110e-01,1.521372384243510900e-01,-1.545511943122869361e-03,4.799677216578228212e+00,8.700643322419614467e-01,3.795417641807807274e-01,2.581074699404938499e+00,1.015684348342624554e+00,2.502095402519427303e+00,3.873698681100404162e+00,1.023318951333466842e+00,-1.126850904033162237e+00,6.117369517132038581e-01
2.977999999999893621e+00,9.852093057926425423e-01,-1.025910497164051582e+00,5.857220485426863910e-01,-2.176192505752231610e-01,1.032084214559624735e+00,1.619763026877901399e-02,9.518418408242392825e-01,2.657604511228955912e-01,1.528582601310504718e-01,-1.686708328804495437e-03,4.796305686488257614e+00,6.610757789170231824e-01,3.917707690341668547e-01,2.518579663502024779e+00,9.980754156178455183e-01,2.556114894216886313e+00,3.889306676930214035e+00,1.022955490451950666e+00,-1.124878862528234436e+00,6.115462548830654654e-01
2.979999999999893401e+00,9.847740672914920834e-01,-1.023846328734932420e+00,5.857544438032239453e-01,-2.106544610131103890e-01,1.019925380212490129e+00,1.609277859667486432e-02,9.504555694119279918e-01,2.703835861580158317e-01,1.533734831551980815e-01,-1.871249587900645443e-03,4.781210192755033894e+00,4.501325865235441537e-01,4.042820129850851485e-01,2.455557784802678611e+00,9.838426133044191335e-01,2.610131188088907095e+00,3.901976836871775323e+00,1.022595577755057050e+00,-1.122925980425165449e+00,6.113576146881802842e-01
2.981999999999893181e+00,9.843527583694658967e-01,-1.021806477974507521e+00,5.857866293604172547e-01,-2.036865694863057574e-01,1.007585068212986545e+00,1.584060066805209263e-02,9.490835051047328275e-01,2.749875690483756241e-01,1.536812714280701153e-01,-2.098575524363121593e-03,4.754358712974085854e+00,2.376970427986395407e-01,4.170080672368782215e-01,2.392153856076123741e+00,9.730195784244430879e-01,2.664023412350924325e+00,3.911659370389075630e+00,1.022239205670077311e+00,-1.120992217837951443e+00,6.111710222889419342e-01
2.983999999999892960e+00,9.839453852304932413e-01,-1.019791307838081584e+00,5.858183105617533748e-01,-1.967256923606456875e-01,9.950647857105763272e-01,1.544270806085106668e-02,9.477296407787325627e-01,2.795612458577886317e-01,1.537804606288057929e-01,-2.368065169691372859e-03,4.715745771140523956e+00,2.423663087927446780e-02,4.298767878131714570e-01,2.328515752829859231e+00,9.656307669924553139e-01,2.717671819776152020e+00,3.918309400459030201e+00,1.021886366380870825e+00,-1.119077533579215356e+00,6.109864687689485763e-01
2.985999999999892740e+00,9.835519338457719973e-01,-1.017801178266660500e+00,5.858491959778751035e-01,-1.897819081610749026e-01,9.823664802771627791e-01,1.490108431146280887e-02,9.463979810876300691e-01,2.840934767608220279e-01,1.536703634038384392e-01,-2.679042093399541975e-03,4.665392658566818618e+00,-1.897770046025289425e-01,4.428119120917944906e-01,2.264794047938791355e+00,9.616913482171387528e-01,2.770958031077859651e+00,3.921887172795313958e+00,1.021537051825193387e+00,-1.117181885134627350e+00,6.108039451345197435e-01
2.987999999999892520e+00,9.831723700294497936e-01,-1.015836445306106173e+00,5.858789981464980201e-01,-1.828652340346581251e-01,9.694925333877202345e-01,1.421808215729677624e-02,9.450925278707170696e-01,2.885731596039786129e-01,1.533507733760194058e-01,-3.030779452765460479e-03,4.603347597989448481e+00,-4.038691155532498911e-01,4.557337086333745901e-01,2.201141599830659157e+00,9.612071324013344853e-01,2.823765265902543398e+00,3.922358271417948128e+00,1.021191253699784696e+00,-1.115305228727365261e+00,6.106234423165721736e-01
2.989999999999892299e+00,9.828066395613804795e-01,-1.013897460239330695e+00,5.859074343108126026e-01,-1.759856027302027781e-01,9.564457531532275514e-01,1.339641943198214072e-02,9.438172651229199683e-01,2.929892534571246765e-01,1.528219679099676598e-01,-3.422504733887557320e-03,4.529685847901573581e+00,-6.175629307352388242e-01,4.685596747640515813e-01,2.137713114708424289e+00,9.641745327415073286e-01,2.875978561093688768e+00,3.919693839493076482e+00,1.020848963459544123e+00,-1.113447519267637631e+00,6.104449511701366404e-01
2.991999999999892079e+00,9.824546683559201021e-01,-1.011984568733024226e+00,5.859342271496765786e-01,-1.691528401586219477e-01,9.432293663759704350e-01,1.243917361778347323e-02,9.425761436043844643e-01,2.973308021195332773e-01,1.520847096041237911e-01,-3.853404140654762954e-03,4.444509744272356677e+00,-8.303807561957325944e-01,4.812052758678354025e-01,2.074664685339081327e+00,9.705805624694905376e-01,2.927484975719255367e+00,3.913870803309017266e+00,1.020510172317559139e+00,-1.111608710365644015e+00,6.102684624753171860e-01
2.993999999999891859e+00,9.821163626756028719e-01,-1.010098110000272387e+00,5.859591054969121027e-01,-1.623766435906563999e-01,9.298470099974923686e-01,1.134977506616355152e-02,9.413730651719992570e-01,3.015869575439925621e-01,1.511402464844125715e-01,-4.322626593142322136e-03,4.347948676845930116e+00,-1.041845093401855937e+00,4.935847198329543772e-01,2.012153307985226292e+00,9.804028676974017031e-01,2.978173782662726587e+00,3.904872097547705145e+00,1.020174871249198034e+00,-1.109788754379323450e+00,6.100939669380016639e-01
2.995999999999891639e+00,9.817916093884215822e-01,-1.008238415980277303e+00,5.859818050470444462e-01,-1.556665605408124320e-01,9.163027220088453273e-01,1.013199890339066232e-02,9.402118669196876111e-01,3.057470031413264122e-01,1.499903108792230988e-01,-4.829287302194465448e-03,4.240158997286659570e+00,-1.251479772463752305e+00,5.056117596304285922e-01,1.950336379212576521e+00,9.936097959573446659e-01,3.027936646704004975e+00,3.892686889992891253e+00,1.019843050992593092e+00,-1.107987602374109315e+00,6.099214551899612147e-01
2.997999999999891418e+00,9.814802762673399128e-01,-1.006405810536259660e+00,5.860020690448511926e-01,-1.490319683776215043e-01,9.026009318895679145e-01,8.789955645998080019e-03,9.390963052181648951e-01,3.098003769264239260e-01,1.486371169605553155e-01,-5.372470892509687533e-03,4.121323856691750720e+00,-1.458811097508848853e+00,5.172005166521115305e-01,1.889371175651058721e+00,1.010160501093946062e+00,3.076667788961603200e+00,3.877310803034672126e+00,1.019514702045315246e+00,-1.106205204137935993e+00,6.097509177906124123e-01
2.999999999999891198e+00,9.811822123305846688e-01,-1.004600608672480577e+00,5.860196489561432243e-01,-1.424820546922903608e-01,8.887464506389907148e-01,7.328080556476655391e-03,9.380300397480845209e-01,3.137366944656275747e-01,1.470833569417130116e-01,-5.951234052291594356e-03,3.991652970189688787e+00,-1.663369001036420380e+00,5.282663170995867130e-01,1.829414319049941451e+00,1.030005084265405602e+00,3.124264137845991662e+00,3.858746129619618603e+00,1.019189814674009043e+00,-1.104441508216936541e+00,6.095823452260438202e-01
