0.000000000000000000e+00,-1.000000000000000000e+00,-5.000000000000000000e-01,7.500000000000000000e-01,0.000000000000000000e+00,0.000000000000000000e+00,0.000000000000000000e+00,1.000000000000000000e+00,0.000000000000000000e+00,0.000000000000000000e+00,0.000000000000000000e+00,0.000000000000000000e+00,0.000000000000000000e+00,0.000000000000000000e+00,0.000000000000000000e+00,0.000000000000000000e+00,0.000000000000000000e+00,0.000000000000000000e+00,-1.000000000000000000e+00,-5.000000000000000000e-01,7.500000000000000000e-01
0.000000000000000000e+00,-1.000000000000000000e+00,-5.000000000000000000e-01,7.500000000000000000e-01,0.000000000000000000e+00,0.000000000000000000e+00,-5.329070518200751197e-17,1.000000000000000000e+00,0.000000000000000000e+00,0.000000000000000000e+00,0.000000000000000000e+00,-3.535038486368657722e-15,-1.076247111352238358e-14,0.000000000000000000e+00,2.031049999999976929e+00,2.031049999999920086e+00,2.031050000000012457e+00,2.031050000000069300e+00,-1.000000000000000000e+00,-5.000000000000000000e-01,7.500000000000000000e-01
2.000000000000000042e-03,-1.000000000000000000e+00,-5.000000000000000000e-01,7.500000000000000000e-01,0.000000000000000000e+00,0.000000000000000000e+00,4.035769368613273370e-07,1.000000000000000000e+00,-3.535038486368657420e-18,-1.076247111352238426e-17,0.000000000000000000e+00,6.885447560640158102e-05,4.771420418931407507e-05,-3.481821813811001432e-32,2.031437814400027797e+00,2.031422582339917682e+00,2.030745826920147934e+00,2.030761058980258049e+00,-1.000000000007592815e+00,-5.000000003348141764e-01,7.500000000672457645e-01
4.000000000000000083e-03,-1.000000000000000000e+00,-5.000000000000000000e-01,7.500000008071538993e-01,-4.219234331730211506e-19,1.385848620484031966e-19,2.009412742552285849e-06,9.999999999999966693e-01,6.885447560286632152e-08,4.771420417855144681e-08,5.723727565601305852e-25,3.419317176248422166e-04,2.348777124152177280e-04,-8.624070813689018601e-10,2.032588615369206764e+00,2.032513851419331719e+00,2.029844189086921435e+00,2.029918963065999726e+00,-1.000000000119522170e+00,-5.000000053305921899e-01,7.500000010716288967e-01
6.000000000000000125e-03,-1.000000000000000000e+00,-5.000000000000000000e-01,7.500000048259793939e-01,1.870739800224290057e-09,-2.699590408639688814e-09,5.603697221161497210e-06,9.999999999998757660e-01,4.107861932276308883e-07,2.825919165938034015e-07,-8.625496994389760825e-13,9.506655762222426158e-04,6.463522305152724461e-04,-1.025960458219051049e-08,2.034481318166687203e+00,2.034274885072557826e+00,2.028363542887781090e+00,2.028570084789471650e+00,-1.000000000595181016e+00,-5.000000268527184932e-01,7.500000054033979513e-01
8.000000000000000167e-03,-9.999999999962585484e-01,-5.000000000053991256e-01,7.500000160333738508e-01,1.295193679866843987e-08,-1.880763336426238062e-08,1.196245655889427578e-05,9.999999999986417532e-01,1.361451769446514123e-06,9.289441471117761226e-07,-1.112529211658769935e-11,2.022386200693119824e-03,1.360145593593937562e-03,-5.529114704054568622e-08,2.037094192836481188e+00,2.036657173739611526e+00,2.026323400560475552e+00,2.026760938612961471e+00,-1.000000001849905118e+00,-5.000000844475791517e-01,7.500000170089408114e-01
1.000000000000000021e-02,-9.999999999703547138e-01,-5.000000000430143698e-01,7.500000399582870125e-01,4.938492424529248041e-08,-7.220347570939515298e-08,2.185372954077280627e-05,9.999999999916550086e-01,3.383837970090606684e-06,2.289089740749844680e-06,-6.644335035609112115e-11,3.680154124828640197e-03,2.447444349308054278e-03,-2.000637465947420555e-07,2.040404851963399935e+00,2.039612708506183925e+00,2.023744284325006415e+00,2.024538087900559447e+00,-1.000000004440602330e+00,-5.000002051480909593e-01,7.500000413590488524e-01
1.200000000000000025e-02,-9.999999998715848326e-01,-5.000000001874213007e-01,7.500000836657461090e-01,1.391821875112184753e-07,-2.049459294820590448e-07,3.603959432965454020e-05,9.999999999638327086e-01,7.063992094524195610e-06,4.736534090423675805e-06,-2.666495448792104797e-10,6.042598050843032628e-03,3.972659107111637181e-03,-5.664658158741298246e-07,2.044390246108103160e+00,2.043094061823670149e+00,2.020647684646244446e+00,2.021948048648360530e+00,-1.000000009051560168e+00,-5.000004232811208205e-01,7.500000854174498910e-01
1.400000000000000029e-02,-9.999999995932205010e-01,-5.000000005973131989e-01,7.500001557449347267e-01,3.250365709894110886e-07,-4.821262202423054637e-07,5.527804842390082968e-05,9.999999998761837094e-01,1.310659014318220223e-05,8.709193199554164509e-06,-8.336734998467238004e-10,9.223756700674821604e-03,5.993482356082949214e-03,-1.356559049312530445e-06,2.049026666324309076e+00,2.047054461547844095e+00,2.017056021868616877e+00,2.019037190657770431e+00,-1.000000016480429688e+00,-5.000007802767900689e-01,7.500001576096062550e-01
1.600000000000000033e-02,-9.999999989431473946e-01,-5.000000015615656546e-01,7.500002663010315596e-01,6.668732171338393170e-07,-9.965611078811924793e-07,8.032474412833323738e-05,9.999999996425934512e-01,2.233034683454605986e-05,1.470267556409577629e-05,-2.192009911218960208e-09,1.333292511732368270e-02,8.560958451036729255e-03,-2.875194179748090789e-06,2.054289753174253441e+00,2.051447858914558608e+00,2.012992610497032153e+00,2.015851636812421077e+00,-1.000000027624383225e+00,-5.000013244796540635e-01,7.500002677917789740e-01
1.800000000000000211e-02,-9.999999976094009480e-01,-5.000000035546878774e-01,7.500004269505198273e-01,1.244147596312289555e-06,-1.873322423267361341e-06,1.119345815605861220e-04,9.999999990934671512e-01,3.566327191912036578e-05,2.326363404413069608e-05,-5.072064590175354777e-09,1.847450581059940228e-02,1.171956546402012564e-02,-5.551636095491500704e-06,2.060154511673536248e+00,2.056228991048599131e+00,2.008481625433950146e+00,2.012437161092884175e+00,-1.000000043466448219e+00,-5.000021109617523996e-01,7.500004272203565359e-01
2.000000000000000389e-02,-9.999999951211057114e-01,-5.000000073013327606e-01,7.500006508196829236e-01,2.157893286668847831e-06,-3.274099331960632272e-06,1.508631608833361896e-04,9.999999979226382729e-01,5.413777763030650208e-05,3.498319959343981891e-05,-1.063552677049540536e-08,2.474786515118740718e-02,1.550730859598046726e-02,-9.959154506298462448e-06,2.066595331613187980e+00,2.061353438577660846e+00,2.003548069520870278e+00,2.008839085935486324e+00,-1.000000065062014665e+00,-5.000032013375215190e-01,7.500006485214476548e-01
2.200000000000000566e-02,-9.999999908053190945e-01,-5.000000138495314106e-01,7.500009525460047399e-01,3.532523462665765608e-06,-5.401389728299804427e-06,1.978680951137512631e-04,9.999999956138818646e-01,7.888564251296686350e-05,5.049050841163338306e-05,-2.062090952899276229e-08,3.224719542427190166e-02,1.995582484129218570e-02,-1.683169992118964238e-05,2.073586012725163297e+00,2.066777678897228299e+00,1.998217741773002487e+00,2.005102179512617599e+00,-1.000000093525515554e+00,-5.000046635805629469e-01,7.500009456607363845e-01
2.400000000000000744e-02,-9.999999837402722136e-01,-5.000000246523108594e-01,7.500013482821950017e-01,5.517390345541562290e-06,-8.502517274748504482e-06,2.537101845247278359e-04,9.999999913434026722e-01,1.111328372775539355e-04,7.044633377755490748e-05,-3.750655857672640777e-08,4.106138295910369967e-02,2.509049859583027328e-02,-2.707694055602715593e-05,2.081099794177162732e+00,2.072459135604043379e+00,1.992517205738114416e+00,2.001270553482426440e+00,-1.000000130017280497e+00,-5.000065718422601613e-01,7.500013339135997992e-01
2.600000000000000921e-02,-9.999999727054915688e-01,-5.000000416573454620e-01,7.500018557025640575e-01,8.288107155244990002e-06,-1.287347072801253713e-05,3.191544533270693922e-04,9.999999838548143671e-01,1.521942187385845642e-04,9.553683351464173508e-05,-6.468774441510676102e-08,5.127388275387025074e-02,3.093058789723623914e-02,-4.178508367176926824e-05,2.089109387903548054e+00,2.078356224585753864e+00,1.986473757454209510e+00,1.997387561726061023e+00,-1.000000175730559882e+00,-5.000090062722377660e-01,7.500018298354862445e-01
2.800000000000001099e-02,-9.999999561292772787e-01,-5.000000674042869298e-01,7.500024940114706773e-01,1.204763737865328467e-05,-1.886256233094255622e-05,3.949710490173998769e-04,9.999999713033557169e-01,2.034680983086546442e-04,1.264674237284162399e-04,-1.066639149611757196e-07,6.296260001605696877e-02,3.748936098377336767e-02,-6.223304457065701888e-05,2.097587015301063840e+00,2.084428397222378049e+00,1.980115392525424456e+00,1.993495700561117356e+00,-1.000000231878722001e+00,-5.000120528406539755e-01,7.500024512325537129e-01
3.000000000000001277e-02,-9.999999320340025033e-01,-5.000001051294116206e-01,7.500032839535687446e-01,1.702715643072175077e-05,-2.687390219369530575e-05,4.819360044995377613e-04,9.999999510664132618e-01,2.664306919308730127e-04,1.639567891427694821e-04,-1.692317861206858441e-07,7.619977903719583889e-02,4.477424285555235001e-02,-8.988365789904908848e-05,2.106504446840738787e+00,2.090636181121507065e+00,1.973470771881126629e+00,1.989636510890700372e+00,-1.000000299682617833e+00,-5.000158031623223032e-01,7.500032171325681229e-01
3.200000000000001454e-02,-9.999998979796896892e-01,-5.000001588772160499e-01,7.500042478255777301e-01,2.348669103178130840e-05,-3.737068573541592277e-05,5.808318628454465365e-04,9.999999195178239653e-01,3.426304587413611050e-04,2.087310400444835755e-04,-2.596796772068485157e-07,9.105189981752903616e-02,5.278697151872661919e-02,-1.263797489185492233e-04,2.115833044170793542e+00,2.096941218773659799e+00,1.966569185829275090e+00,1.985850482719044630e+00,-1.000000380358119223e+00,-5.000203543226531266e-01,7.500041477560593917e-01
3.400000000000001632e-02,-9.999998510063076163e-01,-5.000002336185874752e-01,7.500054094893033874e-01,3.171554185410428017e-05,-5.087829140548825736e-05,6.924481643606305963e-04,9.999998717638935997e-01,4.336823361572280972e-04,2.615180255236149317e-04,-3.869783472907251340e-07,1.075795828506710683e-01,6.152376358936043760e-02,-1.735329969369844134e-04,2.125543804309187657e+00,2.103306304477322808e+00,1.959440516061652371e+00,1.982176962436719592e+00,-1.000000475103822062e+00,-5.000258087054089140e-01,7.500052644877348573e-01
3.600000000000001810e-02,-9.999997875752238974e-01,-5.000003353751703017e-01,7.500067943856321140e-01,4.203249520314183225e-05,-6.798718604815745536e-05,8.175817954640294486e-04,9.999998013396049767e-01,5.412618794821657175e-04,3.230418123699036999e-04,-5.619635482301782291e-07,1.258375024708805467e-01,7.097548892887167726e-02,-2.333076290934893589e-04,2.135607405548747728e+00,2.109695419844821895e+00,1.952115195315128338e+00,1.978654063251537920e+00,-1.000000585088920868e+00,-5.000322738222663377e-01,7.500065898481497184e-01
3.800000000000001987e-02,-9.999997035102334841e-01,-5.000004713495423969e-01,7.500084295492230879e-01,5.478582969296991835e-05,-8.935563541336618426e-05,9.570371987875852344e-04,9.999996998640576784e-01,6.670993145095709381e-04,3.940173386510999252e-04,-7.975055709791427402e-07,1.458743091560419647e-01,8.112785397711151647e-02,-3.077990801492448648e-04,2.145994254722179750e+00,2.116073768160739110e+00,1.944624164439718417e+00,1.975318579115125983e+00,-1.000000711441248136e+00,-5.000398621441779490e-01,7.500081474656330460e-01
4.000000000000002165e-02,-9.999995939385740717e-01,-5.000006500608131788e-01,7.500103436236206234e-01,7.035312405133693357e-05,-1.157122174476195412e-04,1.111626443849932176e-03,9.999995566548169901e-01,8.129735119800473708e-04,4.751452506567641759e-04,-1.108661214598007153e-06,1.677325611679396922e-01,9.196159344212190279e-02,-3.992078428474077540e-04,2.156674535498848133e+00,2.122407807824197246e+00,1.936998826670490059e+00,1.972205902469942762e+00,-1.000000855235483321e+00,-5.000486909345265296e-01,7.500099620484679264e-01
4.200000000000002343e-02,-9.999994532323259744e-01,-5.000008814852481276e-01,7.500125668765083020e-01,8.914087234753999235e-05,-1.478581361196323635e-04,1.282169157664071789e-03,9.999993583014896714e-01,9.807058931144507861e-04,5.671069315393820372e-04,-1.512803843012325399e-06,1.914486658978651334e-01,1.034526699973122854e-01,-5.098088137910660508e-04,2.167618257409579918e+00,2.128665285065312052e+00,1.929270998946330140e+00,1.969349946117093131e+00,-1.000001017481525034e+00,-5.000588820840656812e-01,7.500120593573266214e-01
4.400000000000002520e-02,-9.999992749505812739e-01,-5.000011772015203748e-01,7.500151312148236604e-01,1.115839130767748931e-04,-1.866693336448333710e-04,1.469492314703000398e-03,9.999990881995256542e-01,1.172154275793614630e-03,6.705597296222198887e-04,-2.029727503940508697e-06,2.170528312700520934e-01,1.155724816271326838e-01,-6.419165116867686649e-04,2.178795305320072817e+00,2.134815266084704621e+00,1.921472860163904839e+00,1.966783069481725210e+00,-1.000001199113030648e+00,-5.000705619476375485e-01,7.500144661779576394e-01
4.600000000000002698e-02,-9.999990517827551662e-01,-5.000015505401876892e-01,7.500180701994531018e-01,1.381446786585446558e-04,-2.330983990693359501e-04,1.674429885770834566e-03,9.999987260459346494e-01,1.389206671289868562e-03,7.861323939689377014e-04,-2.681721458593393805e-06,2.445690275378806788e-01,1.282880762512557948e-01,-7.978466082638705371e-04,2.190175489097482942e+00,2.140828168723563518e+00,1.913636896299771184e+00,1.964536009529843863e+00,-1.000001400976119781e+00,-5.000838611826643465e-01,7.500172102941250474e-01
4.800000000000002875e-02,-9.999987754933978845e-01,-5.000020167369858548e-01,7.500214190592245922e-01,1.693122720154043633e-04,-2.881762712569930097e-04,1.897822345510494745e-03,9.999982472992872129e-01,1.633775041771832158e-03,9.144207244223329827e-04,-3.493611900937942311e-06,2.740149597882179378e-01,1.415623732447975625e-01,-9.798742672707651345e-04,2.201728593238319043e+00,2.146675793730507209e+00,1.905795842377346005e+00,1.962637816567997184e+00,-1.000001623818240981e+00,-5.000989145894025878e-01,7.500203204607996943e-01
5.000000000000003053e-02,-9.999984368688538128e-01,-5.000025930895283244e-01,7.500252147039155881e-01,2.056013769932634556e-04,-3.530137343923414844e-04,2.140516038522428163e-03,9.999976226070758090e-01,1.907789029101214940e-03,1.055983442917610496e-03,-4.492768122865718262e-06,3.054020514477035486e-01,1.553543914582355134e-01,-1.190189833760704492e-03,2.213424426248959964e+00,2.152331355650990652e+00,1.897982621298059280e+00,1.961115795135395912e+00,-1.000001868277203165e+00,-5.001158609529563481e-01,7.500238263775996783e-01
5.200000000000003231e-02,-9.999980256660998545e-01,-5.000032991169971464e-01,7.500294957359926462e-01,2.475510094673884502e-04,-4.288027041677749712e-04,2.403362404371112582e-03,9.999968172041606707e-01,2.213189665716969352e-03,1.211338292458236836e-03,-5.709070898050755269e-06,3.387354390612297705e-01,1.696194833254896228e-01,-1.430852454501949349e-03,2.225232869592618457e+00,2.157769513325373811e+00,1.890230279597505225e+00,1.959995450176372778e+00,-1.000002134870368042e+00,-5.001348428870404650e-01,7.500277586624809478e-01
5.400000000000003408e-02,-9.999975305640809164e-01,-5.000041567224055017e-01,7.500343024608013831e-01,2.957231160510620581e-04,-5.168173028657912929e-04,2.687217062115590006e-03,9.999957902866909443e-01,2.551923078656746259e-03,1.380958369708987438e-03,-7.174841404341840641e-06,3.740139785873469180e-01,1.843095746322109263e-01,-1.703742240902783676e-03,2.237123926038481425e+00,2.162966399943473839e+00,1.882571920227412043e+00,1.959300438659634214e+00,-1.000002423984004629e+00,-5.001560066794875636e-01,7.500321488256758151e-01
5.600000000000003586e-02,-9.999969391178488154e-01,-5.000051903570111866e-01,7.500396768949255666e-01,3.507010273886317564e-04,-6.184147215777508573e-04,2.992938755415100373e-03,9.999944943665066699e-01,2.925934197996790231e-03,1.565268696710578854e-03,-8.924729574151310784e-06,4.112302634278807711e-01,1.993734094988166838e-01,-2.010511608465602972e-03,2.249067767269946838e+00,2.167899652566808388e+00,1.875040632502724902e+00,1.959052526789358151e+00,-1.000002735862805414e+00,-5.001795021394921381e-01,7.500370292438792719e-01
5.800000000000003764e-02,-9.999962377157940452e-01,-5.000064271864543830e-01,7.500456627724364500e-01,4.130877730735956150e-04,-7.350358678208247353e-04,3.321388159728418197e-03,9.999928746116010236e-01,3.337160481197899275e-03,1.764643036752946374e-03,-1.099556134664765789e-05,4.503706543797154072e-01,2.147568001143946026e-01,-2.352536441635428872e-03,2.261034780629178176e+00,2.172548440995174968e+00,1.867669419389855090e+00,1.959271552931661109e+00,-1.000003070599561950e+00,-5.002054824465835825e-01,7.500424331346821072e-01
6.000000000000003941e-02,-9.999954115402478472e-01,-5.000078972581900594e-01,7.500523055487559043e-01,4.835042652876650427e-04,-8.682057968267369030e-04,3.673426553642141282e-03,9.999908681787644804e-01,3.787525665025618261e-03,1.979400958959650920e-03,-1.342614488706128195e-05,4.914153216655642864e-01,2.304028807384707056e-01,-2.730867740162181648e-03,2.272995614894746996e+00,2.176893495821941027e+00,1.860491122346886739e+00,1.959975396358291766e+00,-1.000003428125001204e+00,-5.002341040013225104e-01,7.500483945312496070e-01
6.200000000000004119e-02,-9.999944445317172637e-01,-5.000096336697836819e-01,7.500596524018632305e-01,5.625873583106760778e-04,-1.019533924782004648e-03,4.049914356925981770e-03,9.999884035450105069e-01,4.278933556866270499e-03,2.209805155634200855e-03,-1.625703642977225123e-05,5.343382991676842719e-01,2.462523654680400520e-01,-3.146184402963820952e-03,2.284921225007602974e+00,2.180917135492949743e+00,1.853538343959286738e+00,1.961179951887416895e+00,-1.000003808197778898e+00,-5.002655262777123690e-01,7.500549482572448357e-01
6.400000000000004297e-02,-9.999933193570006429e-01,-5.000116727376332504e-01,7.500677522305770895e-01,6.509877911060214101e-04,-1.190714022302549182e-03,4.451709538517292265e-03,9.999853998448070547e-01,4.813261877385632131e-03,2.456059015900669256e-03,-1.953026698607293325e-05,5.791075509540117849e-01,2.622438092474496663e-01,-3.598747798187095642e-03,2.296782915678187376e+00,2.184603292157363708e+00,1.846843368644995653e+00,1.962899110479084275e+00,-1.000004210394632720e+00,-5.002999116773201305e-01,7.500621299019964994e-01
6.600000000000004474e-02,-9.999920173814184077e-01,-5.000140541656779014e-01,7.500766556496540893e-01,7.493680202441022238e-04,-1.383523986429101597e-03,4.879665898278776927e-03,9.999817662204967261e-01,5.392356166573031469e-03,2.718304458636550125e-03,-2.328903172791493590e-05,6.256850501502301265e-01,2.783138715789887363e-01,-4.088358753976961864e-03,2.308552383823934573e+00,2.187937536075573952e+00,1.840438081730765063e+00,1.965144745820246230e+00,-1.000004634100691625e+00,-5.003374253850979558e-01,7.500699757959092828e-01
6.800000000000004652e-02,-9.999905186453779127e-01,-5.000168212136507639e-01,7.500864149814506776e-01,8.583999504891916179e-04,-1.599825389437427000e-03,5.334631227047260602e-03,9.999774011935789186e-01,6.018023765279430920e-03,2.996620027146277600e-03,-2.757734440923859633e-05,6.740268701739730028e-01,2.943975823726814878e-01,-4.614317583674945773e-03,2.320201759801788555e+00,2.190907098329590408e+00,1.834353887226861435e+00,1.967926706911157453e+00,-1.000005078499943911e+00,-5.003782352269001699e-01,7.500785229861169912e-01
7.000000000000004829e-02,-9.999888018454768934e-01,-5.000200208644296485e-01,7.500970842439047548e-01,9.787625704449237109e-04,-1.841562802773013359e-03,5.817445350192780237e-03,9.999721920647471896e-01,6.692027884392837307e-03,3.291019247460459304e-03,-3.243965971069941818e-05,7.240832883088934580e-01,3.104286093551052450e-01,-5.175387732094384290e-03,2.331703647414465230e+00,2.193500891565388855e+00,1.828621624649795940e+00,1.971252816641489991e+00,-1.000005542565858052e+00,-5.004225115286876635e-01,7.500878092123758334e-01
7.200000000000005007e-02,-9.999868443203360213e-01,-5.000237039900351510e-01,7.501087191346051952e-01,1.111139500732038002e-03,-2.110762894447791409e-03,6.328938060630206683e-03,9.999660143507131949e-01,7.416081773797344491e-03,3.601449251570075158e-03,-3.792046688620574524e-05,7.757989015568892421e-01,3.263395264393867956e-01,-5.769763596522455365e-03,2.343031162682216451e+00,2.195709528484655504e+00,1.823271485262224489e+00,1.975128876320783045e+00,-1.000006025052161629e+00,-5.004704269774127301e-01,7.500978728831995124e-01
7.400000000000005185e-02,-9.999846220413345366e-01,-5.000279255158240899e-01,7.501213770107264533e-01,1.256216462260421668e-03,-2.409533298281114379e-03,6.869926947964844800e-03,9.999587312659078409e-01,8.191843003232649259e-03,3.927789666318390327e-03,-4.406385854555086356e-05,8.291127546665723047e-01,3.420620824421916617e-01,-6.395043037561900200e-03,2.354157971383478376e+00,2.197525337795462885e+00,1.818332928115650393e+00,1.979558676103754022e+00,-1.000006524483773029e+00,-5.005221564835782289e-01,7.501087530522324576e-01
7.600000000000005362e-02,-9.999821096084100525e-01,-5.000327445824206407e-01,7.501351168646224199e-01,1.414678672257017574e-03,-2.740061253433262890e-03,7.441215131202976590e-03,9.999501932571394081e-01,9.020907867108509878e-03,4.269851768078032454e-03,-5.091307882189532546e-05,8.839584801953461746e-01,3.575274695188186969e-01,-7.048205051269919828e-03,2.365058325378202930e+00,2.198942377327568920e+00,1.813834596294800150e+00,1.984544011226900828e+00,-1.000007039147888799e+00,-5.005778770454624160e-01,7.501204893948625330e-01
7.800000000000005540e-02,-9.999792802510655276e-01,-5.000382247049275364e-01,7.501499992948847950e-01,1.587208175822584465e-03,-3.104612012771853537e-03,8.043588903211289567e-03,9.999402375991788272e-01,9.904805925232769773e-03,4.627377902738640143e-03,-5.851005554174180636e-05,9.402644504214503485e-01,3.726665906747649859e-01,-7.725593025732589887e-03,2.375707097736699414e+00,2.199956444018494217e+00,1.809804233772446258e+00,1.990084703948554301e+00,-1.000007567085221316e+00,-5.006377676150042255e-01,7.501331221850709996e-01
8.000000000000005718e-02,-9.999761058347138576e-01,-5.000444339289530360e-01,7.501660864726912292e-01,1.774481120914048150e-03,-3.505527018734412494e-03,8.677815295860600089e-03,9.999286880590607662e-01,1.084499469128204392e-02,5.000041169923920628e-03,-6.689492133465518864e-05,9.979539408813208334e-01,3.874103257016013879e-01,-8.422903952708020794e-03,2.386079816704556933e+00,2.200565080481028168e+00,1.806268603289996832e+00,1.996178631060608000e+00,-1.000008106081391679e+00,-5.007020089653411166e-01,7.501466922725188446e-01
8.200000000000005895e-02,-9.999725568724719960e-01,-5.000514449829904784e-01,7.501834421032829159e-01,1.977164984785298885e-03,-3.945221845508690463e-03,9.344639575531480183e-03,9.999153546366240652e-01,1.184285448068076591e-02,5.387445369748273920e-03,-7.610552888713604906e-05,1.056945305266853374e+00,4.016897948769893034e-01,-9.135183908795505708e-03,2.396152698540480852e+00,2.200767577871583836e+00,1.803253405682279986e+00,2.002821756816332677e+00,-1.000008653658472468e+00,-5.007707835599920498e-01,7.501612410598702541e-01
8.400000000000006073e-02,-9.999686025425024161e-01,-5.000593354266814616e-01,7.502021313824339677e-01,2.195915760067416664e-03,-4.426183906550520616e-03,1.004478267938636871e-02,9.999000333884672242e-01,1.289968342935692708e-02,5.789125209814705540e-03,-8.617696575711498161e-05,1.117152161376937736e+00,4.154366197633918012e-01,-9.856830061272881319e-03,2.405902679268875133e+00,2.200564974791475503e+00,1.800783201064578787e+00,2.010008171095550189e+00,-1.000009207066681727e+00,-5.008442754236794858e-01,7.501768104803494541e-01
8.600000000000006251e-02,-9.999642107109822931e-01,-5.000681877944945786e-01,7.502222209477927839e-01,2.431375108828659135e-03,-4.950969926701431247e-03,1.077893860351815565e-02,9.998825063420706538e-01,1.401669269461159641e-02,6.204546769550050439e-03,-9.714107432039977995e-05,1.178483587778231811e+00,4.285831804377114862e-01,-1.058159939184974419e-02,2.415307445392533392e+00,2.199960051969714669e+00,1.798881332296133673e+00,2.017730132605921600e+00,-1.000009763276228147e+00,-5.009226700147836331e-01,7.501934429755323652e-01
8.800000000000006428e-02,-9.999593479607646884e-01,-5.000780897343479747e-01,7.502437788249998185e-01,2.684167493123915723e-03,-5.522203178458790981e-03,1.154777175476189889e-02,9.998625415063338018e-01,1.519500184907433653e-02,6.633108218373052686e-03,-1.090259825165363039e-04,1.240844330791841532e+00,4.410628684848912906e-01,-1.130262426768552549e-02,2.424345463612993079e+00,2.198957322496111200e+00,1.797569851127162721e+00,2.025978116897594106e+00,-1.000010318969303924e+00,-5.010061540994197316e-01,7.502111814733718465e-01
9.000000000000006606e-02,-9.999539796257784774e-01,-5.000891341407048829e-01,7.502668743685093622e-01,2.954897290721073683e-03,-6.142570482293484638e-03,1.235191427859764178e-02,9.998398929842047256e-01,1.643563447841833031e-02,7.074140783598061900e-03,-1.218556510979584986e-04,1.304135021385649296e+00,4.528103350925785087e-01,-1.201243492370811412e-02,2.432996009606961163e+00,2.197563017396924501e+00,1.796869447425767818e+00,2.034740868948045733e+00,-1.000010870532228369e+00,-5.010949156271349292e-01,7.502300693664544218e-01
9.200000000000006783e-02,-9.999480698311969951e-01,-5.001014192816695125e-01,7.502915781970665998e-01,3.244145904875797917e-03,-6.814818971307195529e-03,1.319196337617230957e-02,9.998143011924350843e-01,1.773951399317770516e-02,7.526909963394322681e-03,-1.356494430625867294e-04,1.368252401516745209e+00,4.637617335913749583e-01,-1.270298885413757156e-02,2.441239195906700576e+00,2.195785066371911842e+00,1.796799381867404621e+00,2.044005460055001944e+00,-1.000011414047738301e+00,-5.011891436082142048e-01,7.502501504904887097e-01
9.400000000000006961e-02,-9.999415815393872808e-01,-5.001150489196121152e-01,7.503179621238189601e-01,3.552468877214113446e-03,-7.541752620975701940e-03,1.406847862401981383e-02,9.997854931927927513e-01,1.910745966464594964e-02,7.990616979550470983e-03,-1.504217208663328825e-04,1.433089559435031024e+00,4.738549557960263225e-01,-1.336570704477571016e-02,2.449055998930527167e+00,2.193633073540908196e+00,1.797377422452571594e+00,2.053757348757869750e+00,-1.000011945287425430e+00,-5.012890279925910075e-01,7.502714691030240024e-01
9.600000000000007139e-02,-9.999344766016328157e-01,-5.001301324248540459e-01,7.503460990810669751e-01,3.880393012971040684e-03,-8.326228545238208503e-03,1.498197931055523548e-02,9.997531831382987511e-01,2.054018289443891587e-02,8.464400464237917601e-03,-1.661814768689846757e-04,1.498536173427795548e+00,4.830298615171469967e-01,-1.399151691166367062e-02,2.456428285206557760e+00,2.191118288079669796e+00,1.798619785198599441e+00,2.063980445492601845e+00,-1.000012459704322065e+00,-5.013947595503537302e-01,7.502940698623993265e-01
9.800000000000007316e-02,-9.999267158156068813e-01,-5.001467848819445283e-01,7.503760630396880682e-01,4.228413528020123595e-03,-9.171153060766776624e-03,1.593294180385431552e-02,9.997170728372449799e-01,2.203828372687962819e-02,8.947338374427432628e-03,-1.829320022659125988e-04,1.564478763456142563e+00,4.912285006307059443e-01,-1.457090174672940469e-02,2.463338836828660838e+00,2.188253569658332065e+00,1.800541079328792149e+00,2.074657180671221290e+00,-1.000012952425630930e+00,-5.015065297538429112e-01,7.503179978069196565e-01
1.000000000000000749e-01,-9.999182589885508010e-01,-5.001651271880660499e-01,7.504079289232957750e-01,4.596991227309475854e-03,-1.007947752188488068e-02,1.692179696559801411e-02,9.996768524368903064e-01,2.360224761290585782e-02,9.438450127092237046e-03,-2.006705995007385091e-04,1.630800950107752278e+00,4.983953271134209939e-01,-1.509395640762911661e-02,2.469771376178314881e+00,2.185053348630908054e+00,1.803154257257113757e+00,2.085768575865884600e+00,-1.000013418245601082e+00,-5.016245306613296151e-01,7.503432983342613882e-01
1.020000000000000767e-01,-9.999090650060962204e-01,-5.001852861431098640e-01,7.504417725172269904e-01,4.986549724491066808e-03,-1.105419392929965494e-02,1.794892762635720909e-02,9.996322012278338054e-01,2.523244243371601525e-02,9.936698947829745998e-03,-2.193883428427992289e-04,1.697383720266751883e+00,5.044774044763117304e-01,-1.555044892768941284e-02,2.475710589939794648e+00,2.181533580960451690e+00,1.806470569639246238e+00,2.097294317768203964e+00,-1.000013851618548166e+00,-5.017489548022705526e-01,7.503700171811036324e-01
1.040000000000000785e-01,-9.998990919066472749e-01,-5.002073945309685188e-01,7.504776703724796993e-01,5.397472712687334008e-03,-1.209833031656728890e-02,1.901466613760941296e-02,9.995827885691469517e-01,2.692911579185579621e-02,1.044099442505460815e-02,-2.390698914506886417e-04,1.764105698880577888e+00,5.094246020557785526e-01,-1.592988766322031916e-02,2.481142152428883030e+00,2.177711697901375754e+00,1.810499525731534165e+00,2.109212834587833818e+00,-1.000014246652017658e+00,-5.018799950641320562e-01,7.503982004029856601e-01
1.060000000000000803e-01,-9.998882969612219451e-01,-5.002315911916016544e-01,7.505156997047549572e-01,5.830101296478545567e-03,-1.321494591902323650e-02,2.011929201601262915e-02,9.995282749333848082e-01,2.869239257690778602e-02,1.095019526145844802e-02,-2.596933588325702337e-04,1.830843426185732925e+00,5.131897816515011979e-01,-1.622159354000564380e-02,2.486052748247292055e+00,2.173606550497406698e+00,1.815248859268295600e+00,2.121501374550227137e+00,-1.000014597100092661e+00,-5.020178445807741419e-01,7.504278943543900571e-01
1.080000000000000820e-01,-9.998766367586290338e-01,-5.002580210834397523e-01,7.505559382887869724e-01,6.284731395311235133e-03,-1.440712613077538284e-02,2.126302969550609295e-02,9.994683130696474516e-01,3.052227281238087397e-02,1.146311221399835822e-02,-2.812302421589542821e-04,1.897471639739339633e+00,5.157289740329629169e-01,-1.641477690895765812e-02,2.490430094266230299e+00,2.169238348990572440e+00,1.820724500035622473e+00,2.134136086151803724e+00,-1.000014896356842264e+00,-5.021626966223913247e-01,7.504591456690492546e-01
1.100000000000000838e-01,-9.998640672958384323e-01,-5.002868353357012854e-01,7.505984643481780072e-01,6.761611228618086972e-03,-1.567797725627517735e-02,2.244604640275936827e-02,9.994025492818834344e-01,3.241862978980644683e-02,1.197851121326693608e-02,-3.036454143882332652e-04,1.963863560591387225e+00,5.170015448712276251e-01,-1.649861847319180827e-02,2.494262960933179230e+00,2.164628597272678423e+00,1.826930551286302329e+00,2.147092099831848344e+00,-1.000015137449912661e+00,-5.023147444869989764e-01,7.504920012404753260e-01
1.120000000000000856e-01,-9.998505440733811422e-01,-5.003181912902138206e-01,7.506433564409835668e-01,7.260938892998322625e-03,-1.703062106394418601e-02,2.366845017134669091e-02,9.993306248186637486e-01,3.438120849543578605e-02,1.249511665271235694e-02,-3.268971816338334460e-04,2.029891182923568849e+00,5.169703496894482164e-01,-1.646235370552698654e-02,2.497541192886162609e+00,2.159800022545956821e+00,1.833869273106324194e+00,2.160343610724036356e+00,-1.000015313034258835e+00,-5.024741813934622270e-01,7.505265082027127166e-01
1.140000000000000874e-01,-9.998360221955951976e-01,-5.003522525323417236e-01,7.506906933413262095e-01,7.782860041830625721e-03,-1.846818915033570860e-02,2.493028800977865889e-02,9.992521773696985132e-01,3.640962433429927037e-02,1.301161483781784756e-02,-3.509374076390286566e-04,2.095425566474548251e+00,5.156018774641499824e-01,-1.629536013699876482e-02,2.500255728849554160e+00,2.154776500393175365e+00,1.841541071808868058e+00,2.173863962156673324e+00,-1.000015415386015238e+00,-5.026412003760573066e-01,7.505627139113121293e-01
1.160000000000000892e-01,-9.998204564755115431e-01,-5.003891889106424351e-01,7.507405539173457321e-01,8.327465677673652478e-03,-1.999381712434658218e-02,2.623154423817647754e-02,9.991668426634241484e-01,3.850336215573389731e-02,1.352665758501595331e-02,-3.757117066362017908e-04,2.160337131068321703e+00,5.128663825492851824e-01,-1.598724686369705494e-02,2.502398620775076132e+00,2.149582975489434222e+00,1.849944495396952382e+00,2.187625729579367295e+00,-1.000015436396508361e+00,-5.028159941805594446e-01,7.506006659245245682e-01
1.180000000000000909e-01,-9.998038015441561566e-01,-5.004291765448911633e-01,7.507930170058221275e-01,8.894790067748200788e-03,-2.161063862205540170e-02,2.757213900792253314e-02,9.990742561590830739e-01,4.066177558381393192e-02,1.403886595980448869e-02,-4.011597052567816304e-04,2.224495952561934331e+00,5.087380046360721053e-01,-1.552794559135022186e-02,2.503963052181127580e+00,2.144245378217707554e+00,1.859076235101539520e+00,2.201600804604834316e+00,-1.000015367566405411e+00,-5.029987551618513297e-01,7.506404119847158718e-01
1.200000000000000927e-01,-9.997860119640206156e-01,-5.004723978221352620e-01,7.508481612838380226e-01,9.484808792686426002e-03,-2.332177916384218716e-02,2.895192701806430929e-02,9.989740548258313479e-01,4.288408665543003845e-02,1.454683414324728363e-02,-4.272153735315372390e-04,2.287772059531041347e+00,5.031948765033527060e-01,-1.490780251478772064e-02,2.504943355633058477e+00,2.138790537477599063e+00,1.868931132967996067e+00,2.215760478867782712e+00,-1.000015200000002435e+00,-5.031896751830435832e-01,7.506819999999991833e-01
1.220000000000000945e-01,-9.997670423464352085e-01,-5.005190413804629923e-01,7.509060651378741680e-01,1.009743693857370790e-02,-2.513034986653172806e-02,3.037069644158599604e-02,9.988658790005752186e-01,4.516938576805859529e-02,1.504913341578396901e-02,-4.538074243838341459e-04,2.350035730016491797e+00,4.962192193553130459e-01,-1.411767031286788147e-02,2.505335029296697602e+00,2.133246090001670758e+00,1.879502195430771350e+00,2.230075527418062808e+00,-1.000014924399649452e+00,-5.033889455161005833e-01,7.507254780260854687e-01
1.240000000000000963e-01,-9.997468474725580423e-01,-5.005693020801960103e-01,7.509668065307573137e-01,1.073252744209491662e-02,-2.703944102438920333e-02,3.182816807389417940e-02,9.987493743154488568e-01,4.751663193854518269e-02,1.554431624703832629e-02,-4.808597803763693039e-04,2.411157787662101537e+00,4.877974255855596075e-01,-1.314899952875730679e-02,2.505134752487359062e+00,2.127640386515740722e+00,1.890780612784257242e+00,2.244516291382370188e+00,-1.000014531060311018e+00,-5.035967567439659787e-01,7.507708942483516390e-01
1.260000000000000842e-01,-9.997253824176738357e-01,-5.006233809622447906e-01,7.510304628669051130e-01,1.138986959832650331e-02,-2.905211557387191515e-02,3.332399471499197796e-02,9.986241936851080192e-01,4.992465337349687865e-02,1.603092048010361023e-02,-5.082921058303639271e-04,2.471009896582833765e+00,4.779201288484238308e-01,-1.199392860064339011e-02,2.504340400126925381e+00,2.122002395098694816e+00,1.902755784427218488e+00,2.259052759647516950e+00,-1.000014009864264919e+00,-5.038132986641783440e-01,7.508182969641237214e-01
1.280000000000000859e-01,-9.997026026784772146e-01,-5.006814851933925059e-01,7.510971108563351262e-01,1.206918774038697947e-02,-3.117140245809462903e-02,3.485776079584236575e-02,9.984899993433447030e-01,5.239214835113856217e-02,1.650747359859546307e-02,-5.360204018007647597e-04,2.529464854313514532e+00,4.665822613596652957e-01,-1.064537180904742697e-02,2.502951056012424402e+00,2.116361602113459917e+00,1.915415349729307160e+00,2.273654649338391565e+00,-1.000013350275933410e+00,-5.040387601939729789e-01,7.508677345651758595e-01
1.300000000000000877e-01,-9.996784643029964501e-01,-5.007438279983087437e-01,7.511668263779268662e-01,1.277014009976980800e-02,-3.340028990798724756e-02,3.642898225834919484e-02,9.983464649179216721e-01,5.491768641374077803e-02,1.697249706459762544e-02,-5.639576607671763480e-04,2.586396882200747704e+00,4.537830983891824044e-01,-9.097104413831092612e-03,2.500967024791083126e+00,2.110747911093813212e+00,1.928745224340981945e+00,2.288291484884929616e+00,-1.000012541336850802e+00,-5.042733292768601938e-01,7.509192555204433628e-01
1.320000000000000895e-01,-9.996529240227969293e-01,-5.008106285781247502e-01,7.512396843424435922e-01,1.349231785573361611e-02,-3.574171865810133603e-02,3.803710669721788867e-02,9.981932775319870554e-01,5.749970986897203623e-02,1.742451071548228175e-02,-5.920145772934135671e-04,2.641681912614611161e+00,4.395262899476553575e-01,-7.343844266660559499e-03,2.498389842529020743e+00,2.105191539981630111e+00,1.942729641743064395e+00,2.302932675494492099e+00,-1.000011571660762710e+00,-5.045171927906747511e-01,7.509729083589490317e-01
1.340000000000000913e-01,-9.996259393870854382e-01,-5.008821120154409723e-01,7.513157585558379870e-01,1.423524438161506700e-02,-3.819857511594531435e-02,3.968151377070206626e-02,9.980301399199837942e-01,6.013653559776988705e-02,1.786203720746499038e-02,-6.201003103240050477e-04,2.695197872371770220e+00,4.238198797070055757e-01,-5.381329202963459207e-03,2.495222285753877944e+00,2.099722917116033649e+00,1.957351199809124864e+00,2.317547590868704876e+00,-1.000010429428860981e+00,-5.047705364570889142e-01,7.510287416529420890e-01
1.360000000000000930e-01,-9.995974688983222389e-01,-5.009585091656728606e-01,7.513951215833793995e-01,1.499837469536030761e-02,-4.077368450458589838e-02,4.136151588590348399e-02,9.978567725455835813e-01,6.282635716556279892e-02,1.828360649365318863e-02,-6.481232922287495689e-04,2.746824961777611929e+00,4.066763112309651484e-01,-3.206389541105423950e-03,2.491468378845654197e+00,2.094372576379812667e+00,1.972590912133164398e+00,2.332105635026693324e+00,-1.000009102385147397e+00,-5.050335447525824417e-01,7.510868040012486091e-01
1.380000000000000948e-01,-9.995674721489314907e-01,-5.010400565346820878e-01,7.514778446151512137e-01,1.578109512094300754e-02,-4.346980399903496717e-02,4.307635916287765737e-02,9.976729157088858324e-01,6.556724723291196266e-02,1.868776032426690617e-02,-6.759920791814099522e-04,2.796445928711641216e+00,3.881124216267249349e-01,-8.170150454020509712e-04,2.487133399645112597e+00,2.089171051909416654e+00,1.988428263856583555e+00,2.346576318119616644e+00,-1.000007577831931949e+00,-5.053064008208608682e-01,7.511471440128322241e-01
1.400000000000000966e-01,-9.995359099586895724e-01,-5.011269961426801922e-01,7.515639973334770074e-01,1.658272316665276858e-02,-4.628961587763587293e-02,4.482522468031453072e-02,9.974783316299241642e-01,6.835716026088067832e-02,1.907305675665044511e-02,-7.036162369704350352e-04,2.843946337197463148e+00,3.681494227614495185e-01,1.787584256581366011e-03,2.482223883145187937e+00,2.084148772773134262e+00,2.004841271712474615e+00,2.360929326144065588e+00,-1.000005842625460106e+00,-5.055892863867182951e-01,7.512098102905654384e-01
1.420000000000000984e-01,-9.995027445123562115e-01,-5.012195753744355109e-01,7.516536477828376084e-01,1.740250762549989602e-02,-4.923572071026179747e-02,4.660723000402088034e-02,9.972728064953969573e-01,7.119393550567917894e-02,1.943807466265392095e-02,-7.309072558925449334e-04,2.889214829916012306e+00,3.468128702182952106e-01,4.606923973501407706e-03,2.476747623128169984e+00,2.079335958017647368e+00,2.021806547991590097e+00,2.375134588483983400e+00,-1.000003883171670882e+00,-5.058823816713343691e-01,7.512748514152087775e-01
1.440000000000001001e-01,-9.994679394971052178e-01,-5.013180468158560110e-01,7.517468622428457037e-01,1.823962890219466004e-02,-5.231063060563128503e-02,4.842143099783925014e-02,9.970561524555257016e-01,7.407530029637994506e-02,1.978141822094428570e-02,-7.577794879781260973e-04,2.932143384138093278e+00,3.241326201953843578e-01,7.639198494700865164e-03,2.470713671609899631e+00,2.074762512476444609e+00,2.039299368123229872e+00,2.389162343232151375e+00,-1.000001685422083009e+00,-5.061858653090006710e-01,7.513423159295989917e-01
1.460000000000001019e-01,-9.994314602393008506e-01,-5.014226680770672573e-01,7.518437051048413311e-01,1.909319957032550724e-02,-5.551676254042497982e-02,5.026682391500648939e-02,9.968282095579985569e-01,7.699887358875033561e-02,2.010172138180622500e-02,-7.841510994443121269e-04,2.972627560569585548e+00,3.001427745779344791e-01,1.088124186104974175e-02,2.464132335952051722e+00,2.070457923724583704e+00,2.057293741555417999e+00,2.402983200262537533e+00,-9.999992348698121258e-01,-5.064999142652683028e-01,7.514122523230427619e-01
1.480000000000001037e-01,-9.993932738401601901e-01,-5.015337016021480521e-01,7.519442387526713567e-01,1.996226516248591348e-02,-5.885643179314450912e-02,5.214234776629562973e-02,9.965888476061197654e-01,7.996216978751283233e-02,2.039765229201520591e-02,-8.099450309706799711e-04,3.010566744619723512e+00,2.748816144384144677e-01,1.432849679305881092e-02,2.457015173504589090e+00,2.066451160553385513e+00,2.075762485612403729e+00,2.416568202043904545e+00,-9.999965165457131988e-01,-5.068247037565101198e-01,7.514847090159183507e-01
1.500000000000001055e-01,-9.993533493098352150e-01,-5.016514144657343577e-01,7.520485234482039427e-01,2.084580519518913419e-02,-6.233184550578359240e-02,5.404688695960843670e-02,9.963379679285317980e-01,8.296260282861636637e-02,2.066791766740799091e-02,-8.350899581465814035e-04,3.045864379619573015e+00,2.483915222422323210e-01,1.797499225340813689e-02,2.449374983642944148e+00,2.062770573325916956e+00,2.094677302003258745e+00,2.429888882202600353e+00,-9.999935150146516127e-01,-5.071604071708910588e-01,7.515597343444813117e-01
1.520000000000001072e-01,-9.993116576994448552e-01,-5.017760781567459638e-01,7.521566172221231250e-01,2.174273442946997315e-02,-6.594509639637732845e-02,5.597927420400568982e-02,9.960755050482064110e-01,8.599749051238986253e-02,2.091126710084079479e-02,-8.595212442507306700e-04,3.078428191534086977e+00,2.207188930571005736e-01,2.181332986439689370e-02,2.441225797068249381e+00,2.059443796559917050e+00,2.114008855653420671e+00,2.442917321858481206e+00,-9.999902143719004988e-01,-5.075071959907384578e-01,7.516373765458747025e-01
1.540000000000001090e-01,-9.992681722305859493e-01,-5.019079683495387689e-01,7.522685757705311893e-01,2.265190436710909361e-02,-6.969815664535396194e-02,5.793829366949002774e-02,9.958014282388241156e-01,8.906405907775243047e-02,2.112649729331308318e-02,-8.831818773948633874e-04,3.108170404726917635e+00,1.919140350829630914e-01,2.583467944171347411e-02,2.432582862244053068e+00,2.056497654069258108e+00,2.133726855531143496e+00,2.455626203772044214e+00,-9.999865982396637376e-01,-5.078652397163062604e-01,7.517176837433431347e-01
1.560000000000001108e-01,-9.992228684218517065e-01,-5.020473646628295095e-01,7.523844523578702148e-01,2.357210498143521779e-02,-7.359287197833219718e-02,5.992268439220511250e-02,9.955157429571691585e-01,9.215944800697682682e-02,2.131245619614648146e-02,-9.060233839956868601e-04,3.135007948352438234e+00,1.620310598363086108e-01,3.002878384474505155e-02,2.423462628849506917e+00,2.053958066978470942e+00,2.153800137142802829e+00,2.467988864353108713e+00,-9.999826497637233080e-01,-5.082347057909261112e-01,7.518007039316488838e-01
1.580000000000001126e-01,-9.991757242118888271e-01,-5.021945504067861776e-01,7.525042977266546140e-01,2.450206668067081081e-02,-7.763095596758423644e-02,6.193114391309804262e-02,9.952184921407448703e-01,9.528071504984508833e-02,2.146804705224430662e-02,-9.280067105341057191e-04,3.158862652964208984e+00,1.311277623379577262e-01,3.438397328082371668e-02,2.413882728136851785e+00,2.051849964907351609e+00,2.174196746374984723e+00,2.479979343591661500e+00,-9.999783516102119796e-01,-5.086157595275375698e-01,7.518864849626902824e-01
1.600000000000001144e-01,-9.991267200785274305e-01,-5.023498123187213338e-01,7.526281600144808515e-01,2.544046250079469787e-02,-8.181398457382094147e-02,6.396233213652198490e-02,9.949097573604803735e-01,9.842484145540120188e-02,2.159223232461957714e-02,-9.491030656185576488e-04,3.179661436943452379e+00,9.926549166714448980e-02,3.888718913675005828e-02,2.403861950090274924e+00,2.050197200604583436e+00,2.194884024366747788e+00,2.491572432979590523e+00,-9.999736859625090180e-01,-5.090085640365910047e-01,7.519750745313202867e-01
1.620000000000001161e-01,-9.990758391535258243e-01,-5.025134402878689288e-01,7.527560846787538784e-01,2.638591052390801966e-02,-8.614339094925238527e-02,6.601487539374656377e-02,9.945896598191278359e-01,1.015887373988971776e-01,2.168403750056849266e-02,-9.692947144904323067e-04,3.197336482365037202e+00,6.650901225706395969e-02,4.352401734607432710e-02,2.393420217293735774e+00,2.049022468290695009e+00,2.215828693102591007e+00,2.502743721498091212e+00,-9.999686345182586811e-01,-5.094132801553168388e-01,7.520665201613647710e-01
1.640000000000001179e-01,-9.990230673324780319e-01,-5.026857270697674407e-01,7.528881144295413996e-01,2.733697651711531132e-02,-9.062046052203723279e-02,6.808737069490611304e-02,9.942583611867592541e-01,1.047692475909494797e-01,2.174255476008445445e-02,-9.885757182937586745e-04,3.211825399932115133e+00,3.292635631818747327e-02,4.827873123536875755e-02,2.382578555427165234e+00,2.048347225951784978e+00,2.236996941425148933e+00,2.513469639749426499e+00,-9.999631784865107287e-01,-5.098300663783523756e-01,7.521608691918407752e-01
1.660000000000001197e-01,-9.989683933794437642e-01,-5.028669679908115420e-01,7.530242891709312270e-01,2.829217678597753180e-02,-9.524632638126319384e-02,7.017839015156435156e-02,9.939160642656189593e-01,1.079631570553720304e-01,2.176694649735503445e-02,-1.006952610677884106e-03,3.223071382624036030e+00,-1.411332214269790664e-03,5.313434372750991397e-02,2.371359060323553258e+00,2.048191621806459750e+00,2.258354511176255741e+00,2.523727502313428239e+00,-9.999572985849829454e-01,-5.102590787897208768e-01,7.522581687633713710e-01
1.680000000000001215e-01,-9.989118090258718441e-01,-5.030574606435740392e-01,7.531646459512343350e-01,2.924998123566591862e-02,-1.000219649805035860e-01,7.228648555081806926e-02,9.935630134775206290e-01,1.111671970616376209e-01,2.175644868446321989e-02,-1.024445004609576305e-03,3.231023347715603844e+00,-3.642996180315379029e-02,5.807266871522828028e-02,2.359784861533624323e+00,2.048574425149360501e+00,2.279866783185893198e+00,2.533495548408835951e+00,-9.999509750374434569e-01,-5.107004709961548983e-01,7.523584658047987039e-01
1.700000000000001232e-01,-9.988533090634005296e-01,-5.032575045735350194e-01,7.533092189223359325e-01,3.020881663205120249e-02,-1.049481921767796838e-01,7.441019306071519623e-02,9.931994951679367079e-01,1.143780511974382130e-01,2.171037406672521666e-02,-1.041086122638182473e-03,3.235636066839322034e+00,-7.205266508840177386e-02,6.307439135427544974e-02,2.347880082360219944e+00,2.049512961755784790e+00,2.301498862840138493e+00,2.542752980937173835e+00,-9.999441875712139494e-01,-5.111543940617578885e-01,7.524618070199933229e-01
1.720000000000001250e-01,-9.987928914301363870e-01,-5.034674009578885556e-01,7.534580393084573391e-01,3.116707005410868439e-02,-1.100256596204330639e-01,7.654803804573274972e-02,9.928258377219459918e-01,1.175923615663739680e-01,2.162811517944168704e-02,-1.056923244282085639e-03,3.236870283776169810e+00,-1.081999779003446627e-01,6.811914696292346860e-02,2.335669796340912541e+00,2.051023054013179969e+00,2.323215664971752137e+00,2.551480003982554479e+00,-9.999369154147913497e-01,-5.116209964439952795e-01,7.525682388748579088e-01
1.740000000000001268e-01,-9.987305572900281314e-01,-5.036874522771294105e-01,7.536111353845488248e-01,3.212309252821187594e-02,-1.152548515099876408e-01,7.869853997015782698e-02,9.924424114882488546e-01,1.208067350953990482e-01,2.150914717621829272e-02,-1.072018064684139658e-03,3.234692819674836350e+00,-1.447900250778403064e-01,7.318560815352931348e-02,2.323179980174753911e+00,2.053118965926897577e+00,2.344981997830132503e+00,2.559657858834683442e+00,-9.999291372955882995e-01,-5.121004239310102957e-01,7.526778075845264038e-01
1.760000000000001286e-01,-9.986663111049717267e-01,-5.039179619801493759e-01,7.537685324644891605e-01,3.307520283413145634e-02,-1.206360817245668432e-01,8.086021736644821711e-02,9.920496285085449450e-01,1.240177499362954128e-01,2.135303045942597844e-02,-1.086446959215083257e-03,3.229076665414440050e+00,-1.817387126545930154e-01,7.825157976297317242e-02,2.310437463107350542e+00,2.055813353129474663e+00,2.366762645900978956e+00,2.567268858594489611e+00,-9.999208314377916462e-01,-5.125928195802558207e-01,7.527905591007562069e-01
1.780000000000001303e-01,-9.986001606993034629e-01,-5.041592341435985336e-01,7.539302528992221086e-01,3.402169147185704623e-02,-1.261694913448410116e-01,8.303159284502537041e-02,9.916479420506624232e-01,1.272219619451329942e-01,2.115941310382190438e-02,-1.100301149283705766e-03,3.220001060841738649e+00,-2.189599259699745726e-01,8.329410109227548820e-02,2.297469872807485380e+00,2.059117218005049210e+00,2.388522451359992971e+00,2.574296421412465286e+00,-9.999119755603376181e-01,-5.130983236584358842e-01,7.529065390995133278e-01
1.800000000000001321e-01,-9.985321173163597130e-01,-5.044115731262882596e-01,7.540963160849121216e-01,3.496082477772090302e-02,-1.318550465718250631e-01,8.521119812147760764e-02,9.912378459449545653e-01,1.304159112234111739e-01,2.092803306483915007e-02,-1.113686765237019167e-03,3.207451560630924181e+00,-2.563657332536859457e-01,8.828955491199207140e-02,2.284305577788229513e+00,2.063039870023175126e+00,2.410226393959177038e+00,2.580725102399045845e+00,-9.999025468750036838e-01,-5.136170735827498834e-01,7.530257929687486085e-01
1.820000000000001339e-01,-9.984621956668042753e-01,-5.046752832194318916e-01,7.542667384811551079e-01,3.589084917772904226e-02,-1.376925370511408731e-01,8.739757903683019469e-02,9.908198737245984544e-01,1.335961287043608003e-01,2.065872016357709479e-02,-1.126724802898688245e-03,3.191420086532461120e+00,-2.938665942266076581e-01,9.321378263943100317e-02,2.270973626445736748e+00,2.067588891359396275e+00,2.431839669158742723e+00,2.586540624234466623e+00,-9.998925220846162087e-01,-5.141492038634323247e-01,7.531483657963661260e-01
1.840000000000001357e-01,-9.983904139684488532e-01,-5.049506682935341884e-01,7.544415336392287230e-01,3.680999556549846563e-02,-1.436815746086164969e-01,8.958930054637419260e-02,9.903945975715616745e-01,1.367591427677235238e-01,2.035139784108489641e-02,-1.139550970995032450e-03,3.171904965797278209e+00,-3.313715732531121172e-01,9.804220504666553981e-02,2.257503682809617107e+00,2.072770107863438405e+00,2.453327764332013494e+00,2.591729906492593383e+00,-9.998818773813719085e-01,-5.146948460475813114e-01,7.532743023583795550e-01
1.860000000000001374e-01,-9.983167939773178734e-01,-5.052380314427513675e-01,7.546207122403214562e-01,3.771648379176225502e-02,-1.498215924013287514e-01,9.178495165254091370e-02,9.899626270711195941e-01,1.399014858662153415e-01,2.000608467512721839e-02,-1.152315427450200562e-03,3.148910955584090399e+00,-3.687885565729361881e-01,1.027499478150624562e-01,2.243925959119723590e+00,2.078587565419687255e+00,2.474656532885231019e+00,2.596281093679664753e+00,-9.998705884452754322e-01,-5.152541286642682294e-01,7.534036471072599328e-01
1.880000000000001392e-01,-9.982413610097343737e-01,-5.055376746275540567e-01,7.548042821436264926e-01,3.860852725203720026e-02,-1.561118444864225130e-01,9.398315025746249718e-02,9.895246077789178196e-01,1.430197011468259394e-01,1.962289565325368509e-02,-1.165182403290593261e-03,3.122449253180906936e+00,-4.060244731333913504e-01,1.073119712129150249e-01,2.230271145365330554e+00,2.085043511728868815e+00,2.495792266148387561e+00,2.600183581974514269e+00,-9.998586304426881899e-01,-5.158271771709228570e-01,7.535364441604692765e-01
1.900000000000001410e-01,-9.981641439552303430e-01,-5.058498983165269358e-01,7.549922484441413673e-01,3.948433755875287166e-02,-1.625514058082722924e-01,9.618254791117188118e-02,9.890812196056577577e-01,1.461103490501070301e-01,1.920204319666016582e-02,-1.178329713677897473e-03,3.092537491896952151e+00,-4.429855185352652991e-01,1.117032031380467694e-01,2.216570335943755410e+00,2.092138383524297041e+00,2.516701762907399775e+00,2.603428044642433825e+00,-9.998459780249921991e-01,-5.164141139009849057e-01,7.536727372891830479e-01
1.920000000000001428e-01,-9.980851752801128685e-01,-5.061750011281435091e-01,7.551846135399636895e-01,4.034212928391550657e-02,-1.691391726028036724e-01,9.838183443186428179e-02,9.886331750255361595e-01,1.491700138706590351e-01,1.874383793002951451e-02,-1.191948156384695524e-03,3.059199722508422425e+00,-4.795773815982504185e-01,1.158986747372061921e-01,2.202854953616423028e+00,2.099870799220886042e+00,2.537352396461779236e+00,2.606006456080120604e+00,-9.998326053273639547e-01,-5.170150580128174411e-01,7.538125699071985819e-01
1.940000000000001446e-01,-9.980044910215450926e-01,-5.065132794733491206e-01,7.553813772088273648e-01,4.118012475822391272e-02,-1.758738632160785076e-01,1.005797423752642084e-01,9.881812171156020286e-01,1.521953102621431964e-01,1.824868919327036695e-02,-1.206240798830829526e-03,3.022466380170780731e+00,-5.157054730441870127e-01,1.198736577889546323e-01,2.189156670960981099e+00,2.108237556980085525e+00,2.557712179105538386e+00,2.607912114434637108e+00,-9.998184859676609859e-01,-5.176301254398727458e-01,7.539559850600281443e-01
1.960000000000001463e-01,-9.979221307720286260e-01,-5.068650271997813261e-01,7.555825366935778886e-01,4.199655891246584227e-02,-1.827540193325796203e-01,1.027750513309112490e-01,9.877261174341631644e-01,1.551828896703167371e-01,1.771710529183200336e-02,-1.221422155606668178e-03,2.982374236741683227e+00,-5.512751557889051801e-01,1.236038030167657537e-01,2.175507329538161727e+00,2.117233638159158993e+00,2.577749823942303564e+00,2.609139662725167064e+00,-9.998035930454182152e-01,-5.182594288421056294e-01,7.541030254141777300e-01
1.980000000000001481e-01,-9.978381376542037051e-01,-5.072305352384465227e-01,7.557880867962397664e-01,4.278968414699937245e-02,-1.897780076070229305e-01,1.049665920240892558e-01,9.872686737473185259e-01,1.581294466778222496e-01,1.714969348305953739e-02,-1.237717259215282209e-03,2.938966338492155383e+00,-5.861919763260909910e-01,1.270652784844127359e-01,2.161938857011564075e+00,2.126852216098547466e+00,2.597434803958440064e+00,2.609685108382769236e+00,-9.997878991409550054e-01,-5.189030775586257471e-01,7.542537332466090483e-01
2.000000000000001499e-01,-9.977525582859096964e-01,-5.076100912536605225e-01,7.559980199802879275e-01,4.355777521516161072e-02,-1.969440216919858544e-01,1.071532502031681960e-01,9.868097076135606827e-01,1.610317252447488745e-01,1.654715969686286481e-02,-1.255360627563281576e-03,2.892291929219246160e+00,-6.203618966794862688e-01,1.302349072165641941e-01,2.148483182477069153e+00,2.137084670186637947e+00,2.616737408290389144e+00,2.609545841110473940e+00,-9.997713763145903432e-01,-5.195611775615831540e-01,7.544081504343834732e-01
2.020000000000001517e-01,-9.976654427354794130e-01,-5.080039792970444390e-01,7.562123264806942524e-01,4.429913410654278544e-02,-2.042500846521843882e-01,1.093339702932989849e-01,9.863500618372176287e-01,1.638865248293302213e-01,1.591030798980259259e-02,-1.274595132513812101e-03,2.842406358811018663e+00,-6.536915263930127562e-01,1.330903031839897610e-01,2.135172150276269498e+00,2.147920605126822480e+00,2.635628795634408661e+00,2.608720648954345300e+00,-9.997539961059670466e-01,-5.202338314112787687e-01,7.545663184444891813e-01
2.040000000000001534e-01,-9.975768444672663549e-01,-5.084124794663488212e-01,7.564309944212808112e-01,4.501209491621316339e-02,-2.116940517548630551e-01,1.115077587986881835e-01,9.858905978022528549e-01,1.666907063735438566e-01,1.524003973254202220e-02,-1.295670774579006689e-03,2.789370977354272974e+00,-6.860883540222040278e-01,1.356100047949675702e-01,2.122037432584635841e+00,2.159347875317534360e+00,2.654081044758359376e+00,2.607209732465451513e+00,-9.997357295334842187e-01,-5.209211382124938616e-01,7.547282783238483672e-01
2.060000000000001552e-01,-9.974868202774339609e-01,-5.088358675698585465e-01,7.566540099388782137e-01,4.569502868618887520e-02,-2.192736136244932965e-01,1.136736874370715134e-01,9.854321926986244762e-01,1.694411981388327937e-01,1.453735253147299400e-02,-1.318843369567281390e-03,2.733253014916701140e+00,-7.174609775848088677e-01,1.377736050424626935e-01,2.109110441080205511e+00,2.171352614241736312e+00,2.672067202086180870e+00,2.605014716823459864e+00,-9.997165470938350618e-01,-5.216231935720307966e-01,7.548940706895046482e-01
2.080000000000001570e-01,-9.973954302200616073e-01,-5.092744147971075552e-01,7.568813573137523898e-01,4.634634820566566754e-02,-2.269862997488114043e-01,1.158308959914921277e-01,9.849757366540167203e-01,1.721350013776785925e-01,1.380333888619051166e-02,-1.344373153707610494e-03,2.674125447178042680e+00,-7.477193334237390854e-01,1.395618774704172893e-01,2.096422238012165096e+00,2.183919268748348408e+00,2.689561326336137981e+00,2.602138661784858975e+00,-9.996964187616531605e-01,-5.223400895574589198e-01,7.550637357189895482e-01
2.100000000000001588e-01,-9.973027375236502845e-01,-5.097283873966051981e-01,7.571130191057353631e-01,4.696451275683150017e-02,-2.348294823221729610e-01,1.179785948660586059e-01,9.845221297842801089e-01,1.747691958273118185e-01,1.303918458536205104e-02,-1.372523314442815811e-03,2.612066847129048242e+00,-7.767749229318502424e-01,1.409568971420464001e-01,2.084003447000524201e+00,2.197030638094165766e+00,2.706538530203903115e+00,2.598586069312765812e+00,-9.996753139892621265e-01,-5.230719146570576017e-01,7.552373131408675055e-01
2.120000000000001605e-01,-9.972088084981366451e-01,-5.101980463612495464e-01,7.573489762954674909e-01,4.754803279338517402e-02,-2.428003804112608410e-01,1.201160673339970314e-01,9.840722791763688582e-01,1.773409450124528164e-01,1.224616684440803412e-02,-1.403558454711796707e-03,2.547161223102377026e+00,-8.045410365855240054e-01,1.419421558182945020e-01,2.071884163908166432e+00,2.210667917601110144e+00,2.722975019090845272e+00,2.594362888741033935e+00,-9.996532017065318243e-01,-5.238187537409499939e-01,7.554148422254581829e-01
2.140000000000001623e-01,-9.971137124325498702e-01,-5.106836471220720375e-01,7.575892084301354412e-01,4.809547453923283811e-02,-2.508960644273610097e-01,1.222426714680088650e-01,9.836270958179288426e-01,1.798475013446259319e-01,1.142565218927507967e-02,-1.437742999121530618e-03,2.479497843445699790e+00,-8.309329747328252358e-01,1.425026705854852138e-01,2.060093868134682538e+00,2.224810746770140124e+00,2.738848126886814338e+00,2.589476519323027581e+00,-9.996300503208378485e-01,-5.245806880234199499e-01,7.555963617757347484e-01
2.160000000000001641e-01,-9.970175214834714472e-01,-5.111854392509267431e-01,7.578336937730714151e-01,4.860546449520290052e-02,-2.591134608887146751e-01,1.243578417446874890e-01,9.831874914879599192e-01,1.822862110062812846e-01,1.057909409143859350e-02,-1.475339550938992552e-03,2.409171048193905929e+00,-8.558682645823035839e-01,1.426250852075202358e-01,2.048661334687424951e+00,2.239437261679913416e+00,2.754136348824895553e+00,2.583935810015088652e+00,-9.996058277171243622e-01,-5.253577950264064489e-01,7.557819101183982369e-01
2.180000000000001659e-01,-9.969203105544810484e-01,-5.117036661727041302e-01,7.580824094565608018e-01,4.907669384200707974e-02,-2.674493574558685083e-01,1.264610903165202249e-01,9.827543756231732486e-01,1.846545186086888390e-01,9.708030360111195509e-03,-1.516607209306608832e-03,2.336280048144103727e+00,-8.792668728404334777e-01,1.422977635195716573e-01,2.037614547389149156e+00,2.254524151485434391e+00,2.768819371433351773e+00,2.577751056346410774e+00,-9.995805012580699644e-01,-5.261501485441671955e-01,7.559715250951265508e-01
2.200000000000001676e-01,-9.968221571667970071e-01,-5.122385648876158770e-01,7.583353316371937991e-01,4.950792272807661570e-02,-2.759004082224724708e-01,1.285520079467939447e-01,9.823286521747571776e-01,1.869499716133315725e-01,8.814080298453359427e-03,-1.561799856498638506e-03,2.260928711783681599e+00,-9.010514134493875504e-01,1.415108742268159359e-01,2.026980613583165614e+00,2.270046718819384246e+00,2.782878099617041023e+00,2.570933994230760966e+00,-9.995540377843551427e-01,-5.269578186091039562e-01,7.561652440539963216e-01
2.220000000000001694e-01,-9.967231413213408775e-01,-5.127903657040607799e-01,7.585924356530874269e-01,4.989798443131380351e-02,-2.844631392436173800e-01,1.306302646045212346e-01,9.819112164702821222e-01,1.891702245073189625e-01,7.898941631377782990e-03,-1.611164425386519845e-03,2.183225340567697792e+00,-9.211473498824249706e-01,1.402564665230906504e-01,2.016785680696318472e+00,2.285978943886971759e+00,2.796294680907122743e+00,2.563497790581346969e+00,-9.995264036150316445e-01,-5.277808714587450822e-01,7.563631038410790763e-01
2.240000000000001712e-01,-9.966233453524782071e-01,-5.133592919825480383e-01,7.588536961822964777e-01,5.024578938421565139e-02,-2.931339542835554868e-01,1.326956097182944438e-01,9.815029520953918452e-01,1.913130427241583609e-01,6.964387213304598645e-03,-1.664939157565775794e-03,2.103282433086888226e+00,-9.394831914617719493e-01,1.385285360000893529e-01,2.007054855016941808e+00,2.302293552033688240e+00,2.809052526923796922e+00,2.555457030598005552e+00,-9.994975645479914350e-01,-5.286193695038752249e-01,7.565651407922081573e-01
2.260000000000001730e-01,-9.965228537737097492e-01,-5.139455598911151224e-01,7.591190874017330614e-01,5.055032905224555312e-02,-3.019091407645022596e-01,1.347478720897491711e-01,9.811047278097700941e-01,1.933763063020629280e-01,6.012261524956084326e-03,-1.723351862813089991e-03,2.021216438711256558e+00,-9.559906831735390798e-01,1.363230803774728439e-01,1.997812123039580445e+00,2.318962084554773373e+00,2.821136332102120114e+00,2.546827701605772987e+00,-9.994674858605359091e-01,-5.294733712978073603e-01,7.567713907249170591e-01
2.280000000000001747e-01,-9.964217531156052132e-01,-5.145493781726441229e-01,7.593885831459125102e-01,5.081067965574723178e-02,-3.107848758981721637e-01,1.367869594690601653e-01,9.807173945116117730e-01,1.953580132728270635e-01,5.044476968972573180e-03,-1.786618190687628248e-03,1.937147501336124344e+00,-9.706049884660501448e-01,1.336381446476538060e-01,1.989080275720313429e+00,2.335954972505259963e+00,2.832532089735668723e+00,2.537627173335740061e+00,-9.994361323100445782e-01,-5.303429315067891281e-01,7.569818889305481857e-01
2.300000000000001765e-01,-9.963201317562937476e-01,-5.151709479244405143e-01,7.596621570648506294e-01,5.102600572611035862e-02,-3.197572329817456871e-01,1.388128577965959953e-01,9.803417822645028590e-01,1.972562827751677406e-01,4.063009974781988005e-03,-1.854939925164230058e-03,1.851199193897288708e+00,-9.832648645319648217e-01,1.304738552955572450e-01,1.980880835976355003e+00,2.353241613260580678e+00,2.843227105396944232e+00,2.527874174552769304e+00,-9.994034681347412352e-01,-5.312281008815371575e-01,7.571966701665300281e-01
2.320000000000001783e-01,-9.962180797448415559e-01,-5.158104623904039565e-01,7.599397827804438288e-01,5.119556348730758266e-02,-3.288221878400947040e-01,1.408256301165084212e-01,9.799786974001962747e-01,1.990693578873023173e-01,3.069896923759782986e-03,-1.928503313186774072e-03,1.763498244359210654e+00,-9.939128295908069566e-01,1.268324433228918136e-01,1.973233989750989403e+00,2.370790449569678771e+00,2.853210007796920245e+00,2.517588765950061536e+00,-9.993694570545584854e-01,-5.321289262298910527e-01,7.574157686488240948e-01
2.340000000000001801e-01,-9.961156886178669234e-01,-5.164681067660841229e-01,7.602214340406768800e-01,5.131870405432664706e-02,-3.379756253962970525e-01,1.428254151696230767e-01,9.796289197102756585e-01,2.007956081744041721e-01,2.067229906270839478e-03,-2.007477437957514137e-03,1.674174253914552102e+00,-1.002495321706927234e+00,1.227182558778691923e-01,1.966158520950105792e+00,2.388569050835741336e+00,2.862470757149019995e+00,2.506792309247513284e+00,-9.993340622720987554e-01,-5.330454503905821539e-01,7.576392180445375990e-01
2.360000000000001819e-01,-9.960130512097582489e-01,-5.171440580168766843e-01,7.605070848710161480e-01,5.139487644041858261e-02,-3.472133463527449782e-01,1.448124256745194349e-01,9.792931997391431942e-01,2.024335319474502015e-01,1.057152322687063706e-03,-2.092012647632720754e-03,1.583359408164587867e+00,-1.008962848698524040e+00,1.181377563643489781e-01,1.959671750539631052e+00,2.406544196353976872e+00,2.871000651105172885e+00,2.495507432449267871e+00,-9.992972464736920024e-01,-5.339777122081080796e-01,7.578670514647039003e-01
2.380000000000001836e-01,-9.959102614568774436e-01,-5.178384847095821586e-01,7.607967097223652386e-01,5.142363036547306643e-02,-3.565310739654815042e-01,1.467869463071315717e-01,9.789722561901338382e-01,2.039817582308332544e-01,4.185434092138148730e-05,-2.182239049877259321e-03,1.491188182077709090e+00,-1.013270128716045937e+00,1.130995129785014597e-01,1.953789480074057172e+00,2.424681960231384714e+00,2.878792328333289241e+00,2.483757991235459262e+00,-9.992589718305481261e-01,-5.349257465087068342e-01,7.580993014572282584e-01
2.400000000000001854e-01,-9.958074141961464898e-01,-5.185515468575131459e-01,7.610902836149795458e-01,5.140461885821591415e-02,-3.659244608947808119e-01,1.487493313905622339e-01,9.786667734558660570e-01,2.054390484369616465e-01,-9.764317765914848476e-04,-2.278265082442149266e-03,1.397797039547169717e+00,-1.015376221093026610e+00,1.076141756956992268e-01,1.948525939905437543e+00,2.442947797710436575e+00,2.885839769806659127e+00,2.471569026483911191e+00,-9.992192000000048591e-01,-5.358895840774239305e-01,7.583359999999980117e-01
2.420000000000001872e-01,-9.957046049584300507e-01,-5.192833957793027144e-01,7.613877822777607163e-01,5.133760064530187156e-02,-3.753890961154097705e-01,1.507000023080733442e-01,9.783773992831883426e-01,2.068042977468980692e-01,-1.995436463206300744e-03,-2.380176169571458777e-03,1.303324128389136805e+00,-1.015244647099049269e+00,1.016944418048879029e-01,1.943893742299456662e+00,2.461306632616828249e+00,2.892138297876376551e+00,2.458966717939069291e+00,-9.991778921268691382e-01,-5.368692516362649769e-01,7.585771784941571783e-01
2.440000000000001890e-01,-9.956019297571394588e-01,-5.200341739715335088e-01,7.616891822823768088e-01,5.122244232075036374e-02,-3.849205118704623896e-01,1.526394446533927973e-01,9.781047425822858576e-01,2.080765361969007243e-01,-3.012857742138772173e-03,-2.488033473620527083e-03,1.207908971637823292e+00,-1.012843500252973650e+00,9.535501016155963072e-02,1.939903839661008877e+00,2.479722945651209542e+00,2.897684573197910840e+00,2.445978334067623994e+00,-9.991350088448526234e-01,-5.378647718234262909e-01,7.588228677575432624e-01
2.460000000000001907e-01,-9.954994848724979528e-01,-5.208040149952744002e-01,7.619944611716835681e-01,5.105912028954400633e-02,-3.945141906531371978e-01,1.545682051335549589e-01,9.778493713886614591e-01,2.092549294715111419e-01,-4.026366210555187841e-03,-2.601872750779219909e-03,1.111692156005842813e+00,-1.008145545884633121e+00,8.861252440307303135e-02,1.936565488046100736e+00,2.498160863246023933e+00,2.902476589582529964e+00,2.432632178162909664e+00,-9.990905102780983649e-01,-5.388761631735979885e-01,7.590730980182865961e-01
2.480000000000001925e-01,-9.953973666319189118e-01,-5.215930433765806340e-01,7.623035975819506538e-01,5.084772247958229546e-02,-4.041655722013222651e-01,1.564868882404688855e-01,9.776118109858290550e-01,2.103387794045898096e-01,-5.033610099788941861e-03,-2.721703319245129694e-03,1.014815018384838785e+00,-1.001128309664754301e+00,8.148550544086113900e-02,1.933886216110185075e+00,2.516584246711217610e+00,2.906513666843236532e+00,2.418957530782859688e+00,-9.990443560428009517e-01,-5.399034400993311111e-01,7.593278989085711084e-01
2.500000000000001665e-01,-9.952956711869597184e-01,-5.224013745209832305e-01,7.626165713584316386e-01,5.058844981655811340e-02,-4.138700604903559621e-01,1.583961527082798915e-01,9.773925421956444204e-01,2.113275241904220558e-01,-6.032220397703645653e-03,-2.847507147586022386e-03,9.174193312638352360e-01,-9.917741548556737730e-01,7.399427361247148949e-02,1.931871799615342722e+00,2.534956781396783931e+00,2.909796441703501380e+00,2.404984588629052844e+00,-9.989965052489168107e-01,-5.409466128734619073e-01,7.595872994585544102e-01
2.520000000000001683e-01,-9.951944942873266475e-01,-5.232291146419639771e-01,7.629333636638482297e-01,5.028161745670567395e-02,-4.236230307098372561e-01,1.602967077743581714e-01,9.771919998422571307e-01,2.122207383077029663e-01,-7.019816019192980441e-03,-2.979238070372567521e-03,8.196469879406499404e-01,-9.800703480693361280e-01,6.616086094186393596e-02,1.930526241590432734e+00,2.553242065605674682e+00,2.912326856835182998e+00,2.390744399996756364e+00,-9.989469165019649877e-01,-5.420056876125879386e-01,7.598513280904478639e-01
2.540000000000001701e-01,-9.950939310524132830e-01,-5.240763607033837035e-01,7.632539570793969164e-01,4.992765577275787292e-02,-4.334198362108606095e-01,1.621893092624081545e-01,9.770105713947292436e-01,2.130181321598625943e-01,-7.994009010836033297e-03,-3.116821137456082195e-03,7.216396883951252672e-01,-9.660091133538312169e-01,5.800891401842210582e-02,1.929851758209540469e+00,2.571403698997676290e+00,2.914108148089760153e+00,2.376268796947800688e+00,-9.988955479049184127e-01,-5.430806662615863534e-01,7.601200126127553025e-01
2.560000000000001719e-01,-9.949940757408677339e-01,-5.249432003758054410e-01,7.635783356979217729e-01,4.952711108885202856e-02,-4.432558154105431525e-01,1.640747555067486041e-01,9.768485957923856988e-01,2.137195514357982384e-01,-8.952409775811506765e-03,-3.260152102516377867e-03,6.235386266819736845e-01,-9.495876744651565726e-01,4.956358806324332594e-02,1.929848770425098392e+00,2.589405370233198056e+00,2.915144829984435582e+00,2.361590324379319927e+00,-9.988423570601827617e-01,-5.441715465791697737e-01,7.603933802146685128e-01
2.580000000000001736e-01,-9.948950215186900259e-01,-5.258297120066265373e-01,7.639064852089352264e-01,4.908064616053858104e-02,-4.531262986411893623e-01,1.659538831372636136e-01,9.767063624560191615e-01,2.143249761956550481e-01,-9.892632305313026758e-03,-3.409097055717180691e-03,5.254841806858420172e-01,-9.308082852167361976e-01,4.085143280500822677e-02,1.930515901363133446e+00,2.607210943615596133e+00,2.915442679501668355e+00,2.346742166181536415e+00,-9.987873010716654676e-01,-5.452783221244711376e-01,7.606714574606200374e-01
2.600000000000001754e-01,-9.947968602263689286e-01,-5.267359646039089238e-01,7.642383929752097904e-01,4.858904039648015427e-02,-4.630266149319002267e-01,1.678275627448720941e-01,9.765841104870921496e-01,2.148345196868177154e-01,-1.081229940289767447e-02,-3.563492204486158610e-03,4.276156050619575599e-01,-9.096782478352702928e-01,3.190027083668915686e-02,1.931849979459554278e+00,2.624784544501575390e+00,2.915008718257603881e+00,2.331758068697003417e+00,-9.987303365469302197e-01,-5.464009822446511677e-01,7.609542702849915186e-01
2.620000000000001772e-01,-9.946996821455759141e-01,-5.276620178337727562e-01,7.645740481006995104e-01,4.805318981888168084e-02,-4.729520987108731811e-01,1.696966944476094585e-01,9.764820280561481436e-01,2.152484268957639557e-01,-1.170904788843821209e-02,-3.723143805589161290e-03,3.300707281626530376e-01,-8.862099192875025899e-01,2.273906916818769011e-02,1.933846047288276804e+00,2.642090643261073346e+00,2.913851193091434588e+00,2.316672261711412606e+00,-9.986714195994399468e-01,-5.475395120635220270e-01,7.612418439869764741e-01
2.640000000000001790e-01,-9.946035757659381638e-01,-5.286079220311945548e-01,7.649134414895947254e-01,4.747410676016803471e-02,-4.828980964170569434e-01,1.715622033775625888e-01,9.764002519807011282e-01,2.155670728418696280e-01,-1.258053376863263809e-02,-3.887828250799397166e-03,2.329856537234502589e-01,-8.604207055782483460e-01,1.339780472837491174e-02,1.936497376004754800e+00,2.659094137581040851e+00,2.911979555124216468e+00,2.301519377222475349e+00,-9.986105058508851773e-01,-5.486938924711787235e-01,7.615342032255977278e-01
2.660000000000001807e-01,-9.945086275524178676e-01,-5.295737182240286556e-01,7.652565658963498274e-01,4.685291929392638999e-02,-4.928599730102195542e-01,1.734250351089511866e-01,9.763388674919734056e-01,2.157909606196538599e-01,-1.342443736134929684e-02,-4.057292307577944554e-03,1.364944680525185805e-01,-8.323330440553046161e-01,3.907324602699784391e-03,1.939795485302214129e+00,2.675760432921275189e+00,2.909404437332012705e+00,2.286334366248028882e+00,-9.985475504335978858e-01,-5.498641001146322704e-01,7.618313720148774948e-01
2.680000000000001825e-01,-9.944149217138300578e-01,-5.305594381700491358e-01,7.656034159665677796e-01,4.619087039865787947e-02,-5.028331183688570238e-01,1.752861510476086127e-01,9.762979081889695543e-01,2.159207191963098404e-01,-1.423846836144780810e-02,-4.231253515288030051e-03,4.072895343453845907e-02,-8.019743737914737380e-01,-5.700798180675203941e-03,1.943730168752823229e+00,2.692055520944903080e+00,2.906137630674599848e+00,2.271152413947556514e+00,-9.984825079930497171e-01,-5.510501073894380486e-01,7.621333737191592350e-01
2.700000000000001843e-01,-9.943225399730327707e-01,-5.315651044067868369e-01,7.659539882686630108e-01,4.548931685343866188e-02,-5.128129535657161009e-01,1.771465238019866162e-01,9.762773561775346387e-01,2.159571009716817480e-01,-1.502037083611166071e-02,-4.409400736567865679e-03,-5.418169157533753166e-02,-7.693770941476546499e-01,-1.539441248250300598e-02,1.948289524382369686e+00,2.707946055761170534e+00,2.902192058817273601e+00,2.256008853342371445e+00,-9.984153326904350312e-01,-5.522518824323108255e-01,7.624402310485816070e-01
2.720000000000001861e-01,-9.942315613393258866e-01,-5.325907303139182369e-01,7.663082813162669371e-01,4.474972786517492779e-02,-5.227949370110269722e-01,1.790071325555961379e-01,9.762771423912366409e-01,2.159009791081241969e-01,-1.576792813815328792e-02,-4.591394862591404932e-03,-1.481111243292544399e-01,-7.345785116536321935e-01,-2.514093965351428539e-02,1.953459990304941885e+00,2.723399427833584241e+00,2.897581751479758605e+00,2.240939077928969958e+00,-9.983459782053358822e-01,-5.534693891147207667e-01,7.627519660547019686e-01
2.740000000000001878e-01,-9.941420618835955514e-01,-5.336363201879402718e-01,7.666662955813781100e-01,4.397368342775048039e-02,-5.327745704538431326e-01,1.808689584605033263e-01,9.762971470901595783e-01,2.157533446379204523e-01,-1.647896772620269581e-02,-4.776869670058943654e-03,-2.409361221372844919e-01,-6.976207753746461737e-01,-3.490752604811449278e-02,1.959226385223766354e+00,2.738383835422070867e+00,2.892321816442767535e+00,2.225978453487253095e+00,-9.982743977384710421e-01,-5.547025870374635570e-01,7.630686001262695362e-01
2.760000000000001896e-01,-9.940541145167400838e-01,-5.347018693288480007e-01,7.670280334982990667e-01,4.316287241400865171e-02,-5.427474048321684341e-01,1.827329800711324226e-01,9.763372005329736814e-01,2.155153033561378051e-01,-1.715136588116191949e-02,-4.965432826885753971e-03,-3.325368376327308972e-01,-6.585508009619064351e-01,-4.466119659159102639e-02,1.965571953585805609e+00,2.752868353443574723e+00,2.886428410239476161e+00,2.211162229390514433e+00,-9.982005440145254038e-01,-5.559514315261955275e-01,7.633901539851475349e-01
2.780000000000001914e-01,-9.939677887719120530e-01,-5.357873641385123564e-01,7.673934994584413749e-01,4.231909040218250623e-02,-5.527090459628151153e-01,1.846001688371873006e-01,9.763970838169930833e-01,2.151880725069700850e-01,-1.778305230879572221e-02,-5.156667042702425124e-03,-4.227970449355766824e-01,-6.174201836138099031e-01,-5.436900854541810296e-02,1.972478415161276200e+00,2.766822999651104897e+00,2.879918707556210045e+00,2.196525449727294355e+00,-9.981243692850613192e-01,-5.572158736279303470e-01,7.637166476823822325e-01
2.800000000000001932e-01,-9.938831505911076558e-01,-5.368927822304380149e-01,7.677626997961157773e-01,4.144423723908659263e-02,-5.626551600621916283e-01,1.864714846739988774e-01,9.764765298803179672e-01,2.147729772717566488e-01,-1.837201461882980932e-02,-5.350131359450569293e-03,-5.116043761397772727e-01,-5.742851002016016171e-01,-6.399820462487995631e-02,1.979926018804707422e+00,2.780218798046647510e+00,2.872810869363880304e+00,2.182102864546306531e+00,-9.980458253315098727e-01,-5.584958601084865082e-01,7.640481005944190773e-01
2.820000000000001950e-01,-9.938002621166295292e-01,-5.380180925505624323e-01,7.681356427654637553e-01,4.054031434310900045e-02,-5.725814790894587780e-01,1.883478716280375387e-01,9.765752246596055564e-01,2.142714470669808968e-01,-1.891630267143764449e-02,-5.545362576557245383e-03,-5.988505476925020110e-01,-5.292062008385206573e-01,-7.351636463858901571e-02,1.987893600141838357e+00,2.793027839458311234e+00,2.865124009799369542e+00,2.167928841534849216e+00,-9.979648634682420916e-01,-5.597913334508816119e-01,7.643845314194650520e-01
2.840000000000001967e-01,-9.937191814879433593e-01,-5.391632555087413348e-01,7.685123385087198056e-01,3.960942175079096988e-02,-5.824838059037283911e-01,1.902302536547061107e-01,9.766928083965165097e-01,2.136850116606402172e-01,-1.941403278251166778e-02,-5.741876804405463171e-03,-6.844315762756189025e-01,-4.822484901950114811e-01,-8.289155484032668941e-02,1.996358642916448600e+00,2.805223339226552870e+00,2.856878161814017325e+00,2.154037278438261538e+00,-9.978814345457188706e-01,-5.611022318546642351e-01,7.647259581739951351e-01
2.860000000000001985e-01,-9.936399626444417654e-01,-5.403282231205488451e-01,7.688927990160292492e-01,3.865375491155090271e-02,-5.923580192272138722e-01,1.921195305248512841e-01,9.768288770854429703e-01,2.130152971154470054e-01,-1.986339177963102054e-02,-5.939171139091243765e-03,-7.682479838413464046e-01,-4.334811988843327857e-01,-9.209247420969220166e-02,2.005297343723154047e+00,2.816779691958001930e+00,2.848094241604870458e+00,2.140461516523386454e+00,-9.977954889537192784e-01,-5.624284892361784971e-01,7.650723981894035353e-01
2.880000000000002003e-01,-9.935626551346186108e-01,-5.415129391590032260e-01,7.692770380770789229e-01,3.767560123589620835e-02,-6.022000784064721612e-01,1.940165738757071989e-01,9.769829840547378241e-01,2.122640215673698705e-01,-2.026264090115225888e-02,-6.136725450773867011e-03,-8.502049914946933074e-01,-3.829776452628073646e-01,-1.010885969090028758e-01,2.014684679846419080e+00,2.827672523318516706e+00,2.838794011843178033e+00,2.127234255382464134e+00,-9.977069766246455806e-01,-5.637700352297516648e-01,7.654238681087973672e-01
2.900000000000002021e-01,-9.934873039321467925e-01,-5.427173393158161163e-01,7.696650712248302995e-01,3.667733640326691774e-02,-6.120060279641187373e-01,1.959222234212154579e-01,9.771546416733445373e-01,2.114329908480606091e-01,-2.061011953135902589e-02,-6.334004277289180182e-03,-9.302127019547897779e-01,-3.308150880070619970e-01,-1.098503101993779374e-01,2.024494479922167578e+00,2.837878738848949478e+00,2.829000043714033463e+00,2.114387469365764716e+00,-9.976158470369065334e-01,-5.651267951898009123e-01,7.657803838839336574e-01
2.920000000000002038e-01,-9.934139492593402343e-01,-5.439413513717443749e-01,7.700569156716727814e-01,3.566142043646475940e-02,-6.217720019336423487e-01,1.978372833358586214e-01,9.773433231744493854e-01,2.105240939597352867e-01,-2.090424876510842481e-02,-6.530458814109529192e-03,-1.008186270365175830e+00,-2.770745698468921048e-01,-1.183490471385800769e-01,2.034699497136789326e+00,2.847376569798261148e+00,2.818735677780998650e+00,2.101952325921524700e+00,-9.975220492183748400e-01,-5.664986901938495745e-01,7.661419607722962377e-01
2.940000000000002056e-01,-9.933426264184672672e-01,-5.451848953756116556e-01,7.704525902383444480e-01,3.463039355043626144e-02,-6.314942279702051575e-01,1.997625188253007444e-01,9.775484645875667233e-01,2.095392984110948653e-01,-2.114353479590361934e-02,-6.725528991201192887e-03,-1.084046063259294312e+00,-2.218407528468900880e-01,-1.265574134265680661e-01,2.045271484678714558e+00,2.856145615978563868e+00,2.808024983689856313e+00,2.089959106110470088e+00,-9.974255317499216567e-01,-5.678856370464472336e-01,7.665086133343140817e-01
2.960000000000002074e-01,-9.932733656313663673e-01,-5.464478838315520726e-01,7.708521152759950645e-01,3.358687178399336060e-02,-6.411690312305903250e-01,2.016986528962541325e-01,9.777694667703031861e-01,2.084806454228800288e-01,-2.132657212180139039e-02,-6.918645626853780865e-03,-1.157717805521671028e+00,-1.652017456427783415e-01,-1.344493078113906115e-01,2.056181273159786826e+00,2.864166885655271777e+00,2.796892718726811111e+00,2.078437127549803698e+00,-9.973262427690243737e-01,-5.692875482839862000e-01,7.668803554307191961e-01
2.980000000000002092e-01,-9.932061918877983508e-01,-5.477302218940132139e-01,7.712555125817875945e-01,3.253354242386503892e-02,-6.507928380157497195e-01,2.036463633370907411e-01,9.780056975309355805e-01,2.073502450116649076e-01,-2.145204656402917992e-02,-7.109232648138305230e-03,-1.229132715217290839e+00,-1.072489230494964585e-01,-1.420000355175827234e-01,2.067398849728005583e+00,2.871422832493371935e+00,2.785364285247720950e+00,2.067414670027622581e+00,-9.972241299734491138e-01,-5.707043321804081693e-01,7.672572002200422903e-01
3.000000000000002109e-01,-9.931411248029505812e-01,-5.490318075700446609e-01,7.716628053084617633e-01,3.147315923127340376e-02,-6.603621791697185106e-01,2.056062799197910795e-01,9.782564938328691673e-01,2.061502709605012584e-01,-2.151873809363584467e-02,-7.296709367293277571e-03,-1.298227626191451822e+00,-4.807673846765571357e-02,-1.491864142111401226e-01,2.078893438598634624e+00,2.877897389586853816e+00,2.773465686997280244e+00,2.056918904014161775e+00,-9.971191406250057288e-01,-5.721358927537926187e-01,7.676391601562472244e-01
3.020000000000002127e-01,-9.930781784844879834e-01,-5.503525319283840700e-01,7.720740178683013211e-01,3.040853748201199566e-02,-6.698736932290011437e-01,2.075789818328795666e-01,9.785211640720276050e-01,2.048829556850383371e-01,-2.152552346193427335e-02,-7.480492803042951624e-03,-1.364945098369727550e+00,1.221747047698090033e-02,-1.559868720689764621e-01,2.090633582738172791e+00,2.883576000603575995e+00,2.761223484339463852e+00,2.046975822280413748e+00,-9.970112215533758482e-01,-5.735821297738215030e-01,7.680262469865015706e-01
3.040000000000002145e-01,-9.930173614095240131e-01,-5.516922793148421045e-01,7.724891758319670787e-01,2.934254883176752593e-02,-6.793241293168940098e-01,2.095649953540336952e-01,9.787989904182421430e-01,2.035505850037584996e-01,-2.147137863091030247e-02,-7.660000035619509220e-03,-1.429233515712565961e+00,7.353368261966425345e-02,-1.623815375760448154e-01,2.102587226444200930e+00,2.888445648081527040e+00,2.748664748423822690e+00,2.037610174818385023e+00,-9.969003191600120939e-01,-5.750429387701111450e-01,7.684184717490832872e-01
3.060000000000002163e-01,-9.929586763118605219e-01,-5.530509275734758479e-01,7.729083058226751124e-01,2.827811601916328799e-02,-6.887103497775984851e-01,2.115647917700810843e-01,9.790892312117741580e-01,2.021554928209953750e-01,-2.135538100017145974e-02,-7.834650584092529846e-03,-1.491047171801472393e+00,1.357693998217663345e-01,-1.683523207295516688e-01,2.114721798574181300e+00,2.892494878915063072e+00,2.735817014315773399e+00,2.028845407240193577e+00,-9.967863794221086815e-01,-5.765182110414081018e-01,7.688158447714225074e-01
3.080000000000002180e-01,-9.929021200798221480e-01,-5.544283482730310020e-01,7.733314354062152951e-01,2.721820741970785301e-02,-6.980293325453951203e-01,2.135787855511145084e-01,9.793911234061912774e-01,2.007000557314314870e-01,-2.117671142739039475e-02,-8.003868794504482090e-03,-1.550346343053687681e+00,1.988198589639104674e-01,-1.738829853864545250e-01,2.127004296187067656e+00,2.895713827070894641e+00,2.722708233123216193e+00,2.020703602815802302e+00,-9.966693478966419661e-01,-5.780078336656366833e-01,7.692183756682777762e-01
3.100000000000002198e-01,-9.928476836649827719e-01,-5.558244069381217400e-01,7.737585929773175275e-01,2.616583146450103536e-02,-7.072781732445915237e-01,2.156073327844644505e-01,9.797038850489473427e-01,1.991866875548175542e-01,-2.093465603956216545e-02,-8.167086227270334980e-03,-1.607097349579815981e+00,2.625782489130613628e-01,-1.789592125472545814e-01,2.139401368373697210e+00,2.898094233573904610e+00,2.709366723156312329e+00,2.013205428291417576e+00,-9.965491697244809322e-01,-5.795116895107963462e-01,7.696260733400446252e-01
3.120000000000002216e-01,-9.927953520020538214e-01,-5.572389632846109775e-01,7.741898076428864739e-01,2.512403093817557748e-02,-7.164540870164293196e-01,2.176507298732749951e-01,9.800267177911659022e-01,1.976178338097097087e-01,-2.062860783274202831e-02,-8.323744032322076547e-03,-1.661272603714093465e+00,3.269359320072974251e-01,-1.835686544255429320e-01,2.151879400064413694e+00,2.899629463801817408e+00,2.695821120162288587e+00,2.006370083612726951e+00,-9.964257896345659615e-01,-5.810296572466984166e-01,7.700389459711970419e-01
3.140000000000002234e-01,-9.927451039401774535e-01,-5.586718714586438317e-01,7.746251091026330471e-01,2.409587717113254729e-02,-7.255544100696359466e-01,2.197092125034334764e-01,9.803588094183016688e-01,1.959959661350875459e-01,-2.025806805826212489e-02,-8.473295300564074109e-03,-1.712850646260019483e+00,3.917826696005953235e-01,-1.877009792084082251e-01,2.164404595615641025e+00,2.900314522125781114e+00,2.682100326682478109e+00,2.000215255659279823e+00,-9.962991519481563252e-01,-5.825616113575367017e-01,7.704570010288610549e-01
3.160000000000002252e-01,-9.926969121858352230e-01,-5.601229802787831558e-01,7.750645275276398793e-01,2.308446414165679639e-02,-7.345766009518299722e-01,2.217829548816108998e-01,9.806993363935471164e-01,1.943235766687952115e-01,-1.982264739374248533e-02,-8.615207380351637065e-03,-1.761816170505045465e+00,4.570068512092858581e-01,-1.913479064672768404e-01,2.176943061990729067e+00,2.900146063931075435e+00,2.668233460584411798e+00,1.994757076078447655e+00,-9.961692005831447316e-01,-5.841074221552841061e-01,7.708802452615171052e-01
3.180000000000002269e-01,-9.926507432575518708e-01,-5.615921334806868170e-01,7.755080934374031232e-01,2.209290250397153571e-02,-7.435182415395447109e-01,2.238720692461814432e-01,9.810474664060583327e-01,1.926031723918397165e-01,-1.932206689751531786e-02,-8.748964147911247186e-03,-1.808160034067124444e+00,5.224957268017491607e-01,-1.945032332316515844e-01,2.189460891364176209e+00,2.899122405048297768e+00,2.654249802827835847e+00,1.990010083290023157e+00,-9.960358790584382671e-01,-5.856669557939103710e-01,7.713086846978340905e-01
3.200000000000002287e-01,-9.926065574525438917e-01,-5.630791699637659464e-01,7.759558375758954796e-01,2.112431355870452235e-02,-7.523770377452062563e-01,2.259766056518063004e-01,9.814023609162967343e-01,1.908372694476847542e-01,-1.875615874537337954e-02,-8.874068220884882147e-03,-1.851879258643343018e+00,5.881356417733308861e-01,-1.971628507891985405e-01,2.201924242992233438e+00,2.897243528620899067e+00,2.640178744529564359e+00,1.985987188715207630e+00,-9.958991304984057269e-01,-5.872400742844100519e-01,7.717423246456301955e-01
3.220000000000002305e-01,-9.925643088254264557e-01,-5.645839240392563907e-01,7.764077907871991258e-01,2.018182318258894895e-02,-7.611508199400014441e-01,2.280965520274953473e-01,9.817631776910142882e-01,1.890283874457953095e-01,-1.812486674883472329e-02,-8.990043104500392360e-03,-1.892977017736808376e+00,6.538122741492657930e-01,-1.993247523243887043e-01,2.214299424206740419e+00,2.894511089429895989e+00,2.626049733398470032e+00,1.982699647267135878e+00,-9.957588976373902279e-01,-5.888266355106380745e-01,7.721811696909632872e-01
3.240000000000002323e-01,-9.925239451790612843e-01,-5.661062256791363767e-01,7.768639838912541062e-01,1.926855573450687170e-02,-7.698375430921876594e-01,2.302318345069972183e-01,9.821290733206335943e-01,1.871790437588131406e-01,-1.742824665438900272e-02,-9.096435260242594772e-03,-1.931462612442698568e+00,7.194108735594940685e-01,-2.009890315541358885e-01,2.226552970402420062e+00,2.890928415690785069e+00,2.611892219618340949e+00,1.980157032123951222e+00,-9.956151228242861029e-01,-5.904264932459424298e-01,7.726252236973468746e-01
3.260000000000002340e-01,-9.924854080675922230e-01,-5.676459007653207323e-01,7.773244475602680836e-01,1.838762795519949950e-02,-7.784352866210291211e-01,2.323823180294214419e-01,9.824992057120192079e-01,1.852917478228824077e-01,-1.666646622345720544e-02,-9.192816087322990340e-03,-1.967351435378100311e+00,7.848165015305881287e-01,-2.021578725623318640e-01,2.238651723901200263e+00,2.886500508331872439e+00,2.597735601262716187e+00,1.978367213789920198e+00,-9.954677480271791890e-01,-5.920394971705895681e-01,7.730744898050929681e-01
3.280000000000002358e-01,-9.924486328116818301e-01,-5.692027713385627852e-01,7.777892121963269068e-01,1.754214287811458120e-02,-7.869422539671923067e-01,2.345478072070637243e-01,9.828727365498711732e-01,1.833689954507881914e-01,-1.583980509305848300e-02,-9.278783807716685719e-03,-2.000664922843268023e+00,8.499142726414686821e-01,-2.028355310756371488e-01,2.250562911589544690e+00,2.881234037756780886e+00,2.583609169332349076e+00,1.977336343435472266e+00,-9.953167148380511753e-01,-5.936654928899729455e-01,7.735289704307795056e-01
3.300000000000002376e-01,-9.924135485259255596e-01,-5.707766558464971718e-01,7.782583078107410124e-01,1.673518376893499623e-02,-7.953567718810899967e-01,2.367280474564913972e-01,9.832488337201944484e-01,1.814132631677221885e-01,-1.494865441743682341e-02,-9.353965246050045465e-03,-2.031430495304433315e+00,9.145895960911496481e-01,-2.030283074601449134e-01,2.262254221236834173e+00,2.875137338087661476e+00,2.569542052512209462e+00,1.977068840492998580e+00,-9.951619644775452356e-01,-5.953043219536007236e-01,7.739886672668424561e-01
3.320000000000002394e-01,-9.923800781583876907e-01,-5.723673693902593396e-01,7.787317639056540175e-01,1.596980811133335773e-02,-8.036772894313297666e-01,2.389227263880514263e-01,9.836266736895328266e-01,1.794270025796458057e-01,-1.399351629115896598e-02,-9.418017496178630182e-03,-2.059681486290589891e+00,9.787284172283273742e-01,-2.027445117524398210e-01,2.273693876413924730e+00,2.868220398879143485e+00,2.555563161751205570e+00,1.977567384472353362e+00,-9.950034377997941659e-01,-5.969558218748521883e-01,7.744535812812912701e-01
3.340000000000002411e-01,-9.923481385421649703e-01,-5.739747239691219693e-01,7.792096093584300887e-01,1.524904165642413864e-02,-8.119023767360906696e-01,2.411314754480905487e-01,9.840054438338728948e-01,1.774126347843796581e-01,-1.297500295445458418e-02,-9.470629466888376424e-03,-2.085457059798963897e+00,1.042217458594214108e+00,-2.019944210689912645e-01,2.284850709941394609e+00,2.860494854286966149e+00,2.541701134773710180e+00,1.978832910947739609e+00,-9.948410752973085858e-01,-5.986198261514996677e-01,7.749237127175460094e-01
3.360000000000002429e-01,-9.923176404588520683e-01,-5.755985287225942049e-01,7.796918723093262393e-01,1.457587255323764854e-02,-8.200307234209215368e-01,2.433538718073280371e-01,9.843843447113332923e-01,1.753725448357058292e-01,-1.189383578183254679e-02,-9.511523299780035023e-03,-2.108802116306486063e+00,1.104944460031531239e+00,-2.007902297646576850e-01,2.295694235806130301e+00,2.851973969669060693e+00,2.527984280637804559e+00,1.980864611656683927e+00,-9.946748171059263122e-01,-6.002961642869855119e-01,7.753990610943967132e-01
3.380000000000002447e-01,-9.922884887137456422e-01,-5.772385901694360166e-01,7.801785800529409398e-01,1.395324557731913821e-02,-8.280611368071215672e-01,2.455894404879968018e-01,9.847625922729550396e-01,1.733090762709246779e-01,-1.075084405527467098e-02,-9.540455653053924942e-03,-2.129767187487649149e+00,1.166798417414064426e+00,-1.991459927342729974e-01,2.306194719493349865e+00,2.842672625591506019e+00,2.514440524460421322e+00,1.983659938641518794e+00,-9.945046030098202428e-01,-6.019846618124488069e-01,7.758796252060835563e-01
3.400000000000002465e-01,-9.922605822225910588e-01,-5.788947124430502411e-01,7.806697589339168797e-01,1.338405647426234128e-02,-8.359925398355196879e-01,2.478376567215717363e-01,9.851394200061026618e-01,1.712245257124589970e-01,-9.546963523582556108e-03,-9.557218845595134848e-03,-2.148408319742972861e+00,1.227669819552572594e+00,-1.970775622708038910e-01,2.316323246688134940e+00,2.832607299206525209e+00,2.501097352434606069e+00,1.987214612354739396e+00,-9.943303724465655247e-01,-6.036851403094951607e-01,7.763654031224960228e-01
3.420000000000002482e-01,-9.922338141096425090e-01,-5.805666975227212756e-01,7.811654342473600687e-01,1.287114643462103185e-02,-8.438239687311211989e-01,2.500979485281348835e-01,9.855140810051623568e-01,1.691211375542381878e-01,-8.283234749735060923e-03,-9.561641856464190431e-03,-2.164786946647077492e+00,1.287450882834182853e+00,-1.946025189094060803e-01,2.326051790306579381e+00,2.821796042965307283e+00,2.487981757268679317e+00,1.991522633641552353e+00,-9.941520645122647881e-01,-6.053974174337020120e-01,7.768563921894915403e-01
3.440000000000002500e-01,-9.922080718167732849e-01,-5.822543454601835089e-01,7.816656301444163679e-01,1.241729671620626918e-02,-8.515545704147217121e-01,2.523696995076880611e-01,9.858858499643946560e-01,1.670010987437282601e-01,-6.960801248405458497e-03,-9.553591175621174020e-03,-2.178969750431286823e+00,1.346035783153680665e+00,-1.917400966989046274e-01,2.335353275821365315e+00,2.810258460624749599e+00,2.475120184181050842e+00,1.996576299505815610e+00,-9.939696179667302234e-01,-6.071213069388516903e-01,7.773525890293313534e-01
3.460000000000002518e-01,-9.921832372233408970e-01,-5.839574546010130041e-01,7.821703695434317760e-01,1.202522342927306830e-02,-8.591835996682057885e-01,2.546522518330162632e-01,9.862540250879544557e-01,1.648665336705873452e-01,-5.580907416089075923e-03,-9.532971502447860554e-03,-2.191028512622925639e+00,1.403320884696353632e+00,-1.885111033508190814e-01,2.344201644850091082e+00,2.798015680504220448e+00,2.462538477587977503e+00,2.002366222559642583e+00,-9.937829712387226122e-01,-6.088566187018865650e-01,7.778539895412344141e-01
3.480000000000002536e-01,-9.921591867764824046e-01,-5.856758218003493832e-01,7.826796740470978175e-01,1.169757249953061115e-02,-8.667104160608437580e-01,2.569449094330293892e-01,9.866179299122469493e-01,1.627194991730286922e-01,-4.144896256605531439e-03,-9.499726289378814317e-03,-2.201039953972204533e+00,1.459204965133285459e+00,-1.849378357211547697e-01,2.352571916976864408e+00,2.785090325946508738e+00,2.450261828624445304e+00,2.008881354052003410e+00,-9.935920624312464255e-01,-6.106031587485790668e-01,7.783605889020465129e-01
3.500000000000002554e-01,-9.921357916314833547e-01,-5.874092426324710736e-01,7.831935638659638377e-01,1.143691482327763471e-02,-8.741344806444698579e-01,2.592469413548700308e-01,9.869769150359154475e-01,1.605619796730499982e-01,-2.654206905064954505e-03,-9.453838128704060428e-03,-2.209085563807917652e+00,1.513589436791288323e+00,-1.810439910818777975e-01,2.360440249778641419e+00,2.771506482936088922e+00,2.438314723640572890e+00,2.016109010367612253e+00,-9.933968293268994332e-01,-6.123607292799084778e-01,7.788723815670248740e-01
3.520000000000002571e-01,-9.921129178018367467e-01,-5.891575115937600637e-01,7.837120577486735851e-01,1.124574162827248272e-02,-8.814553524259705064e-01,2.615575852924685307e-01,9.873303597528989561e-01,1.583958824517470165e-01,-1.110371953725630776e-03,-9.395328981359205370e-03,-2.215251418975240583e+00,1.566378563361021881e+00,-1.768545746374337591e-01,2.367783997027549159e+00,2.757289664827900832e+00,2.426720893817543079e+00,2.024034902884563891e+00,-9.931972093932773804e-01,-6.141291286991386045e-01,7.793893612707374352e-01
3.540000000000002589e-01,-9.920904263185802430e-01,-5.909204222986119692e-01,7.842351729192584830e-01,1.112646005319882503e-02,-8.886726846260243340e-01,2.638760512686582071e-01,9.876776735841176214e-01,1.562230330759588337e-01,4.849854164787082973e-04,-9.324260247269235483e-03,-2.219627992522773763e+00,1.617479671708366373e+00,-1.723958037370075247e-01,2.374581765038877190e+00,2.742466774141028463e+00,2.415503266047908326e+00,2.032643171077055833e+00,-9.929931397884318445e-01,-6.159081516395888967e-01,7.799115210280749277e-01
3.560000000000002607e-01,-9.920681733984738626e-01,-5.926977676678639728e-01,7.847629250217957875e-01,1.108138895778705904e-02,-8.957862207335166582e-01,2.662015254574306988e-01,9.880182977034608349e-01,1.540451709874951502e-01,2.130154494599970777e-03,-9.240732677555933000e-03,-2.222309952321735782e+00,1.666803358355818165e+00,-1.676950092256430103e-01,2.380813467131677186e+00,2.727066061373925265e+00,2.404683915225287905e+00,2.041916418748549233e+00,-9.927845573663812706e-01,-6.176975889930923502e-01,7.804388531353764202e-01
3.580000000000002625e-01,-9.920460106205583051e-01,-5.944893401093309659e-01,7.852953280727106300e-01,1.111275497480184761e-02,-9.027957903654982852e-01,2.685331741324198385e-01,9.883517062538733633e-01,1.518639452661677824e-01,3.823340284006819089e-03,-9.144886129651872211e-03,-2.223395949817841721e+00,1.714263690202662893e+00,-1.627805343670414018e-01,2.386460376165167041e+00,2.711117080801467516e+00,2.394284018087789789e+00,2.051835753280432328e+00,-9.925713986826748547e-01,-6.194972279391328662e-01,7.809713491716651079e-01
3.600000000000002642e-01,-9.920237851106087357e-01,-5.962949316900619801e-01,7.858323944209755219e-01,1.122268881421241080e-02,-9.097013049429659715e-01,2.708701477272474900e-01,9.886774075494505487e-01,1.496809105777865412e-01,5.562666927478949509e-03,-9.036899167082440912e-03,-2.222988399135982007e+00,1.759778399055000886e+00,-1.576816317580626847e-01,2.391505175109125414e+00,2.694650643218866382e+00,2.384323808758122443e+00,2.062380827781850723e+00,-9.923536000000066082e-01,-6.213068519746542950e-01,7.815089999999963455e-01
3.620000000000002660e-01,-9.920013397329803251e-01,-5.981143342999478696e-01,7.863741347164300288e-01,1.141322182892838197e-02,-9.165027531931140281e-01,2.732115849929521167e-01,9.889949451595662078e-01,1.474975233181820278e-01,7.346181307757715384e-03,-8.916988506377543020e-03,-2.221193246779296082e+00,1.803269069539428449e+00,-1.524283586398936519e-01,2.395932005600569958e+00,2.677698765603405917e+00,2.374822536121169669e+00,2.073529886027776215e+00,-9.921310972938816031e-01,-6.231262409445363915e-01,7.820517957689142596e-01
3.640000000000002678e-01,-9.919785132893225166e-01,-5.999473398063340790e-01,7.869205578864159056e-01,1.168628285051503263e-02,-9.232001964890332868e-01,2.755566172373486444e-01,9.893038988711787551e-01,1.453151379641824392e-01,9.171856817835891823e-03,-8.785408314253092057e-03,-2.218119732187572524e+00,1.844661319977419112e+00,-1.470514709937809916e-01,2.399726514432242830e+00,2.660294617672403827e+00,2.365798423176722398e+00,2.085259810074279407e+00,-9.919038262583319554e-01,-6.249551710727283549e-01,7.825997259140181628e-01
3.660000000000002696e-01,-9.919551407236214535e-01,-6.017937401993121993e-01,7.874716711208905595e-01,1.204369530230210705e-02,-9.297937640381244151e-01,2.779043726308372819e-01,9.896038855255953059e-01,1.431350036422981420e-01,1.103759729484981439e-02,-8.642449358855610123e-03,-2.213880139445064454e+00,1.883884975801247696e+00,-1.415823167904173563e-01,2.402875897910650593e+00,2.642472465324129605e+00,2.357268628501373531e+00,2.097546170442762481e+00,-9.916717223116813251e-01,-6.267934149940338484e-01,7.831527791596364363e-01
3.680000000000002713e-01,-9.919310533330168989e-01,-6.036533277273884446e-01,7.880274798661521807e-01,1.248717459627538863e-02,-9.362836479307357074e-01,2.802539805628924130e-01,9.898945597260915275e-01,1.409582609256493924e-01,1.294124111100971621e-02,-8.488438019487861905e-03,-2.208589540454689804e+00,1.920874235096764693e+00,-1.360527287417907516e-01,2.405368944013146937e+00,2.624267610958238350e+00,2.349249209948922612e+00,2.110363278768001116e+00,-9.914347206023592651e-01,-6.286407417865412794e-01,7.837109435206077723e-01
3.700000000000002731e-01,-9.919060789838243242e-01,-6.055258950232499382e-01,7.885879878272780141e-01,1.301832581909437986e-02,-9.426700980607388702e-01,2.826045760332166479e-01,9.901756144129514325e-01,1.387859388694174800e-01,1.488056541457073376e-02,-8.323735159826784261e-03,-2.202365529924043219e+00,1.955567825863543385e+00,-1.304949168828517247e-01,2.407196072264626618e+00,2.605716330683219173e+00,2.341755090713183218e+00,2.123684242808439482e+00,-9.911927560147631988e-01,-6.304969170046907934e-01,7.842742063041686640e-01
3.720000000000002749e-01,-9.918800423321861848e-01,-6.074112352193714592e-01,7.891531969793444956e-01,1.363864171151827134e-02,-9.489534169299139732e-01,2.849553040613448385e-01,9.904467813026393008e-01,1.366189522947962587e-01,1.685329051340941561e-02,-8.148734870203792197e-03,-2.195327952538638883e+00,1.987909154588951344e+00,-1.249413612880108521e-01,2.408349371244862258e+00,2.586855808430332804e+00,2.334800027871080985e+00,2.137481023721276241e+00,-9.909457631751666939e-01,-6.323617027129720958e-01,7.848425541119461446e-01
3.740000000000002767e-01,-9.918527650487631853e-01,-6.093091420532312785e-01,7.897231075874672213e-01,1.434950094445088323e-02,-9.551339543481300876e-01,2.873053240983258760e-01,9.907078311879947696e-01,1.344580993310753037e-01,1.885708439333077732e-02,-7.963863085039504797e-03,-2.187598622729068243e+00,2.017846445739646555e+00,-1.194247052045490504e-01,2.408822633627906828e+00,2.567724067006726951e+00,2.328396583516867846e+00,2.151724495509054425e+00,-9.906936764576758092e-01,-6.342348575202457761e-01,7.854159728420547770e-01
3.760000000000002784e-01,-9.918240660468742309e-01,-6.112194099619275844e-01,7.902977182356638597e-01,1.515216669373858037e-02,-9.612121020413811889e-01,2.896538144239966805e-01,9.909585740965476397e-01,1.323040592250979697e-01,2.088956736279153070e-02,-7.769576082007805320e-03,-2.179301037471204516e+00,2.045332871781949891e+00,-1.139776488618091249e-01,2.408611388645102380e+00,2.548359896134677616e+00,2.322556098590653928e+00,2.166384506548885369e+00,-9.904364299902299607e-01,-6.361161366146815821e-01,7.859944476912977818e-01
3.780000000000002802e-01,-9.917937617134867656e-01,-6.131418341660103133e-01,7.908770258645118068e-01,1.604778551477870768e-02,-9.671882881797648768e-01,2.919999765132957892e-01,9.911988593042547757e-01,1.301573904269000548e-01,2.294831681528799322e-02,-7.566358869945578706e-03,-2.170560082591985296e+00,2.070326673351563507e+00,-1.086328441918418541e-01,2.407712931853210669e+00,2.528802777538966318e+00,2.317288669496145204e+00,2.181429943119979953e+00,-9.901739576606483073e-01,-6.380052917993050965e-01,7.865779631574698616e-01
3.800000000000002820e-01,-9.917616661424571989e-01,-6.150762107423698444e-01,7.914610258175384105e-01,1.703738651692486561e-02,-9.730629718374826931e-01,2.943430393550396929e-01,9.914285752022145015e-01,1.280185289598577969e-01,2.503087210022545209e-02,-7.354723472922977331e-03,-2.161501733087491051e+00,2.092791269203273519e+00,-1.034227906742971048e-01,2.406126352079372310e+00,2.509092807160358429e+00,2.312603127593522157e+00,2.196828794849682076e+00,-9.899061931227205458e-01,-6.399020715281480420e-01,7.871665030417626108e-01
3.820000000000002838e-01,-9.917275913694233447e-01,-6.170223366860447811e-01,7.920497118962485095e-01,1.812188083661476004e-02,-9.788366373968862000e-01,2.966822637066074964e-01,9.916476490141811206e-01,1.258877870831495993e-01,2.713473949266183294e-02,-7.135207118243125542e-03,-2.152252747994681137e+00,2.112695355582719259e+00,-9.837973249608672477e-02,2.403852555405399549e+00,2.489270614590289643e+00,2.308507021643508406e+00,2.212548222002289400e+00,-9.896330698023412253e-01,-6.418062209429935550e-01,7.877600504512705104e-01
3.840000000000002855e-01,-9.916913476077501288e-01,-6.189800099608385731e-01,7.926430764236617188e-01,1.930206140710139656e-02,-9.845097889085062670e-01,2.990169462680456469e-01,9.918560463629986224e-01,1.237653522537694034e-01,2.925739725190516782e-02,-6.908370336448476333e-03,-2.142940360393182697e+00,2.130012994675007043e+00,-9.353555719497701204e-02,2.400894286044446435e+00,2.469377279838906425e+00,2.305006603268813237e+00,2.228554624539303308e+00,-9.893545209036868071e-01,-6.437174819107100987e-01,7.883585878015959558e-01
3.860000000000002873e-01,-9.916527434849359279e-01,-6.209490295386556058e-01,7.932411103161978172e-01,2.057860302164423588e-02,-9.900829444188760098e-01,3.013464237592162198e-01,9.920537706844025916e-01,1.216512863947207118e-01,3.139630075854464575e-02,-6.674794981673016700e-03,-2.133691963148524273e+00,2.144723691799076182e+00,-8.892169593607932021e-02,2.397256143955134533e+00,2.449454247567025345e+00,2.302106815488143443e+00,2.244813712883253487e+00,-9.890704794154355772e-01,-6.456355930611668015e-01,7.889620968195549811e-01
3.880000000000002891e-01,-9.916115862788926760e-01,-6.229291954274933651e-01,7.938438031637162773e-01,2.195206268601860439e-02,-9.955566302777987264e-01,3.036700768837681808e-01,9.922408624870037164e-01,1.195455254753706453e-01,3.354888771911188755e-02,-6.435082180894501590e-03,-2.124634791043012783e+00,2.156812461032274530e+00,-8.456902555146024458e-02,2.392944599030442987e+00,2.429543238930937932e+00,2.299811284366860775e+00,2.261290580320489241e+00,-9.887808781170277506e-01,-6.475602898257233342e-01,7.895705585459797948e-01
3.900000000000002909e-01,-9.915676821535206464e-01,-6.249203086880489311e-01,7.944511433174837878e-01,2.342288025523386538e-02,-1.000931375436520332e+00,3.059873341639118283e-01,9.924173984576591945e-01,1.174478794092538025e-01,3.571258342720524254e-02,-6.189850220808801144e-03,-2.115895599974782826e+00,2.166269878966661011e+00,-8.050777245603128740e-02,2.387968001692135189e+00,2.409686161207750033e+00,2.298122313816851392e+00,2.277949776981099017e+00,-9.884856495849678737e-01,-6.494913044762873344e-01,7.901839533386189052e-01
3.920000000000002927e-01,-9.915208363930101410e-01,-6.269221714389219269e-01,7.950631179858116404e-01,2.499137934841860753e-02,-1.006207705748048298e+00,3.082976756302213683e-01,9.925834904118684410e-01,1.153580322738890773e-01,3.788480606956866337e-02,-5.939732381169474107e-03,-2.107600343939044496e+00,2.173092126317205608e+00,-7.676741853773554058e-02,2.382336589716238517e+00,2.389925015388177254e+00,2.297040883566062508e+00,2.294755385335826237e+00,-9.881847261991657527e-01,-6.514283661649321600e-01,7.908022608751336113e-01
3.940000000000002944e-01,-9.914708536343133094e-01,-6.289345868504180315e-01,7.956797133370721031e-01,2.665776853493875137e-02,-1.011386138280613078e+00,3.106006363509788981e-01,9.927392840892990122e-01,1.132755428564101718e-01,4.006297206530100297e-02,-5.685374723510346236e-03,-2.099873850538052089e+00,2.177281017122294049e+00,-7.337660910702414885e-02,2.376062491110897845e+00,2.370301801942519937e+00,2.296566650306162138e+00,2.311671097151241305e+00,-9.878780401493179042e-01,-6.533712009640688656e-01,7.914254601561900859e-01
3.960000000000002962e-01,-9.914175380972434226e-01,-6.309573591269792558e-01,7.963009146097740354e-01,2.842214278396648641e-02,-1.016467175655002553e+00,3.128958097859045884e-01,9.928849577950478178e-01,1.111998455280152204e-01,4.224450142608397740e-02,-5.427433844198023723e-03,-2.092839495797414795e+00,2.178844015298864623e+00,-7.036306297989752823e-02,2.369159722865376239e+00,2.350858424984638706e+00,2.296697952014304267e+00,2.328660291844481200e+00,-9.875655234413269756e-01,-6.553195319071631886e-01,7.920535295086457150e-01
3.980000000000002980e-01,-9.913606938116754641e-01,-6.329902934782892787e-01,7.969267062293458048e-01,3.028448516891850406e-02,-1.021451300416215791e+00,3.151828509494927211e-01,9.930207208877854796e-01,1.091302514494147252e-01,4.442682312506130576e-02,-5.166574600746233308e-03,-2.086618879095812229e+00,2.177794238338135013e+00,-6.775348476051303026e-02,2.361644185388311445e+00,2.331636595077466900e+00,2.297431815432461555e+00,2.345686116178153480e+00,-9.872471079037586916e-01,-6.572730790299935455e-01,7.926864465888290301e-01
4.000000000000002998e-01,-9.913001248413376709e-01,-6.350331960791216757e-01,7.975570719312448098e-01,3.224466881743503349e-02,-1.026338969449582805e+00,3.174614793695886283e-01,9.931468121165012430e-01,1.070659501086021897e-01,4.660738046177886895e-02,-4.903467820265950544e-03,-2.081331499042676558e+00,2.174150447953210552e+00,-6.557347938366500650e-02,2.353533652454026015e+00,2.312677730941768317e+00,2.298763966675387849e+00,2.362711565234155042e+00,-9.869227251943371026e-01,-6.592315594124408262e-01,7.933241883859124544e-01
4.020000000000003015e-01,-9.912356355037027500e-01,-6.370858740180208590e-01,7.981919948899839357e-01,3.430245909688023342e-02,-1.031130608451188424e+00,3.197314818272994907e-01,9.932634978081856802e-01,1.050060111913941746e-01,4.878363641041116167e-02,-4.638787998826623959e-03,-2.077094431163660548e+00,2.167937027516962267e+00,-6.384746897439998181e-02,2.344847756478678935e+00,2.294022860347523896e+00,2.300688844925831589e+00,2.379699564602159700e+00,-9.865923068064748058e-01,-6.611946872208041004e-01,7.939667312253771980e-01
4.040000000000003033e-01,-9.911670305855090346e-01,-6.391481352349231981e-01,7.988314578536385158e-01,3.645751602471306724e-02,-1.035826606462123323e+00,3.219927148648296100e-01,9.933710699094212560e-01,1.029493867842827259e-01,5.095307893835253343e-02,-4.373211000366196768e-03,-2.074022008276366513e+00,2.159183946157438250e+00,-6.259861208169475999e-02,2.335607968953199443e+00,2.275712520484444390e+00,2.303199619163215139e+00,2.396613053714129027e+00,-9.862557840758400252e-01,-6.631621737506337988e-01,7.946140507725687474e-01
4.060000000000003051e-01,-9.910941155534596092e-01,-6.412197884478474386e-01,7.994754432833681701e-01,3.870939689250874061e-02,-1.040427310475767086e+00,3.242451070483680642e-01,9.934698438855390501e-01,1.008949139082249424e-01,5.311322628214769359e-02,-4.107411763613798977e-03,-2.072225504458691692e+00,2.147926709408664703e+00,-6.184872534550254347e-02,2.325837575866847473e+00,2.257786658123818402e+00,2.306288207860186734e+00,2.413415070250816363e+00,-9.859130881869579976e-01,-6.651337274700777069e-01,7.952661220363417272e-01
4.080000000000003069e-01,-9.910166967596746312e-01,-6.433006430687989718e-01,8.001239334974649120e-01,4.105755909190690611e-02,-1.044933020126993517e+00,3.264886609737324141e-01,9.935601564816978204e-01,9.884131738105642051e-02,5.526163216767491365e-02,-3.842062025281361461e-03,-2.071812823528837999e+00,2.134206296347084031e+00,-6.161820766153468937e-02,2.315561647965074243e+00,2.240284529899097876e+00,2.309945301569570120e+00,2.430068835539170635e+00,-9.855641501798469983e-01,-6.671090540637305555e-01,7.959229193727954677e-01
4.100000000000003086e-01,-9.909345816414908414e-01,-6.453905091090529345e-01,8.007769108194123797e-01,4.350136313032624408e-02,-1.049343982471881098e+00,3.287234550030855851e-01,9.936423633509845477e-01,9.678721300526789417e-02,5.739589096148049741e-02,-3.577828067541999248e-03,-2.072888192969358112e+00,2.118069083177944734e+00,-6.192596691581923191e-02,2.304807005696976940e+00,2.223244603046015122e+00,2.314160388313162287e+00,2.446537840851426449e+00,-9.852089009566877831e-01,-6.690878564769813241e-01,7.965844164890963919e-01
4.120000000000003104e-01,-9.908475789152302315e-01,-6.474891970739966585e-01,8.014343577294185117e-01,4.604007582391760750e-02,-1.053660386866213994e+00,3.309496447216934700e-01,9.937168365553886717e-01,9.473111107692602784e-02,5.951364274019518841e-02,-3.315368497546814907e-03,-2.075551864237250577e+00,2.099566753271745245e+00,-6.278934937124222571e-02,2.293602178722148999e+00,2.206704456955369764e+00,2.318921781673023652e+00,2.462785934506920071e+00,-9.848472712885254499e-01,-6.710698349608517077e-01,7.972505864473882209e-01
4.140000000000003122e-01,-9.907554987635823762e-01,-6.495965178477290936e-01,8.020962570188618912e-01,4.867287365493121881e-02,-1.057882359950774287e+00,3.331674641043759211e-01,9.937839619462855989e-01,9.267142021055586876e-02,6.161257826504412671e-02,-3.055332066441079214e-03,-2.079899820407820510e+00,2.078756193688229725e+00,-6.422407180078001931e-02,2.281977359863473609e+00,2.190700685902102318e+00,2.324216651475854878e+00,2.478777409666783171e+00,-9.844791918220042737e-01,-6.730546871173166412e-01,7.979214016687887767e-01
4.160000000000003140e-01,-9.906581530162724691e-01,-6.517122825676306963e-01,8.027625919470706695e-01,5.139884628044801701e-02,-1.062009960751171045e+00,3.353772263820244959e-01,9.938441364318592042e-01,9.060645147383751541e-02,6.369044384859282038e-02,-2.798355535028834370e-03,-2.086023492101598542e+00,2.055699378264390642e+00,-6.624415647675852004e-02,2.269964353411682012e+00,2.175268803323065825e+00,2.330031056951741952e+00,2.494477092699333376e+00,-9.841045930861330726e-01,-6.750421079451029982e-01,7.985968339374717173e-01
4.180000000000003157e-01,-9.905553553237115283e-01,-6.538363024891330477e-01,8.034333463998347691e-01,5.421700017927197357e-02,-1.066043175899704432e+00,3.375793245993132796e-01,9.938977651397059576e-01,8.853442282500506577e-02,6.574504610105307012e-02,-2.545061592905333708e-03,-2.094009482640777353e+00,2.030463237383374864e+00,-6.886186914198888509e-02,2.257596517709330008e+00,2.160443148022752169e+00,2.336349982239893652e+00,2.509850431980407137e+00,-9.837234054990816601e-01,-6.770317898859558037e-01,7.992768544048338697e-01
4.200000000000003175e-01,-9.904469213233529912e-01,-6.559683888409324481e-01,8.041085050490334174e-01,5.712626242369858720e-02,-1.069981914986559035e+00,3.397742318555164176e-01,9.939452584836698801e-01,8.645346384487648250e-02,6.777425654370496100e-02,-2.296056837532769578e-03,-2.103939303374249281e+00,2.003119514582974769e+00,-7.208766010673413327e-02,2.244908701965944609e+00,2.146256792690880655e+00,2.343157374106442870e+00,2.524863586978225882e+00,-9.833355593750071622e-01,-6.790234228713697417e-01,7.999614335937452747e-01
4.220000000000003193e-01,-9.903326687985055665e-01,-6.581083526709056164e-01,8.047880535127444057e-01,6.012548456286457427e-02,-1.073826006047436721e+00,3.419625012211626736e-01,9.939870291447848727e-01,8.436162075449263331e-02,6.977601607727482169e-02,-2.051929819380021811e-03,-2.115889120098210618e+00,1.973744610205423911e+00,-7.593010863483534711e-02,2.231937177282647511e+00,2.132741455118258855e+00,2.350436181732608709e+00,2.539483517456548434e+00,-9.829409849309096447e-01,-6.810166943697728570e-01,8.006505414028826095e-01
4.240000000000003211e-01,-9.902124178293798540e-01,-6.602560046830004969e-01,8.054719785151867040e-01,6.321344660444362662e-02,-1.077575191194593884e+00,3.441447653241059834e-01,9.940234889769985482e-01,8.225686170840386391e-02,7.174833929344337502e-02,-1.813249158884984663e-03,-2.129929511482285598e+00,1.942419412334343898e+00,-8.039587080259802399e-02,2.218719561893401249e+00,2.119927412497398578e+00,2.358168398425830148e+00,2.553678072613163152e+00,-9.825396122935158294e-01,-6.830112894341612284e-01,8.013441471111443226e-01
4.260000000000003229e-01,-9.900859909361710010e-01,-6.624111550653897229e-01,8.061602680458349601e-01,6.638886108158120747e-02,-1.081229122398138287e+00,3.463217355994697710e-01,9.940550458491652641e-01,8.013708235271937985e-02,7.368931861804274563e-02,-1.580561740631852147e-03,-2.146125240389154865e+00,1.909229115309732494e+00,-8.548963103481825587e-02,2.205294740660687758e+00,2.107843419191808731e+00,2.366335105101983860e+00,2.567416079953347641e+00,-9.821313715061912308e-01,-6.850068907501739579e-01,8.020422193821471479e-01
4.280000000000003246e-01,-9.899532132140078655e-01,-6.645736133101860510e-01,8.068529115170338661e-01,6.965037719215583234e-02,-1.084787357424372933e+00,3.484942011988290123e-01,9.940821004355632207e-01,7.800011163612843856e-02,7.559712827493457465e-02,-1.354390989768661149e-03,-2.164535038948622869e+00,1.874263026157664491e+00,-9.121405754318281933e-02,2.191702778896327253e+00,2.096516628352860234e+00,2.374916515383340698e+00,2.580667433679898259e+00,-9.817161925358789398e-01,-6.870031786846032551e-01,8.027447262688018892e-01
4.300000000000003264e-01,-9.898139124596235794e-01,-6.667431880250348497e-01,8.075498999194314909e-01,7.299658499771208287e-02,-1.088249355937942919e+00,3.506630275549295628e-01,9.941050429679573197e-01,7.584371786121983650e-02,7.747002806004305020e-02,-1.135235235325524538e-03,-2.185211408214908779e+00,1.837614359317694568e+00,-9.756976191276078847e-02,2.177984830612590184e+00,2.085972517755323885e+00,2.383892022154597612e+00,2.593403182362860715e+00,-9.812940052800644963e-01,-6.889998313343312919e-01,8.034516352179695842e-01
4.320000000000003282e-01,-9.896679192896281618e-01,-6.689196867369107125e-01,8.082512259745413541e-01,7.642601966972831229e-02,-1.091614475774556281e+00,3.528291545992087164e-01,9.941242499629426854e-01,7.366561496256728014e-02,7.930636691554290851e-02,-9.235661647340680886e-04,-2.208200433198712176e+00,1.799380020097538502e+00,-1.045552631019442402e-01,2.164183041344599268e+00,2.076234820211968035e+00,2.393240245418432721e+00,2.605595615633719220e+00,-9.808647395737671859e-01,-6.909965245756884977e-01,8.041629130751950516e-01
4.340000000000003300e-01,-9.895150672502887046e-01,-6.711029156884598112e-01,8.089568842837397966e-01,7.993716577125616063e-02,-1.094881969391106269e+00,3.549935946303689471e-01,9.941400809389939752e-01,7.146346899721893464e-02,8.110458629477378112e-02,-7.198273734962401527e-04,-2.233541614023311972e+00,1.759660377331242698e+00,-1.121669561395176457e-01,2.150340445722117799e+00,2.067325458914124336e+00,2.402939081292196466e+00,2.617218349630467067e+00,-9.804283251965554280e-01,-6.929929321142244136e-01,8.048785260895182647e-01
4.360000000000003317e-01,-9.893551929187461846e-01,-6.732926796272420411e-01,8.096668714730005378e-01,8.352846156239472630e-02,-1.098050980500123730e+00,3.571574298332763631e-01,9.941528751382711082e-01,6.923490483243066596e-02,8.286322330906255307e-02,-5.244330136081023141e-04,-2.261267713906706334e+00,1.718559025763454873e+00,-1.203990858190516072e-01,2.136500860006858460e+00,2.059264488028901940e+00,2.412965751988770169e+00,2.628246410901996732e+00,-9.799846918795865891e-01,-6.949887255348851101e-01,8.055984399183621081e-01
4.380000000000003335e-01,-9.891881359956213871e-01,-6.754887815882423263e-01,8.103811863326670917e-01,8.719830331853566097e-02,-1.101120540895628830e+00,3.593218094484973979e-01,9.941629482688169039e-01,6.697751301471921437e-02,8.458091364828511372e-02,-3.377665440134348094e-04,-2.291404624619719499e+00,1.676182538728256510e+00,-1.292437257050440269e-01,2.122708769849834809e+00,2.052070038864291845e+00,2.423296856627388252e+00,2.638656318463274530e+00,-9.795337693126706657e-01,-6.969835743525916172e-01,8.063226196324960737e-01
4.400000000000003353e-01,-9.890137393889842921e-01,-6.776910226700335604e-01,8.110998299515640442e-01,9.094504965082987613e-02,-1.104089567477634981e+00,3.614879465938579117e-01,9.941705892832897185e-01,6.468885680358522905e-02,8.625639426768176576e-02,-1.601795860445526882e-04,-2.323971250013254775e+00,1.632640211736060776e+00,-1.386907627767022810e-01,2.109009213562186069e+00,2.045758271891632063e+00,2.433908422723920495e+00,2.648426163676458778e+00,-9.790754871513561719e-01,-6.989771460632072664e-01,8.070510297210740092e-01
4.420000000000003371e-01,-9.888318492896825962e-01,-6.798992018049888619e-01,8.118228058447517492e-01,9.476702581887820609e-02,-1.106956859482781219e+00,3.636571147405047166e-01,9.941760572108239158e-01,6.236647935257019770e-02,8.788850583415482032e-02,8.009113495109117790e-06,-2.358979408146773427e+00,1.588043797625890763e+00,-1.487278880435193573e-01,2.095447661230992686e+00,2.040343334889622717e+00,2.444775958215420708e+00,2.657535687618756803e+00,-9.786097750240380089e-01,-7.009691061948959412e-01,8.077836340967463613e-01
4.440000000000003388e-01,-9.886423152380447998e-01,-6.821131155239543720e-01,8.125501200742327734e-01,9.866252802622951790e-02,-1.109721095928825507e+00,3.658306438470713684e-01,9.941795780589649523e-01,6.000791101966902741e-02,8.947619492601678604e-02,1.665146092395058345e-04,-2.396433752484781188e+00,1.542507233982706172e+00,-1.593405934714171301e-01,2.082069890049880190e+00,2.035837327446921918e+00,2.455874503879577730e+00,2.665966355584577396e+00,-9.781365625390873175e-01,-7.029591183598531412e-01,8.085203961008448070e-01
4.460000000000003406e-01,-9.884449901819923889e-01,-6.843325577158120288e-01,8.132817813619269698e-01,1.026298276898756356e-01,-1.112380833281018777e+00,3.680099161566983135e-01,9.941813418029182836e-01,5.761067678852355156e-02,9.101851598092150497e-02,3.150865720640045231e-04,-2.436331712559051343e+00,1.496146363559888615e+00,-1.705121755588203114e-01,2.068921856270738324e+00,2.032250272029927363e+00,2.467178686017053035e+00,2.673701428358838506e+00,-9.776557792920010925e-01,-7.049468443064121903e-01,8.092612785086398253e-01
4.480000000000003424e-01,-9.882397305266126253e-01,-6.865573193823740761e-01,8.140178011942403868e-01,1.066671756755555867e-01,-1.114934503348700146e+00,3.701963616628304310e-01,9.941814994795197258e-01,5.517230378127365581e-02,9.251463298748945074e-02,4.535099899450008624e-04,-2.478663454421816681e+00,1.449078648485251142e+00,-1.822237458982375047e-01,2.056049564218440651e+00,2.029590091790004713e+00,2.478662769272552246e+00,2.680726029889571649e+00,-9.771673548725720027e-01,-7.069319439715141540e-01,8.100062435346676581e-01
4.500000000000003442e-01,-9.880263961752615565e-01,-6.887871883890714919e-01,8.147581939175660981e-01,1.107728064913160310e-01,-1.117380411420784814e+00,3.723914532509151054e-01,9.941801604034392614e-01,5.269032884344618944e-02,9.396382091693276928e-02,5.816057532753509621e-04,-2.523411861139682522e+00,1.401422879064563531e+00,-1.944542490504588550e-01,2.043498932843831106e+00,2.027862595249509070e+00,2.490300709479561725e+00,2.687027210982376957e+00,-9.766712188720776400e-01,-7.089140755335334720e-01,8.107552528381295476e-01
4.520000000000003459e-01,-9.878048505622789577e-01,-6.910219492119130669e-01,8.155029768240679156e-01,1.149449424324136687e-01,-1.119716734649171874e+00,3.745967015243472087e-01,9.941773895231019731e-01,5.016230618081784359e-02,9.536546689178677927e-02,6.992311232612257984e-04,-2.570552533500013226e+00,1.353298878029287611e+00,-2.071804880450959230e-01,2.031315660321378669e+00,2.027071467969232543e+00,2.502066206423155137e+00,2.692594008636298941e+00,-9.761673008904877546e-01,-7.108928954654571974e-01,8.115082675283584734e-01
4.540000000000003477e-01,-9.875749606774141265e-01,-6.932613826812114022e-01,8.162521702271166024e-01,1.191817976712815919e-01,-1.121941520689455185e+00,3.768136493242580376e-01,9.941732049336889920e-01,4.758581502779986316e-02,9.671907108965806243e-02,8.062800822377774995e-04,-2.620053811021487267e+00,1.304827201104620471e+00,-2.203771578027011735e-01,2.019545087226560565e+00,2.027218271261550964e+00,2.513932756425315329e+00,2.697417500641047905e+00,-9.756555305436889203e-01,-7.128680585884057397e-01,8.122652481703559468e-01
4.560000000000003495e-01,-9.873365970820715543e-01,-6.955052657225903046e-01,8.170057975257650762e-01,1.234815822869093221e-01,-1.124052686608680629e+00,3.790438659540173449e-01,9.941675755643387680e-01,4.495846732656206407e-02,9.802424738070186772e-02,9.026835649406886753e-04,-2.671876813279046026e+00,1.256128834799678184e+00,-2.340168867500152239e-01,2.008232058852978952e+00,2.028302447973430400e+00,2.525873704667980224e+00,2.701490855059535789e+00,-9.751358374707274068e-01,-7.148392181254878963e-01,8.130261547903946395e-01
4.580000000000003513e-01,-9.870896339174977108e-01,-6.977533710958077062e-01,8.177638852576730732e-01,1.278425062285983849e-01,-1.126048018070237466e+00,3.812889411206149548e-01,9.941604190563202437e-01,4.227791539584307978e-02,9.928072369833669530e-02,9.884095699601227070e-04,-2.725975501471036289e+00,1.207324892343432543e+00,-2.480702868709486475e-01,1.997420787251322771e+00,2.030321335322632592e+00,2.537862297179678706e+00,2.704809374227157726e+00,-9.746081513410665975e-01,-7.168060257559921711e-01,8.137909468816890701e-01
4.600000000000003531e-01,-9.868339489050405033e-01,-7.000054671319482225e-01,8.185264631399142843e-01,1.322627832096458789e-01,-1.127925168806305223e+00,3.835504786064068972e-01,9.941515998484692362e-01,3.954185956818382502e-02,1.004883421434856206e-01,1.063463150784911201e-03,-2.782296760073699193e+00,1.158536308707490470e+00,-2.625060124017673524e-01,1.987154713589831534e+00,2.033270184728463104e+00,2.549871732422739345e+00,2.707370532910819971e+00,-9.740724018618616142e-01,-7.187681316698921741e-01,8.145595834101311272e-01
4.620000000000003548e-01,-9.865694233386211875e-01,-7.022613174695608862e-01,8.192935640971270583e-01,1.367406345270712476e-01,-1.129681660388569320e+00,3.858300896860489271e-01,9.941409274855835809e-01,3.674805577417509378e-02,1.016470588234001382e-01,1.127886286020434153e-03,-2.840780498345755856e+00,1.109883535669765386e+00,-2.772908273397191037e-01,1.977476371449983006e+00,2.037142188536594567e+00,2.561875212428653903e+00,2.709174010285723355e+00,-9.735285187852471545e-01,-7.207251846226736536e-01,8.153320228200909847e-01
4.640000000000003566e-01,-9.862959420695670554e-01,-7.045206807903380275e-01,8.200652242764991939e-01,1.412742928040319756e-01,-1.131314882308185776e+00,3.881293863047973747e-01,9.941281551647687120e-01,3.389432305222866981e-02,1.027569434268665316e-01,1.181757628536183680e-03,-2.901359771364508511e+00,1.061486237881178463e+00,-2.923896818902301242e-01,1.968427251679880641e+00,2.041928513494913222e+00,2.573845993440273983e+00,2.710221715407787002e+00,-9.729764319156409824e-01,-7.226768319904677274e-01,8.161082230402812998e-01
4.660000000000003584e-01,-9.860133934839589998e-01,-7.067833105549543582e-01,8.208414830491087555e-01,1.458620056520646413e-01,-1.132822092376176037e+00,3.904499740357282311e-01,9.941129785338764790e-01,3.097855096236478561e-02,1.038181785383116146e-01,1.225192133471196499e-03,-2.963960920195059412e+00,1.013462990900672045e+00,-3.077657979290753243e-01,1.960047669432769979e+00,2.047618340796101499e+00,2.585757436029366474e+00,2.710517805882356690e+00,-9.724160711170597438e-01,-7.246227198254840962e-01,8.168881414896848048e-01
4.680000000000003602e-01,-9.857216694726548267e-01,-7.090489547397067494e-01,8.216223829971802672e-01,1.505020392507377958e-01,-1.134200417455580867e+00,3.927934448348084362e-01,9.940950347552384159e-01,2.799870688256015164e-02,1.048310586940134626e-01,1.258340565200347398e-03,-3.028503730716749498e+00,9.659309821617285685e-01,-3.233807635029524175e-01,1.952376634017336965e+00,2.054198912461509430e+00,2.597583054668107572e+00,2.710068699457400587e+00,-9.718473663204474366e-01,-7.265624929117429076e-01,8.176717350835444043e-01
4.700000000000003619e-01,-9.854206653941534055e-01,-7.113173555746179488e-01,8.224079698868498323e-01,1.551926818427040722e-01,-1.135446854536773520e+00,3.951613696141436094e-01,9.940739018468228716e-01,2.495284316631910665e-02,1.057959891842757405e-01,1.281388883544797280e-03,-3.094901610556256344e+00,9.190057158262193715e-01,-3.391946363350875071e-01,1.945451722181273491e+00,2.061655583801425884e+00,2.609296566742015600e+00,2.708883078300298841e+00,-9.712702475310167616e-01,-7.284957948210892820e-01,8.184589602394134467e-01
4.720000000000003637e-01,-9.851102800304679663e-01,-7.135882492836914670e-01,8.231982926260781319e-01,1.599322471424916847e-01,-1.136558272167315531e+00,3.975552906551192422e-01,9.940490983117677981e-01,2.183910414031753344e-02,1.067134846060412423e-01,1.294557509698678012e-03,-3.163061783505630054e+00,8.728007224686650245e-01,-3.551660562423705758e-01,1.939308955438977078e+00,2.069971881649025569e+00,2.620871941000085137e+00,2.706971885751854323e+00,-9.706846448356005741e-01,-7.304222679694918341e-01,8.192497728832675019e-01
4.740000000000003655e-01,-9.847904155361829615e-01,-7.158613658280260639e-01,8.239934032073883419e-01,1.647190776576741844e-01,-1.137531412247627216e+00,3.999767138845413128e-01,9.940200830659601250e-01,1.865573292122474011e-02,1.075841671709967806e-01,1.298100472544226353e-03,-3.232885500736424778e+00,8.274272745158688380e-01,-3.712523663076138791e-01,1.933982682038877687e+00,2.079129568029579378e+00,2.632283445445006809e+00,2.704348315388964696e+00,-9.700904884100141068e-01,-7.323415536736129772e-01,8.200441284556744259e-01
4.760000000000003673e-01,-9.844609773808675746e-01,-7.181364286525213636e-01,8.247933566351574042e-01,1.695515479213018928e-01,-1.138362892203524934e+00,4.024271010382618474e-01,9.939862556719457620e-01,1.540107803113315368e-02,1.084087647747555699e-01,1.292304436241827363e-03,-3.304268268058602853e+00,7.829941083433969995e-01,-3.874097425854718391e-01,1.929505464145047089e+00,2.089108708893193445e+00,2.643505694672718676e+00,2.701027792268450245e+00,-9.694877085264278493e-01,-7.342532922076451252e-01,8.208419819180238219e-01
4.780000000000003690e-01,-9.841218742850249557e-01,-7.204131544369284379e-01,8.255982108372339479e-01,1.744280676346668946e-01,-1.139049207546336984e+00,4.049078617381359213e-01,9.939469568859864435e-01,1.207359979141887397e-02,1.091881088331942279e-01,1.277487610212361437e-03,-3.377100088415453616e+00,7.396071539016869645e-01,-4.035933320539971114e-01,1.925907970782719136e+00,2.099887747509358693e+00,2.654513696675177226e+00,2.697027946267654297e+00,-9.688762355607483112e-01,-7.361571228604094630e-01,8.216432877588137895e-01
4.800000000000003708e-01,-9.837730181497555959e-01,-7.226912528520210710e-01,8.264080265607102183e-01,1.793470847196056983e-01,-1.139586734830841719e+00,4.074203455094922988e-01,9.939014695235153241e-01,8.671876475317752409e-03,1.099231318924653311e-01,1.253998542879221053e-03,-3.451265718753936618e+00,6.973692727107582146e-01,-4.197573984564526017e-01,1.923218877066918742e+00,2.111443582094384208e+00,2.665282899124152838e+00,2.692368577483371439e+00,-9.682560000000075551e-01,-7.380526839927030736e-01,8.224479999999941837e-01
4.820000000000003726e-01,-9.834143239803163627e-01,-7.249704263216827371e-01,8.272228672517292214e-01,1.843070882796202237e-01,-1.139971735020667509e+00,4.099658337675988751e-01,9.938490196466185367e-01,5.194610200030941143e-03,1.106148650196065175e-01,1.222214800808425110e-03,-3.526644940363926839e+00,6.563800050238303152e-01,-4.358554756105577632e-01,1.921464770199074579e+00,2.123751647219519256e+00,2.675789235156081247e+00,2.687071613697902706e+00,-9.676269324497606128e-01,-7.399396130948936445e-01,8.232560722033661627e-01
4.840000000000003744e-01,-9.830457098037571617e-01,-7.272503697917240828e-01,8.280427989192644667e-01,1.893066114691197288e-01,-1.140200357270037212e+00,4.125455318028583562e-01,9.937887780754729450e-01,1.640632539769860693e-03,1.112644349810198163e-01,1.182541535179120265e-03,-3.603112841740169880e+00,6.167353269169240093e-01,-4.518405276955658190e-01,1.920670062677856782e+00,2.136785998528213160e+00,2.686009168678873404e+00,2.681161059969392468e+00,-9.669889636414895628e-01,-7.418175468447540943e-01,8.240674574770359140e-01
4.860000000000003761e-01,-9.826670965808189662e-01,-7.295307705062641368e-01,8.288678899828701985e-01,1.943442342700555936e-01,-1.140268643129838999e+00,4.151605607956644350e-01,9.937198622239195034e-01,-1.991090158188010047e-03,1.118730612164027388e-01,1.135409937834739756e-03,-3.680540112987560342e+00,5.785274180140154154e-01,-4.676651159621833531e-01,1.920856913128321075e+00,2.150519400275582083e+00,2.695919739221090072e+00,2.674662940452878779e+00,-9.663420244400134917e-01,-7.436861211655249049e-01,8.248821084819233374e-01
4.880000000000003779e-01,-9.822784081122788447e-01,-7.318113077925237908e-01,8.296982111044615138e-01,1.994185861751405497e-01,-1.140172531184939331e+00,4.178119498929768194e-01,9.936413382575731701e-01,-5.701451771635559010e-03,1.124420526159768396e-01,1.081275589508118350e-03,-3.758793350763917740e+00,5.418444405059223978e-01,-4.832815712471056901e-01,1.922045155107457104e+00,2.164923415192062883e+00,2.705498606342229273e+00,2.667605232607859644e+00,-9.656860458509045619e-01,-7.455449712842044940e-01,8.256999774383231294e-01
4.900000000000003797e-01,-9.818795709399286142e-01,-7.340916528548936393e-01,8.305338350042474893e-01,2.045283487767175501e-01,-1.139907862128424432e+00,4.205006283797163014e-01,9.935522235710387839e-01,-9.491201732180093789e-03,1.129728041090801716e-01,1.020616703182323582e-03,-3.837735372734658146e+00,5.067703300663235488e-01,-4.986421716135367443e-01,1.924252234196348166e+00,2.179968496167047576e+00,2.714724093619200751e+00,2.660017793996455548e+00,-9.650209590279081873e-01,-7.473937317900541943e-01,8.265210161325179383e-01
4.920000000000003815e-01,-9.814705142423751916e-01,-7.363714685791504788e-01,8.313748362610069442e-01,2.096722582601749374e-01,-1.139470384277069925e+00,4.232274179790301294e-01,9.934514895789879896e-01,-1.336094070016255637e-02,1.134667930723725487e-01,9.539322659428824082e-04,-3.917225540500871350e+00,4.733845992105301659e-01,-5.136993243822143285e-01,1.927493153638014434e+00,2.195624079246135896e+00,2.723575232219747289e+00,2.651932281924224810e+00,-9.643466952803676495e-01,-7.492320366933175046e-01,8.273451759234440317e-01
4.940000000000003832e-01,-9.810511697258548214e-01,-7.386504093477046506e-01,8.322212910969649657e-01,2.148491078005990984e-01,-1.138855759530775114e+00,4.259930253163155545e-01,9.933380648139976676e-01,-1.731111660041374442e-02,1.139255755660455033e-01,8.817400830958316456e-04,-3.997120089956100131e+00,4.417621535824224344e-01,-5.284057517647927638e-01,1.931780428727674304e+00,2.211858677438431453e+00,2.732031804067557967e+00,2.643382066221468651e+00,-9.636631860806516015e-01,-7.510595194841365174e-01,8.281724077494055924e-01
4.960000000000003850e-01,-9.806214715102535839e-01,-7.409281208667661822e-01,8.330732771475976017e-01,2.200577498611186456e-01,-1.138059569776979751e+00,4.287980345826035156e-01,9.932108383222386649e-01,-2.134202103254850824e-02,1.143507824065399942e-01,8.045747287685834151e-04,-4.077272468027514307e+00,4.119731215928584267e-01,-5.427146792635613171e-01,1.937124050108384399e+00,2.228639974837606452e+00,2.740074384596701051e+00,2.634402135506539455e+00,-9.629703630715850116e-01,-7.528758131916732932e-01,8.290026621348401958e-01
4.980000000000003868e-01,-9.801813560105313572e-01,-7.432042400063201271e-01,8.339308732167628468e-01,2.252970983911310732e-01,-1.137077323739201118e+00,4.316429004334773056e-01,9.930686633462907364e-01,-2.545378606848547332e-02,1.147441150843539759e-01,7.229854076753325018e-04,-4.157533674763902454e+00,3.840826977694381528e-01,-5.565800259589284149e-01,1.943531456070689334e+00,2.245934920572260296e+00,2.747684385084734338e+00,2.625028997313517909e+00,-9.622681580738804419e-01,-7.546805504434116463e-01,8.298358891971318041e-01
5.000000000000003331e-01,-9.797307618137490737e-01,-7.454783946537985040e-01,8.347941590176297666e-01,2.305661309223211164e-01,-1.135904464266787262e+00,4.345279411601217223e-01,9.929103612825995739e-01,-2.964638144881721199e-02,1.151073415355762797e-01,6.375337332135558657e-04,-4.237752609745778720e+00,3.581510001132886534e-01,-5.699565957693816243e-01,1.951007513900165469e+00,2.263709822117015324e+00,2.754844094545016109e+00,2.615300572504772880e+00,-9.615565030935718793e-01,-7.564733635246488896e-01,8.306720386534717226e-01
5.020000000000003348e-01,-9.792696295519044414e-01,-7.477502035823321291e-01,8.356632148999499909e-01,2.358638905600843327e-01,-1.134536376060804486e+00,4.374533321693476196e-01,9.927347258993689527e-01,-3.391961218854690902e-02,1.154422917758140266e-01,5.487914275603978645e-04,-4.317776421811362120e+00,3.342329416942445564e-01,-5.828002687381141911e-01,1.959554510263173954e+00,2.281930437516423993e+00,2.761536721148110551e+00,2.605256084422181928e+00,-9.608353303294484560e-01,-7.582538844381582210e-01,8.315110598277670739e-01
5.040000000000003366e-01,-9.787979017707842955e-01,-7.500192763344537550e-01,8.365381215642886392e-01,2.411894878676691389e-01,-1.132968393828655218e+00,4.404190998095041665e-01,9.925405277990275721e-01,-3.827311660155616885e-02,1.157508534051953780e-01,4.573379499543012454e-04,-4.397450861116057652e+00,3.123781166518583285e-01,-5.950681913765663023e-01,1.969172150567605417e+00,2.300562066097539216e+00,2.767746433132108663e+00,2.594935943261539091e+00,-9.601045721804877253e-01,-7.600217449640213063e-01,8.323529016575936801e-01
5.060000000000003384e-01,-9.783155227950489641e-01,-7.522852131221110517e-01,8.374189597639076776e-01,2.465421026400510529e-01,-1.131195810857582362e+00,4.434251155790593923e-01,9.923265191078226577e-01,-4.270636475197810838e-02,1.160349669931298594e-01,3.637580598745322486e-04,-4.476620632571656877e+00,2.926307007068018051e-01,-6.067189650779957200e-01,1.979857567184307277e+00,2.319569637275047391e+00,2.773458399149967946e+00,2.584381626179838243e+00,-9.593641612532878282e-01,-7.617765767196240656e-01,8.331975127011957971e-01
5.080000000000003402e-01,-9.778224385897689164e-01,-7.545476047438262057e-01,8.383058099950657649e-01,2.519209855642605689e-01,-1.129213887994660936e+00,4.464710907542884244e-01,9.920914383736015862e-01,-4.721865733942461063e-02,1.162966213515018166e-01,2.686393223652255380e-04,-4.555129749744332379e+00,2.750293662259034599e-01,-6.177128316040471079e-01,1.991605336365239287e+00,2.338917797083698957e+00,2.778658827990440727e+00,2.573635553666186127e+00,-9.586140303694987708e-01,-7.635180112198018954e-01,8.340448411445283705e-01
5.100000000000003419e-01,-9.773185966186404006e-01,-7.568060325198154858e-01,8.391987521765743585e-01,2.573254597626106754e-01,-1.127017863018242139e+00,4.495565714719439443e-01,9.918340156514283690e-01,-5.180912502375939477e-02,1.165378487049606449e-01,1.725695632868257600e-04,-4.632821888327073090e+00,2.596072118248787253e-01,-6.280118546442424732e-01,2.004407503647545497e+00,2.358570992106824527e+00,2.783335007597154132e+00,2.562740962723185412e+00,-9.578541125732498163e-01,-7.652456799371385454e-01,8.348948348083432558e-01
5.120000000000003437e-01,-9.768039456991152170e-01,-7.590600682458519266e-01,8.400978653195182444e-01,2.627549222150151187e-01,-1.124602960383095374e+00,4.526809343019848608e-01,9.915529777553958590e-01,-5.647672819382525827e-02,1.167607197669622288e-01,7.613428281155104670e-05,-4.709540738341838839e+00,2.463917064362066423e-01,-6.375800964523826719e-01,2.018253617488555030e+00,2.378493550505877518e+00,2.787475343298515984e+00,2.551741777417139367e+00,-9.570843411385749899e-01,-7.669592143624008873e-01,8.357474411553179605e-01
5.140000000000003455e-01,-9.762784358546852115e-01,-7.613092741666180885e-01,8.410032271881222599e-01,2.682088450563615001e-01,-1.121964401318731541e+00,4.558433823443984179e-01,9.912470536538032784e-01,-6.122025718322660764e-02,1.169673387302099243e-01,-2.008596399433075291e-05,-4.785130354268822828e+00,2.354046477161082784e-01,-6.463837885749706968e-01,2.033130770835946066e+00,2.398649759894441846e+00,2.791069395149040844e+00,2.540682477361411173e+00,-9.563046495768336985e-01,-7.686582460651087967e-01,8.366026072972252425e-01
5.160000000000003473e-01,-9.757420181645725110e-01,-7.635532029692555511e-01,8.419149139528110393e-01,2.736867767447124788e-01,-1.119097414257601342e+00,4.590429418828582686e-01,9.909149799838119499e-01,-6.603833293494321133e-02,1.171598381801474270e-01,-1.155182101453676745e-04,-4.859435502344060964e+00,2.266621346145688831e-01,-6.543914957048150294e-01,2.049023650300170196e+00,2.419003941840005112e+00,2.794107914270854920e+00,2.529607964698745270e+00,-9.555149716441276864e-01,-7.703424067542319342e-01,8.374602800021434534e-01
5.180000000000003491e-01,-9.751946446110830724e-01,-7.657913977977707232e-01,8.428329998365767795e-01,2.791883430959547496e-01,-1.115997245567063922e+00,4.622784596264137846e-01,9.905555066607615311e-01,-7.092940811521143696e-02,1.173403739401730345e-01,-2.095997334180512090e-04,-4.932302004311765131e+00,2.201745538861483997e-01,-6.615742717177757193e-01,2.065914592562404728e+00,2.439520522817671733e+00,2.796582878073171408e+00,2.518563430145295712e+00,-9.547152413487115519e-01,-7.720113283390042103e-01,8.383204057017067390e-01
5.200000000000003508e-01,-9.746362679248911087e-01,-7.680233922889048159e-01,8.437575567558296408e-01,2.847132481804082738e-01,-1.112659170556254962e+00,4.655486005685981477e-01,9.901674025565339043e-01,-7.589176867575947449e-02,1.175111198572767607e-01,-3.017807164165737708e-04,-5.003577076963281911e+00,2.159465802773438692e-01,-6.679058069818721854e-01,2.083783647622392099e+00,2.460164101481780996e+00,2.798487524216035638e+00,2.507594218650496476e+00,-9.539053929583981573e-01,-7.736646429898517141e-01,8.391829304983929871e-01
5.220000000000003526e-01,-9.740668414285302834e-01,-7.702487106300173192e-01,8.446886539569667951e-01,2.902612750768489014e-01,-1.109078504726263459e+00,4.688518464912746486e-01,9.897494612207000664e-01,-8.092353586212804040e-02,1.176742625368532025e-01,-3.915268992606159011e-04,-5.073109666840122323e+00,2.139771900885989175e-01,-6.733625660654336542e-01,2.102608648464584729e+00,2.480899512162747733e+00,2.799816383175072421e+00,2.496745695215384142e+00,-9.530853610079568217e-01,-7.753019831994301114e-01,8.400478001728515220e-01
5.240000000000003544e-01,-9.734863188783765553e-01,-7.724668676394698119e-01,8.456263576499493118e-01,2.958322864793914708e-01,-1.105250615229385280e+00,4.721864951382153119e-01,9.893005066176767670e-01,-8.602266866445192062e-02,1.178319960355158902e-01,-4.783222137271246946e-04,-5.140750779523282965e+00,2.142596877760447605e-01,-6.779239150142224446e-01,2.122365286700456988e+00,2.501691884538144173e+00,2.800565309253885360e+00,2.486063111394816172e+00,-9.522550803065035208e-01,-7.769229818437508595e-01,8.409149601912654370e-01
5.260000000000003562e-01,-9.728946543054177720e-01,-7.746773688699285509e-01,8.465707306402256993e-01,3.014262251527282666e-01,-1.101170932500695310e+00,4.755506600808241946e-01,9.888193988527634870e-01,-9.118696670572513929e-02,1.179865165208335565e-01,-5.616713873137750427e-04,-5.206353802974623690e+00,2.167817452296563197e-01,-6.815722374161472530e-01,2.143027193727546020e+00,2.522506699467178315e+00,2.800731509882552039e+00,2.475591472989663089e+00,-9.514144859448843139e-01,-7.785272722434077863e-01,8.417843557127510090e-01
5.280000000000003579e-01,-9.722918018551123254e-01,-7.768797107349298958e-01,8.475218319603873285e-01,3.070431142313228001e-01,-1.096834962022783078e+00,4.789422712955911376e-01,9.883050398597160724e-01,-9.641407356122741468e-02,1.181400169070278422e-01,-6.411025053742672305e-04,-5.269774824437834404e+00,2.215254533408866910e-01,-6.842930385258557680e-01,2.164566026933282039e+00,2.543309841017252104e+00,2.800313573032770620e+00,2.465375409411327823e+00,-9.505635133030476691e-01,-7.801144882248847168e-01,8.426559315967933061e-01
5.300000000000003597e-01,-9.716777156266497295e-01,-7.790733806589754673e-01,8.484797165029784871e-01,3.126830573583219697e-01,-1.092238296182274304e+00,4.823590764697969213e-01,9.877563790224626050e-01,-1.017014805014572337e-01,1.182946814758150667e-01,-7.161695192101589233e-04,-5.330872940445988029e+00,2.284673854539117643e-01,-6.860750367797013860e-01,2.186951560463037847e+00,2.564067644748692754e+00,2.799311492573599569e+00,2.455459045174955168e+00,-9.497020980574096827e-01,-7.816842641819405912e-01,8.435296324107134369e-01
5.320000000000003615e-01,-9.710523495119330883e-01,-7.812578572513400044e-01,8.494444346559181236e-01,3.183462386601699223e-01,-1.087376626174724636e+00,4.857986430487035157e-01,9.871724187036573506e-01,-1.070465306496014429e-01,1.184526804917422904e-01,-7.864546877956703685e-04,-5.389510559519519184e+00,2.375786722803109319e-01,-6.869102420938595355e-01,2.210151780067156846e+00,2.584746942359334110e+00,2.797726691386346776e+00,2.445885873949267708e+00,-9.488301761882063090e-01,-7.832362351370650844e-01,8.444054024371714373e-01
5.340000000000003633e-01,-9.704156570346127442e-01,-7.834326105036895083e-01,8.504160319420155378e-01,3.240329225531839996e-01,-1.082245753912668862e+00,4.892583610339675815e-01,9.865522196530116528e-01,-1.124464235432756087e-01,1.186161648215576098e-01,-8.515709406656359406e-04,-5.445553697172184293e+00,2.488250878471977012e-01,-6.867940204042293217e-01,2.234132981540894569e+00,2.605315102823703821e+00,2.795562042052630591e+00,2.436698635560371251e+00,-9.479476839868362648e-01,-7.847700368029960627e-01,8.452831856817005773e-01
5.360000000000003650e-01,-9.697675911895063949e-01,-7.855971020115148917e-01,8.513945486640834837e-01,3.297434533786851585e-01,-1.076841603890042354e+00,4.927354465393318228e-01,9.858949062687353271e-01,-1.178982200890011656e-01,1.187872605673673115e-01,-9.111641494169709895e-04,-5.498872262872986028e+00,2.621671460432673517e-01,-6.857251439757302558e-01,2.258859872274010083e+00,2.625740070191995290e+00,2.792821884926719900e+00,2.427939196315316739e+00,-9.470545580631916094e-01,-7.862853056442992150e-01,8.461629258802734199e-01
5.380000000000003668e-01,-9.691081042827490721e-01,-7.877507852192949800e-01,8.523800195571621385e-01,3.354782548636596751e-01,-1.071160234954907420e+00,4.962269461057993714e-01,9.851996716859581227e-01,-1.233988478966451113e-01,1.189680637235636662e-01,-9.649152952646880251e-04,-5.549340338638836023e+00,2.775602073257089075e-01,-6.837058270801971149e-01,2.284295675432685968e+00,2.645990398241325536e+00,2.789512043401340513e+00,2.419648432978346086e+00,-9.461507353529756692e-01,-7.877816789389876506e-01,8.470445665068976338e-01
5.400000000000003686e-01,-9.684371477730217004e-01,-7.898931056892047886e-01,8.533724734493737252e-01,3.412378294043610927e-01,-1.065197851941422469e+00,4.997297417745039660e-01,9.844657826666780576e-01,-1.289451069798426830e-01,1.191606348677553551e-01,-1.012542520158212032e-03,-5.596836448955792243e+00,2.949545951531208909e-01,-6.807417467158315416e-01,2.310402236305719281e+00,2.666035282195987843e+00,2.785639836175665796e+00,2.411866120699727833e+00,-9.452361531250077498e-01,-7.892587948401957876e-01,8.479280507812431145e-01
5.420000000000003704e-01,-9.677546721142129549e-01,-7.920235013930876367e-01,8.543719329329226841e-01,3.470227571707384384e-01,-1.058950817111315779e+00,5.032405569113818089e-01,9.836925842666029984e-01,-1.345336758072563088e-01,1.193669938961942900e-01,-1.053803049105577318e-03,-5.641243821745874243e+00,3.142957217151304272e-01,-6.768420481166137481e-01,2.337140130358745793e+00,2.685844587754097290e+00,2.781214086335054070e+00,2.404630825163910579e+00,-9.443107489885135264e-01,-7.907162924378745572e-01,8.488133216762966393e-01
5.440000000000003721e-01,-9.670606265998714646e-01,-7.941414030273102886e-01,8.553784140467454167e-01,3.528336950300933195e-01,-1.052415661354777265e+00,5.067559627735603867e-01,9.828795042551905503e-01,-1.401611176883983678e-01,1.195891148144624938e-01,-1.088494971574519151e-03,-5.682450640111795792e+00,3.355242225379236887e-01,-6.720193348767948827e-01,2.364468772554614517e+00,2.705388877675073633e+00,2.776245127054413064e+00,2.397979799191396033e+00,-9.433744609004014459e-01,-7.921538118205299073e-01,8.497003219260447215e-01
5.460000000000003739e-01,-9.663549592098112928e-01,-7.962462343500198436e-01,8.563919259722925226e-01,3.586713752889160722e-01,-1.045589095100683430e+00,5.102723858031312787e-01,9.820260572662773413e-01,-1.458238874766676629e-01,1.198289205944597091e-01,-1.116458870142479414e-03,-5.720350284603355817e+00,3.585760995560119957e-01,-6.662896435931219274e-01,2.392346527514642052e+00,2.724639436196020448e+00,2.770744803740454287e+00,2.391948883996479314e+00,-9.424272271725231409e-01,-7.935709941369707421e-01,8.505889940331841093e-01
5.480000000000003757e-01,-9.656376164592334055e-01,-7.983374125402211696e-01,8.574124707438988136e-01,3.645366042524291750e-01,-1.038468018886425925e+00,5.137861156297086618e-01,9.811318486578657350e-01,-1.515183385712204345e-01,1.200882781090064771e-01,-1.137579284953359410e-03,-5.754841565756978028e+00,3.833828722537160338e-01,-6.596724030054429422e-01,2.420730820113588422e+00,2.743568291554472793e+00,2.764726472433512328e+00,2.386572415273226611e+00,-9.414689864789176355e-01,-7.949674816580777348e-01,8.514792802768567093e-01
5.500000000000003775e-01,-9.649085432507285010e-01,-8.004143485779939837e-01,8.584400429751581907e-01,3.704302606019613253e-01,-1.031049533538335394e+00,5.172933137589202923e-01,9.801965780609505074e-01,-1.572407301983231309e-01,1.203689931556483628e-01,-1.151786003008219888e-03,-5.785828946663971628e+00,4.098717364947336850e-01,-6.521903776943662745e-01,2.449578246121348002e+00,2.762148236901136311e+00,2.758204994295592183e+00,2.381883134252404055e+00,-9.404996778630394516e-01,-7.963429178385774687e-01,8.523711227204121554e-01
5.520000000000003793e-01,-9.641676827295245777e-01,-8.024764476450706452e-01,8.594746296026760657e-01,3.763532935908858179e-01,-1.023330949914776467e+00,5.207900229197731656e-01,9.792200425986732348e-01,-1.629872349519193853e-01,1.206728055815064066e-01,-1.159055161869977472e-03,-5.813222755323892876e+00,4.379657306741537304e-01,-6.438695964724018284e-01,2.478844682525085830e+00,2.780352849888069855e+00,2.751196726019631722e+00,2.377912103845682523e+00,-9.395192407449678429e-01,-7.976969473788202425e-01,8.532644632191929146e-01
5.540000000000003810e-01,-9.634149761423428382e-01,-8.045231095449002501e-01,8.605162096485156065e-01,3.823067210604729760e-01,-1.015309798165442645e+00,5.242721770397158476e-01,9.782021397585983769e-01,-1.687539465722894538e-01,1.210013845212604411e-01,-1.159410157997834909e-03,-5.836939386537095764e+00,4.675839088440235103e-01,-6.347392656821289059e-01,2.508485397187687926e+00,2.798156511216324471e+00,2.743719506003988950e+00,2.374688629968030984e+00,-9.385276149285988190e-01,-7.990292162865419989e-01,8.541592434283428181e-01
5.560000000000003828e-01,-9.626503627002218622e-01,-8.065537291412311349e-01,8.615647540025950235e-01,3.882916272776198441e-01,-1.006983836462192805e+00,5.277356118122180639e-01,9.771428699024934383e-01,-1.745368879408926988e-01,1.213563237605713302e-01,-1.152922350644313733e-03,-5.856901493085545418e+00,4.986415204805528245e-01,-6.248316676911035428e-01,2.538455157520916661e+00,2.815534422421652749e+00,2.735792636146911594e+00,2.372240188106485625e+00,-9.375247406088178526e-01,-8.003393719386264760e-01,8.550554048106391303e-01
5.580000000000003846e-01,-9.618737794456666546e-01,-8.085676968141555232e-01,8.626202252262195058e-01,3.943091605970270308e-01,-9.983510591589332961e-01,5.311760758178477593e-01,9.760423383996766900e-01,-1.803320192687663803e-01,1.217391372374386077e-01,-1.139711553044280793e-03,-5.873038165943659017e+00,5.310501965777615352e-01,-6.141820449481752986e-01,2.568708337874489711e+00,2.832462623168128246e+00,2.727436859128190783e+00,2.370592355183505529e+00,-9.365105583786524912e-01,-8.016270631428348281e-01,8.559528886443454887e-01
5.600000000000003864e-01,-9.610851611244726200e-01,-8.105643989324733401e-01,8.636825773778552540e-01,4.003605309509817856e-01,-9.894097043405566394e-01,5.345892421561705410e-01,9.749007573717348718e-01,-1.861352464552082364e-01,1.221512546941446592e-01,-1.119946303498481691e-03,-5.885285103251677974e+00,5.647181417684741245e-01,-6.028284700393021778e-01,2.599199025365389826e+00,2.848918008307293359e+00,2.718674331058479776e+00,2.369768746744680410e+00,-9.354850092364046521e-01,-8.028919401995127103e-01,8.568516360310856061e-01
5.620000000000003881e-01,-9.602844400625706323e-01,-8.125432183411545051e-01,8.647517558621675704e-01,4.064470071704748833e-01,-9.801582607237664391e-01,5.379707205423711613e-01,9.737184470382141965e-01,-1.919424295929011703e-01,1.225940174925492510e-01,-1.093843909900363764e-03,-5.893584767773413446e+00,5.995503321885453651e-01,-5.908117022526201412e-01,2.629881123894522776e+00,2.864878344945062771e+00,2.709528589392020237e+00,2.369790959485515547e+00,-9.344480345927622666e-01,-8.041336549632656094e-01,8.577515879037367341e-01
5.640000000000003899e-01,-9.594715460482297065e-01,-8.145035348626020744e-01,8.658276973032522639e-01,4.125699141419166827e-01,-9.705954738757496258e-01,5.413160698193272280e-01,9.724958366547550304e-01,-1.977493915951492320e-01,1.230686746055650455e-01,-1.061670262270266287e-03,-5.897886532548581862e+00,6.354487188137158959e-01,-5.781750312321488616e-01,2.660708456120426835e+00,2.880322289740188335e+00,2.700024516014926768e+00,2.370678519118868177e+00,-9.333995762778878325e-01,-8.053518609045835497e-01,8.586526850343426664e-01
5.660000000000003917e-01,-9.586464062199459013e-01,-8.164447258103535443e-01,8.669103294428909257e-01,4.187306298042224317e-01,-9.607203517200550991e-01,5.446208108329804176e-01,9.712334650370307854e-01,-2.035519269204875414e-01,1.235763787976570105e-01,-1.023739408940553802e-03,-5.898146814437892793e+00,6.723124360101888630e-01,-5.649641083668689445e-01,2.691634863181707082e+00,2.895229406636921521e+00,2.690188295438952881e+00,2.372448833573844063e+00,-9.323395765484857600e-01,-8.065462131714309368e-01,8.595548680420438403e-01
5.680000000000003935e-01,-9.578089449603374161e-01,-8.183661665137936803e-01,8.679995710645569407e-01,4.249305819915007998e-01,-9.505321693026899110e-01,5.478804396162855195e-01,9.699319806657850096e-01,-2.093458103696052564e-01,1.241181830071623332e-01,-9.804128931735255417e-04,-5.894329195247103748e+00,7.100380150495361198e-01,-5.512267666267485211e-01,2.722614301981284068e+00,2.909580185210750791e+00,2.680047368050010981e+00,2.375117151508821411e+00,-9.312679780948451835e-01,-8.077163686507635720e-01,8.604580774010249788e-01
5.700000000000003952e-01,-9.569590837963544150e-01,-8.202672308523990541e-01,8.690953319437895175e-01,4.311712451270007240e-01,-9.400304727953119333e-01,5.510904408247859765e-01,9.685921413702225369e-01,-2.151268059292900103e-01,1.246950369431195083e-01,-9.320988481849466680e-04,-5.886404530104946353e+00,7.485196023456589520e-01,-5.370128296193721340e-01,2.753600939866085007e+00,2.923356059780166660e+00,2.669630378381198987e+00,2.378696526114705279e+00,-9.301847240478593459e-01,-8.088619860300017006e-01,8.613622534484789428e-01
5.720000000000003970e-01,-9.560967413061004505e-01,-8.221472917979897321e-01,8.701975128254391123e-01,4.374541367743431941e-01,-9.292150827164509241e-01,5.542463013649986392e-01,9.672148135889654386e-01,-2.208906756379548919e-01,1.253077839091159551e-01,-8.792508497831051434e-04,-5.874351042759689001e+00,7.876491821760014389e-01,-5.223739106998974702e-01,2.784549246555564128e+00,2.936539429409481095e+00,2.658967118401826646e+00,2.383197784179960532e+00,-9.290897579860201150e-01,-8.099827258584173517e-01,8.622673363925862366e-01
5.740000000000003988e-01,-9.552218330325518147e-01,-8.240057219634225882e-01,8.713060054281691613e-01,4.437808140523880618e-01,-9.180860963558895582e-01,5.573435241553003072e-01,9.658009712097713750e-01,-2.266331884472615188e-01,1.259571578664160918e-01,-8.223665271093394055e-04,-5.858154407450694379e+00,8.273168036508070644e-01,-5.073632030229046075e-01,2.815414083190946659e+00,2.949113678897942403e+00,2.648088465837411309e+00,2.388629500386711069e+00,-9.279830239423865201e-01,-8.110782506084541765e-01,8.631732663205077261e-01
5.760000000000004006e-01,-9.543342714044470432e-01,-8.258418941561344040e-01,8.724206924764797977e-01,4.501528699203564132e-01,-9.066438893916497488e-01,5.603776419579118429e-01,9.643516939911601638e-01,-2.323501290543920350e-01,1.266437807483051792e-01,-7.619859332732415282e-04,-5.837807817005133515e+00,8.674108116929121204e-01,-4.920352614770134303e-01,2.846150788395015674e+00,2.961063200819577190e+00,2.637026317559366007e+00,2.394997976805076867e+00,-9.268644664115277543e-01,-8.121482247369626872e-01,8.640799832063925656e-01
5.780000000000004023e-01,-9.534339656646063643e-01,-8.276551819349177164e-01,8.735414477603956618e-01,4.565719293400475887e-01,-8.948891166934109798e-01,5.633442312198831958e-01,9.628681655710541465e-01,-2.380373066796629133e-01,1.273681600371825151e-01,-6.986896790062204496e-04,-5.813312036806551397e+00,9.078180817862033791e-01,-4.764457774917092991e-01,2.876715261248712796e+00,2.972373418646080179e+00,2.625813518108857547e+00,2.402307227553145186e+00,-9.257340303564389750e-01,-8.131923147463437918e-01,8.649874269193971177e-01
5.800000000000004041e-01,-9.525208218059262322e-01,-8.294449601683044904e-01,8.746681362228354573e-01,4.630396453221558573e-01,-8.828227123106047181e-01,5.662389258606985720e-01,9.613516710694566259e-01,-2.436905637644071754e-01,1.281306866154544588e-01,-6.330968338022444639e-04,-5.784675444281745627e+00,9.484242582434455615e-01,-4.606513477503471621e-01,2.907064041106291352e+00,2.983030810952201684e+00,2.614483783445549214e+00,2.410558968590539752e+00,-9.245916612154285730e-01,-8.142101892455915202e-01,8.658955372317168608e-01
5.820000000000004059e-01,-9.515947425152818662e-01,-8.312106055929256998e-01,8.758006140745568935e-01,4.695576948638083281e-01,-8.704458886478357860e-01,5.690574309442465450e-01,9.598035942940680298e-01,-2.493057845643804060e-01,1.289316329007127448e-01,-5.658626003655942453e-04,-5.751914053555742257e+00,9.891139957337946598e-01,-4.447092378835085791e-01,2.937154384185400424e+00,2.993022936670171052e+00,2.603071620038974743e+00,2.419752612614264997e+00,-9.234373049089787955e-01,-8.152015190112347209e-01,8.668042538266279573e-01
5.840000000000004077e-01,-9.506556271255542923e-01,-8.329514973702213387e-01,8.769387289364454219e-01,4.761277747845133468e-01,-8.577601348346417520e-01,5.717955361734388120e-01,9.582254145595973105e-01,-2.548789036143772058e-01,1.297711512750398255e-01,-4.976757695332818723e-04,-5.715051524932071025e+00,1.029771203796949308e+00,-4.286771422525174624e-01,2.966944336881633948e+00,3.002338461326325536e+00,2.591612239448505939e+00,2.429885269027435069e+00,-9.222709078465758381e-01,-8.161659770481730636e-01,8.677135163065398116e-01
5.860000000000004095e-01,-9.497033715759852779e-01,-8.346670176398905960e-01,8.780823200087922720e-01,4.827515974677315524e-01,-8.447672143008728707e-01,5.744491291466966576e-01,9.566187031332894497e-01,-2.604059140402635864e-01,1.306492728175542017e-01,-4.292559641751139579e-04,-5.674119158867316770e+00,1.070279294054754526e+00,-4.126129409636574152e-01,2.996392805769452217e+00,3.010967184160292298e+00,2.580141468566433005e+00,2.440951748952747025e+00,-9.210924169335102940e-01,-8.171032386503795930e-01,8.686232642010557337e-01
5.880000000000004112e-01,-9.487378683810497870e-01,-8.363565520684923538e-01,8.792312182670856124e-01,4.894308865152653398e-01,-8.314691615731246710e-01,5.770142083168587899e-01,9.549851193209263345e-01,-2.658828756952530958e-01,1.315659063485045410e-01,-3.613506818878516047e-04,-5.629155874125285841e+00,1.110521429812381999e+00,-3.965744552791912181e-01,3.025459624262840652e+00,3.018900065994968074e+00,2.568695655727264437e+00,2.452944575263227289e+00,-9.199017795776478490e-01,-8.180129814614909289e-01,8.695334369750422621e-01
5.900000000000004130e-01,-9.477590066080192610e-01,-8.380194903916385885e-01,8.803852466837193136e-01,4.961673723216094012e-01,-8.178682783116394406e-01,5.794868955947682920e-01,9.533264062091950652e-01,-2.713059230979656400e-01,1.325208377923366987e-01,-2.947321475820731049e-04,-5.580208169817461261e+00,1.150380777720113157e+00,-3.806192026113812132e-01,3.054105615919231909e+00,3.026129257694138985e+00,2.557311572915958564e+00,2.465853997603792536e+00,-9.186989436961673361e-01,-8.188948855352589096e-01,8.704439740367057032e-01
5.920000000000004148e-01,-9.467666718633760414e-01,-8.396552269482618902e-01,8.815442204749088795e-01,5.029627875753245325e-01,-8.039671286108832637e-01,5.818634485418695546e-01,9.516443860818829537e-01,-2.766712731506095202e-01,1.335137298662004146e-01,-2.301939883017921394e-04,-5.527330071062752204e+00,1.189740761143613712e+00,-3.648041523000563058e-01,3.082292654379890529e+00,3.032648129014823724e+00,2.546026314336782725e+00,2.479668012376714969e+00,-9.174838577222685920e-01,-8.197486333958655669e-01,8.713548147456742221e-01
5.940000000000004166e-01,-9.457607462882253735e-01,-8.412631612054836117e-01,8.827079473719926517e-01,5.098188626943914725e-01,-7.897685335905718640e-01,5.841402720985487962e-01,9.499409555288349516e-01,-2.819752326165215206e-01,1.345441220993348896e-01,-1.685477438083169245e-04,-5.470583058031047052e+00,1.228485314865701117e+00,-3.491854833825713822e-01,3.109983719948408165e+00,3.038451297633044668e+00,2.534877191633413851e+00,2.494372387662480151e+00,-9.162564706118456748e-01,-8.205739100980851131e-01,8.722658984210863720e-01
5.960000000000004183e-01,-9.447411085628365512e-01,-8.428426982726647809e-01,8.838762279161896940e-01,5.167373212023825824e-01,-7.752755653072231912e-01,5.863139297976742714e-01,9.482180802679798237e-01,-2.872142053372756521e-01,1.356114311876793488e-01,-1.106192275921573929e-04,-5.410035978171737980e+00,1.266499140716316196e+00,-3.338183455670311606e-01,3.137142952817037589e+00,3.043534658095554679e+00,2.523901626079573912e+00,2.509950693045515102e+00,-9.150167318501279956e-01,-8.213704032873023753e-01,8.731771643496835100e-01
5.980000000000004201e-01,-9.437076339204317765e-01,-8.443932494032792002e-01,8.850488557757850705e-01,5.237198750521595558e-01,-7.604915400193463793e-01,5.883811544157974138e-01,9.464777897020024700e-01,-2.923846991706269272e-01,1.367149516869014536e-01,-5.724475404117499529e-05,-5.345764941470199538e+00,1.303667963700169352e+00,-3.187566246151070093e-01,3.163735702957517049e+00,3.047895410425972784e+00,2.513137038086922459e+00,2.526384334309467405e+00,-9.137645914582871454e-01,-8.221378032593643637e-01,8.740885517939062099e-01
6.000000000000004219e-01,-9.426601941703274257e-01,-8.459142324833178739e-01,8.862256180846166398e-01,5.307682199036769521e-01,-7.454200108421005222e-01,5.903388580177411082e-01,9.447221712323929932e-01,-2.974833326316930759e-01,1.378538570458316681e-01,-9.267248481149819773e-06,-5.277853198622008080e+00,1.339878788163647361e+00,-3.040527133295042317e-01,3.189728576699728979e+00,3.051532088092298256e+00,2.502620734404132019e+00,2.543652592962293735e+00,-9.125000000000077494e-01,-8.228758030202619755e-01,8.749999999999920064e-01
6.020000000000004237e-01,-9.415986577305200944e-01,-8.474050725050020771e-01,8.874062958006521118e-01,5.378840303623477759e-01,-7.300647598296655660e-01,5.921841413537878296e-01,9.429533643546376132e-01,-3.025068412209774849e-01,1.390272009810387122e-01,3.246774229152038423e-05,-5.206391002066311557e+00,1.375020153514599386e+00,-2.897572893229037883e-01,3.215089480027366164e+00,3.054444585024209236e+00,2.492389793406173393e+00,2.561732670543610979e+00,-9.112229085880247936e-01,-8.235840983456423903e-01,8.759114482060782469e-01
6.040000000000004254e-01,-9.405228896697953589e-01,-8.488652020246614249e-01,8.885906640833597381e-01,5.450689551843206360e-01,-7.144297895256409570e-01,5.939143025723622182e-01,9.411735545592296859e-01,-3.074520834241085687e-01,1.402339191919925732e-01,6.711612055367969533e-05,-5.131475449875924078e+00,1.408982388980935863e+00,-2.759191007198773526e-01,3.239787658625100875e+00,3.056634181352903212e+00,2.482480948896942152e+00,2.580599737658348047e+00,-9.099332688906218713e-01,-8.242623878401386106e-01,8.768228356503008358e-01
6.060000000000004272e-01,-9.394327517594267540e-01,-8.502940616037126809e-01,8.897784926885045076e-01,5.523246124549295866e-01,-6.985193140235195219e-01,5.955268452149399261e-01,9.393849670639511373e-01,-3.123160463694936717e-01,1.414728314149407695e-01,9.383937013182313386e-05,-5.053210312562069539e+00,1.441657866867064319e+00,-2.625847609107738179e-01,3.263793734716828432e+00,3.058103567534051770e+00,2.472930472870271679e+00,2.600226987670529066e+00,-9.086310331380949012e-01,-8.249103729965073795e-01,8.777341015788977518e-01
6.080000000000004290e-01,-9.383281025345169279e-01,-8.516911002317597568e-01,8.909695463789344405e-01,5.596525847465217973e-01,-6.823377495806692838e-01,5.970194854638749549e-01,9.375898604035235451e-01,-3.170958511314652117e-01,1.427426438122837982e-01,1.118087310594760824e-04,-4.971705842915835838e+00,1.472941253741509193e+00,-2.497985534368075689e-01,3.287079740738785283e+00,3.058856866505533567e+00,2.463774057694336772e+00,2.620585694978817770e+00,-9.073161541291775434e-01,-8.255277582545773596e-01,8.786451852543101237e-01
6.100000000000004308e-01,-9.372087973650239379e-01,-8.530557757309210620e-01,8.921635853498621760e-01,5.670544142618442196e-01,-6.658897048302905297e-01,5.983901586178900223e-01,9.357905199032241494e-01,-3.217887576679140382e-01,1.440419516928831689e-01,1.202093961670963617e-04,-4.887078569075882228e+00,1.502729758965025253e+00,-2.376022480386150160e-01,3.309619149895501433e+00,3.058899653526486961e+00,2.455046698202124400e+00,2.641645277782715073e+00,-9.059885852374259807e-01,-8.261142510599851496e-01,8.795560259632786426e-01
6.120000000000004325e-01,-9.360746885365002212e-01,-8.543875551405816227e-01,8.933603656670979776e-01,5.745315979691900665e-01,-6.491799706365072309e-01,5.996370247740727688e-01,9.339892510634323353e-01,-3.263921693828616410e-01,1.453692425573822888e-01,1.182447089746167004e-04,-4.799451071082077469e+00,1.530923379946682372e+00,-2.260349288463646966e-01,3.331386903650316533e+00,3.058238973342865652e+00,2.446782574184751535e+00,2.663373365232248879e+00,-9.046482804175678405e-01,-8.266695619227139025e-01,8.804665630249419728e-01
6.140000000000004343e-01,-9.349256253405618944e-01,-8.556859150818546533e-01,8.945596397166460934e-01,5.820855827355667644e-01,-6.322135096381014119e-01,6.007584736993484276e-01,9.321883728822788484e-01,-3.309036373059009439e-01,1.467228994612728432e-01,1.051403419946740213e-04,-4.708951741247154210e+00,1.557425143496011133e+00,-2.151328356283467580e-01,3.352359436205293974e+00,3.056883354326965563e+00,2.439014933796947115e+00,2.685735868839131513e+00,-9.032951942118089272e-01,-8.271934044754045701e-01,8.813767357989285012e-01
6.160000000000004361e-01,-9.337614541750907105e-01,-8.569503421011308575e-01,8.957611566640447665e-01,5.897177604642652726e-01,-6.149954455264243780e-01,6.017531288785052945e-01,9.303902111436510580e-01,-3.353208638819342724e-01,1.481012046871129917e-01,8.014843441488536332e-05,-4.615714528752334900e+00,1.582141342622912061e+00,-2.049292189469568148e-01,3.372514696028628745e+00,3.054842819244895757e+00,2.431775978392163751e+00,2.708697058009455372e+00,-9.019292817560999875e-01,-8.276854955314494333e-01,8.822864836934445343e-01
6.180000000000004379e-01,-9.325820186541621259e-01,-8.581803329921836587e-01,8.969646629218017697e-01,5.974294632433722052e-01,-5.975310521027272781e-01,6.026198507299187490e-01,9.285970916977256406e-01,-3.396417063661407165e-01,1.495023437160011293e-01,4.255166811235763330e-05,-4.519878668947579392e+00,1.604981768123927122e+00,-1.954542099964395874e-01,3.391832164490033552e+00,3.052128892315929320e+00,2.425096749310009514e+00,2.732219639539966050e+00,-9.005504987863618416e-01,-8.281455551428539286e-01,8.831957461733562775e-01
6.200000000000004396e-01,-9.313871597276753844e-01,-8.593753950963891608e-01,8.981699026232615735e-01,6.052219585119913425e-01,-5.798257421595652827e-01,6.033577389841116023e-01,9.268113337609874547e-01,-3.438641798206101829e-01,1.509244094871472208e-01,-8.332738935881036407e-06,-4.421588397911936141e+00,1.625859934283976793e+00,-1.867347058160437889e-01,3.410292871667334413e+00,3.048754602241995570e+00,2.419007017140463400e+00,2.756264840901813784e+00,-8.991588016446694365e-01,-8.285733066578622186e-01,8.841044627682674850e-01
6.220000000000004414e-01,-9.301767158106514222e-01,-8.605350465807083404e-01,8.993766181012298189e-01,6.130964442512146784e-01,-5.618850562300672369e-01,6.039661342241803288e-01,9.250352432623294430e-01,-3.479864597105708501e-01,1.523654069331661087e-01,-7.314914254647447548e-05,-4.320992652903648867e+00,1.644693298017138039e+00,-1.787942704857275189e-01,3.427879409389173126e+00,3.044734480903185769e+00,2.413535173986866234e+00,2.780792497115662343e+00,-8.977541472853913795e-01,-8.289684767783302988e-01,8.850125730805872282e-01
6.240000000000004432e-01,-9.289505229221489691e-01,-8.616588166931684611e-01,9.005845503696782162e-01,6.210540442072162159e-01,-5.437146512477420979e-01,6.044446185908877167e-01,9.232711062613303543e-01,-3.520068840996120052e-01,1.538232577775587862e-01,-1.524997058658143442e-04,-4.218244759402511868e+00,1.661403470768600288e+00,-1.716530528198348948e-01,3.444575941580713341e+00,3.040084557436710355e+00,2.408708129244069518e+00,2.805761141003992876e+00,-8.963364932812878383e-01,-8.293307956168609607e-01,8.859200167935917802e-01
6.260000000000004450e-01,-9.277084148337345626e-01,-8.627462459956639629e-01,9.017934396068599812e-01,6.290958031542264184e-01,-5.253202891581462142e-01,6.047930156588412487e-01,9.215211824641682536e-01,-3.559239554447417575e-01,1.552958055797507564e-01,-2.469407764022148351e-04,-4.113502105517612861e+00,1.675916422502886860e+00,-1.653277209777398449e-01,3.460368211980612951e+00,3.034822347441737733e+00,2.404551209397980394e+00,2.831128096586833731e+00,-8.949057978295622551e-01,-8.296599967536706366e-01,8.868267336794766198e-01
6.280000000000004468e-01,-9.264502232274260951e-01,-8.637968865739802382e-01,9.030030256381776921e-01,6.372226822055785389e-01,-5.067078255221825200e-01,6.050113894936345327e-01,9.197876988618625127e-01,-3.597363419935239448e-01,1.567808210120351375e-01,-3.569794258022868203e-04,-4.006925804601414676e+00,1.688162677110853105e+00,-1.598314143100033335e-01,3.475243549298505652e+00,3.028966837080635077e+00,2.401088062338779139e+00,2.856849575368729521e+00,-8.934620197578704293e-01,-8.299558172931886801e-01,8.877326636073981092e-01
6.300000000000004485e-01,-9.251757778630149698e-01,-8.648103022250246408e-01,9.042130484171649885e-01,6.454355541815005592e-01,-4.878831981490735492e-01,6.051000429031001548e-01,9.180728435146477961e-01,-3.634428787868916877e-01,1.582760073518271748e-01,-4.830701708970656992e-04,-3.898680346975342825e+00,1.698077498579927180e+00,-1.551737126548319023e-01,3.489190869883103119e+00,3.022538461878494065e+00,2.398340566662804374e+00,2.882880775247798510e+00,-8.920051185302811936e-01,-8.302179979203923033e-01,8.886377465515054030e-01
6.320000000000004503e-01,-9.238849067546519578e-01,-8.657860686213227908e-01,9.054232485029711786e-01,6.537351990428477144e-01,-4.688524157951733939e-01,6.050595148989016403e-01,9.163787595052711454e-01,-3.670425682725326211e-01,1.597790061717813404e-01,-6.256118937083963343e-04,-3.788933241731915480e+00,1.705601067288644801e+00,-1.513606231932895507e-01,3.502200677971273102e+00,3.015559080056674723e+00,2.396328746415848698e+00,2.909175981760315111e+00,-8.905350542531933478e-01,-8.304462829568572957e-01,8.895419225989593670e-01
6.340000000000004521e-01,-9.225774363565663050e-01,-8.667237734529131821e-01,9.066333675327690189e-01,6.621222994005260265e-01,-4.496215469627846684e-01,6.048905773875620229e-01,9.147075390828861563e-01,-3.705345805349739563e-01,1.612874032095626409e-01,-7.849449771639369902e-04,-3.677854649633431450e+00,1.710678645807635512e+00,-1.483945848636504528e-01,3.514265063588585924e+00,3.008051940272503444e+00,2.395070691705691424e+00,2.935688671359788060e+00,-8.890517876812038534e-01,-8.306404204165231953e-01,8.904451319579405055e-01
6.360000000000004539e-01,-9.212531917577652107e-01,-8.676230165468387101e-01,9.078431486875441214e-01,6.705974361109404702e-01,-4.301967088310567067e-01,6.045942311126851765e-01,9.130612180180021076e-01,-3.739182531496580419e-01,1.627987343984011737e-01,-9.613486722261026891e-04,-3.565617008176647396e+00,1.713260733614789144e+00,-1.462744902263337643e-01,3.525377698171268115e+00,3.000041643675621650e+00,2.394582485582743114e+00,2.962371616415854447e+00,-8.875552802229277338e-01,-8.308001620611600302e-01,8.913473149656415684e-01
6.380000000000004556e-01,-9.199119968855433704e-01,-8.684834099645007965e-01,9.090523371497695182e-01,6.791610839684023571e-01,-4.105840563488861172e-01,6.041717008725636662e-01,9.114417701876289524e-01,-3.771930906693802821e-01,1.643104920389991397e-01,-1.155038711003282450e-03,-3.452394649936180837e+00,1.713303210162228085e+00,-1.449957245619196977e-01,3.535533827978938337e+00,2.991554100231532232e+00,2.394878137555163100e+00,2.989176991606666167e+00,-8.860454939467717894e-01,-8.309252634555464034e-01,8.922484120962477228e-01
6.400000000000004574e-01,-9.185536747176065164e-01,-8.693045780771985198e-01,9.102606805515146560e-01,6.878136075060411470e-01,-3.907897715175480124e-01,6.036244300395857687e-01,9.098511024083735244e-01,-3.803587637524628584e-01,1.658201310929065531e-01,-1.366165179188405130e-03,-3.338363415336131457e+00,1.710767465766747097e+00,-1.445502218767077407e-01,3.544730265366170752e+00,2.982616479304179613e+00,2.395969524069498480e+00,3.016056481368699860e+00,-8.845223915866561315e-01,-8.310154840223239470e-01,8.931483639688988507e-01
6.420000000000004592e-01,-9.171780475025944623e-01,-8.700861576202336689e-01,9.114679294115938246e-01,6.965552569173744102e-01,-3.708200528885812197e-01,6.029540744098519367e-01,9.082910495337738199e-01,-3.834151079429448661e-01,1.673250755771362175e-01,-1.594810659868603877e-03,-3.223700261029228908e+00,1.705620519833244364e+00,-1.449265373841063242e-01,3.552965377979519168e+00,2.973257154531504742e+00,2.397866336249875108e+00,3.042961388061367956e+00,-8.829859365476880884e-01,-8.310705870965505726e-01,8.940471113556389682e-01
6.440000000000004610e-01,-9.157849369887597346e-01,-8.708277977260108216e-01,9.126738375604135367e-01,7.053861641112890712e-01,-3.506811053002556466e-01,6.021624954131904461e-01,9.067633698306448720e-01,-3.863621221138903716e-01,1.688227250395534507e-01,-1.840988659379159779e-03,-3.108582865085327551e+00,1.697835125962155356e+00,-1.461099359267098163e-01,3.560239075944686249e+00,2.963505643070471596e+00,2.400576035147797160e+00,3.069842740498429201e+00,-8.814360929117837085e-01,-8.310903399799235425e-01,8.949445951893453266e-01
6.460000000000004627e-01,-9.143741646605371143e-01,-8.715291599366112862e-01,9.138781625512398810e-01,7.143063389137638275e-01,-3.303791298737911442e-01,6.012517527153303787e-01,9.052697406476293285e-01,-3.891999665856312185e-01,1.703104610944481678e-01,-2.104642324444292497e-03,-2.993189230206096951e+00,1.687389863536598478e+00,-1.480824957041740608e-01,3.566552797106194550e+00,2.953392539330385258e+00,2.404103814711975762e+00,3.096651402496460204e+00,-8.798728254432388596e-01,-8.310745139946825732e-01,8.958407565716415277e-01
6.480000000000004645e-01,-9.129455519827095467e-01,-8.721899181963588266e-01,9.150806660566704887e-01,7.233156654302035360e-01,-3.099203142883900641e-01,6.002240962453496698e-01,9.038117543875592297e-01,-3.919289609313914013e-01,1.717856539976831964e-01,-2.385643458366352911e-03,-2.877697286190094239e+00,1.674269215432574454e+00,-1.508232265767754932e-01,3.571909490379506558e+00,2.942949443355492356e+00,2.408452572642722167e+00,3.123338181090315580e+00,-8.782960995942477034e-01,-8.310228845371663287e-01,8.967355367807915423e-01
6.500000000000004663e-01,-9.114989206518491205e-01,-8.728097588249356109e-01,9.162811142491611438e-01,7.324138985827591819e-01,-2.893108233521084482e-01,5.990819576826809101e-01,9.023909147935880171e-01,-3.945495814832542525e-01,1.732456692408975707e-01,-2.683791842503336234e-03,-2.762284492872176145e+00,1.658463631545522787e+00,-1.543082021248023405e-01,3.576313597272307909e+00,2.932208884058643772e+00,2.413622889250549353e+00,3.149853934070475425e+00,-8.767058815103685454e-01,-8.309352311310373995e-01,8.976288772795723014e-01
6.520000000000004681e-01,-9.100340928546836183e-01,-8.733883804716398025e-01,9.174792781645264572e-01,7.416006608374494657e-01,-2.685567898836449530e-01,5.978279414389301438e-01,9.010086335574325478e-01,-3.970624585518661709e-01,1.746878741444430894e-01,-2.998814867722543812e-03,-2.647127444753115011e+00,1.639969577878756191e+00,-1.585107045602778264e-01,3.579771031628911526e+00,2.921204237547692095e+00,2.419613014390270767e+00,3.176149676500155117e+00,-8.751021380359357282e-01,-8.308113374801455731e-01,8.985207197231279697e-01
6.540000000000004698e-01,-9.085508915330087198e-01,-8.739254940514070702e-01,9.186749340474043013e-01,7.508754391362780778e-01,-2.476643059182751516e-01,5.964648151705632673e-01,8.996662272564173168e-01,-3.994683733735903131e-01,1.761096444290239649e-01,-3.330367478945713260e-03,-2.532401478519914928e+00,1.618789570992887894e+00,-1.634013815109401913e-01,3.582289157647910560e+00,2.909969640824089154e+00,2.426418862496631412e+00,3.202176685881463758e+00,-8.734848367194173457e-01,-8.306509915210475992e-01,8.994110059668005697e-01
6.560000000000004716e-01,-9.070491406547361857e-01,-8.744208226632436132e-01,9.198678636777454232e-01,7.602375820498462611e-01,-2.266394142494205788e-01,5.949954998591425737e-01,8.983649146243919414e-01,-4.017682547990553132e-01,1.775083707464026328e-01,-3.678032434318216724e-03,-2.418280284634473976e+00,1.594932197670258178e+00,-1.689484136273842751e-01,3.583876766219893373e+00,2.898539901168979860e+00,2.434034015698903985e+00,3.227886605648706553e+00,-8.718539458187185565e-01,-8.304539854751531447e-01,9.002996780739398464e-01
6.580000000000004734e-01,-9.055286654906364863e-01,-8.748741014917424952e-01,9.210578546774637054e-01,7.696862971661755370e-01,-2.054881003157206509e-01,5.934230594962741634e-01,8.971058141599957958e-01,-4.039631757371799359e-01,1.788814651500175712e-01,-4.041320878952060595e-03,-2.304935524138494340e+00,1.568412119703859853e+00,-1.751176919035167534e-01,3.584544049628276774e+00,2.886950401565447244e+00,2.442449734946095852e+00,3.253231546681427666e+00,-8.702094343064277204e-01,-8.302201159005064834e-01,9.011866783236878176e-01
6.600000000000004752e-01,-9.039892928963041419e-01,-8.752850776923739584e-01,9.222447007964562626e-01,7.792206487315800345e-01,-1.842162844419769352e-01,5.917506904107587840e-01,8.958899420741779362e-01,-4.060543493687994165e-01,1.802263674869261645e-01,-4.419673231619273071e-03,-2.192536451786188945e+00,1.539250063775973176e+00,-1.818730035484863727e-01,3.584302574652363127e+00,2.875237002535948605e+00,2.451654979028612846e+00,3.278164186545382996e+00,-8.685512718750076910e-01,-8.299491837431872687e-01,9.020719492187413424e-01
6.620000000000004770e-01,-9.024308515988409551e-01,-8.756535102612579280e-01,9.234282021772778348e-01,7.888395555594492903e-01,-1.628298144409684178e-01,5.899817102756425014e-01,8.947182105773657801e-01,-4.080431251439828322e-01,1.815405516931347385e-01,-4.812460381218563836e-03,-2.081249546573756160e+00,1.507472796447242969e+00,-1.891762252054116911e-01,3.583165254108208408e+00,2.863435940801502877e+00,2.461636431337420827e+00,3.302637866186680426e+00,-8.668794289419283761e-01,-8.296409943883216176e-01,9.029554334930869341e-01
6.640000000000004787e-01,-9.008531724877220093e-01,-8.759791698901399082e-01,9.246081655978291014e-01,7.985417892227139047e-01,-1.413344585818894217e-01,5.881195468329495357e-01,8.935914265052058436e-01,-4.099309845770081617e-01,1.828215319750937096e-01,-5.218985188313133954e-03,-1.971238150686508650e+00,1.473113084331691525e+00,-1.969875222789555791e-01,3.581146316858878187e+00,2.851583725193162167e+00,2.472378534160021957e+00,3.326606683825149346e+00,-8.651938766547431214e-01,-8.292953577107219365e-01,9.038370741197110370e-01
6.660000000000004805e-01,-8.992560889092765519e-01,-8.762618388073036835e-01,9.257844046914950331e-01,8.083259725455644862e-01,-1.197358989300439935e-01,5.861677263738551691e-01,8.925102902804166183e-01,-4.117195368527757360e-01,1.840668688609223558e-01,-5.638484285550295246e-03,-1.862662117831259456e+00,1.436209639586915499e+00,-2.052655531102202391e-01,3.578261276322318718e+00,2.839717030266925679e+00,2.483863530271265940e+00,3.350025585812853368e+00,-8.634945868961042548e-01,-8.289120881250967576e-01,9.047168143182839906e-01
6.680000000000004823e-01,-8.976394369641854665e-01,-8.765013106051637859e-01,9.269567401442427856e-01,8.181905784096732415e-01,-9.803972506143004972e-02,5.841298620119431684e-01,8.914753952069539578e-01,-4.134105142581774861e-01,1.852741751057652708e-01,-6.070130169332501116e-03,-1.755677471863974937e+00,1.396807050900887637e+00,-2.139676767237957411e-01,3.574526897501455025e+00,2.827872588090021289e+00,2.496071511539899035e+00,3.372850454247452667e+00,-8.617815322887210083e-01,-8.284910046358797686e-01,9.055945975628131306e-01
6.700000000000004841e-01,-8.960030558073661666e-01,-8.766973900552866850e-01,9.281249998682666869e-01,8.281339288897211492e-01,-7.625142815496657733e-02,5.820096417869852212e-01,8.904872270914553356e-01,-4.150057674516243744e-01,1.864411214365720715e-01,-6.513033573722609888e-03,-1.650436076561217158e+00,1.354955700207165936e+00,-2.230501628680324477e-01,3.569961162558191070e+00,2.816087078679590405e+00,2.508980474236006231e+00,3.395038191152752738e+00,-8.600546862002574899e-01,-8.280319308866412875e-01,9.064703675892713530e-01
6.720000000000004858e-01,-8.943467879495867745e-01,-8.768498929115966511e-01,9.292890191518407006e-01,8.381541947324668840e-01,-5.437639546434319682e-02,5.798108166364045468e-01,8.895461641857643764e-01,-4.165072605835636321e-01,1.875654421225208535e-01,-6.966246116241133629e-03,-1.547085317319393027e+00,1.310711665408446747e+00,-2.324684030757112607e-01,3.564583234950025048e+00,2.804397019583976913e+00,2.522566380693145760e+00,3.416546799063886919e+00,-8.583140227481677043e-01,-8.275346952090707475e-01,9.073440684031913728e-01
6.740000000000004876e-01,-8.926704795601217990e-01,-8.769586457025253523e-01,9.304486407851134677e-01,8.482493951928972153e-01,-3.241990517080123313e-02,5.775371882712379001e-01,8.886524774432720264e-01,-4.179170662804047587e-01,1.886449403582675377e-01,-7.428763203956738337e-03,-1.445767795498853925e+00,1.264136609434075353e+00,-2.421771214880516221e-01,3.558413422145642713e+00,2.792838655102062528e+00,2.536803226949816636e+00,3.437335457878834433e+00,-8.565595168044716212e-01,-8.269991306715382962e-01,9.082156442872334479e-01
6.760000000000004894e-01,-8.909739807697359959e-01,-8.770234855128669071e-01,9.316037151616559653e-01,8.584173982401812619e-01,-1.038712161757549685e-02,5.751925969930042903e-01,8.878063310808388398e-01,-4.192373605038239304e-01,1.896774934481883779e-01,-7.899527187089605898e-03,-1.346621036061224519e+00,1.215297656000035698e+00,-2.521305842101820294e-01,3.551473136933996244e+00,2.781447845637661231e+00,2.551663115970162821e+00,3.457364597863409994e+00,-8.547911440004681838e-01,-8.264250751272346207e-01,9.090850398087192419e-01
6.780000000000004912e-01,-8.892571459732556693e-01,-8.770442597561020071e-01,9.327541003556419907e-01,8.686559211452096196e-01,1.171690907377237120e-02,5.727809094874315443e-01,8.870077834371822290e-01,-4.204704172969374598e-01,1.906610577807847651e-01,-8.377430746246077031e-03,-1.249777209078671847e+00,1.164267252479872061e+00,-2.622828060004364081e-01,3.543784857339770777e+00,2.770259957683513186e+00,2.567116336022412071e+00,3.476595968721672758e+00,-8.530088807313837007e-01,-8.258123712618435919e-01,9.099521998271332679e-01
6.800000000000004929e-01,-8.875198341309652461e-01,-8.770208259379544957e-01,9.338996621746168403e-01,8.789625314604387896e-01,3.388726300532479696e-02,5.703060066304835862e-01,8.862567881178479157e-01,-4.216186034283431194e-01,1.915936735834308513e-01,-8.861320498387179403e-03,-1.155362865623787094e+00,1.111123020331805211e+00,-2.725877531386791675e-01,3.535372085157424404e+00,2.759309754923476632e+00,2.583131443775803060e+00,3.494992704667953198e+00,-8.512127041609586220e-01,-8.251608666407861392e-01,9.108170695015915808e-01
6.820000000000004947e-01,-8.857619090680444174e-01,-8.769530514119437958e-01,9.350402741878778290e-01,8.893346484015880460e-01,5.611914212364648574e-02,5.677717713415805223e-01,8.855531954161962593e-01,-4.226843729445127762e-01,1.924734694486532338e-01,-9.350000805707449347e-03,-1.063498688479022514e+00,1.055947593560838005e+00,-2.829995413697950490e-01,3.526259303115557131e+00,2.748631290931803139e+00,2.599675351662937839e+00,3.512519385460370458e+00,-8.494025922259702543e-01,-8.244704137560204815e-01,9.116795942982779399e-01
6.840000000000004965e-01,-8.839832397712412693e-01,-8.768408131276964612e-01,9.361758177305610218e-01,8.997695446394534668e-01,7.840787746037521100e-02,5.651820765183172002e-01,8.848967539992735887e-01,-4.236702616405149113e-01,1.932986666241399420e-01,-9.842237770767512522e-03,-9.742992580358695864e-01,9.988284457247583736e-01,-2.934726278769429486e-01,3.516471930683927827e+00,2.738257803935747692e+00,2.616713419045259670e+00,3.529142093379382228e+00,-8.475785236406877532e-01,-8.237408700723440891e-01,9.125397199978412255e-01
6.860000000000004983e-01,-8.821837006819623905e-01,-8.766839973727756918e-01,9.373061818835977110e-01,9.102643485087208441e-01,1.007489319937315692e-01,5.625407730863555278e-01,8.842871128469548259e-01,-4.245788814585325643e-01,1.940675830596663431e-01,-1.033676340048699308e-02,-8.878728336866442694e-01,9.398577060197237376e-01,-3.039619963044384310e-01,3.506036278536206030e+00,2.728221614091291158e+00,2.634209546712432459e+00,3.544828466155197866e+00,-8.457404779012629437e-01,-8.229720980732608826e-01,9.133973927027594364e-01
6.880000000000005000e-01,-8.803631719849449588e-01,-8.764824995087882042e-01,9.384312634297704570e-01,9.208160466391825949e-01,1.231379031323741324e-01,5.598516781975061418e-01,8.837238234323638864e-01,-4.254129148231428070e-01,1.947786372050985260e-01,-1.083227992096570669e-02,-8.043211509464922582e-01,8.791319650043790679e-01,-3.144233339215938838e-01,3.494979501683494583e+00,2.718554023703074307e+00,2.652126274244789084e+00,3.559547745869273250e+00,-8.438884352900558605e-01,-8.221639653063637088e-01,9.142525588446668294e-01
6.900000000000005018e-01,-8.785215398916665919e-01,-8.762362237025234091e-01,9.395509667861654535e-01,9.314214870132044855e-01,1.455705248232706528e-01,5.571185636083179071e-01,8.832063421312971174e-01,-4.261751089218458466e-01,1.954303515545841308e-01,-1.132746422456241096e-02,-7.237392344805203548e-01,8.167520705413560123e-01,-3.248132000956787113e-01,3.483329551295828885e+00,2.709285220797894134e+00,2.670424879769572435e+00,3.573270823873408553e+00,-8.420223768798903441e-01,-8.213163444282243209e-01,9.151051651916413121e-01
6.920000000000005036e-01,-8.766586969176402011e-01,-8.759450826528768497e-01,9.406652039133820420e-01,9.420773824516552875e-01,1.680426692854944670e-01,5.543451442707608701e-01,8.827340328481760867e-01,-4.268682699388700041e-01,1.960213559329581912e-01,-1.182097243022227871e-02,-6.462152271510896995e-01,7.528229145515629162e-01,-3.350891853236236395e-01,3.471115125231991616e+00,2.700444186436903760e+00,2.689065481645825262e+00,3.585970281786410307e+00,-8.401422845382432447e-01,-8.204291132488006344e-01,9.159551588554565305e-01
6.940000000000005054e-01,-8.747745421527368670e-01,-8.756089973143058591e-01,9.417738942019235893e-01,9.527803145288128439e-01,1.905503483721021907e-01,5.515350671658250103e-01,8.823061698459417901e-01,-4.274952572498471604e-01,1.965503905212753477e-01,-1.231144453770725844e-02,-5.718302351438098174e-01,6.874532111899505082e-01,-3.452100601573761529e-01,3.458365617301773387e+00,2.692058606125807607e+00,2.708007141622058800e+00,3.597620428644128676e+00,-8.382481409313642384e-01,-8.195021547753501556e-01,9.168024872987889928e-01
6.960000000000005071e-01,-8.728689815236791993e-01,-8.752278966175616182e-01,9.428769643362552300e-01,9.635267379150147526e-01,2.130897145625070266e-01,5.486919004100538899e-01,8.819219407672743705e-01,-4.280589775845569656e-01,1.970163086192258661e-01,-1.279750915614706261e-02,-5.006581891778147941e-01,6.207552670615946733e-01,-3.551359134460981282e-01,3.445111065288960273e+00,2.684154785654104813e+00,2.727207969021595346e+00,3.608197334291242786e+00,-8.363399295283274748e-01,-8.185353572558445867e-01,9.176470983423908878e-01
6.980000000000005089e-01,-8.709419280478492009e-01,-8.748017171884365784e-01,9.439743481370753697e-01,9.743129851440305300e-01,2.356570615880433095e-01,5.458191226641936344e-01,8.815804498345530815e-01,-4.285623791645711278e-01,1.974180791429945847e-01,-1.327778828719169621e-02,-4.327657217567472125e-01,5.528447441041146604e-01,-3.648282794088402725e-01,3.431382097768572947e+00,2.676757571665223434e+00,2.746625225525031411e+00,3.617678859114270118e+00,-8.344176346050109494e-01,-8.175286142218490815e-01,9.184889401722178270e-01
7.000000000000005107e-01,-8.689933020775610917e-01,-8.743304030652604419e-01,9.450659863824037998e-01,9.851352718003139053e-01,2.582488246937276188e-01,5.429201128722616065e-01,8.812807212160904680e-01,-4.290084458223112907e-01,1.977547888578833901e-01,-1.375090214300815628e-02,-3.682120603717388141e-01,4.838404157667597350e-01,-3.742502531431557977e-01,3.417209879757125091e+00,2.669890277228531783e+00,2.766215430136343301e+00,3.626044680224612016e+00,-8.324812412480070423e-01,-8.164818245309164446e-01,9.193279613465130673e-01
7.020000000000005125e-01,-8.670230315339604310e-01,-8.738139054158730046e-01,9.461518266081483386e-01,9.959897021194625832e-01,2.808615805395643372e-01,5.399981403584207529e-01,8.810217025463278340e-01,-4.294001911077470202e-01,1.980256443457274751e-01,-1.421547397942146858e-02,-3.070489365265711701e-01,4.138639171182183496e-01,-3.833665942674606142e-01,3.402626057240929036e+00,2.663574612652785056e+00,2.785934463938206207e+00,3.633276314206732138e+00,-8.305307353584596708e-01,-8.153948924084288841e-01,9.201641108028532079e-01
7.040000000000005143e-01,-8.650310521297215338e-01,-8.732521822547938406e-01,9.472318228888652047e-01,1.006872274993371175e+00,3.034920467451263093e-01,5.370563553080851538e-01,8.808022685879093316e-01,-4.297406523887276064e-01,1.982299737078013213e-01,-1.467013492465198132e-02,-2.493205104182657783e-01,3.430394895144297518e-01,-3.921438184870886801e-01,3.387662700633929269e+00,2.657830621748406230e+00,2.805737674263940828e+00,3.639357136552122007e+00,-8.285661036558309434e-01,-8.142677274889362771e-01,9.209973378651449272e-01
7.060000000000005160e-01,-8.630173075797348270e-01,-8.726451981613035924e-01,9.483059355994813977e-01,1.017778890369735345e+00,3.261370810815639176e-01,5.340977796586794391e-01,8.806212250238053540e-01,-4.300328849507424889e-01,1.983672280045232772e-01,-1.511352878434309849e-02,-1.950633110735030817e-01,2.714937204546933325e-01,-4.005502769651146378e-01,3.372352247223396660e+00,2.652676623713407622e+00,2.825579977936389042e+00,3.644272397901955785e+00,-8.265873336815929839e-01,-8.131002448569177865e-01,9.218275922505795306e-01
7.080000000000005178e-01,-8.609817497989953328e-01,-8.719929239991404124e-01,9.493741311587987619e-01,1.028705356033751572e+00,3.487936803156657106e-01,5.311252984244234643e-01,8.804773123679685565e-01,-4.302799561017606189e-01,1.984369824338337585e-01,-1.554431680390378455e-02,-1.443061917125107174e-01,1.993552792493169523e-01,-4.085562234684598226e-01,3.356727442669086958e+00,2.648129160785408942e+00,2.845415963249257274e+00,3.648009237223001744e+00,-8.245944138028475923e-01,-8.118923650870458752e-01,9.226548240765409803e-01
7.100000000000005196e-01,-8.589243390869277794e-01,-8.712953366385091103e-01,9.504363817556475968e-01,1.039647394758081322e+00,3.714589787111027830e-01,5.281416514784159633e-01,8.803692099833312357e-01,-4.304849392876914371e-01,1.984389372506364380e-01,-1.596118236960398368e-02,-9.707030008713316005e-02,1.267546491152530541e-01,-4.161338693467666050e-01,3.340821281629104966e+00,2.644202951769672350e+00,2.865199990391569251e+00,3.650556692039083728e+00,-8.225873332158699647e-01,-8.106440142838484686e-01,9.234789838674670737e-01
7.120000000000005214e-01,-8.568450442974115955e-01,-8.705524186810869036e-01,9.514926650586044143e-01,1.050600651805404739e+00,3.941302461925526579e-01,5.251494258141453653e-01,8.802955401963157289e-01,-4.306509082239489139e-01,1.983729184301590565e-01,-1.636283563035497574e-02,-5.336906351880785909e-02,5.382385630763814044e-02,-4.232574264855777924e-01,3.324666947593038380e+00,2.640910851521464320e+00,2.884886290044115231e+00,3.651905705839928906e+00,-8.205660819495779190e-01,-8.093551241208485347e-01,9.243000225616617715e-01
7.140000000000005231e-01,-8.547438429938007953e-01,-8.697641581887017859e-01,9.525429639102327428e-01,1.061560702766210174e+00,4.168048861789959147e-01,5.221510483073554809e-01,8.802548724973963123e-01,-4.307809310485777865e-01,1.982388780785066529e-01,-1.674801802267593398e-02,-1.320818834456469193e-02,-1.930380311461658838e-02,-4.299031384556444291e-01,3.308297752011102766e+00,2.638263816429642805e+00,2.904429059902760013e+00,3.652049132782546614e+00,-8.185306508689264016e-01,-8.080256318791254611e-01,9.251178915180613416e-01
7.160000000000005249e-01,-8.526207215882684043e-01,-8.689305484163437621e-01,9.535872660068474005e-01,1.072523061712839620e+00,4.394804330931280090e-01,5.191487789979503109e-01,8.802457278176416544e-01,-4.308780645024211653e-01,1.980368945940541581e-01,-1.711550668198845090e-02,2.341432653493617094e-02,-9.249403830214023015e-02,-4.360493001564288984e-01,3.291747072815501163e+00,2.636270875918311329e+00,2.923782558912665586e+00,3.650981739796915093e+00,-8.164810316782225019e-01,-8.066554804852843485e-01,9.259325425229492090e-01
7.180000000000005267e-01,-8.504756754648427064e-01,-8.680515875501575440e-01,9.546255635648432936e-01,1.083483189649261158e+00,4.621545495545098525e-01,5.161447049103180529e-01,8.802665828715481311e-01,-4.309453481418583642e-01,1.977671725836496475e-01,-1.746411872408725266e-02,5.650816232246141935e-02,-1.656118398322620755e-01,-4.416762663233684827e-01,3.275048292438095032e+00,2.634939109953971403e+00,2.942901199024306358e+00,3.648700206198986606e+00,-8.144172169243653059e-01,-8.052446185488759678e-01,9.267439277966189604e-01
7.200000000000005285e-01,-8.483087090855442325e-01,-8.671272784510485332e-01,9.556578529746638795e-01,1.094436503234569313e+00,4.848250232648048663e-01,5.131407344291066819e-01,8.803158745568635535e-01,-4.309857985897324051e-01,1.974300425378861523e-01,-1.779271538140328804e-02,8.609063953171293415e-02,-2.385217565678695861e-01,-4.467664493349934873e-01,3.258234735435892926e+00,2.634273632517932562e+00,2.961739634310984748e+00,3.645203120907981376e+00,-8.123392000000073665e-01,-8.037930003992154182e-01,9.275519999999908283e-01
7.220000000000005302e-01,-8.461198360790751494e-01,-8.661576284045189311e-01,9.566841344435220718e-01,1.105378383756833838e+00,5.074897635941988394e-01,5.101385922460777156e-01,8.803920044024712288e-01,-4.310024038301951688e-01,1.970259602699405976e-01,-1.810020597949909410e-02,1.121866640665064030e-01,-3.110881726092248889e-01,-4.513043068169520500e-01,3.241339605843317262e+00,2.634277580976852828e+00,2.980252847313524800e+00,3.640490977353681767e+00,-8.102469751466370163e-01,-8.023005861215873891e-01,9.283567122411715555e-01
7.240000000000005320e-01,-8.439090793115614497e-01,-8.651426488773305001e-01,9.577044116280142294e-01,1.116304186332627735e+00,5.301467978788811930e-01,5.071398148922151572e-01,8.804933430557776441e-01,-4.309981175533439401e-01,1.965555061226887390e-01,-1.838555174011130902e-02,1.348286605063542254e-01,-3.831755838040430406e-01,-4.552763195953457576e-01,3.224395924377105871e+00,2.634952111259690088e+00,2.998396232505837311e+00,3.634566166152398026e+00,-8.081405374575802991e-01,-8.007673415928850957e-01,9.291580180819611900e-01
7.260000000000005338e-01,-8.416764709388961929e-01,-8.640823552815727338e-01,9.587186912577986275e-01,1.127209249306384997e+00,5.527942674402646084e-01,5.041457468677622566e-01,8.806182348013819050e-01,-4.309758535556760251e-01,1.960193839489723922e-01,-1.864776939797517519e-02,1.540564929349271528e-01,-4.546488732953957168e-01,-4.586709606010249685e-01,3.207436465626414268e+00,2.636296398725705092e+00,3.016125676799743527e+00,3.627432965618237581e+00,-8.060198828809258531e-01,-7.991932385166169439e-01,9.299558715443108081e-01
7.280000000000005356e-01,-8.394220524402834505e-01,-8.629767667466922143e-01,9.597269827515341190e-01,1.138088903822656484e+00,5.754304233374353261e-01,5.011575373813095258e-01,8.807650021031394605e-01,-4.309384802025665318e-01,1.954184198700370523e-01,-1.888593461962615253e-02,1.699173736479784314e-01,-5.253735856015008254e-01,-4.614786553695642279e-01,3.190493695366715343e+00,2.638307644586599832e+00,3.033397637032531957e+00,3.619097530166304644e+00,-8.038850082223633065e-01,-7.975782544572975752e-01,9.307502271167176211e-01
7.300000000000005373e-01,-8.371458746326381206e-01,-8.618259059000173972e-01,9.607292978262967909e-01,1.148938483543368250e+00,5.980536218651518743e-01,4.981761377074618857e-01,8.809319501620269666e-01,-4.308888149591582617e-01,1.947535608172683563e-01,-1.909918521336862254e-02,1.824657600761401821e-01,-5.952161987360969908e-01,-4.636917348184350640e-01,3.173599708141865872e+00,2.640981087726244514e+00,3.050169214404382600e+00,3.609567876654718788e+00,-8.017359111479460676e-01,-7.959223728742329529e-01,9.315410397605716764e-01
7.320000000000005391e-01,-8.348479976655514001e-01,-8.606297986562870816e-01,9.617256501017117376e-01,1.159753334481332221e+00,6.206623198105335470e-01,4.952022991709733590e-01,8.811173714824904746e-01,-4.308296189962449452e-01,1.940258728624403017e-01,-1.928672412062533079e-02,1.917632402559037441e-01,-6.640443938926038348e-01,-4.653043810131355928e-01,3.156786165263682609e+00,2.644310021743248029e+00,3.066398225854213067e+00,3.598853868699678937e+00,-7.995725901867674068e-01,-7.942255831546437550e-01,9.323282649164411628e-01
7.340000000000005409e-01,-8.325284909965887659e-01,-8.593884740166659597e-01,9.627160547000537250e-01,1.170528824920528344e+00,6.432550694824051840e-01,4.922365717635591720e-01,8.813195504402001612e-01,-4.307635918779179063e-01,1.932365393417505572e-01,-1.944782217992861370e-02,1.978784071792188404e-01,-7.317273222298159574e-01,-4.663125666579769901e-01,3.140084233382696599e+00,2.648285817025834099e+00,3.082043272383737875e+00,3.586967198989525318e+00,-7.973950447335549363e-01,-7.924878806462054559e-01,9.331118585103002072e-01
7.360000000000005427e-01,-8.301874333467477163e-01,-8.581019638777011016e-01,9.637005278435808453e-01,1.181260355393060513e+00,6.658305135280701004e-01,4.892793033978767303e-01,8.815367678443468691e-01,-4.306933663379395316e-01,1.923868587789620554e-01,-1.958182065588004450e-02,2.008867223489205212e-01,-7.981358683111302588e-01,-4.667139890645868316e-01,3.123524523787692964e+00,2.652897947654218935e+00,3.097063804357754080e+00,3.573921369611656740e+00,-7.952032750511821568e-01,-7.907092666888824173e-01,9.338917769597040452e-01
7.380000000000005445e-01,-8.278249126359615850e-01,-8.567703028506449270e-01,9.646790864503765883e-01,1.191943368682200299e+00,6.883873795530793815e-01,4.863306398014174414e-01,8.817673054877972483e-01,-4.306215031519809444e-01,1.914782426129957860e-01,-1.968813352648318693e-02,2.008703688636909457e-01,-8.631429097634111258e-01,-4.665079993622609500e-01,3.107137032594387449e+00,2.658134022913670069e+00,3.111420183826433483e+00,3.559731670397779268e+00,-7.929972822730924076e-01,-7.888897486461516895e-01,9.346679771798943603e-01
7.400000000000005462e-01,-8.254410258985971360e-01,-8.553935280915387906e-01,9.656517477299794150e-01,1.202573359820561461e+00,7.109244745603254811e-01,4.833905250512681717e-01,8.820094506785635113e-01,-4.305504861130304839e-01,1.905122127353334471e-01,-1.976624952333977392e-02,1.979180943528638659e-01,-9.266235727353810958e-01,-4.656955277190332754e-01,3.090951081985967352e+00,2.663979823190977481e+00,3.125073743930151249e+00,3.544415155282909513e+00,-7.907770684056429911e-01,-7.870293399355710040e-01,9.354404165898541068e-01
7.420000000000005480e-01,-8.230358791789560424e-01,-8.539716791424181164e-01,9.666185287800819204e-01,1.213145886052201305e+00,7.334406792255246943e-01,4.804587027488939621e-01,8.822615007461646064e-01,-4.304827171174254730e-01,1.894903988425918340e-01,-1.981573392028727898e-02,1.921250440781953062e-01,-9.884554827488937212e-01,-4.642790053409400208e-01,3.074995262669720120e+00,2.670419340018884924e+00,3.137986845461071539e+00,3.527990616665295676e+00,-7.885426363303554842e-01,-7.851280600586413305e-01,9.362090531182966080e-01
7.440000000000005498e-01,-8.206095874068516371e-01,-8.525047977839670388e-01,9.675794461855796724e-01,1.223656576727324419e+00,7.559349420268457465e-01,4.775347178322648656e-01,8.825217675165329956e-01,-4.304205113690874329e-01,1.884145356096266488e-01,-1.983623006714052908e-02,1.835925845168914494e-01,-1.048519010549654684e+00,-4.622622840096733965e-01,3.059297377714480959e+00,2.677434820026568740e+00,3.150122930667675458e+00,3.510478557747801709e+00,-7.862939898060872235e-01,-7.831859346300569236e-01,9.369738452095909276e-01
7.460000000000005516e-01,-8.181622742533969372e-01,-8.509929278999133206e-01,9.685345156212441520e-01,1.234101143098259579e+00,7.784062732470874435e-01,4.746179190208006382e-01,8.827885817491688547e-01,-4.303660927096388256e-01,1.872864596885130406e-01,-1.982746066627655637e-02,1.724281177380011243e-01,-1.106697512576711340e+00,-4.596505539056979783e-01,3.043884387933607716e+00,2.685006812549415756e+00,3.161446574397264619e+00,3.491901162832924843e+00,-7.840311334711108637e-01,-7.812029954062276182e-01,9.377347518296296203e-01
7.480000000000005533e-01,-8.156940719672004514e-01,-8.494361153534191189e-01,9.694837514592857808e-01,1.244475387985501280e+00,8.008537388674046298e-01,4.717074618867474478e-01,8.830602975302652702e-01,-4.303215890821502354e-01,1.861081065387400202e-01,-1.978922879086567749e-02,1.587448868827117943e-01,-1.162877565682519432e+00,-4.564502604453726242e-01,3.028782358977160083e+00,2.693114220648610058e+00,3.171923532679794100e+00,3.472282265539255786e+00,-7.817540728451055632e-01,-7.791792803131358802e-01,9.384917324716269826e-01
7.500000000000005551e-01,-8.132051211912294519e-01,-8.478344078756843150e-01,9.704271663830592587e-01,1.254775215282844636e+00,8.232764543721202699e-01,4.688023125447352557e-01,8.833352966155213482e-01,-4.302890281363047076e-01,1.848815070939438254e-01,-1.972141864459785870e-02,1.426617730582817600e-01,-1.216949195747558443e+00,-4.526690208369062440e-01,3.014016410295246473e+00,2.701734355290036582e+00,3.181520788862435722e+00,3.451647314903053321e+00,-7.794628143310619039e-01,-7.771148334735031860e-01,9.392447471618560195e-01
7.520000000000005569e-01,-8.106955707606637862e-01,-8.461878549669400451e-01,9.713647710081487752e-01,1.264996639270997925e+00,8.456735784846308723e-01,4.659012519493906934e-01,8.836119927163175181e-01,-4.302703329827636813e-01,1.836087842704948458e-01,-1.962399606377719652e-02,1.243030839555003264e-01,-1.268806099845169566e+00,-4.483155410312079092e-01,2.999610666131897752e+00,2.710842992431936604e+00,3.190206597407077016e+00,3.430023339322802123e+00,-7.771573652170953306e-01,-7.750097052332562964e-01,9.399937564653179090e-01
7.540000000000005587e-01,-8.081655774821218108e-01,-8.444965078099707645e-01,9.722965735120475683e-01,1.275135793709525567e+00,8.680443068548211460e-01,4.630028807890166909e-01,8.838888357228813497e-01,-4.302673181044882611e-01,1.822921493232507462e-01,-1.949700876365501045e-02,1.037983345004810237e-01,-1.318345861623858806e+00,-4.433995337105474110e-01,2.985588208705527435e+00,2.720414432773450297e+00,3.197950525466637384e+00,3.407438908305713277e+00,-7.748377336781688829e-01,-7.728639521872675555e-01,9.407387214913459639e-01
7.560000000000005604e-01,-8.056153058947027601e-01,-8.427604191962611013e-01,9.732225792736256542e-01,1.285188940677557401e+00,8.903878657187316303e-01,4.601056249614907112e-01,8.841643158579811645e-01,-4.302816854326834139e-01,1.809338980537863462e-01,-1.934058633183832407e-02,8.128201985355815173e-02,-1.365470159585440602e+00,-4.379316379203929133e-01,2.971971033727988321e+00,2.730421563919201766e+00,3.204723492355312509e+00,3.383924091971535653e+00,-7.725039287777271113e-01,-7.706776372044117362e-01,9.414796038991405380e-01
7.580000000000005622e-01,-8.030449280133475920e-01,-8.409796434648236785e-01,9.741427905235486850e-01,1.295152479134390466e+00,9.127035055514745032e-01,4.572077416166884234e-01,8.844369677545965702e-01,-4.303150205949208829e-01,1.795364068764218335e-01,-1.915493997254288233e-02,5.689338107095533170e-02,-1.410084967948288304e+00,-4.319233409084144437e-01,2.958780008409298112e+00,2.740835924719910999e+00,3.210497807026505779e+00,3.359510418269695098e+00,-7.701559604692356231e-01,-7.684508294518888061e-01,9.422163659032393168e-01
7.600000000000005640e-01,-8.004546230550788621e-01,-8.391542364537207810e-01,9.750572060067820290e-01,1.305022953171906419e+00,9.349904947345666351e-01,4.543073257479195992e-01,8.847053744508995843e-01,-4.303687893428271294e-01,1.781021287473882886e-01,-1.894036200635330208e-02,3.077616374866864318e-02,-1.452100749795685042e+00,-4.253869026898259853e-01,2.946034832089919231e+00,2.751627771555658963e+00,3.215247203670163589e+00,3.334230827868703617e+00,-7.677938395976294794e-01,-7.661836044188018446e-01,9.429489702789112249e-01
7.620000000000005658e-01,-7.978445771487350235e-01,-8.372842554642516699e-01,9.759658206582778606e-01,1.314797059931630985e+00,9.572481132589300001e-01,4.514023173130649602e-01,8.849681712957632174e-01,-4.304443341665218359e-01,1.766335889624988109e-01,-1.869722513100490965e-02,3.078369972772207475e-03,-1.491432642219668647e+00,-4.183352838101999094e-01,2.933753999635966281e+00,2.762766146335119188e+00,3.218946875535586116e+00,3.308119626677259006e+00,-7.654175779006686664e-01,-7.638760439390344104e-01,9.436773803674892713e-01
7.640000000000005675e-01,-7.952149830288717247e-01,-8.353697592377338221e-01,9.768686252929039693e-01,1.324471657160261717e+00,9.794756464848093369e-01,4.484905088643412197e-01,8.852240497578756084e-01,-4.305428711027355915e-01,1.751333808287323379e-01,-1.842598144950845229e-02,-2.604799609402614485e-02,-1.528000633181072931e+00,-4.107820767262198580e-01,2.921954767726339774e+00,2.774218945992878105e+00,3.221573507080435661e+00,3.281212435961866625e+00,-7.630271880101991977e-01,-7.615282362133601879e-01,9.444015600816239031e-01
7.660000000000005693e-01,-7.925660397145511959e-01,-8.334108079447641870e-01,9.777656063106326956e-01,1.334043770378586569e+00,1.001672378979759914e+00,4.455695536638996646e-01,8.854717611314142367e-01,-4.306654867432435640e-01,1.736041612151916214e-01,-1.812716127269769703e-02,-5.644718865330780599e-02,-1.561729729816561330e+00,-4.027414411717930021e-01,2.910653124153230298e+00,2.785952993276124889e+00,3.223105304539195526e+00,3.253546140029814904e+00,-7.606226834533181824e-01,-7.591402758308074539e-01,9.451214739104677465e-01
7.680000000000005711e-01,-7.898979521737939935e-01,-8.314074631868046961e-01,9.786567454179605496e-01,1.343510599639910819e+00,1.023837588455677405e+00,4.426369742607891289e-01,8.857101201310932925e-01,-4.308131354499139531e-01,1.720486459889608299e-01,-1.780137170398794766e-02,-8.795998639585879408e-02,-1.592550117933513087e+00,-3.942280438220786554e-01,2.899863760249888678e+00,2.797934108622397886e+00,3.223522024996110957e+00,3.225158831453765806e+00,-7.582040786534470778e-01,-7.567122637892770287e-01,9.458370869247909596e-01
7.700000000000005729e-01,-7.872109309745142225e-01,-8.293597880098932951e-01,9.795420193664821085e-01,1.352869525855387778e+00,1.045970539825555878e+00,4.396901715031922842e-01,8.859380083692673935e-01,-4.309866367822863809e-01,1.704696053414691548e-01,-1.744929501478843792e-02,-1.204239639591321992e-01,-1.620397312443484727e+00,-3.852570025115157892e-01,2.889600046550901080e+00,2.810127182940531210e+00,3.222805004037306187e+00,3.196089753819364443e+00,-7.557713889313053546e-01,-7.542443075153972831e-01,9.465483647820167601e-01
7.720000000000005747e-01,-7.845051919228034354e-01,-8.272678469302421345e-01,9.804213997094884947e-01,1.362118116665015366e+00,1.068070479400294426e+00,4.367264339582869748e-01,8.861543777076533734e-01,-4.311866731431759914e-01,1.688698590110586373e-01,-1.707168681961129808e-02,-1.536737683572832747e-01,-1.645212298494922454e+00,-3.758438352045251896e-01,2.879874011781997645e+00,2.822496251119181565e+00,3.220937182047380887e+00,3.166379241988148685e+00,-7.533246305057881287e-01,-7.517365208835944390e-01,9.472552737311843440e-01
7.740000000000005764e-01,-7.817809556894733669e-01,-8.251317059714415869e-01,9.812948525774051189e-01,1.371254131834511725e+00,1.090136629245399780e+00,4.337429477105931852e-01,8.863582534761109688e-01,-4.314137876473370659e-01,1.672522714075630190e-01,-1.666937406046265294e-02,-1.875414000146292115e-01,-1.666941663075635294e+00,-3.660044138593918639e-01,2.870696325266961946e+00,2.835004566098690226e+00,3.217903129203199875e+00,3.136068659875104192e+00,-7.508638204947479800e-01,-7.491890242344079187e-01,9.479577806178387522e-01
7.760000000000005782e-01,-7.790384474258043035e-01,-8.229514327129507922e-01,9.821623384728263018e-01,1.380275528159806253e+00,1.112168181716877591e+00,4.307368065082528008e-01,8.865487375508289691e-01,-4.316683822177235785e-01,1.656197466448250111e-01,-1.624325281058569201e-02,-2.218564980238202089e-01,-1.685537716865465496e+00,-3.557549232674758199e-01,2.862076282829868479e+00,2.847614673354824433e+00,3.213689069206535187e+00,3.105200335751759244e+00,-7.483889769156769622e-01,-7.466019443920041132e-01,9.486558528888417996e-01
7.780000000000005800e-01,-7.762778963694847434e-01,-8.207270963495170157e-01,9.830238120858427742e-01,1.389180463862486725e+00,1.134164294194949463e+00,4.277050222253612199e-01,8.867250112841729148e-01,-4.319507159133506580e-01,1.639752234872157433e-01,-1.579428590805044205e-02,-2.564466292399440461e-01,-1.700958606129558515e+00,-3.451118248917063869e-01,2.854021796261491772e+00,2.860288485655609669e+00,3.208282901784007990e+00,3.073817495096450081e+00,-7.459001186862896926e-01,-7.439754146809041124e-01,9.493494585971036237e-01
7.800000000000005818e-01,-7.734995354417597557e-01,-8.184587677611271372e-01,9.838792221302935515e-01,1.397967302461206707e+00,1.156124084033496979e+00,4.246445356072311439e-01,8.868863382783876981e-01,-4.322609034921990889e-01,1.623216702163678971e-01,-1.532350043004925867e-02,-2.911375808114716190e-01,-1.713168414452700627e+00,-3.340918256706761347e-01,2.846539386408257322e+00,2.872987357965008481e+00,3.201674223970066624e+00,3.041964191025013697e+00,-7.433972656250069644e-01,-7.413095749419169600e-01,9.500385664062411806e-01
7.820000000000005835e-01,-7.707036008368373103e-01,-8.161465195930601713e-01,9.847285112015080610e-01,1.406634616105797653e+00,1.178046623742301513e+00,4.215522272643349444e-01,8.870320669953123405e-01,-4.325989142120148512e-01,1.606620794244985051e-01,-1.483198501906084557e-02,-3.257536557383486908e-01,-1.722137254125434724e+00,-3.227118516980283514e-01,2.839634179932513991e+00,2.885672162380476191e+00,3.193854350175739043e+00,3.009685232348673356e+00,-7.408804384513398844e-01,-7.386045715472797646e-01,9.507231455951521415e-01
7.840000000000005853e-01,-7.678903316046257199e-01,-8.137904263455755238e-01,9.855716156560366814e-01,1.415181188362620190e+00,1.199930936418240668e+00,4.184249288796388910e-01,8.871616331942362432e-01,-4.329645708712357433e-01,1.589994627408686800e-01,-1.432088707228787797e-02,-3.601179710367417020e-01,-1.727841347003038486e+00,-3.109890266315311624e-01,2.833309909782129932e+00,2.898303363003649658e+00,3.184816331031972592e+00,2.977026109318059000e+00,-7.383496587861706484e-01,-7.358605574149500450e-01,9.514031660625144049e-01
7.860000000000005871e-01,-7.650599692279004271e-01,-8.113905644727390509e-01,9.864084655137959068e-01,1.423606016441534505e+00,1.221775991440609443e+00,4.152594345931321929e-01,8.872745621900519630e-01,-4.333575490916452000e-01,1.573368454981169395e-01,-1.379140980595534687e-02,-3.940527580790677553e-01,-1.730263094669084456e+00,-2.989406546326985881e-01,2.827568919397255520e+00,2.910841090656321128e+00,3.174554970983731295e+00,2.944032917127022309e+00,-7.358049491519349505e-01,-7.330776920221253601e-01,9.520785983311974565e-01
7.880000000000005889e-01,-7.622127571950173541e-01,-8.089470124898577863e-01,9.872389843829821876e-01,1.431908312856772225e+00,1.243580700444667286e+00,4.120525125265622202e-01,8.873704709238932065e-01,-4.337773768436948285e-01,1.556772613453978327e-01,-1.324480920617807957e-02,-4.273796646670371402e-01,-1.729391137746222995e+00,-2.865842075864240557e-01,2.822412170671312559e+00,2.923245217365920468e+00,3.163066844597953065e+00,2.910752277264387011e+00,-7.332463329726968126e-01,-7.302561414179009613e-01,9.527494135525980123e-01
7.900000000000005906e-01,-7.593489405693037986e-01,-8.064598510889684491e-01,9.880630894080353332e-01,1.440087506515925764e+00,1.265343913586379099e+00,4.088009164107282434e-01,8.874490698385283372e-01,-4.342234342147717752e-01,1.540237468154643796e-01,-1.268239087816804347e-02,-4.599200583845158286e-01,-1.725220404208043234e+00,-2.739373163011470380e-01,2.817839255672760057e+00,2.935475430556443222e+00,3.150350311535493830e+00,2.877231256816267457e+00,-7.306738345741261575e-01,-7.273960782351068799e-01,9.534155835108897303e-01
7.920000000000005924e-01,-7.564687655562719604e-01,-8.039291632617956429e-01,9.888806912408567573e-01,1.448143243233251054e+00,1.287064416110111686e+00,4.055013972771632780e-01,8.875101645508868264e-01,-4.346949534200079679e-01,1.523793358530476649e-01,-1.210550680555584450e-02,-4.914953307662106585e-01,-1.717752146557439685e+00,-2.610177653439279544e-01,2.813848412123240550e+00,2.947491306891846907e+00,3.136405530125114804e+00,2.843517285836526298e+00,-7.280874791833671367e-01,-7.244976817013250026e-01,9.540770806271909876e-01
7.940000000000005942e-01,-7.535724790698055120e-01,-8.013550344295754524e-01,9.896916940354111292e-01,1.456075385665484223e+00,1.308740925229796570e+00,4.021507151756609777e-01,8.875536573142468466e-01,-4.351910190545477675e-01,1.507470543121079420e-01,-1.151555203154798132e-02,-5.219272018076129838e-01,-1.706993967749010244e+00,-2.478434911218916348e-01,2.810436542617102074e+00,2.959252385729928214e+00,3.121234469467093930e+00,2.809658072920214078e+00,-7.254872929288040950e-01,-7.215611376490143059e-01,9.547338779636447281e-01
7.960000000000005960e-01,-7.506603282984745107e-01,-7.987375525791158282e-01,9.904959954657625021e-01,1.463884012670402912e+00,1.330372087332752029e+00,3.987456508788747023e-01,8.875795482627959476e-01,-4.357105685855046096e-01,1.491299144297590917e-01,-1.091396127353357406e-02,-5.510380243311314707e-01,-1.692959835745422748e+00,-2.344325827818944108e-01,2.807599237556188676e+00,2.970718242153725264e+00,3.104840919981566749e+00,2.775701519127504291e+00,-7.228733028397228422e-01,-7.185866385248322885e-01,9.553859492274181520e-01
7.980000000000005977e-01,-7.477325602731337284e-01,-7.960768084044502757e-01,9.912934867675202710e-01,1.471569418090409087e+00,1.351956475514008993e+00,3.952830175351529363e-01,8.875879364314995801e-01,-4.362523930811591510e-01,1.475309092848972603e-01,-1.030220548259355891e-02,-5.786510877133194120e-01,-1.675670086610824505e+00,-2.208032854645568255e-01,2.805330801763100901e+00,2.981848559557184419e+00,3.087230502309146640e+00,2.741695630424772823e+00,-7.202455368458637874e-01,-7.155743833980593438e-01,9.560332687746089242e-01
8.000000000000005995e-01,-7.447894214369529253e-01,-7.933728954534222666e-01,9.920840528025905991e-01,1.479132108965464765e+00,1.373492587447594726e+00,3.917596722308699930e-01,8.875790205444799019e-01,-4.368151381742748640e-01,1.459530072497971787e-01,-9.681788359154168411e-03,-6.045909204683491689e-01,-1.655151416058008751e+00,-2.069740054170100263e-01,2.803624284724974824e+00,2.992603201769388654e+00,3.068410674461741650e+00,2.707688428823375570e+00,-7.176040237768701591e-01,-7.125245779681794733e-01,9.566758116140741119e-01
8.020000000000006013e-01,-7.418311572190220415e-01,-7.906259102785270221e-01,9.928675721470523463e-01,1.486572803181765323e+00,1.394978843599807616e+00,3.881725274237725620e-01,8.875530995654090649e-01,-4.373973052557476038e-01,1.443991464431707561e-01,-9.054242835767375985e-03,-6.286835911735567661e-01,-1.631436859380333892e+00,-1.929633164411345692e-01,2.802471514408831688e+00,3.002942284708504772e+00,3.048390737114033300e+00,2.673727862412062173e+00,-7.149487933616252011e-01,-7.094374345715668273e-01,9.573135534111574252e-01
8.040000000000006031e-01,-7.388580116126585162e-01,-7.878359525913274375e-01,9.936439172018999288e-01,1.493892426564586984e+00,1.416413585788083962e+00,3.845185622093020283e-01,8.875105730037659013e-01,-4.379972528941550869e-01,1.428722291934108046e-01,-8.421127537696752180e-03,-6.507570072141908302e-01,-1.604565759714551065e+00,-1.787899671310967109e-01,2.801863134578661541e+00,3.012826247563026083e+00,3.027181836921598812e+00,2.639861714497012013e+00,-7.122798762274865636e-01,-7.063131721873018298e-01,9.579464704913407402e-01
8.060000000000006048e-01,-7.358702267595292890e-01,-7.850031254197512576e-01,9.944129543263184878e-01,1.501092109425769872e+00,1.437795076087603707e+00,3.807948333824597298e-01,8.874519409711925100e-01,-4.386131984761463820e-01,1.413751165209672922e-01,-7.784023231640999942e-03,-6.706412108163271046e-01,-1.574583724596487988e+00,-1.644728883355179583e-01,2.801788645532818478e+00,3.022215923501813339e+00,3.004796967745800185e+00,2.606137512075763496e+00,-7.095973038994067839e-01,-7.031520164421015684e-01,9.585745398437968134e-01
8.080000000000006066e-01,-7.328680425406777221e-01,-7.821275352675760573e-01,9.951745439930833603e-01,1.508173182578312899e+00,1.459121496086340120e+00,3.769984862585746277e-01,8.873778039826107911e-01,-4.392432200620022265e-01,1.399106226490192950e-01,-7.144529272542291844e-03,-6.881686718295960681e-01,-1.541542570788384747e+00,-1.500312002661293442e-01,2.802236448169541205e+00,3.031072609918734617e+00,2.981250969664715367e+00,2.572602433889601414e+00,-7.069011087989448550e-01,-6.999541996143316958e-01,9.591977391248530660e-01
8.100000000000006084e-01,-7.298516961755211474e-01,-7.792092922754033646e-01,9.959285409656004617e-01,1.515137172832523582e+00,1.480390946487805559e+00,3.731267652172956528e-01,8.872888624972253835e-01,-4.398852584501202201e-01,1.384815095518129313e-01,-6.504260058005998865e-03,-7.031745767147558057e-01,-1.505500257374299489e+00,-1.354842186660992209e-01,2.803193891276610117e+00,3.039358138219027783e+00,2.956560525646598325e+00,2.539303218310361210e+00,-7.041913242431708797e-01,-6.967199606371640153e-01,9.598160466613677722e-01
8.120000000000006102e-01,-7.268214218298560958e-01,-7.762485103824277033e-01,9.966747944960350214e-01,1.521985797990101030e+00,1.501601447059326411e+00,3.691770239352796801e-01,8.871859161950378381e-01,-4.405371194436228932e-01,1.370904815502284324e-01,-5.864841499405860394e-03,-7.154971131856608935e-01,-1.466520807138746108e+00,-1.208514594477056864e-01,2.804647321930063164e+00,3.047034943156168740e+00,2.930744155765226733e+00,2.506286071334005605e+00,-7.014679844434533740e-01,-6.934495451007670619e-01,9.604294414540069935e-01
8.140000000000006120e-01,-7.237774502338758520e-01,-7.732453074883089972e-01,9.974131485439056144e-01,1.528720961354409935e+00,1.522750936922276477e+00,3.651467352743725803e-01,8.870698629850460870e-01,-4.411964763117741106e-01,1.357401799643201956e-01,-5.227907518267731202e-03,-7.249777499508388567e-01,-1.424674216263607462e+00,-1.061526412107037520e-01,2.806582138874810006e+00,3.054066131727159572e+00,2.903822208839224928e+00,2.473596574967042550e+00,-6.987311245041407659e-01,-6.901432052536102812e-01,9.610379031804320293e-01
8.160000000000006137e-01,-7.207200083111670041e-01,-7.701998056144644389e-01,9.981434420144543740e-01,1.535344745777023734e+00,1.543837275179325230e+00,3.610335007935761564e-01,8.869416977418675962e-01,-4.418608724384001096e-01,1.344331778327310101e-01,-4.595096576019247828e-03,-7.314615109966861040e-01,-1.380036352399155009e+00,-9.140768505938645649e-02,2.808982848748573069e+00,3.060415551632212239e+00,2.875816851381237438e+00,2.441279596301278332e+00,-6.959807804211266546e-01,-6.868012000028487218e-01,9.616414121983906105e-01
8.180000000000006155e-01,-7.176493188196129136e-01,-7.671121310641058066e-01,9.988655090160415417e-01,1.541859407262364590e+00,1.564858241872435052e+00,3.568350598547737063e-01,8.868025107681380970e-01,-4.425277241490679359e-01,1.331719747090232553e-01,-3.968048244665968102e-03,-7.347972438528665995e-01,-1.332688841187303241e+00,-7.663671114842540710e-02,2.811833124998155853e+00,3.066047859302011958e+00,2.846752053752505063e+00,2.409379197588792820e+00,-6.932169890803017154e-01,-6.834237949137732526e-01,9.622399495487162779e-01
8.200000000000006173e-01,-7.145656000050881751e-01,-7.639824145803609801e-01,9.995791791357511169e-01,1.548267368153944501e+00,1.585811539264063486e+00,3.525492982940266473e-01,8.866534859806802782e-01,-4.431943237083718623e-01,1.319589915450836981e-01,-3.348399825410206063e-03,-7.348378812805613780e-01,-1.282718941338538254e+00,-6.186003140461658611e-02,2.815115869325151010e+00,3.070928587490964645e+00,2.816653573426114665e+00,2.377938547636428979e+00,-6.904397882558936939e-01,-6.800112622083034353e-01,9.628334969582240666e-01
8.220000000000006191e-01,-7.114690652687802874e-01,-7.608107915018328393e-01,1.000284277732339078e+00,1.554571209927300579e+00,1.606694793432802415e+00,3.481742566322617582e-01,8.864958988190950739e-01,-4.438578424783112819e-01,1.307965656718461656e-01,-2.737783021670623339e-03,-7.314406958263862668e-01,-1.230219408388664393e+00,-4.709813789383368587e-02,2.818813275485122727e+00,3.075024212428907333e+00,2.785548935275115934e+00,2.346999834850168831e+00,-6.876492166086900504e-01,-6.765638807625489193e-01,9.634220368425169267e-01
8.240000000000006208e-01,-7.083599228489256827e-01,-7.575974019149672722e-01,1.000980626245603577e+00,1.560773665616209005e+00,1.627505556173532320e+00,3.437081378013301936e-01,8.863311138761279517e-01,-4.445153342284298703e-01,1.296869458876337977e-01,-2.137820672392161392e-03,-7.244675466890261317e-01,-1.175288347287495094e+00,-3.237168632963199899e-02,2.822906895252056181e+00,3.078302220516816234e+00,2.753467408815044593e+00,2.316604182267879786e+00,-6.848453136841470279e-01,-6.730819361034560133e-01,9.640055523086893396e-01
8.260000000000006226e-01,-7.052383755176933056e-01,-7.543423908026202218e-01,1.001668042521206337e+00,1.566877611900161948e+00,1.648241307191082639e+00,3.391493143637334673e-01,8.861605822498758167e-01,-4.451637385881160314e-01,1.286322876644475088e-01,-1.550123550960567790e-03,-7.137851183525658616e-01,-1.118029053999044287e+00,-1.770147425195480254e-02,2.827377706345994390e+00,3.080731174543636541e+00,2.720439982348445085e+00,2.286791564927578513e+00,-6.820281199103819247e-01,-6.695657204044034305e-01,9.645840271579319003e-01
8.280000000000006244e-01,-7.021046202938929781e-01,-7.510459081882380206e-01,1.002346341149933817e+00,1.572886060882372705e+00,1.668899456575371643e+00,3.344963352067591433e-01,8.859858386186282297e-01,-4.457998846312400398e-01,1.276346484825136851e-01,-9.762872344568711801e-04,-6.992651504499717285e-01,-1.058549846321368504e+00,-3.108413440916767481e-03,2.832206182108753634e+00,3.082280779391755043e+00,2.686499333976032577e+00,2.257600729921485527e+00,-6.791976765960465734e-01,-6.660155324799534871e-01,9.651574458880407548e-01
8.300000000000006262e-01,-6.989588481721282776e-01,-7.477081092750872404e-01,1.003015333820347355e+00,1.578802151588751368e+00,1.689477347545066843e+00,3.297479316943489058e-01,8.858084980398908126e-01,-4.464204945831373172e-01,1.266959833033538541e-01,-4.178890474078622596e-04,-6.807846583328971413e-01,-9.969638841642806115e-01,1.138650382830285433e-02,2.837372362698137085e+00,3.082921947187965195e+00,2.651679799461271081e+00,2.229069119492251172e+00,-6.763540259280871325e-01,-6.624316777795161704e-01,9.657257936958185685e-01
8.320000000000006279e-01,-6.958012438689508139e-01,-7.443291545799971543e-01,1.003674829683736114e+00,1.584629141219342729e+00,1.709972259445952547e+00,3.249030232627201364e-01,8.856302524758910000e-01,-4.470221876398257077e-01,1.258181401915455799e-01,1.235149163880938498e-04,-6.582261438401650899e-01,-9.333889795545120549e-01,2.576224503823906775e-02,2.842855927556949602e+00,3.082626861845624067e+00,2.616017336959181261e+00,2.201232797530310314e+00,-6.734972109693808662e-01,-6.588144683800956081e-01,9.662890564793793491e-01
8.340000000000006297e-01,-6.926319855865121777e-01,-7.409092100611052167e-01,1.004324635730261539e+00,1.590370396184646262e+00,1.730381410989416446e+00,3.199607224485639390e-01,8.854528670486331299e-01,-4.476014838892810599e-01,1.250028560952046452e-01,6.463926909519905834e-04,-6.314777957771570138e-01,-8.679473966704798205e-01,3.999778448931241848e-02,2.848636268897873247e+00,3.081369042930786506e+00,2.579549488644641286e+00,2.174126379831025080e+00,-6.706272756562569048e-01,-6.551642229780640925e-01,9.668472208403511292e-01
8.360000000000006315e-01,-6.894512447941428812e-01,-7.374484472391263923e-01,1.004964557175158646e+00,1.596029382960036935e+00,1.750701963715779463e+00,3.149203393415344610e-01,8.852781760283351398e-01,-4.481548083245874281e-01,1.242517527950346562e-01,1.149239251687457367e-03,-6.004336796424230016e-01,-8.007656422425367682e-01,5.407215741455931313e-02,2.854692565929952686e+00,3.079123408772359127e+00,2.542315339303874211e+00,2.147782968468784581e+00,-6.677442647958968802e-01,-6.514812668798880546e-01,9.674002740859690697e-01
8.380000000000006333e-01,-6.862591860282227785e-01,-7.339470433116948023e-01,1.005594397853841748e+00,1.601609658792170654e+00,1.770931025666583114e+00,3.097813854557175395e-01,8.851080785598426370e-01,-4.486784949388250565e-01,1.235663330315539127e-01,1.630579243525367246e-03,-5.649939161664163656e-01,-7.319742466894982869e-01,6.796452134021158109e-02,2.861003859536454641e+00,3.075866338722638815e+00,2.504355471982369963e+00,2.122234090643244642e+00,-6.648482240636128804e-01,-6.477659319918973591e-01,9.679482042310731948e-01
8.400000000000006350e-01,-6.830559667106383959e-01,-7.304051812603616911e-01,1.006213960624753101e+00,1.607114862291787682e+00,1.791065655249420852e+00,3.045435770178012702e-01,8.849445341323655123e-01,-4.491687908916645044e-01,1.229479768198231959e-01,2.088969622299886950e-03,-5.250648482608808454e-01,-6.617075363980985392e-01,8.165422482479531285e-02,2.867549127096723272e+00,3.071575734460458840e+00,2.465711920814867675e+00,2.097509642346943703e+00,-6.619392000000066112e-01,-6.440185568090146528e-01,9.684909999999908869e-01
8.420000000000006368e-01,-6.798417369860547677e-01,-7.268230499498627983e-01,1.006823047778788727e+00,1.612548703947718653e+00,1.811102865278438445e+00,2.992068376727483048e-01,8.847895577986366611e-01,-4.496218607378065224e-01,1.223979379606588841e-01,2.523002208533278203e-03,-4.805591960160283671e-01,-5.901033975885555671e-01,9.512088364843383770e-02,2.874307357128394358e+00,3.066231080215272353e+00,2.426428121194174725e+00,2.073637837193825106e+00,-6.590172400080045456e-01,-6.402394864025059418e-01,9.690286508283227906e-01
8.440000000000006386e-01,-6.766166395781593179e-01,-7.232008442193059716e-01,1.007421461454134137e+00,1.617914956597150677e+00,1.831039627173247641e+00,2.937713006108821912e-01,8.846452151502990358e-01,-4.500337907076289445e-01,1.219173407569190959e-01,2.931306153318370862e-03,-4.313961994272719203e-01,-5.173030322468528119e-01,1.083444644609203311e-01,2.881257623407070589e+00,3.059813501775914713e+00,2.386548857472555962e+00,2.050645160741147777e+00,-6.560823923497731691e-01,-6.364290724066838933e-01,9.695611468646114783e-01
8.460000000000006404e-01,-6.733808096649650521e-01,-7.195387649649594985e-01,1.008009004055355984e+00,1.623217445887324084e+00,1.850872875298662956e+00,2.882373101234238510e-01,8.845136170570446765e-01,-4.504005930307004024e-01,1.215071769430012827e-01,3.312550316482527728e-03,-3.775017485835995834e-01,-4.434507066419780541e-01,1.213053758325958048e-01,2.888379158203510322e+00,3.052305824134691203e+00,2.346120208423540188e+00,2.028556330622068415e+00,-6.531347061435057721e-01,-6.325876730045800755e-01,9.700884789719121937e-01
8.480000000000006422e-01,-6.701343747731903777e-01,-7.158370192143621580e-01,1.008585478675602776e+00,1.628460040763800132e+00,1.870599511427402328e+00,2.826054225966325717e-01,8.843969141776910625e-01,-4.507182102931754364e-01,1.211683028351809299e-01,3.665445557693994966e-03,-3.188085011065771579e-01,-3.686934929843666553e-01,1.339845665863467761e-01,2.895651424257648543e+00,3.043692627603146406e+00,2.305189490729494750e+00,2.007394262792368878e+00,-6.501742313600920031e-01,-6.287156529126030069e-01,9.706106387292501303e-01
8.500000000000006439e-01,-6.668774546916628188e-01,-7.120958201915073005e-01,1.009150689520796007e+00,1.633646644020274374e+00,1.890216409307646117e+00,2.768764069578011355e-01,8.842972912520250528e-01,-4.509825198205128505e-01,1.209014367098566606e-01,3.988746941630083413e-03,-2.552559866921993437e-01,-2.931810048195131468e-01,1.463636312227888370e-01,2.903054185090424788e+00,3.033960302224190553e+00,2.263805200795868000e+00,1.987180044174653437e+00,-6.472010188196540836e-01,-6.248133833641251744e-01,9.711276184329624694e-01
8.520000000000006457e-01,-6.636101614036222784e-01,-7.083153873728920136e-01,1.009704442334711683e+00,1.638781182944598402e+00,1.909720419317155082e+00,2.710512445894158740e-01,8.842169611828459841e-01,-4.511893380774567031e-01,1.207071564161454752e-01,4.281255858766086324e-03,-1.867906986783468559e-01,-2.170651267883996760e-01,1.584249221840856869e-01,2.910567573232514249e+00,3.023097100293165251e+00,2.222016955232889668e+00,1.967932911966726373e+00,-6.442151201879664502e-01,-6.208812420920567510e-01,9.716394110979413856e-01
8.540000000000006475e-01,-6.603325990377331145e-01,-7.044959465342577332e-01,1.010246544823890424e+00,1.643867600095231030e+00,1.929108373185436598e+00,2.651311287307823727e-01,8.841581589181982670e-01,-4.513344250777887035e-01,1.205858972285940300e-01,4.541822063763828465e-03,-1.133661726376878065e-01,-1.404997394228615915e-01,1.701516686358130748e-01,2.918172155929368294e+00,3.011093186790559706e+00,2.179875430378102941e+00,1.949670239850587627e+00,-6.412165879727418361e-01,-6.169196133103223012e-01,9.721460104587532625e-01
8.560000000000006493e-01,-6.570448638375426809e-01,-7.006377297878868537e-01,1.010776807081352091e+00,1.648909844241750688e+00,1.948377088765265164e+00,2.591174633893437163e-01,8.841231351442988551e-01,-4.514134887970097654e-01,1.205379499450400099e-01,4.769345633839130842e-03,-3.494305208072227831e-02,-6.364043967992352724e-02,1.815281013806229748e-01,2.925848997859406442e+00,2.997940687520546099e+00,2.137432301273448410e+00,1.932407531319181526e+00,-6.382054755197945628e-01,-6.129288876943017605e-01,9.726474109706572113e-01
8.580000000000006510e-01,-6.537470441490591533e-01,-6.967409756103563057e-01,1.011295042008130807e+00,1.653911861502341152e+00,1.967523374834641237e+00,2.530118617867340713e-01,8.841141498001233723e-01,-4.514221895818312236e-01,1.205634592338711147e-01,4.962778849868110069e-03,4.851085855459098817e-02,1.335574204687010880e-02,1.925395834532300232e-01,2.933579720380941058e+00,2.983633734742838772e+00,2.094740180541527774e+00,1.916158420302309207e+00,-6.351818370090729360e-01,-6.089094623601895018e-01,9.731436078104959142e-01
8.600000000000006528e-01,-6.504392204260545096e-01,-6.928059288606870370e-01,1.011801065731704252e+00,1.658877586710305607e+00,1.986544035910017270e+00,2.468161443673167477e-01,8.841334654250324609e-01,-4.513561445511707904e-01,1.206624222340951097e-01,5.121128003353246465e-03,1.370205533511815454e-01,9.033062766896877982e-02,2.031727458834508004e-01,2.941346556801871959e+00,2.968168510081609313e+00,2.051852557638623509e+00,1.900934679242087366e+00,-6.321457274505664081e-01,-6.048617408432954701e-01,9.736345968774918758e-01
8.620000000000006546e-01,-6.471214652526339206e-01,-6.888328407888669735e-01,1.012294698020438810e+00,1.663810935040668904e+00,2.005435877051318538e+00,2.405323363995257036e-01,8.841833403511585310e-01,-4.512109319842386168e-01,1.208346874107492086e-01,5.243455132711340345e-03,2.306037964172850396e-01,1.671251790970679774e-01,2.134156280530351002e-01,2.949132403142930681e+00,2.951543284493073571e+00,2.008823738993812391e+00,1.886746234734983485e+00,-6.290972026800812911e-01,-6.007861330751999018e-01,9.741203747939052304e-01
8.640000000000006564e-01,-6.437938433825526330e-01,-6.848219690347643329e-01,1.012775762693237880e+00,1.668715793926796476e+00,2.024195708638892199e+00,2.341626652027331001e-01,8.842660217525856181e-01,-4.509820956922930835e-01,1.210799536672531734e-01,5.328879692667114545e-03,3.292711049524216782e-01,2.435797870615626359e-01,2.232578220135638392e-01,2.956920863845613923e+00,2.933758455075500926e+00,1.965708789564587944e+00,1.873601190811035266e+00,-6.260363193548861283e-01,-5.966830553599072884e-01,9.746009389055910743e-01
8.660000000000006581e-01,-6.404564117946990320e-01,-6.807735776174865805e-01,1.013244088023643297e+00,1.673596015295694572e+00,2.042820351102038412e+00,2.277095570346031050e-01,8.843837385635723303e-01,-4.506651493717191981e-01,1.213977697153428292e-01,5.376580160837836700e-03,4.330257432608019541e-01,3.195345602092018455e-01,2.326906200764045918e-01,2.964696291853580856e+00,2.914816578509942691e+00,1.922563476365577895e+00,1.861505859885337788e+00,-6.229631349492297243e-01,-5.925529303488410449e-01,9.750762872824422223e-01
8.680000000000006599e-01,-6.371092197641076149e-01,-6.766879369152825063e-01,1.013699507137712397e+00,1.678455408149244432e+00,2.061306639578185607e+00,2.211756336759195252e-01,8.845386942782546003e-01,-4.502555809372689732e-01,1.217875337022239213e-01,5.385795585875813654e-03,5.418637269730177675e-01,3.948296136069735507e-01,2.417071649323819238e-01,2.972443822477454756e+00,2.894722400928603001e+00,1.879444214539572222e+00,1.850464801365353740e+00,-6.198777077497228394e-01,-5.883961870147303985e-01,9.755464187186956293e-01
8.700000000000006617e-01,-6.337523089478090954e-01,-6.725653236361260889e-01,1.014141858405064323e+00,1.683297731517078732e+00,2.079651428481018804e+00,2.145637087516817088e-01,8.847330596443816475e-01,-4.497488568355841876e-01,1.222484930935602843e-01,5.355827081796239557e-03,6.557738366069847391e-01,4.693053557701232226e-01,2.503026015084017786e-01,2.980149400435983864e+00,2.873482884021217654e+00,1.836408016549173627e+00,1.840480867847059443e+00,-6.167800968505920967e-01,-5.842132606244219151e-01,9.760113327331456645e-01
8.720000000000006635e-01,-6.303857134847749011e-01,-6.684060207791640007e-01,1.014570985822567772e+00,1.688126687805109771e+00,2.097851595954990156e+00,2.078767838288287373e-01,8.849689652636935078e-01,-4.491404263405077701e-01,1.227797448098638805e-01,5.286039273356483471e-03,7.747376394647813580e-01,5.428027733221295614e-01,2.584742297206248374e-01,2.987799799449418980e+00,2.851107227205990302e+00,1.793512445071751227e+00,1.831555258783489126e+00,-6.136703621487986648e-01,-5.800045927105268451e-01,9.764710295692076159e-01
8.740000000000006652e-01,-6.270094601091646958e-01,-6.642103175872540177e-01,1.014986739390225434e+00,1.692945916561871655e+00,2.115904048192565057e+00,2.011180443322378442e-01,8.852484941115649208e-01,-4.484257258331916240e-01,1.233802356127971234e-01,5.175861697568237031e-03,8.987295187257312579e-01,6.151637123921831485e-01,2.662216572395039171e-01,2.995382633752075030e+00,2.827606885715452822e+00,1.750815570168569923e+00,1.823687581444165096e+00,-6.105485643390253792e-01,-5.757706310420105389e-01,9.769255101948952635e-01
8.760000000000006670e-01,-6.236235682760409293e-01,-6.599785094908688921e-01,1.015388975478889844e+00,1.697758988682830816e+00,2.133805723589285552e+00,1.942908553216383394e-01,8.855736739885027298e-01,-4.476001830716187513e-01,1.240487627368368206e-01,5.024790166613538403e-03,1.027716708457999450e+00,6.862311558598196415e-01,2.735469513404090169e-01,3.002886360881033667e+00,2.802995584473409796e+00,1.708375931284761950e+00,1.816875918927785882e+00,-6.074147649085259726e-01,-5.715118295935259773e-01,9.773747763026410240e-01
8.780000000000006688e-01,-6.202280502986752264e-01,-6.557108980436903156e-01,1.015777557189533109e+00,1.702569401070647581e+00,2.151553596710278793e+00,1.873987571727529777e-01,8.859464699160017886e-01,-4.466592214558787743e-01,1.247839747606935001e-01,4.832388097596896671e-03,1.161659333133886918e+00,7.558494955684229577e-01,2.804547888749626128e-01,3.010300275098039879e+00,2.777289327673249097e+00,1.666252504605721718e+00,1.811116904922032145e+00,-6.042690261318444112e-01,-5.672286485137641998e-01,9.778188303090247224e-01
8.800000000000006706e-01,-6.168229114965338988e-01,-6.514077908502697856e-01,1.016152354703878657e+00,1.707380571767013411e+00,2.169144682040130334e+00,1.804454612062896535e-01,8.863687764891694520e-01,-4.455982642973809749e-01,1.255843727118435560e-01,4.598287814694740870e-03,1.300510450099914950e+00,8.238647986500180487e-01,2.869526033623440719e-01,3.017614490807018157e+00,2.750506404006404004e+00,1.624504676251042667e+00,1.806405804831938688e+00,-6.011114110653925646e-01,-5.629215540925212036e-01,9.782576753543579251e-01
8.820000000000006724e-01,-6.134081503529998924e-01,-6.470695014861895800e-01,1.016513245626291306e+00,1.712195835569152447e+00,2.186576037486140489e+00,1.734348453083413288e-01,8.868424101983931607e-01,-4.444127391021363560e-01,1.264483113965222116e-01,4.322191829355396392e-03,1.444216093323610117e+00,8.901250671334237641e-01,2.930507281661749452e-01,3.024819915342340515e+00,2.722667387533932892e+00,1.583192221732266258e+00,1.802736602828352019e+00,-5.979419835418988693e-01,-5.585910187266883709e-01,9.786913153021545853e-01
8.840000000000006741e-01,-6.099837586818616098e-01,-6.426963494112173381e-01,1.016860115316907898e+00,1.717018440141328650e+00,2.203844767602827215e+00,1.663709495852629394e-01,8.873691017322014041e-01,-4.430980818803094134e-01,1.273740009465585410e-01,4.003874104252061993e-03,1.592715316618545929e+00,9.544804900480919896e-01,2.987625346912353153e-01,3.031908210529568937e+00,2.693795134246262712e+00,1.542375292022461819e+00,1.800102094284088405e+00,-5.947608081647122180e-01,-5.542375208850520707e-01,9.791197547384706823e-01
8.860000000000006759e-01,-6.065497218015789560e-01,-6.382886598760116881e-01,1.017192857216078439e+00,1.721851542628743514e+00,2.220948026503178241e+00,1.592579720951581568e-01,8.879504882733513238e-01,-4.416497414964113410e-01,1.283595085735233232e-01,3.643181306690574089e-03,1.745940234439879557e+00,1.016783687286783922e+00,3.041045645043983225e-01,3.038871742455208302e+00,2.663914774412033726e+00,1.502114406495698606e+00,1.798493982986907991e+00,-5.915679503019735108e-01,-5.498615450719279707e-01,9.795429989711270657e-01
8.880000000000006777e-01,-6.031060187163215236e-01,-6.338467638230053103e-01,1.017511373160268739e+00,1.726698206778020328e+00,2.237883020419563440e+00,1.521002646966826410e-01,8.885881058000772992e-01,-4.400631840767753600e-01,1.294027605198174724e-01,3.240034057114711541e-03,1.903816058248928300e+00,1.076889944553065748e+00,3.090966542556553009e-01,3.045703518935027443e+00,2.633053700881013981e+00,1.462470452879274907e+00,1.797902982428996044e+00,-5.883634760806460973e-01,-5.454635817896359429e-01,9.799610540287915228e-01
8.900000000000006795e-01,-5.996526223027655034e-01,-6.293709977821662083e-01,1.017815573689662134e+00,1.731561400565040154e+00,2.254647009874438446e+00,1.449023290539189490e-01,8.892833814044014407e-01,-4.383338974933161380e-01,1.305015441955751365e-01,2.794428178224504875e-03,2.066261126370868784e+00,1.134657438794892004e+00,3.137620522473754670e-01,3.052397114238471154e+00,2.601241553574784149e+00,1.423504694227824441e+00,1.798318920382871111e+00,-5.851474523804047756e-01,-5.410441274997392913e-01,9.803739266599440505e-01
8.920000000000006812e-01,-5.961894995016354670e-01,-6.248617037624173420e-01,1.018105378347770040e+00,1.736443994327201645e+00,2.271237311418019544e+00,1.376688128335633587e-01,8.900376256394311181e-01,-4.364573959450072094e-01,1.316535104896016661e-01,2.306435950015965977e-03,2.233186925219143859e+00,1.189947453613931172e+00,3.181275254724372781e-01,3.058946580714766661e+00,2.568510200473161476e+00,1.385278782770514860e+00,1.799730845881234220e+00,-5.819199468273927867e-01,-5.366036845831873014e-01,9.807816243317106775e-01
8.940000000000006830e-01,-5.927166115129810509e-01,-6.203192291395812630e-01,1.018380715973437267e+00,1.741348759393218870e+00,2.287651298887024787e+00,1.304045061275463657e-01,8.908520249077003239e-01,-4.344292246609954833e-01,1.328561762420348569e-01,1.776207375750798447e-03,2.404498099738384909e+00,1.242624584242391750e+00,3.222234559142450050e-01,3.065346347075901257e+00,2.534893715483058863e+00,1.347854780301500188e+00,1.802127137622688169e+00,-5.786810277878279285e-01,-5.321427612991622702e-01,9.811841552285659462e-01
8.960000000000006848e-01,-5.892339139941945581e-01,-6.157439265418072072e-01,1.018641524985692381e+00,1.746278367199324721e+00,2.303886404135409016e+00,1.231143381304423134e-01,8.917276339028584742e-01,-4.322449647517895843e-01,1.341069268660232960e-01,1.203971463457415318e-03,2.580092450930384196e+00,1.292556931795578512e+00,3.260839248735162843e-01,3.071591103227674591e+00,2.500428353659646774e+00,1.311295184574715611e+00,1.805495612726037979e+00,-5.754307643614744450e-01,-5.276618717427968841e-01,9.815815282509060546e-01
8.980000000000006866e-01,-5.857413572597959250e-01,-6.111361537335363581e-01,1.018887753661953166e+00,1.751235388876214216e+00,2.319940117184832395e+00,1.158033740965809938e-01,8.926653681174170352e-01,-4.299002382374709774e-01,1.354030191054791943e-01,5.900375270336640681e-04,2.759860918379616557e+00,1.339616286638851905e+00,3.297467840575032394e-01,3.077675671699888316e+00,2.465152524333261930e+00,1.275662960934821122e+00,1.809823634663240366e+00,-5.721692263749695861e-01,-5.231615358016179496e-01,9.819737530134881043e-01
9.000000000000006883e-01,-5.822388864820434717e-01,-6.064962734991666826e-01,1.019119360410146280e+00,1.756222295286231194e+00,2.335809985739477401e+00,1.084768125966090874e-01,8.936659964298537817e-01,-4.273907132843569601e-01,1.367415839159045188e-01,-6.520348965043028808e-05,2.943687545792545102e+00,1.383678300852651200e+00,3.332537121370817701e-01,3.083594865918852790e+00,2.429106762781077844e+00,1.241021578157348593e+00,1.815098219103367105e+00,-5.688964843750052847e-01,-5.186422791108408203e-01,9.823608398437412292e-01
9.020000000000006901e-01,-5.787264418914710440e-01,-6.018246535276877696e-01,1.019336314035339530e+00,1.761241457485181572e+00,2.351493614006834765e+00,1.011399830873307010e-01,8.947301337851747416e-01,-4.247121096839354126e-01,1.381196294554246362e-01,-7.612776630837558541e-04,3.131449427714088962e+00,1.424622649938179331e+00,3.366502554456905494e-01,3.089343335787633649e+00,2.392333701165615167e+00,1.207435047189632682e+00,1.821306136308663115e+00,-5.656126096213769383e-01,-5.141046330073900661e-01,9.827427997799463855e-01
9.040000000000006919e-01,-5.752039589765006733e-01,-5.971216662996741142e-01,1.019538594001514253e+00,1.766295147577748414e+00,2.366988660763365893e+00,9.379834380196425125e-02,8.958582339840871489e-01,-4.218602046101556091e-01,1.395340441735186399e-01,-1.497626713324859415e-03,3.323016635790574380e+00,1.462333184078207449e+00,3.399858514614778615e-01,3.094915401292911650e+00,2.354878039539880952e+00,1.174967961183631893e+00,1.828434008642187525e+00,-5.623176740798693229e-01,-5.095491344826861280e-01,9.831196445692699237e-01
9.060000000000006937e-01,-5.716713686813451600e-01,-5.923876889781474198e-01,1.019726190689118184e+00,1.771385539929807074e+00,2.382292836601586750e+00,8.645747996045749506e-02,8.970505825972596714e-01,-4.188308386932231286e-01,1.409815999855219271e-01,-2.273606599750157154e-03,3.518252123217128435e+00,1.496698069451397162e+00,3.433138336808437829e-01,3.100304875144811678e+00,2.316786517789187094e+00,1.143685534890185984e+00,1.836468401669728134e+00,-5.590117504150147187e-01,-5.049763261342318232e-01,9.834913866656747050e-01
9.080000000000006954e-01,-5.681285976014855965e-01,-5.876231033049442720e-01,1.019899105649039184e+00,1.776514712695028031e+00,2.397403900293304080e+00,7.912310229120131377e-02,8.983072900227844215e-01,-4.156199224498544620e-01,1.424589555218185866e-01,-3.088486090429604439e-03,3.717011606343608943e+00,1.527609920292510415e+00,3.466914164583208002e-01,3.105504875775628726e+00,2.278107889437990696e+00,1.113653641150424756e+00,1.845395907279032244e+00,-5.556949119826963823e-01,-5.003867561159440758e-01,9.838580392276929931e-01
9.100000000000006972e-01,-5.645755681760955547e-01,-5.828282955043576630e-01,1.020057351853621563e+00,1.781684649607035764e+00,2.412319654202574881e+00,7.180104584637843346e-02,8.996282847069204669e-01,-4.122234431114121800e-01,1.439626594417502403e-01,-3.941445307891714746e-03,3.919143422820436928e+00,1.554965922592339567e+00,3.501796583556133768e-01,3.110507632371053433e+00,2.238892898290578248e+00,1.084938841882162164e+00,1.855203217197792576e+00,-5.523672328226083561e-01,-4.957809780871474947e-01,9.842196161160547963e-01
9.120000000000006990e-01,-5.610121988768814738e-01,-5.780036561959525088e-01,1.020200953945314293e+00,1.786897241982131401e+00,2.427037938681668283e+00,6.449726908329053710e-02,9.010133065505218086e-01,-4.086374718923846405e-01,1.454891538036604259e-01,-4.831574255969135583e-03,4.124488366147781804e+00,1.578667950537370412e+00,3.538434025131023120e-01,3.115304283985175449e+00,2.199194258895322385e+00,1.057608410618194883e+00,1.865877185269373850e+00,-5.490287876505656195e-01,-4.911595511604756048e-01,9.845761318911911975e-01
9.140000000000007008e-01,-5.574384043929172527e-01,-5.731495803185892024e-01,1.020329948483480909e+00,1.792154290871247113e+00,2.441556625384038171e+00,5.721785317337280130e-02,9.024619005262416449e-01,-4.048581717421995685e-01,1.470347774841782584e-01,-5.757871334618033278e-03,4.332879497048621076e+00,1.598622676995470338e+00,3.577511925319721287e-01,3.119884675184537048e+00,2.159066641813069065e+00,1.031730343331527910e+00,1.877404876857486471e+00,-5.456796518506698002e-01,-4.865230398483492147e-01,9.849276018105854735e-01
9.160000000000007025e-01,-5.538540958111747292e-01,-5.682664670678211349e-01,1.020444384189827636e+00,1.797457509293467925e+00,2.455873609430289317e+00,4.996900148928332119e-02,9.039734105346833859e-01,-4.008818056232759663e-01,1.485957696418308549e-01,-6.719241852090680062e-03,4.544141932718700261e+00,1.614741679556141785e+00,3.619751623369051874e-01,3.124237151079026553e+00,2.118566664631125640e+00,1.007373353978820774e+00,1.889773603790390055e+00,-5.423199014673224516e-01,-4.818720140082379810e-01,9.852740418259944288e-01
9.180000000000007043e-01,-5.502591807925878431e-01,-5.633547198489605723e-01,1.020544322192806108e+00,1.802808524477243823e+00,2.469986800366524626e+00,4.275703920853935608e-02,9.055469735311139079e-01,-3.967047453574097937e-01,1.501682732223581507e-01,-7.714496546617184182e-03,4.758092615710110884e+00,1.626941543825724201e+00,3.665908984807017545e-01,3.128348355008333748e+00,2.077752889582840545e+00,9.846068509353765874e-01,1.902970943340893228e+00,-5.389496131970938908e-01,-4.772070487867016153e-01,9.856154685805245119e-01
9.200000000000007061e-01,-5.466535637436333861e-01,-5.584147462482275115e-01,1.020629836271223168e+00,1.808208880029434251e+00,2.483894111859506815e+00,3.558841295977790281e-02,9.071815139581707044e-01,-3.923234810809575479e-01,1.517483385056847822e-01,-8.742350132818954914e-03,4.974540064974831033e+00,1.635143965853332437e+00,3.716772733568052267e-01,3.132203032558844136e+00,2.036685828508948859e+00,9.635008902889878879e-01,1.916984739864872944e+00,-5.355688643804351612e-01,-4.725287245620153342e-01,9.859518994055693764e-01
9.220000000000007079e-01,-5.430371459835745540e-01,-5.534469580245084952e-01,1.020701013097142784e+00,1.813660037946736026e+00,2.497593450079968136e+00,2.846969042499457314e-02,9.088757385241444942e-01,-3.877346313467190386e-01,1.533319266973663664e-01,-9.801419891424753908e-03,5.193284112420631260e+00,1.639275855714543484e+00,3.773162478070955506e-01,3.135783845966237937e+00,1.995427955720943780e+00,9.441261018287911977e-01,1.931803087902110416e+00,-5.321777329932455558e-01,-4.678376268856246911e-01,9.862833523176066652e-01
9.240000000000007097e-01,-5.394098259076810509e-01,-5.484517711243485083e-01,1.020757952477992836e+00,1.819163380379002382e+00,2.511082700734329709e+00,2.140755979825242905e-02,9.106281313708699532e-01,-3.829349539068209185e-01,1.549149135704533942e-01,-1.089022432447213015e-02,5.414115629200890289e+00,1.639269444398768982e+00,3.835926416549269580e-01,3.139071203298161805e+00,1.954043729095783721e+00,9.265535835309773871e-01,1.947414295780589333e+00,-5.287762976382852642e-01,-4.631343464222059669e-01,9.866098460148415850e-01
9.260000000000007114e-01,-5.357714991469230137e-01,-5.434296057228797938e-01,1.020800767597589420e+00,1.824720211049640328e+00,2.524359714716233771e+00,1.440882898856325409e-02,9.124369496799324963e-01,-3.779213572061711490e-01,1.564930931670709680e-01,-1.200718190202281280e-02,5.636816246856608537e+00,1.635062396224785441e+00,3.905938707617568340e-01,3.142043107095043197e+00,1.912599619444234511e+00,9.108547604141914444e-01,1.963806829057201275e+00,-5.253646375364353638e-01,-4.584194788885079808e-01,9.869313998737200277e-01
9.280000000000007132e-01,-5.321220587248237655e-01,-5.383808862934473805e-01,1.020829585255566441e+00,1.830331756234895968e+00,2.537422292362790710e+00,7.480424442201977567e-03,9.143002197707404965e-01,-3.726909126101087821e-01,1.580621815725589130e-01,-1.315060993045863262e-02,5.861158079330618165e+00,1.626597929036989187e+00,3.984096493043110532e-01,3.144675027342609397e+00,1.871164147844008419e+00,8.971012038518921816e-01,1.980969233492071879e+00,-5.219428325178094852e-01,-4.536936249907674856e-01,9.872480339452879283e-01
9.300000000000007150e-01,-5.284613952123540237e-01,-5.333060417087217564e-01,1.020844546104450856e+00,1.835999165201581906e+00,2.550268166316383756e+00,6.293894478990973151e-04,9.162157337489035269e-01,-3.672408673826403347e-01,1.596178207787004588e-01,-1.431872357659799699e-02,6.086903452758586575e+00,1.613824944405369610e+00,4.071316561034660775e-01,3.146939803755201659e+00,1.829807930226003743e+00,8.853644077798545897e-01,1.998890037663290764e+00,-5.185109630127007208e-01,-4.489573903608971017e-01,9.875597689514074018e-01
9.320000000000007168e-01,-5.247893968819508093e-01,-5.282055053760890129e-01,1.020845804883346641e+00,1.841723510001917807e+00,2.562894983011340333e+00,-6.137118222487117705e-03,9.181810467681849053e-01,-3.615686584230951017e-01,1.611555826563233207e-01,-1.550963508611128902e-02,6.313804650778473970e+00,1.596698169954925861e+00,4.168531640098724900e-01,3.148807582321421883e+00,1.788603728038220764e+00,8.757155187650120798e-01,2.017557635812111450e+00,-5.150691100423911983e-01,-4.442113854913232185e-01,9.878666262808301068e-01
9.340000000000007185e-01,-5.211059498619470265e-01,-5.230797154100663704e-01,1.020833530646901632e+00,1.847505784524841044e+00,2.575300282825723652e+00,-1.281182949474074864e-02,9.201934749739295594e-01,-3.556719267591250122e-01,1.626709730613137284e-01,-1.672135323893022066e-02,6.541603683860410356e+00,1.575178315779240057e+00,4.276686315697056373e-01,3.150245790904056875e+00,1.747626503307357471e+00,8.682250175949502990e-01,2.036960152029569482e+00,-5.116173552097904587e-01,-4.394562256684294566e-01,9.881686279851121801e-01
9.360000000000007203e-01,-5.174109382928973044e-01,-5.179291148444149506e-01,1.020807906987912128e+00,1.853346902705630406e+00,2.587481478961884296e+00,-1.938736815923550877e-02,9.222500942001254920e-01,-3.495485327827333455e-01,1.641594361017476578e-01,-1.795178308843937282e-02,6.770032091808288577e+00,1.549232246641469857e+00,4.396732564601102955e-01,3.151219158364372053e+00,1.706953475875817139e+00,8.629623509254222835e-01,2.057085287464767376e+00,-5.081557806899256180e-01,-4.346925309047442454e-01,9.884657967743928353e-01
9.380000000000007221e-01,-5.137042444874860836e-01,-5.127541518864912051e-01,1.020769132251593714e+00,1.859247695800162248e+00,2.599435835145022633e+00,-2.585625619450033358e-02,9.243477394959955795e-01,-3.431965722035037469e-01,1.656163585973259300e-01,-1.919872603509237621e-02,6.998810789088940609e+00,1.518833171330685738e+00,4.529624905009056457e-01,3.151689781191699957e+00,1.666664180032027875e+00,8.599955125762325236e-01,2.077920152826902900e+00,-5.046844692202741012e-01,-4.299209258696771174e-01,9.887581560130134228e-01
9.400000000000007239e-01,-5.099857490958857875e-01,-5.075552802162011101e-01,1.020717419739204823e+00,1.865208908636769358e+00,2.611160442256640568e+00,-3.221092042104161529e-02,9.264830055610170367e-01,-3.366143926795018837e-01,1.670370747654891241e-01,-2.045988028858103033e-02,7.227649962970954967e+00,1.483960850121180508e+00,4.676315164185542161e-01,3.151617240955937316e+00,1.626840517193809177e+00,8.593905752831000333e-01,2.099451089052207564e+00,-5.012035040909397221e-01,-4.251420398190186578e-01,9.890457297149981564e-01
9.420000000000007256e-01,-5.062553312786122195e-01,-5.023329593316878672e-01,1.020652997898362724e+00,1.871231194767645212e+00,2.622652194049034602e+00,-3.844370065935023839e-02,9.286522481693594289e-01,-3.298006110715870354e-01,1.684168711713767141e-01,-2.173284177566457004e-02,7.456249034571097667e+00,1.444601820779045864e+00,4.837746869604163669e-01,3.150958775062222994e+00,1.587566800770702446e+00,8.612111750763510321e-01,2.121663479593321799e+00,-4.977129691346698914e-01,-4.203565065229678543e-01,9.893285425393694155e-01
9.440000000000007274e-01,-5.025128688890769801e-01,-4.970876549435898073e-01,1.020576110497044109e+00,1.877315110453124714e+00,2.633907762117432050e+00,-4.454685956303252453e-02,9.308515866657003368e-01,-3.227541312512842153e-01,1.697509919810692713e-01,-2.301510555309197598e-02,7.684296692784422511e+00,1.400749642980003928e+00,5.014849274306162341e-01,3.149669502286719602e+00,1.548929788850547107e+00,8.655179519323710213e-01,2.144541558332640818e+00,-4.942129487167096213e-01,-4.155649641928289562e-01,9.896066197853223834e-01
9.460000000000007292e-01,-4.987582386681707058e-01,-4.918198394193549206e-01,1.020487016777918088e+00,1.883461107426029679e+00,2.644923570337504692e+00,-5.051259429140055740e-02,9.330769076140454921e-01,-3.154741623761683211e-01,1.710346445591972020e-01,-2.430406778657420025e-02,7.911471010692473271e+00,1.352405160354828828e+00,5.208531032399346117e-01,3.147702703426317861e+00,1.511018699955311906e+00,8.723679518902215380e-01,2.168068217599480096e+00,-4.907035277245059834e-01,-4.107680554063476430e-01,9.898799873872348165e-01
9.480000000000007310e-01,-4.949913164533186194e-01,-4.865299922786799347e-01,1.020385991589335184e+00,1.889669524399579803e+00,2.655695769007108353e+00,-5.633305017535027159e-02,9.353238696793535478e-01,-3.079602375301790929e-01,1.722630054529097898e-01,-2.559702835733883644e-02,8.137439653388165439e+00,1.299576778677782096e+00,5.419673546258714225e-01,3.145010156134230961e+00,1.473925206823344602e+00,8.818139973946332866e-01,2.192224821152871872e+00,-4.871847915572454779e-01,-4.059664270316509782e-01,9.901486719095422551e-01
9.500000000000007327e-01,-4.912119774045194398e-01,-4.812186007406656918e-01,1.020273325488984417e+00,1.895940577301041818e+00,2.666220208961529448e+00,-6.200033651574045346e-02,9.375879098182926530e-01,-3.002122326097398930e-01,1.734312268042733640e-01,-2.689119415728946291e-02,8.361860185221413388e+00,1.242280757977570760e+00,5.649124012980306642e-01,3.141542521675248167e+00,1.437743403027516242e+00,8.939040341537987100e-01,2.216991027247305901e+00,-4.836568261152259796e-01,-4.011607301497449596e-01,9.904127005414355978e-01
9.520000000000007345e-01,-4.874200962499173340e-01,-4.758861603227426129e-01,1.020149324815952996e+00,1.902274348234173740e+00,2.676492415960449733e+00,-6.750654463462252286e-02,9.398642508502033088e-01,-2.922303853203485069e-01,1.745344432323248374e-01,-2.818368313207049794e-02,8.584380483261396577e+00,1.180541515600669777e+00,5.897688203886347624e-01,3.137249779961048368e+00,1.402569737256201599e+00,9.086804642292460876e-01,2.242344627010630642e+00,-4.801197177890839107e-01,-3.963516199757011194e-01,9.906721010914196768e-01
9.540000000000007363e-01,-4.836155475534489878e-01,-4.705331754908216868e-01,1.020014311726683776e+00,1.908670773196353476e+00,2.686507565671461872e+00,-7.284376827653248065e-02,9.421479104722173537e-01,-2.840153141328187192e-01,1.755677792241799595e-01,-2.947152912830286117e-02,8.804639262307338399e+00,1.114391936518920767e+00,6.166123017274339757e-01,3.132081707876296583e+00,1.368502910291468089e+00,9.261794763310973178e-01,2.268261403298699186e+00,-4.765735534488366731e-01,-3.915397557783688032e-01,9.909269019817031898e-01
9.560000000000007381e-01,-4.797982060070563048e-01,-4.651601603594787693e-01,1.019868624190130690e+00,1.915129628600751310e+00,2.696260459598426085e+00,-7.800412642971803201e-02,9.444337117734465936e-01,-2.755680370339704810e-01,1.765263570717462704e-01,-3.075168759682781958e-02,9.022266715088557376e+00,1.043873686473741458e+00,6.455128851012984503e-01,3.125988394629662270e+00,1.335643730126696127e+00,9.464303853126986299e-01,2.294715014945380549e+00,-4.730184204327806397e-01,-3.867258007987051660e-01,9.911771322424468567e-01
9.580000000000007399e-01,-4.759679467498548200e-01,-4.597676394402819278e-01,1.019712615937271361e+00,1.921650516679610288e+00,2.705745502322400853e+00,-8.297978860582096161e-02,9.467162952921885921e-01,-2.668899898936735182e-01,1.774053053866959662e-01,-3.202104219792987344e-02,9.236885269416575284e+00,9.690375229161737325e-01,6.765341847873339587e-01,3.118920786720062566e+00,1.304094921282215491e+00,9.694549935840264254e-01,2.321676910888515799e+00,-4.694544065362141749e-01,-3.819104221666597687e-01,9.914228215058328297e-01
9.600000000000007416e-01,-4.721246457164955945e-01,-4.543561484356371527e-01,1.019546656360059700e+00,1.928232849871145849e+00,2.714956680437515590e+00,-8.776300258148705957e-02,9.489901326472898191e-01,-2.579830442591239392e-01,1.781997682214372658e-01,-3.327641234719483365e-02,9.448110462037179857e+00,8.899435981627402681e-01,7.097326072492426974e-01,3.110831254146263714e+00,1.273960885194443726e+00,9.952669875406220390e-01,2.349116278026367244e+00,-4.658816000000046698e-01,-3.770942908166589058e-01,9.916639999999917743e-01
9.620000000000007434e-01,-4.682681800167532993e-01,-4.489262350747621477e-01,1.019371130354896682e+00,1.934875834319252252e+00,2.723887543573233927e+00,-9.234612456704940908e-02,9.512495417602478964e-01,-2.488495243784179245e-01,1.789049148179185922e-01,-3.451456173192518628e-02,9.655551926838857213e+00,8.066617487685265875e-01,7.451565684450082161e-01,3.101674168769419815e+00,1.245347409565664254e+00,1.023871382090228543e+00,2.377000025849267839e+00,-4.623000894989793830e-01,-3.722780814016297679e-01,9.919006985427609724e-01
9.640000000000007452e-01,-4.643984283481147890e-01,-4.434784599876157030e-01,1.019186438105762482e+00,1.941578452641503194e+00,2.732531187897317526e+00,-9.672165172638019781e-02,9.534887036685190109e-01,-2.394922232491782932e-01,1.795159499992903529e-01,-3.573220781795229117e-02,9.858814492967470144e+00,7.192717648416028231e-01,7.828457176935378348e-01,3.091406485271089188e+00,1.218361325722818966e+00,1.055264025945261919e+00,2.405292809943111898e+00,-4.587099641301627395e-01,-3.674624722056111237e-01,9.921329485352863298e-01
9.660000000000007470e-01,-4.605152714428317751e-01,-4.380133976118210648e-01,1.018992994802309759e+00,1.948339446146251541e+00,2.740880242489950991e+00,-1.008822569288638504e-01,9.557016809130317592e-01,-2.299144174844413580e-01,1.800281252118295094e-01,-3.692603235536439515e-02,1.005749938634576246e+01,6.278636329068466582e-01,8.228301754754574482e-01,3.079988314999468457e+00,1.193110114332959881e+00,1.089431179510862879e+00,2.433957095374613022e+00,-4.551113134008361039e-01,-3.626481450549032814e-01,9.923607819554527421e-01
9.680000000000007487e-01,-4.566185925505392706e-01,-4.325316371268411730e-01,1.018791230288452088e+00,1.955157296703324388e+00,2.748926858968518072e+00,-1.048208255699584479e-01,9.578824374644037132e-01,-2.201198807874037988e-01,1.804367502162402270e-01,-3.809269287926331238e-02,1.025120552616417946e+01,5.325377459823918969e-01,8.651297928846651830e-01,3.067383483135385891e+00,1.169701461190160163e+00,1.126349175972679362e+00,2.462953259815940932e+00,-4.515042272164369042e-01,-3.578357852277084250e-01,9.925842313511663573e-01
9.700000000000007505e-01,-4.527082779571326432e-01,-4.270337834089041329e-01,1.018581588637312185e+00,1.962030208494255135e+00,2.756662704724211821e+00,-1.085304942517827664e-01,9.600248601330885201e-01,-2.101128958290680582e-01,1.807372054186176524e-01,-3.922883518835503652e-02,1.043953090616061630e+01,4.334050747643906076e-01,9.097534406917724414e-01,3.053560060062238346e+00,1.148242766190280539e+00,1.165984174596496503e+00,2.492239735072991902e+00,-4.478887958682900017e-01,-3.530260813624351290e-01,9.928033298334610901e-01
9.720000000000007523e-01,-4.487842175401441369e-01,-4.215204579994556999e-01,1.018364527648808693e+00,1.968956089886580108e+00,2.764078960105996519e+00,-1.120046910704605714e-01,9.621227813890461666e-01,-1.998982643283574168e-01,1.809249548221784354e-01,-4.033110677019011853e-02,1.062207404899591445e+01,3.305872942227614519e-01,9.566983361189600465e-01,3.038490858554729890e+00,1.128840609979966381e+00,1.208292013355372507e+00,2.521773184508395271e+00,-4.442651100211642001e-01,-3.482197253644003232e-01,9.930181110694420443e-01
9.740000000000007541e-01,-4.448463053603709527e-01,-4.159923000792437042e-01,1.018140518266667849e+00,1.975932535691901304e+00,2.771166319854525550e+00,-1.152371772134669625e-01,9.641700034968578858e-01,-1.894813151428427211e-01,1.809955595714864696e-01,-4.139617112743784744e-02,1.079843552080444802e+01,2.242168604822227240e-01,1.005949415451512063e+00,3.022153889380709391e+00,1.111600184051426909e+00,1.253218165866204714e+00,2.551508712746844321e+00,-4.406332607006657742e-01,-3.434174123111249921e-01,9.932286092750730599e-01
9.760000000000007558e-01,-4.408944402889871661e-01,-4.104499674395346576e-01,1.017910043912240825e+00,1.982956810078668530e+00,2.777914999048794797e+00,-1.182220895288589452e-01,9.661603238529128390e-01,-1.788679101897327484e-01,1.809446920515188073e-01,-4.242072294496378182e-02,1.096821949208820435e+01,1.144370335823777646e-01,1.057478760520817351e+00,3.004532769093448685e+00,1.096624691201476542e+00,1.300697805327061252e+00,2.581400103063090423e+00,-4.369933392804556949e-01,-3.386198403561475612e-01,9.934348592077830720e-01
9.780000000000007576e-01,-4.369285266688298086e-01,-4.048941374414370409e-01,1.017673599733183165e+00,1.990025830417555541e+00,2.784314743782064561e+00,-1.209539836899251042e-01,9.680875613927167889e-01,-1.680644480310353461e-01,1.807681504946937190e-01,-4.340150402294890714e-02,1.113103533054806960e+01,1.401842554902096860e-03,1.111245086886349265e+00,2.985617075124286313e+00,1.084014724235174976e+00,1.350655975786941854e+00,2.611400077025144206e+00,-4.333454374693023192e-01,-3.338277106312855791e-01,9.936368961589122639e-01
9.800000000000007594e-01,-4.329484750079947153e-01,-3.993255079538728936e-01,1.017431691765803281e+00,1.997136152339549886e+00,2.790354846731562422e+00,-1.234278775443257981e-01,9.699455839189080608e-01,-1.570778649735685151e-01,1.804618740400899535e-01,-4.433531988710973093e-02,1.128649921121182054e+01,-1.147240098039987583e-01,1.167193301221801649e+00,2.965402644698892143e+00,1.073867631526354227e+00,1.403007868741966035e+00,2.641460570337584191e+00,-4.296896472979583326e-01,-3.290417271475147842e-01,9.938347559459946856e-01
9.820000000000007612e-01,-4.289542027033156346e-01,-3.937447982604097563e-01,1.017184836010714521e+00,2.004283956284234058e+00,2.796024167729498355e+00,-1.256392942070055085e-01,9.717283361845059364e-01,-1.459156335534946558e-01,1.800219581806631886e-01,-4.521905697351189662e-02,1.143423572931735244e+01,-2.337653040826022932e-01,1.225254134978854159e+00,2.943891815550728097e+00,1.066276878533203298e+00,1.457659200817315481e+00,2.671533018415025218e+00,-4.260260611058650504e-01,-3.242625966942035975e-01,9.940284749048639013e-01
9.840000000000007629e-01,-4.249456347907471510e-01,-3.881527499249507462e-01,1.016933557422300405e+00,2.011465035808075896e+00,2.801311159381890015e+00,-1.275843044317975794e-01,9.734298685515807570e-01,-1.345857582959490428e-01,1.794446705264484965e-01,-4.604970027276226313e-02,1.157387950181796832e+01,-3.555365239063467131e-01,1.285343860867385501e+00,2.921093607805176351e+00,1.061331414573035703e+00,1.514506686248094036e+00,2.701568645045941519e+00,-4.223547715276844139e-01,-3.194910287369475133e-01,9.942180898815941026e-01
9.860000000000007647e-01,-4.209227047191310134e-01,-3.825501276061869516e-01,1.016678388813436751e+00,2.018674787909861656e+00,2.806203897717648221e+00,-1.292595677783340835e-01,9.750443660331645779e-01,-1.230967686627929825e-01,1.787264668046277261e-01,-4.682435130674334617e-02,1.170507674406334075e+01,-4.798421376451007525e-01,1.347364098064043780e+00,2.897023847734162771e+00,1.059115054103485942e+00,1.573438596071637274e+00,2.731518747561792360e+00,-4.186758714796593450e-01,-3.147277353138231426e-01,9.944036382242570360e-01
9.880000000000007665e-01,-4.168853551433112647e-01,-3.769377198107516369e-01,1.016419869677880117e+00,2.025908205612819035e+00,2.810690117784386377e+00,-1.306623720791786902e-01,9.765661775160029423e-01,-1.114577091251814506e-01,1.778640070110188709e-01,-4.754024630071879837e-02,1.182748680913120332e+01,-6.064769407324414052e-01,1.411201711352086718e+00,2.871705235257540956e+00,1.059705881427619900e+00,1.634335394448272805e+00,2.761334972219843031e+00,-4.149894541457961328e-01,-3.099734309301279689e-01,9.945851577745323802e-01
9.900000000000007683e-01,-4.128335387320856142e-01,-3.713163395751828411e-01,1.016158544933721819e+00,2.033159873020690789e+00,2.814757254040674894e+00,-1.317906707074421868e-01,9.779898449538472205e-01,-9.967812632215072854e-02,1.768541716220706772e-01,-4.819477440476446772e-02,1.194078367839407306e+01,-7.352264562276574766e-01,1.476728808617745914e+00,2.845167358080612274e+00,1.063175687173184780e+00,1.697070441365725380e+00,2.790969573999720676e+00,-4.112956129638710712e-01,-3.052288324516572171e-01,9.947626868591235016e-01
9.920000000000007701e-01,-4.087672189860442340e-01,-3.656868250671014842e-01,1.015894963592306910e+00,2.040423963038366040e+00,2.818392485328085062e+00,-1.326431171478302251e-01,9.793101323154895788e-01,-8.776805329145406787e-02,1.756940777718521141e-01,-4.878549581120614209e-02,1.204465739314996320e+01,-8.658673904181263259e-01,1.543802840294627776e+00,2.817446656167545527e+00,1.069589444112441612e+00,1.761510750175027340e+00,2.820375655691931271e+00,-4.075944416112672330e-01,-3.004946589962783632e-01,9.949362642810020141e-01
9.940000000000007718e-01,-4.046863710599675201e-01,-3.600500400964453118e-01,1.015629677358011351e+00,2.047694237917082827e+00,2.821582784141559053e+00,-1.332190963842922737e-01,9.805220540686899744e-01,-7.573799078408693930e-02,1.743810952948269544e-01,-4.931015960918432028e-02,1.213881541847373491e+01,-9.981681395410165747e-01,1.612266803471756438e+00,2.788586340849735556e+00,1.079004828930450355e+00,1.827517787954910933e+00,2.849507381976507325e+00,-4.038860339906248376e-01,-2.957716318241417897e-01,9.951059293104855819e-01
9.960000000000007736e-01,-4.005909825841333372e-01,-3.544068745281622190e-01,1.015363239165242737e+00,2.054964052750185566e+00,2.824314969854531565e+00,-1.335187526352430987e-01,9.816209029805401665e-01,-6.359888569904802169e-02,1.729128625323934909e-01,-4.976672121369623419e-02,1.222298393180581755e+01,-1.131889343114534041e+00,1.681949552475809018e+00,2.758636273253018967e+00,1.091471795457804816e+00,1.894948306590097831e+00,2.878320165118610330e+00,-4.001704842153238628e-01,-2.910604742262032918e-01,9.952717216761439722e-01
9.980000000000007754e-01,-3.964810544786329660e-01,-3.487582445884531701e-01,1.015096201659972275e+00,2.062226362008549252e+00,2.826575765496896153e+00,-1.335430129926147846e-01,9.826022770166049636e-01,-5.136210669961260855e-02,1.712873017992329605e-01,-5.015335920453549423e-02,1.229690903014114944e+01,-1.266784478919003254e+00,1.752666216817151845e+00,2.727652806910659589e+00,1.107032203708643525e+00,1.963655192652633330e+00,2.906770819898251368e+00,-3.964478865947812514e-01,-2.863619114112697650e-01,9.954336815555024920e-01
1.000000000000000666e+00,-3.923566017546158413e-01,-3.431050930574593982e-01,1.014829115633987033e+00,2.069473729165716147e+00,2.828351857630401867e+00,-1.332936065535763048e-01,9.834621051252949719e-01,-3.903941709651527481e-02,1.695026344044175126e-01,-5.046849141048095899e-02,1.236035785097032225e+01,-1.402600494362252315e+00,1.824218726462946805e+00,2.695698599404412032e+00,1.125719507836799860e+00,2.033488324659981306e+00,2.934817686420466476e+00,-3.927183356195748098e-01,-2.816766703914486691e-01,9.955918495656078671e-01
1.002000000000000668e+00,-3.882176542962844090e-01,-3.374483893421986180e-01,1.014562528420879906e+00,2.076698339422238249e+00,2.829629958818294710e+00,-1.327730786732433943e-01,9.841966717002584852e-01,-2.664294510674246330e-02,1.675573951219505309e-01,-5.071079007587581122e-02,1.241311960332500064e+01,-1.539078468798012800e+00,1.896396443480955263e+00,2.662842397702729347e+00,1.147558504910736632e+00,2.104295426998594731e+00,2.962420720455022138e+00,-3.889819259463790369e-01,-2.770054798659741802e-01,9.957462667533839573e-01
1.004000000000000670e+00,-3.840642576174399525e-01,-3.317891294245620126e-01,1.014296982263533486e+00,2.083892015497417649e+00,2.830396872144861131e+00,-1.319848000126434273e-01,9.848026395219700024e-01,-1.418515161894589281e-02,1.654504460059060822e-01,-5.087919595035639286e-02,1.245500650636207851e+01,-1.675954301335278895e+00,1.968976898192521530e+00,2.629158801532152534e+00,1.172565145225174854e+00,2.175922910705560653e+00,2.989541551925702922e+00,-3.852387523827316418e-01,-2.723490701035381489e-01,9.958969745858144984e-01
1.006000000000000671e+00,-3.798964735864451270e-01,-3.261283356802722744e-01,1.014033012663508204e+00,2.091046236415336157e+00,2.830639557206658274e+00,-1.309329701079841035e-01,9.852770709900344759e-01,-1.678795617654693954e-03,1.631809894465786892e-01,-5.097293114789547275e-02,1.248585463386694094e+01,-1.812959418769398923e+00,2.041726627090489465e+00,2.594728008674858533e+00,1.200746403763223613e+00,2.248216692343013801e+00,3.016143513065023374e+00,-3.814889098716144344e-01,-2.677081728230037427e-01,9.960440149399639731e-01
1.008000000000000673e+00,-3.757143811136144373e-01,-3.204670565658589432e-01,1.013771146723292160e+00,2.098152159171539743e+00,2.830345196971271626e+00,-1.296226152441787294e-01,9.856174474697970700e-01,1.086310256164386805e-02,1.607485803660037293e-01,-5.099151062844937271e-02,1.250552466385553885e+01,-1.949821498467039671e+00,2.114402108924061885e+00,2.559635545567059633e+00,1.232100211426914171e+00,2.321022983327212241e+00,3.042191638544812893e+00,-3.777324934758445885e-01,-2.630835210724253304e-01,9.961874300927922032e-01
1.010000000000000675e+00,-3.715180767952713792e-01,-3.148063661719163742e-01,1.013511901492803791e+00,2.105200643127737248e+00,2.829501264881854272e+00,-1.280595804768061563e-01,9.858216865905514714e-01,2.342729995597811823e-02,1.581531374538543422e-01,-5.093475216426929936e-02,1.251390253310199796e+01,-2.086265201331625629e+00,2.186750794531562736e+00,2.523971985987306432e+00,1.266615443774665728e+00,2.394189043248824866e+00,3.067652640584534574e+00,-3.739695983622974840e-01,-2.584758491066961872e-01,9.963272627108084034e-01
1.012000000000000677e+00,-3.673076755090158851e-01,-3.091473636421526727e-01,1.013255782331850208e+00,2.112182276945111958e+00,2.828095591576783807e+00,-1.262505157113081034e-01,9.858881573477252802e-01,3.600037146932113380e-02,1.553949533480293299e-01,-5.080278466326080405e-02,1.251089999691682131e+01,-2.222012910344467684e+00,2.258512225217529146e+00,2.487832660021149334e+00,1.304271964269644979e+00,2.467563891895875550e+00,3.092494862602426675e+00,-3.702003197859354833e-01,-2.538858922632747372e-01,9.964635558395220638e-01
1.014000000000000679e+00,-3.630833109551256377e-01,-3.034911724589990922e-01,1.013003281300427494e+00,2.119087407833011305e+00,2.826116430593710760e+00,-1.242028558152646206e-01,9.858156928777886963e-01,4.856875191492737720e-02,1.524747036682178314e-01,-5.059605473355437144e-02,1.249645509485858241e+01,-2.356785470600330612e+00,2.329419233725060767e+00,2.451317354887650346e+00,1.345040718458027307e+00,2.540998975834448892e+00,3.116688215405916118e+00,-3.664247530736579606e-01,-2.493143868365891858e-01,9.965963528927337389e-01
1.016000000000000680e+00,-3.588451361394596195e-01,-2.978389395978116583e-01,1.012754875588796954e+00,2.125906172859501453e+00,2.823552522436026280e+00,-1.219247948080169203e-01,9.856036007920578879e-01,6.111877936873701817e-02,1.493934548153467989e-01,-5.031533138657202919e-02,1.247053252329146389e+01,-2.490302927216867968e+00,2.399199221148440753e+00,2.414530008626799784e+00,1.388883875054529149e+00,2.614348786484124609e+00,3.140204100226339889e+00,-3.626429936079634819e-01,-2.447620699505764219e-01,9.967256976416132286e-01
1.018000000000000682e+00,-3.545933237937406446e-01,-2.921918345529396221e-01,1.012511025999180969e+00,2.132628532044115843e+00,2.820393156397255296e+00,-1.194252542406298995e-01,9.852516709739214118e-01,7.363673958495356442e-02,1.461526704550916156e-01,-4.996170879022315825e-02,1.243312391581903498e+01,-2.622285257976065154e+00,2.467575502466462289e+00,2.377578397109949115e+00,1.435755009624019474e+00,2.687471427625097498e+00,3.163015323076535878e+00,-3.588551368104282435e-01,-2.402296794298575122e-01,9.968516342036248812e-01
1.020000000000000684e+00,-3.503280667296523876e-01,-2.865510482401451009e-01,1.012272175490699810e+00,2.139244302931545327e+00,2.816628229564723807e+00,-1.167138459471175477e-01,9.847601807631204407e-01,8.610891121466067444e-02,1.427542166095562837e-01,-4.953660699930874378e-02,1.238424803265011853e+01,-2.752453098036424350e+00,2.534268712753642738e+00,2.340573814352999271e+00,1.485599326394498654e+00,2.760229131171909600e+00,3.185096004966860406e+00,-3.550612781250038763e-01,-2.357179536689583688e-01,9.969742070312432869e-01
1.022000000000000686e+00,-3.460495781237892809e-01,-2.809177917810156688e-01,1.012038747798805538e+00,2.145743196328428137e+00,2.812248302457651672e+00,-1.138008294138905668e-01,9.841298974704141278e-01,9.852161155999840381e-02,1.392003652878131548e-01,-4.904177060662311821e-02,1.232395085990597394e+01,-2.880528454521477322e+00,2.598998265545763964e+00,2.303630745701225280e+00,1.538353913713689902e+00,2.832488720840901752e+00,3.206421492455314493e+00,-3.512615130011139675e-01,-2.312276315001312588e-01,9.970934609004771243e-01
1.024000000000000687e+00,-3.417580917311324185e-01,-2.752932951761003499e-01,1.011811146139977691e+00,2.152114852874055462e+00,2.807244650795964525e+00,-1.106970640774763565e-01,9.833620781861037718e-01,1.108612425900440124e-01,1.354937965932352106e-01,-4.847926527547198605e-02,1.225230561978018251e+01,-3.006235409230868516e+00,2.661483854298303697e+00,2.266866533118562010e+00,1.593948028746435597e+00,2.904122024013639169e+00,3.226968272848838026e+00,-3.474559368765796075e-01,-2.267594520594494178e-01,9.972094408992359105e-01
1.026000000000000689e+00,-3.374538620253842991e-01,-2.696788058745084316e-01,1.011589752011822663e+00,2.158348880109910439e+00,2.801609312943904140e+00,-1.074139569196632948e-01,9.824584668663288722e-01,1.231143369402143833e-01,1.316375992534555006e-01,-4.785147213222464002e-02,1.216941269233541334e+01,-3.129300808122862598e+00,2.721446987383590255e+00,2.230401031570745651e+00,1.652303407198656426e+00,2.975006232661974170e+00,3.246713898117037367e+00,-3.436446451603442087e-01,-2.223141546511856470e-01,9.973221924154661577e-01
1.028000000000000691e+00,-3.331371642651644871e-01,-2.640755872486206246e-01,1.011374924097983241e+00,2.164434889712568477e+00,2.795335132626076025e+00,-1.039634057834007003e-01,9.814212887016081632e-01,1.352676036147975880e-01,1.276352695273384463e-01,-4.716108001592548421e-02,1.207539944958426759e+01,-3.249454936573679564e+00,2.778612546626654467e+00,2.194356255330399463e+00,1.713334594116251219e+00,3.045024214653299310e+00,3.265636921247249802e+00,-3.398277332150163588e-01,-2.178924786105856382e-01,9.974317611251323212e-01
1.030000000000000693e+00,-3.288082944857393386e-01,-2.584849169833684512e-01,1.011166997286416347e+00,2.170362534559556078e+00,2.788415796572014216e+00,-1.003577388811875970e-01,9.802532417926751451e-01,1.473079731122003411e-01,1.234907084525356247e-01,-4.641107560073932936e-02,1.197042000237364689e+01,-3.366432179722920637e+00,2.832710358984130483e+00,2.158856012959821769e+00,1.776949292131619229e+00,3.114064777105118864e+00,3.283716848366819541e+00,-3.360052963392232694e-01,-2.134951631650485737e-01,9.975381929799985725e-01
1.032000000000000695e+00,-3.244675694166202495e-01,-2.529080853902244130e-01,1.010966281808653999e+00,2.176121545308134397e+00,2.780845866807609479e+00,-9.660965100953780582e-02,9.789574861790336646e-01,1.592226416947183087e-01,1.192082174069908351e-01,-4.560473142591760926e-02,1.185465486049111661e+01,-3.479971667461152940e+00,2.883476770629340269e+00,2.124025529747599617e+00,1.843048723900835295e+00,3.182022883715049932e+00,3.300934109498650404e+00,-3.321774297497640527e-01,-2.091229472933548439e-01,9.976415341951927473e-01
1.034000000000000696e+00,-3.201153263260039794e-01,-2.473463936566091814e-01,1.010773062506634901e+00,2.181701766182398750e+00,2.772620807376792396e+00,-9.273213701780148865e-02,9.775376302857541333e-01,1.709991145291518966e-01,1.147924919681252570e-01,-4.474559188686825367e-02,1.172831050635216599e+01,-3.589817903803270926e+00,2.930656212425059248e+00,2.089991056477001674e+00,1.911528005870228419e+00,3.248799828168405845e+00,3.317270050308123164e+00,-3.283442285635869151e-01,-2.047765695835537803e-01,9.977418312366195252e-01
1.036000000000000698e+00,-3.157519227936391726e-01,-2.418011520418555937e-01,1.010587598232599360e+00,2.187093189684175432e+00,2.763737005343547271e+00,-8.873842310667495736e-02,9.759977148736173058e-01,1.826252474314236096e-01,1.102486140643130358e-01,-4.383745725959684730e-02,1.159161888262133466e+01,-3.695721380519802590e+00,2.974002745549027438e+00,2.056879463583108247e+00,1.982276530913546608e+00,3.314303365830362225e+00,3.332706946659090619e+00,-3.245057877795640700e-01,-2.004567680889333126e-01,9.978391308081535627e-01
1.038000000000000700e+00,-3.113777364142708004e-01,-2.362736780311684992e-01,1.010410121386386084e+00,2.192285989967505788e+00,2.754191785991566110e+00,-8.464189655079307206e-02,9.743421945966906916e-01,1.940892869575235324e-01,1.055820424245898920e-01,-4.288436584906860777e-02,1.144483679417822053e+01,-3.797439174968912479e+00,3.013281575893167030e+00,2.024817820011746150e+00,2.055178357782474929e+00,3.378447805977661478e+00,3.347228043226982308e+00,-3.206622022600735811e-01,-1.961642801823015314e-01,9.979334798386272354e-01
1.040000000000000702e+00,-3.069931644343357746e-01,-2.307652944591853661e-01,1.010240837593284535e+00,2.197270554644503715e+00,2.743983422205472866e+00,-8.045603445068966186e-02,9.725759172895941385e-01,2.053799085945985370e-01,1.007986013442359330e-01,-4.189057436971834608e-02,1.128824522496820570e+01,-3.894735532087939323e+00,3.048270525792740937e+00,1.993932956412677981e+00,2.130112605694960415e+00,3.441154066828068459e+00,3.360817616834609112e+00,-3.168135667123944677e-01,-1.918998424086736376e-01,9.980249254686706095e-01
1.042000000000000703e+00,-3.025986233250467783e-01,-2.252773276147744252e-01,1.010079925524383082e+00,2.202037514821438169e+00,2.733111138082509939e+00,-7.619433212211647322e-02,9.707041011239255779e-01,2.164862528197753488e-01,9.590446779584363424e-02,-4.086053668321004001e-02,1.112214857048179084e+01,-3.987382430469154748e+00,3.078761451664042248e+00,1.964351012675195962e+00,2.206953852738338995e+00,3.502349695594482171e+00,3.373461064584680535e+00,-3.129599756699057433e-01,-1.876641903361964681e-01,9.981135150373017240e-01
1.044000000000000705e+00,-2.981945482954039273e-01,-2.198111053386093972e-01,1.009927536860138808e+00,2.206577773197353487e+00,2.721575106885838480e+00,-7.187023172535875193e-02,9.687323097894330326e-01,2.273979588102996718e-01,9.090615692761110089e-02,-3.979888103441987790e-02,1.094687378688708357e+01,-4.075160132365963861e+00,3.104561596246043553e+00,1.936196970234746351e+00,2.285572537076896449e+00,3.561968855737873252e+00,3.385145016277157914e+00,-3.091015234730828398e-01,-1.834580584051972441e-01,9.981992960683429006e-01
1.046000000000000707e+00,-2.937813927490092181e-01,-2.143679551248377224e-01,1.009783796396688027e+00,2.210882530092729947e+00,2.709376443509217580e+00,-6.749705172405744136e-02,9.666664258703361323e-01,2.381051956066813080e-01,8.581050600276286799e-02,-3.871038594129116300e-02,1.076276945819655673e+01,-4.157857717359066285e+00,3.125494864360246705e+00,1.909594170038390271e+00,2.365835360222581230e+00,3.619952283526548520e+00,3.395857470021899527e+00,-3.052383042503123978e-01,-1.792821797757899183e-01,9.982823162566490938e-01
1.048000000000000709e+00,-2.893596276888237839e-01,-2.089492022378192926e-01,1.009648802293239944e+00,2.214943307311840748e+00,2.696517191676939262e+00,-6.308791774258667995e-02,9.645126226006159875e-01,2.485986905506344657e-01,8.062465684606175131e-02,-3.759995490750094732e-02,1.057020478327702584e+01,-4.235273599265071631e+00,3.141403011429834802e+00,1.884663817532134411e+00,2.447605691839967346e+00,3.676247215939473900e+00,3.405587949404043080e+00,-3.013704118984991132e-01,-1.751372861735275288e-01,9.983626234541170819e-01
1.050000000000000711e+00,-2.849297410742001047e-01,-2.035561678544654252e-01,1.009522626457754813e+00,2.218751969778891553e+00,2.683000306151770431e+00,-5.865569536376475518e-02,9.622773341939105940e-01,2.588697548415176963e-01,7.535603687518718785e-02,-3.647259013860873478e-02,1.036956848500627260e+01,-4.307216025699379891e+00,3.152146734440226084e+00,1.861524476532578021e+00,2.530743975723456884e+00,3.730807291882850318e+00,3.414327680030146972e+00,-2.974979400634796267e-01,-1.710241077333456983e-01,9.984402656555114719e-01
1.052000000000000712e+00,-2.804922371346423304e-01,-1.981901672421618743e-01,1.009405315067027242e+00,2.222300744923979554e+00,2.668829630266685626e+00,-5.421292537532187983e-02,9.599672249537775093e-01,2.689103060785203447e-01,7.001233880616850036e-02,-3.533336545236751003e-02,1.016126764443042241e+01,-4.373503559520241168e+00,3.157606655581254529e+00,1.840291554324383405e+00,2.615108136681652873e+00,3.783592428629225068e+00,3.422069782797796833e+00,-2.936209821202422354e-01,-1.669433728418718288e-01,9.985152909840737667e-01
1.054000000000000714e+00,-2.760476356447943980e-01,-1.928525079816285070e-01,1.009296889216276583e+00,2.225582239829732245e+00,2.654009869132872179e+00,-4.977176193481504252e-02,9.575891573783712474e-01,2.787128876807719591e-01,6.460149913291815538e-02,-3.418739858202272247e-02,9.945726463374809256e+00,-4.433965541188335635e+00,3.157684189489639248e+00,1.821076780810661155e+00,2.700553988120617532e+00,3.834568675340172206e+00,3.428809480785175445e+00,-2.897396311529426560e-01,-1.628958079777876877e-01,9.985877476769504657e-01
1.056000000000000716e+00,-2.715964711651349117e-01,-1.875444882433627558e-01,1.009197345692407044e+00,2.228589456182509476e+00,2.638546558906545325e+00,-4.534391407946358754e-02,9.551501594799203243e-01,2.882706851036104800e-01,5.913167549105497606e-02,-3.303982307758460135e-02,9.723384959593751375e+00,-4.488442530885254911e+00,3.152302285808274096e+00,1.803987684984037720e+00,2.786935640108175072e+00,3.883708045499646655e+00,3.434544316269997566e+00,-2.858539799347218358e-01,-1.588821375506566658e-01,9.986576840703931257e-01
1.058000000000000718e+00,-2.671392922527698888e-01,-1.822673951255496527e-01,1.009106657864248024e+00,2.231315803102700279e+00,2.622446032520309611e+00,-4.094059096053867530e-02,9.526573915437085427e-01,2.975775387961411833e-01,5.361122302548904789e-02,-3.189576001413746420e-02,9.494697599199293236e+00,-4.536786729051657474e+00,3.141406039694467189e+00,1.789127072401060614e+00,2.874105907651958169e+00,3.930988330065829928e+00,3.439274374056994432e+00,-2.819641209073350252e-01,-1.549030837377585734e-01,9.987251485847832289e-01
1.060000000000000719e+00,-2.626766606465644749e-01,-1.770225030605090399e-01,1.009024776682327040e+00,2.233755107956399311e+00,2.605715382301140526e+00,-3.657245113243252216e-02,9.501181125534765570e-01,3.066279538726399689e-01,4.804866988951220219e-02,-3.076028971817745122e-02,9.260131871769818446e+00,-4.578862373839539757e+00,3.124963163937181321e+00,1.776592507695605505e+00,2.961916718823451866e+00,3.976392893145516805e+00,3.443002507033052773e+00,-2.780701461605540326e-01,-1.509593663192824731e-01,9.987901897094266790e-01
1.062000000000000721e+00,-2.582091504306516794e-01,-1.718110722959067527e-01,1.008951631780062197e+00,2.235901625275163784e+00,2.588362419906592660e+00,-3.224955617526344825e-02,9.475396465102456922e-01,3.154171064979718331e-01,4.245269201026798805e-02,-2.963842372270995146e-02,9.020166814192437599e+00,-4.614546113829005591e+00,3.102964317476434974e+00,1.766475806469600451e+00,3.050219522229500324e+00,4.019910452004233470e+00,3.445734559680654563e+00,-2.741721474113990586e-01,-1.470517025117156207e-01,9.988528559871616697e-01
1.064000000000000723e+00,-2.537373471801013247e-01,-1.666343474560935678e-01,1.008887132667711573e+00,2.237750043931280075e+00,2.570395634013822761e+00,-2.798132887779175917e-02,9.449293488694844312e-01,3.239408470146566410e-01,3.683208726134140631e-02,-2.853507715938244024e-02,8.775291489921619004e+00,-4.643727354244413519e+00,3.075423286345653207e+00,1.758862541121336331e+00,3.138865693166887461e+00,4.061534843245884652e+00,3.447479585170363681e+00,-2.702702159831485984e-01,-1.431808067993874389e-01,9.989131959987463949e-01
1.066000000000000725e+00,-2.492618470922387530e-01,-1.614935561880659343e-01,1.008831170009955924e+00,2.239295492732750859e+00,2.551824146192794629e+00,-2.377651615539983637e-02,9.422945733173223593e-01,3.321956998661789173e-01,3.119574918771116437e-02,-2.745504179130522568e-02,8.526003430925936044e+00,-4.666308574822589428e+00,3.042377014367211974e+00,1.753831565321200880e+00,3.227706937611591442e+00,4.101264777023692076e+00,3.448250051624470736e+00,-2.663644427841510565e-01,-1.393473907642486243e-01,9.989712583470499174e-01
1.068000000000000727e+00,-2.447832561067732615e-01,-1.563899078956803579e-01,1.008783616977645181e+00,2.240533544614855099e+00,2.532657665386055523e+00,-1.964315682678234934e-02,9.396426391002080658e-01,3.401788603972517033e-01,2.555264043136390092e-02,-2.640295988348085460e-02,8.272807050129468820e+00,-4.682205617441066003e+00,3.003885482307149690e+00,1.751454561903913021e+00,3.316595692994745548e+00,4.139103581175712421e+00,3.448062033197485832e+00,-2.624549182864432950e-01,-1.355521629139446182e-01,9.990270916410434188e-01
1.070000000000000728e+00,-2.403021890175435493e-01,-1.513245925649082391e-01,1.008744330663991606e+00,2.241460219613608640e+00,2.512906441403275348e+00,-1.558855432352872911e-02,9.369807991140577386e-01,3.478881886366610998e-01,1.991176600742189037e-02,-2.538329909901528708e-02,8.016212032621176320e+00,-4.691347941609347316e+00,2.960031435619693063e+00,1.751795618925893416e+00,3.405385524522566154e+00,4.175058937211922228e+00,3.446935381755734440e+00,-2.585417325041393655e-01,-1.317958285078107972e-01,9.990807444795479775e-01
1.072000000000000730e+00,-2.358192685783163378e-01,-1.462987796821016984e-01,1.008713153555344633e+00,2.242071986810715956e+00,2.492581217819962891e+00,-1.161925435970049408e-02,9.343162089486841682e-01,3.553222001917212269e-01,1.428214658065185549e-02,-2.440032859864434134e-02,7.756731714290186375e+00,-4.693678845963922264e+00,2.910919962365831726e+00,1.754910838510026494e+00,3.493931515594715265e+00,4.209142610106088256e+00,3.444893875158122398e+00,-2.546249749716510413e-01,-1.280790893813790743e-01,9.991322654348180343e-01
1.074000000000000732e+00,-2.313351246046949083e-01,-1.413136172464617701e-01,1.008689915046625307e+00,2.242365765439803482e+00,2.471693184647061781e+00,-7.741027544341000377e-03,9.316558970712307541e-01,3.624800544049397999e-01,8.672791890693972577e-03,-2.345809650873028826e-02,7.494881456837765299e+00,-4.689155653987375771e+00,2.856677924352284403e+00,1.760847982898742670e+00,3.582090650702712153e+00,4.241370173866579663e+00,3.441965338434124000e+00,-2.507047347216649902e-01,-1.244026437687316133e-01,9.991817030358682850e-01
1.076000000000000734e+00,-2.268503930738152985e-01,-1.363702308771676530e-01,1.008674432991536696e+00,2.242338925340032318e+00,2.450253931112190919e+00,-3.958856879136230141e-03,9.290067363186508276e-01,3.693615399429729385e-01,3.092674471298695500e-03,-2.256040890894548193e-02,7.231177028307138599e+00,-4.677749862294239946e+00,2.797453245985351167e+00,1.769646161834286469e+00,3.669722189026226378e+00,4.271760734866760778e+00,3.438181734526213340e+00,-2.467811002629468620e-01,-1.207671861233479138e-01,9.992291057516404784e-01
1.078000000000000735e+00,-2.223657152231352241e-01,-1.314697230149432794e-01,1.008666515277778508e+00,2.241989286935828218e+00,2.428275398864876422e+00,-2.769300465327428212e-04,9.263754168541215028e-01,3.759670580050766264e-01,-2.449296195669995076e-03,-2.171081047556433150e-02,6.966132998353764982e+00,-4.659447249988685869e+00,2.733414066746106208e+00,1.781335565004812604e+00,3.756688026818812975e+00,4.300336654907570555e+00,3.433579221696351436e+00,-2.428541595579122303e-01,-1.171734069368527420e-01,9.992745219739078699e-01
1.080000000000000737e+00,-2.178817366492635799e-01,-1.266131722172135210e-01,1.008665961417685386e+00,2.241315120910816638e+00,2.405769835887898722e+00,3.301363639218917682e-03,9.237684207258942681e-01,3.822976033528509565e-01,-7.944298956639650119e-03,-2.091256689985305367e-02,6.700261157446268712e+00,-4.634247947799418732e+00,2.664747764546734121e+00,1.795937242838782755e+00,3.842853046582184628e+00,4.327123275958567383e+00,3.428198175188907904e+00,-2.389240000000028008e-01,-1.136219925559945887e-01,9.993179999999949326e-01
1.082000000000000739e+00,-2.133991064074419464e-01,-1.218016325454377297e-01,1.008672564144963868e+00,2.240315147730401968e+00,2.382749751365589308e+00,6.773431774198909738e-03,9.211919981496756726e-01,3.883547433749628408e-01,-1.338362556555880607e-02,-2.016864918371333304e-02,6.434068969039260288e+00,-4.602166465931807338e+00,2.591659858500635849e+00,1.813462938399725388e+00,3.928085450971464443e+00,4.352148648474980064e+00,3.422083171280023706e+00,-2.349907083908587824e-01,-1.101136249978330039e-01,9.993595880152771338e-01
1.084000000000000741e+00,-2.089184761119811384e-01,-1.170361330427065472e-01,1.008686111008512354e+00,2.238988537151269664e+00,2.359227871728208026e+00,1.013747308050894427e-02,9.186521456174274736e-01,3.941405954096066644e-01,-1.875870444679807181e-02,-1.948171989674541901e-02,6.168058063494441967e+00,-4.563231679841301514e+00,2.514372800810873443e+00,1.833914972553211564e+00,4.012257079368318990e+00,4.375443265119698388e+00,3.415282932417351702e+00,-2.310543709172681037e-01,-1.066489817629552306e-01,9.993993340754686594e-01
1.086000000000000743e+00,-2.044404990376786080e-01,-1.123176772992501293e-01,1.008706385954673435e+00,2.237334907837794873e+00,2.335217098060010876e+00,1.339246749588997830e-02,9.161545859167521400e-01,3.996578025536752232e-01,-2.406112353205313442e-02,-1.885412146049736740e-02,5.902722782148220659e+00,-4.517486773420730017e+00,2.433124668533586998e+00,1.857286183948055891e+00,4.095243705095145792e+00,4.397039801626665856e+00,3.407850232751633790e+00,-2.271150731279144575e-01,-1.032287356470399931e-01,9.994372860886816534e-01
1.088000000000000744e+00,-1.999658292220030109e-01,-1.076472431031301052e-01,1.008733170889665187e+00,2.235354327185403278e+00,2.310730465027901026e+00,1.653816235345108299e-02,9.137047501260047166e-01,4.049095081909362959e-01,-2.928265207196155059e-02,-1.828786650710716860e-02,5.638548779437416947e+00,-4.464989139401619234e+00,2.348167766888511476e+00,1.883559924687257858e+00,4.176925311321553203e+00,4.416972866426059241e+00,3.399841763969991160e+00,-2.231728999099159561e-01,-9.985355455011235559e-02,9.994734917972791788e-01
1.090000000000000746e+00,-1.954951205676322135e-01,-1.030257821730743012e-01,1.008766247214372136e+00,2.233047311429801951e+00,2.285781101458050468e+00,1.957505487957531681e-02,9.113077616312329488e-01,4.098993294720036928e-01,-3.441526133426038581e-02,-1.778463034106657001e-02,5.376011690408192045e+00,-4.405810237089145431e+00,2.259767156553929013e+00,1.912710111892481857e+00,4.257186343851105725e+00,4.435278760517234353e+00,3.391317961947210691e+00,-2.192279354651507361e-01,-9.652410128448762894e-02,9.995079987595170135e-01
1.092000000000000748e+00,-1.910290259447726124e-01,-9.845421997015819937e-02,1.008805397324131325e+00,2.230414826099134551e+00,2.260382192660105538e+00,2.250437124620824347e-02,9.089684221922177398e-01,4.146313299766258842e-01,-3.945114411198542836e-02,-1.734574551467063172e-02,5.115575870255240964e+00,-4.340035407876649209e+00,2.168199117986783886e+00,1.944701334670733583e+00,4.335915939137753305e+00,4.451995248917033798e+00,3.382342795323124651e+00,-2.152802632863619614e-01,-9.324103338035955035e-02,9.995408543309440841e-01
1.094000000000000750e+00,-1.865681962925743453e-01,-9.393345558483798263e-02,1.008850406066623684e+00,2.227458286843974289e+00,2.234546944572792349e+00,2.532804241852319727e-02,9.066912000665229288e-01,4.191099917839360423e-01,-4.438273297726828132e-02,-1.697219851008387181e-02,4.857693211781739961e+00,-4.267763649310989393e+00,2.073749566242881315e+00,1.979489015326873158e+00,4.413008126102033302e+00,4.467161344840077319e+00,3.372983517679973176e+00,-2.113299661330672041e-01,-9.000500288965174178e-02,9.995721056456037257e-01
1.096000000000000751e+00,-1.821132797188863839e-01,-8.946436169569239871e-02,1.008901062151460692e+00,2.224179560658059440e+00,2.208288549781275645e+00,2.804867704067997430e-02,9.044802201827756294e-01,4.233401871689806972e-01,-4.920271722854472479e-02,-1.666462850405148188e-02,4.602802045847306900e+00,-4.189107348799393726e+00,1.976712430032264933e+00,2.017019623005934292e+00,4.488362000554083409e+00,4.480817107577881764e+00,3.363310385521042889e+00,-2.073771260072404532e-01,-8.681665618808515061e-02,9.996017995970081227e-01
1.098000000000000753e+00,-1.776649205975702750e-01,-8.504778459612984121e-02,1.008957159505541989e+00,2.220580967481212475e+00,2.181620155435621822e+00,3.066953160148322768e-02,9.023392563376190223e-01,4.273271501342836842e-01,-5.390405849127254123e-02,-1.642332817529137609e-02,4.351326128996629627e+00,-4.104191978354748471e+00,1.877388008830126465e+00,2.057230937338990984e+00,4.561881871311410208e+00,4.493003454846237865e+00,3.353396344731274681e+00,-2.034218241287797380e-01,-8.367663377511064260e-02,9.996299828188898173e-01
1.100000000000000755e+00,-1.732237586626078629e-01,-8.068454428525859146e-02,1.009018498568744926e+00,2.216665282155300787e+00,2.154554833081316012e+00,3.319447811857019481e-02,9.002717253750730508e-01,4.310764479736487464e-01,-5.848000494440072639e-02,-1.624824649967500714e-02,4.103673721549940367e+00,-4.013155752064785808e+00,1.776081321776182387e+00,2.100052359095483379e+00,4.633477377392422270e+00,4.503761990164405482e+00,3.343316688625134425e+00,-1.994641409107812402e-01,-8.058557007213595913e-02,9.996567016657315063e-01
1.102000000000000757e+00,-1.687904280982972516e-01,-7.637543461909596099e-02,1.009084887524982044e+00,2.212435736684741805e+00,2.127105550397021982e+00,3.562796957473715609e-02,8.982806832925706031e-01,4.345939530521137906e-01,-6.292410415667575030e-02,-1.613899346457151399e-02,3.860236758504381527e+00,-3.916149248235559543e+00,1.673100461840930642e+00,2.145405264338863915e+00,4.703063575984374189e+00,4.513134845620894176e+00,3.333148691046284640e+00,-1.955041559345576108e-01,-7.754409321871041927e-02,9.996820021930731270e-01
1.104000000000000759e+00,-1.643655566249277722e-01,-7.212122351830191347e-02,1.009156143464131627e+00,2.207896022735182928e+00,2.099285144821660509e+00,3.797500333350585511e-02,8.963688232048747651e-01,4.378858149712406833e-01,-6.723021452827088185e-02,-1.609484662129551102e-02,3.621390114657325743e+00,-3.813334998397586606e+00,1.568754968324075572e+00,2.193203398131671200e+00,4.770561001197608952e+00,4.521164540170635959e+00,3.322971218274962446e+00,-1.915419479244819811e-01,-7.455282486670533615e-02,9.997059301375932350e-01
1.106000000000000760e+00,-1.599497645794573930e-01,-6.792265322865859156e-02,1.009232093470798564e+00,2.203050294287839161e+00,2.071106299042268173e+00,4.024108275348046299e-02,8.945384750854800116e-01,4.409584332730288603e-01,-7.139251534404952859e-02,-1.611475938354007056e-02,3.387490964435483587e+00,-3.704887045569217108e+00,1.463354230190018646e+00,2.243353303476254723e+00,4.835895693952425134e+00,4.527893853407824132e+00,3.312864323720447146e+00,-1.875775947225843954e-01,-7.161237997276459488e-02,9.997285308969701134e-01
1.108000000000000762e+00,-1.555436639908817087e-01,-6.378044063057405899e-02,1.009312575636305498e+00,2.197903170352724089e+00,2.042581518305940147e+00,4.243217721273159770e-02,8.927916071950966481e-01,4.438184308189940253e-01,-7.540551545491150365e-02,-1.619737097004537649e-02,3.158878236010569385e+00,-3.590990474344684102e+00,1.357205932051161579e+00,2.295754780875740586e+00,4.898999203652627088e+00,4.533365714560204651e+00,3.302908829520938561e+00,-1.836111732629542859e-01,-6.872336658863037462e-02,9.997498495095031856e-01
1.110000000000000764e+00,-1.511478576501762705e-01,-5.969527759396217603e-02,1.009397439990731060e+00,2.192459737631812455e+00,2.013723109513244403e+00,4.455468074574056581e-02,8.911298290984160930e-01,4.464726279636370698e-01,-7.926406061302627981e-02,-1.634101788157515597e-02,2.935872158417855093e+00,-3.471840915511132941e+00,1.250614553797440465e+00,2.350301373690819151e+00,4.959808562609000937e+00,4.537623106268181772e+00,3.293185899247699666e+00,-1.796427595458996995e-01,-6.588638564962917554e-02,9.997699306335396940e-01
1.112000000000000766e+00,-1.467629381749126494e-01,-5.566783137493568762e-02,1.009486549352222484e+00,2.186725553013117107e+00,1.984543162046631837e+00,4.661536948660530144e-02,8.895543961636073194e-01,4.489280176239390241e-01,-8.296333949525419582e-02,-1.654374679555029384e-02,2.718773899580273490e+00,-3.347644027999118421e+00,1.143879933957086203e+00,2.406880874333524822e+00,5.018266234458590880e+00,4.540708982541025840e+00,3.283776605911913116e+00,-1.756724286119077938e-01,-6.310203076106801756e-02,9.997888185266221583e-01
1.114000000000000767e+00,-1.423894870688864056e-01,-5.169874505084242483e-02,1.009579780091195644e+00,2.180706645768782259e+00,1.955053530285302044e+00,4.862135810354002718e-02,8.880662154338757608e-01,4.511917413289205370e-01,-8.649888845663750159e-02,-1.680332875640148937e-02,2.507865292389181988e+00,-3.218614961033681166e+00,1.037295905877007263e+00,2.465375846293209605e+00,5.074320038096380436e+00,4.542666200132871701e+00,3.274761499410039800e+00,-1.717002545153758497e-01,-6.037088798282314039e-02,9.998065570244616396e-01
1.116000000000000769e+00,-1.380280737773488531e-01,-4.778863799027181780e-02,1.009677022807402791e+00,2.174409519324631557e+00,1.925265817757542353e+00,5.058005540133680977e-02,8.866658527569070136e-01,4.532710663159636444e-01,-8.986659506247046680e-02,-1.711727453581113334e-02,2.303408645311856073e+00,-3.084977799379791552e+00,9.311490147501861880e-01,2.525664157005039989e+00,5.127923048858940014e+00,4.543537462443931751e+00,3.266220177413674541e+00,-1.677263102981215726e-01,-5.769353561180717849e-02,9.998231895196455499e-01
1.118000000000000771e+00,-1.336792547386995988e-01,-4.393810635475673548e-02,1.009778182918205536e+00,2.167841152465120658e+00,1.895191362882421515e+00,5.249911926063247775e-02,8.853535410560569030e-01,4.551733637237382890e-01,-9.306270045311057504e-02,-1.748285103446165986e-02,2.105646633393710943e+00,-2.946964994566847462e+00,8.257173224107665632e-01,2.587619516674489084e+00,5.179033478909156329e+00,4.543365274941334242e+00,3.258230863527467047e+00,-1.637506679626784534e-01,-5.507054396259608575e-02,9.998387589401228626e-01
1.120000000000000773e+00,-1.293435724337693715e-01,-4.014772362899188957e-02,1.009883181156726817e+00,2.161008999836266042e+00,1.864841226254658313e+00,5.438641107563964988e-02,8.841291896266507688e-01,4.569060879154150934e-01,-9.608380060036755821e-02,-1.789709859562170144e-02,1.914802265005208115e+00,-2.804816784934484719e+00,7.212693056835158822e-01,2.651112018333727782e+00,5.227614538937952915e+00,4.542191911002706028e+00,3.250869996306170240e+00,-1.597733984453595379e-01,-5.250247514594591491e-02,9.998533077274756042e-01
1.122000000000000774e+00,-1.250215544340968488e-01,-3.641804117648256983e-02,1.009991953978878199e+00,2.153920991609792335e+00,1.834226179429289338e+00,5.624994984552271482e-02,8.829923943416403409e-01,4.584767569505657780e-01,-9.892684651801669782e-02,-1.835684910079866602e-02,1.731078919252977633e+00,-2.658780607268821150e+00,6.180628529309865060e-01,2.716008674622885088e+00,5.273634283423378477e+00,4.540059387012796321e+00,3.244211832443739674e+00,-1.557945715891052574e-01,-4.998988284535593740e-02,9.998668778149222280e-01
1.124000000000000776e+00,-1.207137124508772669e-01,-3.274958881762399243e-02,1.010104453878569286e+00,2.146585532174334343e+00,1.803356695166109080e+00,5.809786606894073308e-02,8.819424486530035301e-01,4.598929342099009610e-01,-1.015891434917511882e-01,-1.885874471867371796e-02,1.554660448634515690e+00,-2.509110502696618283e+00,5.163443623056159781e-01,2.782173947072856368e+00,5.317065441790894909e+00,4.537009445499208482e+00,3.238328067141770461e+00,-1.518142561161078818e-01,-4.753331209171224314e-02,9.998795106051299175e-01
1.126000000000000778e+00,-1.164205413865286032e-01,-2.914287542729177352e-02,1.010220649610707122e+00,2.139011497723928290e+00,1.772242939097637304e+00,5.993835558637408689e-02,8.809783552785531713e-01,4.611622111639051558e-01,-1.040683493957571953e-01,-1.939925718051253856e-02,1.385711341264842078e+00,-2.356066519378995139e+00,4.163479441008466897e-01,2.849470263972561312e+00,5.357885237862098471e+00,4.533083545061335151e+00,3.233287474324075816e+00,-1.478325196002009401e-01,-4.513329903570134638e-02,9.998912469477627685e-01
1.128000000000000780e+00,-1.121425183910807477e-01,-2.559838954909650008e-02,1.010340526321879873e+00,2.131208232620076082e+00,1.740894762788253169e+00,6.177963351078470666e-02,8.800988384680963339e-01,4.622921912645830966e-01,-1.063624721641083515e-01,-1.997470745810834419e-02,1.224376936841622188e+00,-2.199914114398646703e+00,3.182947285189635656e-01,2.917758523269719628e+00,5.396075200012186102e+00,4.528322855844973738e+00,3.229155569015602634e+00,-1.438494284390392508e-01,-4.279037071850361196e-02,9.999021271167933822e-01
1.130000000000000782e+00,-1.078801019258405908e-01,-2.211660002351999513e-02,1.010464085588901550e+00,2.123185544411227532e+00,1.709321698156071045e+00,6.362988838379339540e-02,8.793023567480301450e-01,4.632904749290118196e-01,-1.084698664853950972e-01,-2.058128572395625383e-02,1.070783690437874025e+00,-2.040923557069872274e+00,2.223922791461868664e-01,2.986898577320987069e+00,5.431620964427458453e+00,4.522768259322440976e+00,3.225994293834491433e+00,-1.398650478260542451e-01,-4.050504484031308694e-02,9.999121907876172832e-01
1.132000000000000783e+00,-1.036337308370181287e-01,-1.869795662720785331e-02,1.010591345365669191e+00,2.114953697402425004e+00,1.677532953232837576e+00,6.549723669192014652e-02,8.785871160493154974e-01,4.641646455742271526e-01,-1.103892297884890294e-01,-2.121507147767366305e-02,9.250394782156415863e-01,-1.879369335721706058e+00,1.288341114579642233e-01,3.056749696715760578e+00,5.464512073817580529e+00,4.516460351171210696e+00,3.223861731182029455e+00,-1.358794417221572681e-01,-3.827782952668196126e-02,9.999214770138772357e-01
1.134000000000000785e+00,-9.940382344221328215e-02,-1.534289072074217913e-02,1.010722339839053019e+00,2.106523404677931310e+00,1.645537409240554805e+00,6.738967787538489851e-02,8.779510831302090867e-01,4.649222566551833857e-01,-1.121195975861631750e-01,-2.187205372756573230e-02,7.872339392333795871e-01,-1.715529569815629429e+00,3.779931477820698549e-02,3.127171010800435802e+00,5.494741773852731548e+00,4.509439446087381675e+00,3.222811842348947131e+00,-1.318926728272357130e-01,-3.610922309308978173e-02,9.999300242040827236e-01
1.136000000000000787e+00,-9.519077663285742397e-02,-1.205181590226106839e-02,1.010857119194803699e+00,2.097905818490747532e+00,1.613343618966525783e+00,6.931504996044346445e-02,8.773919992119975086e-01,4.655708196510992547e-01,-1.136603382415167229e-01,-2.254815112158709695e-02,6.574388476681681803e-01,-1.549685429063965447e+00,-5.054772470790332151e-02,3.198021922941533202e+00,5.522306809492744328e+00,4.501745583430780684e+00,3.222894234402409630e+00,-1.279048025514361031e-01,-3.399971380741595439e-02,9.999378700979977275e-01
1.138000000000000789e+00,-9.099496499587593490e-02,-8.825128664328017736e-03,1.010995749294724577e+00,2.089112518944858721e+00,1.580959806420992653e+00,7.128098594512564945e-02,8.769073937531479679e-01,4.661177929404161646e-01,-1.150111472198608875e-01,-2.323923192767453003e-02,5.357085099843893472e-01,-1.382120561016442428e+00,-1.360575030319655099e-01,3.269162498973419151e+00,5.547207223248091346e+00,4.493418532667939225e+00,3.224153955376249936e+00,-1.239158909861852731e-01,-3.194977965011042143e-02,9.999450517427486140e-01
1.140000000000000790e+00,-8.681673995798622201e-02,-5.663209051486032229e-03,1.011138311266614798e+00,2.080155500908657640e+00,1.548393867763428799e+00,7.329487106745410929e-02,8.764945982946180658e-01,4.665705715007920085e-01,-1.161720408859838322e-01,-2.394113376942988772e-02,4.220801818451760945e-01,-1.213120528383968999e+00,-2.185954834163736371e-01,3.340453827674084053e+00,5.569446157266048303e+00,4.484497797662518437e+00,3.226631317967731505e+00,-1.199259968749996075e-01,-2.995988807265875797e-02,9.999516054687442868e-01
1.142000000000000792e+00,-8.265642895616891195e-02,-2.566421315959174776e-03,1.011284901008749681e+00,2.071047159111141234e+00,1.515653373484830757e+00,7.536380108460928595e-02,8.761507603164511160e-01,4.669364773679824943e-01,-1.171433499036003273e-01,-2.464968302933480057e-02,3.165744998737970439e-01,-1.042972257173304662e+00,-2.980420915251583702e-01,3.411758352488158508e+00,5.589029660967026913e+00,4.475022618947640751e+00,3.230361751641084300e+00,-1.159351775840682386e-01,-2.803049575380195391e-02,9.999575668653108984e-01
1.144000000000000794e+00,-7.851433463794663115e-02,4.648854310104868007e-04,1.011435628610918958e+00,2.061800271385992644e+00,1.482745571833971487e+00,7.749454169100315759e-02,8.758728570530988078e-01,4.672227507860423623e-01,-1.179257122903771410e-01,-2.536071383800155357e-02,2.191959237214122502e-01,-8.719634965163924889e-01,-3.742926258632551795e-01,3.482940174082426399e+00,5.605966505785803022e+00,4.465031973212298055e+00,3.235375682767553940e+00,-1.119434890725967691e-01,-2.616204835359642322e-02,9.999629707561186187e-01
1.146000000000000796e+00,-7.439073409517464597e-02,3.430376574678430015e-03,1.011590617694301031e+00,2.052427980042430988e+00,1.449677393475548026e+00,7.969348920268209957e-02,8.756577092220587666e-01,4.674365419809201616e-01,-1.185200661782723625e-01,-2.607008657433931148e-02,1.299331842769193002e-01,-7.003822908962354932e-01,-4.472570886026858150e-01,3.553865323651762331e+00,5.620268008383055403e+00,4.454564569329465762e+00,3.241698442181998541e+00,-1.079509858629218444e-01,-2.435498026561211393e-02,9.999678511743198550e-01
1.148000000000000798e+00,-7.028587813508978266e-02,6.329731361629526570e-03,1.011750004672706371e+00,2.042943771355579585e+00,1.416455457367482351e+00,8.196663263481748785e-02,8.755019946273199238e-01,4.675849034901458090e-01,-1.189276423251058590e-01,-2.677370580788079185e-02,4.875973425614968382e-02,-5.285164652991207745e-01,-5.168599424396282949e-01,3.624402007204852172e+00,5.631947863503862450e+00,4.443658840355235284e+00,3.249350199318879362e+00,-1.039577210103965754e-01,-2.260971436689274139e-02,9.999722413375110586e-01
1.150000000000000799e+00,-6.619999059237861860e-02,9.162642276364492411e-03,1.011913937937976016e+00,2.033361453182972678e+00,1.383086077843345363e+00,8.431951729815138907e-02,8.754022616056622574e-01,4.676747829828005187e-01,-1.191499564193416183e-01,-2.746753762081726932e-02,-2.436580217600181619e-02,-3.566531236623649015e-01,-5.830397993338020113e-01,3.694420821339505778e+00,5.641021987465721921e+00,4.432352931027351950e+00,3.258345921899354014e+00,-9.996374607304403526e-02,-2.092666176586910343e-02,9.999761736223982123e-01
1.152000000000000801e+00,-6.213326768601267619e-02,1.192881443205118241e-02,1.012082576972572312e+00,2.023695130727571012e+00,1.349575272883985377e+00,8.675721003906489148e-02,8.753549422900427368e-01,4.677130165062388656e-01,-1.191888012160741278e-01,-2.814762625348492947e-02,-8.949918367306082534e-02,-1.850781608388220034e-01,-6.457490471552965738e-01,3.763794941269470229e+00,5.647508373067640086e+00,4.420684680392263921e+00,3.268695359981538928e+00,-9.596911108095995679e-02,-1.930622154815553326e-02,9.999796795391933113e-01
1.154000000000000803e+00,-5.808587742455753600e-02,1.462796497781915228e-02,1.012256091392650381e+00,2.013959180481184053e+00,1.315928773560024911e+00,8.928426624634022701e-02,8.753563656700110718e-01,4.677063220989750580e-01,-1.190462385382130284e-01,-2.881011002309338126e-02,-1.467101123616991465e-01,-1.407578816519858278e-02,-7.049534203686539380e-01,3.832400282085513865e+00,5.651426956521404144e+00,4.408691599286506779e+00,3.280403053053257523e+00,-9.197386450551792159e-02,-1.774878052027123454e-02,9.999827897058668480e-01
1.156000000000000805e+00,-5.405795906359516650e-02,1.725982252493920080e-02,1.012434659925143032e+00,2.004168222395430021e+00,1.282152034624002956e+00,9.190469874561023322e-02,8.754027704343425587e-01,4.676612937126743974e-01,-1.187245911729056524e-01,-2.945123647135753156e-02,-1.960818029616710201e-01,1.560719273986173328e-01,-7.606315209252022536e-01,3.900115634419091926e+00,5.652799496819000957e+00,4.396410842489649973e+00,3.293468358738911750e+00,-8.797805322829899133e-02,-1.625471295123742665e-02,9.999855338220402512e-01
1.158000000000000806e+00,-5.004962261880430835e-02,1.982412659418720732e-02,1.012618469322634329e+00,1.994337090340192464e+00,1.248250246227563753e+00,9.462194869992351931e-02,8.754903175857926545e-01,4.675843953901886452e-01,-1.182264346893618229e-01,-3.006737670236123844e-02,-2.377105620391211094e-01,3.250855106973778996e-01,-8.127742955179270146e-01,3.966822775847475668e+00,5.651649467782839054e+00,4.383879175460227984e+00,3.307885501619265867e+00,-8.398172250980284748e-02,-1.482438031194993622e-02,9.999879406426702699e-01
1.160000000000000808e+00,-4.606094843812392342e-02,2.232062708664233480e-02,1.012807713220034156e+00,1.984480800921938126e+00,1.214228346735438668e+00,9.743885863165396843e-02,8.756151028220591215e-01,4.674819556509567930e-01,-1.175545892004865173e-01,-3.065503887742701897e-02,-2.717053786676404403e-01,4.926885126036663620e-01,-8.613844752843250463e-01,4.032406559494422282e+00,5.648001962862494452e+00,4.371132935643446515e+00,3.323643640600257410e+00,-7.998491595793444375e-02,-1.345813101264808909e-02,9.999900379515266335e-01
1.162000000000000810e+00,-4.209198683628005005e-02,2.474908378011321172e-02,1.013002590937297498e+00,1.974614520746107882e+00,1.180091036603924559e+00,1.003576476772217591e-01,8.757731686806818905e-01,4.673601620397713763e-01,-1.167121110871165018e-01,-3.121088083897759907e-02,-2.981875273958684014e-01,6.586079313405840407e-01,-9.064759839279423748e-01,4.096754981398738948e+00,5.641883612599811748e+00,4.358207988423250079e+00,3.340726953242853181e+00,-7.598767549623275386e-02,-1.215630013805274467e-02,9.999918525343608477e-01
1.164000000000000812e+00,-3.814275779478783213e-02,2.710926585332106009e-02,1.013203306232651979e+00,1.964753532219113641e+00,1.145842793287346062e+00,1.033798891816366666e-01,8.759605164487036522e-01,4.672250557997895681e-01,-1.157022847002191490e-01,-3.173172184034354221e-02,-3.172901840682846863e-01,8.225746212689521997e-01,-9.480733200741044975e-01,4.159759228286758592e+00,5.633322514523996460e+00,4.345139677859105376e+00,3.359114735449264977e+00,-7.199004133187847376e-02,-1.091920918050770517e-02,9.999934101518456186e-01
1.166000000000000814e+00,-3.421325073034960779e-02,2.940095143989575333e-02,1.013410066011015243e+00,1.954913197996144936e+00,1.111487887131554997e+00,1.065064907347831186e-01,8.761731178404738030e-01,4.670825266356825045e-01,-1.145286140531706215e-01,-3.221455336319328094e-02,-3.291580547183728944e-01,9.843236895514119178e-01,-9.862109194859052241e-01,4.221313707445643715e+00,5.622348175114494140e+00,4.331962772416186880e+00,3.378781514913009154e+00,-6.799205192344337512e-02,-9.747165770719767863e-03,9.999947355122573711e-01
1.168000000000000815e+00,-3.030342433435731855e-02,3.162392721415886038e-02,1.013623078992484716e+00,1.945108924191033317e+00,1.077030398209015027e+00,1.097376767455591762e-01,8.764069264490199629e-01,4.669383075378845116e-01,-1.131948145132012085e-01,-3.265654900873743438e-02,-3.339470174538100022e-01,1.143594881139371244e+00,-1.020932502547886367e+00,4.281316060414842362e+00,5.608991463337467565e+00,4.318711405952972981e+00,3.399697176760516193e+00,-6.399374394842372027e-02,-8.640463406636600396e-03,9.999958522439342801e-01
1.170000000000000817e+00,-2.641320648597525120e-02,3.377798801057688843e-02,1.013842554345975921e+00,1.935356122473756768e+00,1.042474234045409620e+00,1.130729736435333449e-01,8.766578889779549355e-01,4.667979696439610859e-01,-1.117048044982931060e-01,-3.305507345309165179e-02,-3.318237769821192895e-01,1.300132952550054455e+00,-1.052290412182640411e+00,4.339667162232395015e+00,5.593284575164555683e+00,4.305419014287037882e+00,3.421827099857593257e+00,-5.999515227050677968e-02,-7.599381180108277789e-03,9.999967828674272141e-01
1.172000000000000819e+00,-2.254249424102773569e-02,3.586293647866770767e-02,1.014068700293262904e+00,1.925670171189812319e+00,1.007823148183196960e+00,1.165111977905895213e-01,8.769219562619496866e-01,4.666669171181028752e-01,-1.100626971832471546e-01,-3.340769046117712110e-02,-3.229655311847975385e-01,1.453688034909748961e+00,-1.080344947104218578e+00,4.396271107946261303e+00,5.575261008369206905e+00,4.292118267697876632e+00,3.445132302296978200e+00,-5.599630990663495567e-02,-6.624183501182379086e-03,9.999975487674408470e-01
1.174000000000000821e+00,-1.869115389864810933e-02,3.787858277503410032e-02,1.014301722688843999e+00,1.916066375643570741e+00,9.730807595229779006e-01,1.200504461772391590e-01,8.771950940844375211e-01,4.665503820346187380e-01,-1.082727922163098239e-01,-3.371216995730358379e-02,-3.075596489369792907e-01,1.604015986737722166e+00,-1.105163695036712523e+00,4.451035188091374550e+00,5.554955546830802504e+00,4.278840999773061426e+00,3.469569594656846334e+00,-5.199724799378147022e-02,-5.715119820374370274e-03,9.999981701645089816e-01
1.176000000000000822e+00,-1.485902114736096721e-02,3.982474429408005417e-02,1.014541823581198488e+00,1.906559927694872369e+00,9.382505723791993990e-01,1.236880899697713754e-01,8.774732938014320194e-01,4.664534192559976478e-01,-1.063395674456695805e-01,-3.396649415412586470e-02,-2.858033581899616649e-01,1.750878736932999891e+00,-1.126820870240293315e+00,4.503869854775383708e+00,5.532404253488935275e+00,4.265618133028771020e+00,3.495091739682474774e+00,-4.799799575551921826e-02,-4.872424348741910549e-03,9.999986660863938726e-01
1.178000000000000824e+00,-1.104590129197122184e-02,4.170124543883844959e-02,1.014789199761138017e+00,1.897165864824491788e+00,9.033359971824556078e-01,1.274207709653222831e-01,8.777525827801916369e-01,4.663809013005915660e-01,-1.042676706532943143e-01,-3.416886274500229720e-02,-2.579034431838188590e-01,1.894044618404957525e+00,-1.145396659394355199e+00,4.554688679971993892e+00,5.507644471042318912e+00,4.252479601769174167e+00,3.521647617130243546e+00,-4.399858046833649006e-02,-4.096315775877545917e-03,9.999990543392549558e-01
1.180000000000000826e+00,-7.251569562322238496e-03,4.350791743320336219e-02,1.015044041303068578e+00,1.887899028829690851e+00,8.683403717566542390e-01,1.312444010022190133e-01,8.780290346609793684e-01,4.663375131992130718e-01,-1.020619112919870369e-01,-3.431769716792354430e-02,-2.240759495369235577e-01,2.033288692758945082e+00,-1.160976579591254554e+00,4.603408307546307476e+00,5.480714829430759494e+00,4.239454272665200918e+00,3.549182392592336033e+00,-3.999902742769667618e-02,-3.386996985386303560e-03,9.999993514785441295e-01
1.182000000000000828e+00,-3.475771504662856538e-03,4.524459817671667300e-02,1.015306530105072991e+00,1.878774024315868818e+00,8.332669830955223844e-01,1.351541643626880673e-01,8.782987794493876121e-01,4.663277473439040310e-01,-9.972725222017918278e-02,-3.441164395213518190e-02,-1.845458958671596372e-01,2.168393066411060222e+00,-1.173650851897354741e+00,4.649948400466077381e+00,5.451655259107188733e+00,4.226569863554595408e+00,3.577637689215067418e+00,-3.599935991387526180e-02,-2.744654768529863897e-03,9.999995727796406886e-01
1.184000000000000830e+00,2.817765439688812990e-04,4.691113214290771466e-02,1.015576838433798423e+00,1.869805177154314269e+00,7.981190895594254542e-01,1.391445231942143868e-01,8.785580134456707491e-01,4.663558983357974919e-01,-9.726880142785532257e-02,-3.444957716135908093e-02,-1.395469905346757300e-01,2.299147198462634378e+00,-1.183513793643148571e+00,4.694231584567636340e+00,5.420507009079483574e+00,4.213852860974706793e+00,3.606951761314504790e+00,-3.199959915753625150e-02,-2.169459535312556753e-03,9.999997322082159190e-01
1.186000000000000831e+00,4.021386898277509725e-03,4.850737032202656618e-02,1.015855127480186804e+00,1.861006493079254476e+00,7.628999434102949895e-01,1.432092259645396382e-01,8.788030090162659569e-01,4.664260578423345405e-01,-9.469180374609846573e-02,-3.443059995013769692e-02,-8.932135205738817030e-02,2.425348200615566885e+00,-1.190663232312981767e+00,4.736183390151496475e+00,5.387312668682048944e+00,4.201328436949052225e+00,3.637059668988061212e+00,-2.799976430505668468e-02,-1.661565023634903326e-03,9.999998423903869726e-01
1.188000000000000833e+00,7.743399884436018982e-03,5.003317020884715666e-02,1.016141545932115919e+00,1.852391616599770252e+00,7.276128135996089430e-01,1.473413189535587031e-01,8.790301242112714686e-01,4.665421094771149413e-01,-9.200163253205698166e-02,-3.435404525229449058e-02,-3.411923173569895995e-02,2.546801129355571458e+00,-1.195199943619208005e+00,4.775732192590248282e+00,5.352116192033264497e+00,4.189020365553060898e+00,3.667893452917327046e+00,-2.399987238364031938e-02,-1.221108006195015250e-03,9.999999145825450020e-01
1.190000000000000835e+00,1.144818311763555994e-02,5.148839583604637726e-02,1.016436228570023026e+00,1.843973790403711455e+00,6.922610087218845631e-01,1.515331607732437191e-01,8.792358122300666379e-01,4.667077237183159255e-01,-8.920378132064589460e-02,-3.421947562283077227e-02,2.580126296872540387e-02,2.663319270572250375e+00,-1.197227116066817754e+00,4.812809153027938436e+00,5.314962924135314459e+00,4.176950939787752226e+00,3.699382308653738516e+00,-1.999993826612100900e-02,-8.482079947675358333e-04,9.999999586409428209e-01
1.192000000000000837e+00,1.513613069844298338e-02,5.287291785349014506e-02,1.016739294891569445e+00,1.835765815431487091e+00,6.568479000440387017e-01,1.557764398942595996e-01,8.794166307355912870e-01,4.669263528839255883e-01,-8.630385543400073689e-02,-3.402668225677555475e-02,9.017444572612182130e-02,2.774724416723340248e+00,-1.196849844043377686e+00,4.847348160149545393e+00,5.275899627581812190e+00,4.165140889290688264e+00,3.731452759775588213e+00,-1.599997463559854616e-02,-5.429669429768413380e-04,9.999999829910506399e-01
1.194000000000000838e+00,1.880766232930595680e-02,5.418661365357822085e-02,1.017050847771358013e+00,1.827780011797538018e+00,6.213769445192914853e-01,1.600621951451623726e-01,8.795692510160499911e-01,4.672012261839874614e-01,-8.330756353958629346e-02,-3.377568321057666800e-02,1.587273306808483220e-01,2.880847136586424551e+00,-1.194174651206845850e+00,4.879285773887001909e+00,5.234974508854216779e+00,4.153609299410371491e+00,3.764028829396924181e+00,-1.199999194973999650e-02,-3.054689459358606030e-04,9.999999945965956094e-01
1.196000000000000840e+00,2.246322235290103275e-02,5.542936754261680588e-02,1.017370972161648401e+00,1.820028180736404044e+00,5.858517076930025436e-01,1.643808391370853716e-01,8.796904669910156072e-01,4.675353448716400573e-01,-8.022070914791402940e-02,-3.346672085357662446e-02,2.311799151535199326e-01,2.981527037575301797e+00,-1.189309045690396971e+00,4.908561171826300473e+00,5.192237243213693176e+00,4.142373532170617878e+00,3.797032209605625930e+00,-7.999998404914165917e-03,-1.357799384436031431e-04,9.999999989283678836e-01
1.198000000000000842e+00,2.610327871437384192e-02,5.660107095800281235e-02,1.017699733839922516e+00,1.812521567748587525e+00,5.502758864069944300e-01,1.687221845536377718e-01,8.797772040571057994e-01,4.679314775159672535e-01,-7.704918204102875756e-02,-3.310025857895998458e-02,3.072454669312915110e-01,3.076613020530791331e+00,-1.182361108399683891e+00,4.935116098965175446e+00,5.147738997223139990e+00,4.131449149646609698e+00,3.830382428496327485e+00,-3.999999899998440966e-03,-3.394739035389449100e-05,9.999999999327502387e-01
1.200000000000000844e+00,2.972832184987101584e-02,5.770162273081680393e-02,1.018037178209029836e+00,1.805270827118889754e+00,5.146533312085300738e-01,1.730754732324466805e-01,8.798265277666167394e-01,4.683921554205473514e-01,-7.379894962327332442e-02,-3.267697680529492443e-02,3.866308172775442253e-01,3.165963526827443975e+00,-1.173439115443684067e+00,4.958894821362378025e+00,5.101532447969037598e+00,4.120849840271831432e+00,3.863997014553294918e+00,4.440892098500626162e-14,-2.273736754432320595e-13,1.000000000000016875e+00
1.202000000000000846e+00,3.333886350410879273e-02,5.873092939323386330e-02,1.018383329155494676e+00,1.798285477619723904e+00,4.789854624389250914e-01,1.774311581784487335e-01,8.798356523307555577e-01,4.689196682121161697e-01,-7.047604818631908463e-02,-3.219776830142376256e-02,4.690679537227507301e-01,3.249448025128036655e+00,-1.162640034747933093e+00,4.980363457112937375e+00,5.053977448747323464e+00,4.110792226539951244e+00,3.898080012362892255e+00,3.999999963911093914e-03,-3.394793969846432447e-05,9.999999999904707337e-01
1.204000000000000847e+00,3.693543445934824310e-02,5.968890031811171365e-02,1.018738191471851628e+00,1.791573930636449985e+00,4.432711735933385633e-01,1.817810064010237092e-01,8.798019347057954853e-01,4.695160864074042761e-01,-6.708657922405153462e-02,-3.166372025882381591e-02,5.543147139044790617e-01,3.326946689621240960e+00,-1.150049613981013685e+00,5.000004397082855156e+00,5.005445343632692001e+00,4.101501253050897411e+00,3.932851512675964223e+00,7.999999423107695407e-03,-1.357886911250716366e-04,9.999999998476765128e-01
1.206000000000000849e+00,4.051858232062114512e-02,6.057544266529839294e-02,1.019101753484653594e+00,1.785144010726422259e+00,4.075094040668617579e-01,1.861164064768543458e-01,8.797228681119921845e-01,4.701832846782305064e-01,-6.363670591938240528e-02,-3.107609675829186083e-02,6.421235078170702826e-01,3.398348762706568049e+00,-1.135753825059943933e+00,5.017785296718015431e+00,4.956005649345539332e+00,4.093000589221502672e+00,3.968252585519111975e+00,1.199999708500065765e-02,-3.055130834468400280e-04,9.999999992305346197e-01
1.208000000000000851e+00,4.408887034207398942e-02,6.139046147343211329e-02,1.019473986297607215e+00,1.779002938051059468e+00,3.716991517188622529e-01,1.904283967723856830e-01,8.795960895375898314e-01,4.709229383618214748e-01,-6.013264461868726013e-02,-3.043633430640309973e-02,7.322416546265829718e-01,3.463552751999912527e+00,-1.119838527690206753e+00,5.033676625033309371e+00,4.905729036082322025e+00,4.085312132352765246e+00,4.004222736168729035e+00,1.599999080517200412e-02,-5.431058950762235327e-04,9.999999975733855351e-01
1.210000000000000853e+00,4.764687621817610685e-02,6.213385977686983891e-02,1.019854843091152041e+00,1.773157312299515675e+00,3.358394847706114295e-01,1.947076950466776202e-01,8.794193869540500863e-01,4.717365201932545160e-01,-5.658065624313685787e-02,-2.974603678505748083e-02,8.244117284576133464e-01,3.522466619981141633e+00,-1.102389159427134224e+00,5.047651654688547929e+00,4.854687309438584286e+00,4.078455959310582024e+00,4.040700013783733446e+00,1.999997759564742239e-02,-8.485459084681679087e-04,9.999999940885855310e-01
1.212000000000000854e+00,5.119319084277514087e-02,6.280553874641106593e-02,1.020244258481245447e+00,1.767613098173266284e+00,2.999295530067369042e-01,1.989447293229926195e-01,8.791907062259817218e-01,4.726252972799053209e-01,-5.298703763609136780e-02,-2.900696984333532916e-02,9.183719139916358687e-01,3.575007966114374991e+00,-1.083490452687394301e+00,5.059686455960072493e+00,4.802953388152798375e+00,4.072450279077076907e+00,4.077621116585120831e+00,2.399995363330909015e-02,-1.221805964519262488e-03,9.999999877689083050e-01
1.214000000000000856e+00,5.472841703912167260e-02,6.340539785242453596e-02,1.020642147939891498e+00,1.762375612494821775e+00,2.639685982543719667e-01,2.031296699124908178e-01,8.789081576986860211e-01,4.735903283377391748e-01,-4.935811284638737251e-02,-2.822105476230616500e-02,1.013856372634416525e+00,3.621104201212569595e+00,-1.063226178956295787e+00,5.069759894863220318e+00,4.750601276992527211e+00,4.067311386393785533e+00,4.114921493641106487e+00,2.799991426832271202e-02,-1.662853015545806556e-03,9.999999773899892475e-01
1.216000000000000858e+00,5.825316826411131715e-02,6.393333504893328190e-02,1.021048407279716574e+00,1.757449512997300900e+00,2.279559641171662321e-01,2.072524624689899009e-01,8.785700224457518859e-01,4.746324612090053741e-01,-4.570022434806376987e-02,-2.739036182473226361e-02,1.110595619923977706e+00,3.660692713759710504e+00,-1.041678920259983876e+00,5.077853635623836404e+00,4.697706034164328415e+00,4.063053616729511930e+00,4.152535443391479397e+00,3.199985403240823700e-02,-2.171648181104046671e-03,9.999999615127839192e-01
1.218000000000000860e+00,6.176806729010592134e-02,6.438924697716760792e-02,1.021462912204654572e+00,1.752838788844833351e+00,1.918911049449526784e-01,2.113028619496532812e-01,8.781747581587513451e-01,4.757523306803962404e-01,-4.201972419783697732e-02,-2.651710322277790396e-02,1.208316914756583760e+00,3.693721027845324745e+00,-1.018929867801506184e+00,5.083952147566445312e+00,4.644343732633482880e+00,4.059689302791498200e+00,4.190396209076358680e+00,3.599976664705373253e-02,-2.748146798978723382e-03,9.999999384860513985e-01
1.220000000000000862e+00,6.527374486779559393e-02,6.477302918705751811e-02,1.021885517928553977e+00,1.748546752926666059e+00,1.557735940232859162e-01,2.152704673530830837e-01,8.777210046608199256e-01,4.769503566200311573e-01,-3.832296513244158598e-02,-2.560362553787268181e-02,1.306744660913729650e+00,3.720146952309623778e+00,-9.950586474956510941e-01,5.088042716459974635e+00,4.590591414828034011e+00,4.057228732820159500e+00,4.228436071313885769e+00,3.999964503161557161e-02,-3.392298480434874364e-03,9.999999064486528866e-01
1.222000000000000863e+00,6.877083837364893204e-02,6.508457637510409177e-02,1.022316058863260047e+00,1.744576035960555993e+00,1.196031309708463081e-01,2.191447571032475172e-01,8.772075890257341468e-01,4.782267424507290476e-01,-3.461629160879132333e-02,-2.465240182777634140e-02,1.405600821271512535e+00,3.739938720641453607e+00,-9.701431719796779207e-01,5.090115460225276500e+00,4.536527040204870076e+00,4.055680110892215140e+00,4.266586438089697175e+00,4.399948131187336742e-02,-4.104047162172719254e-03,9.999998633320847929e-01
1.224000000000000865e+00,7.225999044557004924e-02,6.532378263704578802e-02,1.022754348377466593e+00,1.740928582433501015e+00,8.337954833631974760e-02,2.229151249453291406e-01,8.766335302840534416e-01,4.795814739759653444e-01,-3.090603079078273890e-02,-2.366602335665050211e-02,1.504605344973144687e+00,3.753075121117557256e+00,-9.442595185244200273e-01,5.090163348879032768e+00,4.482229425235031428e+00,4.055049519471738861e+00,4.304777932483171199e+00,4.799926682777488907e-02,-4.883331159533099708e-03,9.999998068627951042e-01
1.226000000000000867e+00,7.574184761043704917e-02,6.549054173371843257e-02,1.023200178627357237e+00,1.737605648400181391e+00,4.710281739014456071e-02,2.265709162177253211e-01,8.759980436979729612e-01,4.810143185736888150e-01,-2.719848348745522101e-02,-2.264719100455319864e-02,1.603476607739588555e+00,3.759545616620344699e+00,-9.174818321250083342e-01,5.088182228477053926e+00,4.427778175407422800e+00,4.055340884447095284e+00,4.342940478479022204e+00,5.199899214191994190e-02,-5.730083219646076031e-03,9.999997345645814661e-01
1.228000000000000869e+00,7.921705890723741705e-02,6.558474736849871645e-02,1.023653320459792626e+00,1.734607801151687223e+00,1.077305311035319652e-02,2.301014643631503209e-01,8.753005445867199086e-01,4.825248247718052497e-01,-2.349991504812844537e-02,-2.159870639323189026e-02,1.701931865387706466e+00,3.759350453521618896e+00,-8.898822529092417222e-01,5.084170848758038375e+00,4.373253608889084099e+00,4.056555942888341981e+00,4.381003385242147274e+00,5.599864704730528331e-02,-6.644230572703690996e-03,9.999996437610034761e-01
1.230000000000000870e+00,8.268627450954078861e-02,6.560629347471942652e-02,1.024113523388519020e+00,1.731934920759211405e+00,-2.560948163460210342e-02,2.334961275412269499e-01,8.745406516846515599e-01,4.841123222176552110e-01,-1.981654622106250596e-02,-2.052346276539557257e-02,1.799687720518520440e+00,3.752500758974930850e+00,-8.615308668687615690e-01,5.078130894134377904e+00,4.318736671581318909e+00,4.058694213779458160e+00,4.418895430275626701e+00,5.999822057565218358e-02,-7.625694985620157240e-03,9.999995315776990523e-01
1.232000000000000872e+00,8.615014435105920743e-02,6.555507451145022035e-02,1.024580515643601419e+00,1.729586203489490881e+00,-6.204437269915758640e-02,2.367443252047872204e-01,8.737181900146618885e-01,4.857759220522294696e-01,-1.615454398311786180e-02,-1.942443565479386874e-02,1.896460602229319559e+00,3.739018625915110139e+00,-8.324956787891294452e-01,5.070067017568189449e+00,4.264308843303732388e+00,4.061752971954410540e+00,4.456544941872652821e+00,6.399770100522239602e-02,-8.674392812622500060e-03,9.999993949447647523e-01
1.234000000000000874e+00,8.960931675803818219e-02,6.543098576605189953e-02,1.025054004294011056e+00,1.727560167080849807e+00,-9.853105205961401603e-02,2.398355745027970776e-01,8.728331932600688070e-01,4.875145176981976469e-01,-1.252001234883364303e-02,-1.830467338441763014e-02,1.991967258596278212e+00,3.718937185026035763e+00,-8.028426061346395359e-01,5.059986876859250415e+00,4.210052034975354296e+00,4.065727225498238617e+00,4.493879881323508130e+00,6.799707586900360923e-02,-9.790235047830719850e-03,9.999992305990685892e-01
1.236000000000000876e+00,9.306443709219988647e-02,6.523392366193267455e-02,1.025533675443016657e+00,1.725854657860861785e+00,-1.350687959844622532e-01,2.427595263739372178e-01,8.718859056188633661e-01,4.893267860691005167e-01,-8.918983168286603522e-03,-1.716728742996108739e-02,2.085925261565306332e+00,3.692300662902134878e+00,-7.726354925286885722e-01,5.047901172769499567e+00,4.156048476669215397e+00,4.070609696851078319e+00,4.530827925322077121e+00,7.199633196241173039e-02,-1.097312737698530327e-02,9.999990350866374555e-01
1.238000000000000878e+00,9.651614640792161026e-02,6.496378606996375260e-02,1.026019194495764619e+00,1.724466859678888575e+00,-1.716567239580439330e-01,2.455060011966690159e-01,8.708767831250150415e-01,4.912111892052826723e-01,-5.357406924039046121e-03,-1.601544268534880675e-02,2.178053523780242973e+00,3.659164425599142234e+00,-7.419361393640065971e-01,5.033823688362580207e+00,4.102380596507242849e+00,4.076390807860696519e+00,4.567316549030068451e+00,7.599545535137686159e-02,-1.222297022832208313e-02,9.999988047649024381e-01
1.240000000000000879e+00,9.996508012727939319e-02,6.462047262204766163e-02,1.026510206498157940e+00,1.723393304619143862e+00,-2.082937983359756662e-01,2.480650238640628169e-01,8.698064944224848105e-01,4.931659763403477004e-01,-1.841143538428576844e-03,-1.485234766663341352e-02,2.268072826770582306e+00,3.619595006744354748e+00,-7.108043539775978914e-01,5.017771328902110639e+00,4.049130890435764130e+00,4.083058669031004229e+00,4.603273110264824552e+00,7.999443138024453503e-02,-1.353965882344709826e-02,9.999985358050436091e-01
1.242000000000000881e+00,1.034118667365176852e-01,6.420388502537570374e-02,1.027006336545886134e+00,1.722629885452512388e+00,-2.449788247072101355e-01,2.504268581546580941e-01,8.686759209786629743e-01,4.951891864001160548e-01,1.624046796606854566e-03,-1.368124468991335600e-02,2.355706359813164230e+00,3.573670119356468167e+00,-6.792980127348084984e-01,4.999764161585317446e+00,3.996381782982678210e+00,4.090599073204621128e+00,4.638624935263270466e+00,8.399324467932167693e-02,-1.492308322912094809e-02,9.999982241943099481e-01
1.244000000000000883e+00,1.068571265074227117e-01,6.371392737596127953e-02,1.027507190262195502e+00,1.722171869778170272e+00,-2.817104529341613040e-01,2.525820402742062210e-01,8.674861567251400674e-01,4.972786509342757011e-01,5.032512754041019130e-03,-1.250540005810802345e-02,2.440680268675206932e+00,3.521478650510760477e+00,-6.474731372859069412e-01,4.979825454345228053e+00,3.944215479171908179e+00,4.098995493911234966e+00,4.673299406464382244e+00,8.799187917316153573e-02,-1.637312840745153153e-02,9.999978657382539993e-01
1.246000000000000885e+00,1.103014702469790470e-01,6.315050647009295970e-02,1.028012354342743961e+00,1.722013915799143868e+00,-3.184871788390559733e-01,2.545214114473302591e-01,8.662385071150229265e-01,4.994319974791511796e-01,8.378720956556501634e-03,-1.132809429046498575e-02,2.522724213340982402e+00,3.463120637976618621e+00,-6.153839821865141335e-01,4.957981712931641027e+00,3.892713807845421314e+00,4.108229088608993607e+00,4.707224052744646059e+00,9.199031808786806153e-02,-1.788967426580256870e-02,9.999974560630269238e-01
1.248000000000000886e+00,1.137454980785773395e-01,6.251353211241485186e-02,1.028521397165638618e+00,1.722150089669353124e+00,-3.553073465015858523e-01,2.562361494428863629e-01,8.649344875874355187e-01,5.016466533483040502e-01,1.165726499666216824e-02,-1.015261242756670956e-02,2.601571933719614815e+00,3.398707227952946219e+00,-5.830831320131912854e-01,4.934262715444408087e+00,3.841958056731801463e+00,4.118278707039171316e+00,4.740326642522396661e+00,9.598854395909661719e-02,-1.947259570869164236e-02,9.999969906176700007e-01
1.250000000000000888e+00,1.171897982579160474e-01,6.180291741941167788e-02,1.029033869464524464e+00,1.722573884343465700e+00,-3.921691511298581734e-01,2.577177989219954779e-01,8.635758214313626890e-01,5.039198498460116804e-01,1.486287437627043830e-02,-8.982234443359582085e-03,2.676961822227155174e+00,3.328360613030977966e+00,-5.506216060560888970e-01,4.908701543446571947e+00,3.792028799646279591e+00,4.129120904888943677e+00,4.772535280110210110e+00,9.998653863981310508e-02,-2.112176268582288685e-02,9.999964646763350729e-01
1.252000000000000890e+00,1.206349460266029766e-01,6.101857911715195815e-02,1.029549305062368525e+00,1.723278239855055682e+00,-4.290706424639906258e-01,2.589583005035343000e-01,8.621644370426435611e-01,5.062486268970914915e-01,1.799042334899701376e-02,-7.820225794355435689e-03,2.748637502035261804e+00,3.252213949526173931e+00,-5.180489686335804089e-01,4.881334608803117092e+00,3.743005716319347087e+00,4.140729962958766386e+00,4.803778505686628897e+00,1.039842833076551898e-01,-2.283704024341659533e-02,9.999958733405263089e-01
1.254000000000000892e+00,1.240815025063130850e-01,6.016043783222397440e-02,1.030067221663375499e+00,1.724255564943177443e+00,-4.660097286690356722e-01,2.599500184480341147e-01,8.607024645696508269e-01,5.086298380850313716e-01,2.103493964759307194e-02,-6.669828134664191298e-03,2.816348409676826758e+00,3.170411253339740387e+00,-4.854134430507586195e-01,4.852201675335220621e+00,3.694967405399281812e+00,4.153077911998609650e+00,4.833985399206029321e+00,1.079817584728193225e-01,-2.461828857315140340e-02,9.999952115413384135e-01
1.256000000000000894e+00,1.275300136361994519e-01,5.922841837488590500e-02,1.030587121700271558e+00,1.725497759942551834e+00,-5.029841806716757180e-01,2.606857668676343387e-01,8.591922319450278067e-01,5.110601560889790340e-01,2.399161307809607666e-02,-5.534250223917989292e-03,2.879850380601433280e+00,3.083107273537298632e+00,-4.527620272136650970e-01,4.821345874411517407e+00,3.647991191272085487e+00,4.166134563367866583e+00,4.863085688544639851e+00,1.119789439856635482e-01,-2.646536306195912402e-02,9.999944740417019418e-01
1.258000000000000895e+00,1.309810091560845435e-01,5.822245001354255101e-02,1.031108493234006884e+00,1.726996240848150066e+00,-5.399916368929862376e-01,2.611588343767422549e-01,8.576362603027856135e-01,5.135360785088420865e-01,2.685580396149589433e-02,-4.416659053453601651e-03,2.938906236176398679e+00,2.990467342866677036e+00,-4.201406089163611801e-01,4.788813713569492592e+00,3.602152925397704930e+00,4.179867545640438387e+00,4.891009862125885732e+00,1.159758190440971504e-01,-2.837811434119430487e-02,9.999936554385291387e-01
1.260000000000000897e+00,1.344350016377808543e-01,5.714246673975657831e-02,1.031630810902760320e+00,1.728741964461095293e+00,-5.770296083278058097e-01,2.613630071054705017e-01,8.560372587820687107e-01,5.160539340665529773e-01,2.962305140296277520e-02,-3.320171214344532808e-03,2.993286370535618524e+00,2.892667204479843601e+00,-3.875940788384662494e-01,4.754655077287516463e+00,3.557526782950631628e+00,4.194242347259192982e+00,4.917689286233054347e+00,1.199723622012118796e-01,-3.035638833500797773e-02,9.999927501650018868e-01
1.262000000000000899e+00,1.378924855667030547e-01,5.598840752310096924e-02,1.032153536916971204e+00,1.730725454519483231e+00,-6.140954839197338977e-01,2.612925900056203288e-01,8.543981187209914729e-01,5.186098891704784553e-01,3.228908136798065015e-02,-2.247844529031061290e-03,3.042769335587467427e+00,2.789892814175552793e+00,-3.551664393276209308e-01,4.718923219035097816e+00,3.514185055619848619e+00,4.209222365310984593e+00,4.943056327162008046e+00,1.239685513729700261e-01,-3.240002630997196320e-02,9.999917524926820178e-01
1.264000000000000901e+00,1.413539364757420147e-01,5.476021655526150389e-02,1.032676122096982452e+00,1.732936828715000210e+00,-6.511865361795835527e-01,2.609424263869414284e-01,8.527219072461141858e-01,5.211999548289930617e-01,3.484981454407979490e-02,-1.202669966400086868e-03,3.087142422406267794e+00,2.682340117538632107e+00,-3.229009070935962011e-01,4.681674743761916169e+00,3.472197941484957084e+00,4.224768960464212242e+00,4.967044478317517608e+00,1.279643638451819498e-01,-3.450886492322524646e-02,9.999906565337175479e-01
1.266000000000000902e+00,1.448198101331720222e-01,5.345784348290233412e-02,1.033198006949756387e+00,1.735365826494083663e+00,-6.882999269941927345e-01,2.603079156295381447e-01,8.510118602653572450e-01,5.238199938984032800e-01,3.730137396627375423e-02,-1.875638582318143576e-04,3.126202237147699403e+00,2.570214801420640960e+00,-2.908400080114665331e-01,4.642969579999823182e+00,3.431633332953122117e+00,4.240841518074359939e+00,4.989588492292490685e+00,1.319597762812936281e-01,-3.668273627010876226e-02,9.999894562429672007e-01
1.268000000000000904e+00,1.482905417861601904e-01,5.208124362891394799e-02,1.033718622781015561e+00,1.738001837540857242e+00,-7.254327135720800568e-01,2.593850290266721537e-01,8.492713748744362690e-01,5.264657286496893240e-01,3.964009238378621292e-02,7.946395670267596177e-04,3.159755269551356438e+00,2.453732019284090349e+00,-2.590256623177170647e-01,4.602870940827862967e+00,3.392556603817074024e+00,4.257397515440827895e+00,5.010624517925784005e+00,1.359547647299610418e-01,-3.892146793447182063e-02,9.999881454202919073e-01
1.270000000000000906e+00,1.517665454612419085e-01,5.063037820176978510e-02,1.034237392839068903e+00,1.740833930838173282e+00,-7.625818544721106873e-01,2.581703237205532075e-01,8.475040011892505110e-01,5.291327486379417966e-01,4.186251934521199869e-02,1.741195319166220215e-03,3.187618452020237747e+00,2.333116090017445909e+00,-2.274992585866936756e-01,4.561445272960791719e+00,3.355030396510862101e+00,4.274392595140556139e+00,5.030090242248405730e+00,1.399493046319140177e-01,-4.122488303431737222e-02,9.999867177125159046e-01
1.272000000000000908e+00,1.552482133229182437e-01,4.910521449282556627e-02,1.034753733486510008e+00,1.743850884202823748e+00,-7.997442156616303421e-01,2.566609547022262738e-01,8.457134336190293977e-01,5.318165188578911629e-01,4.396542797890039267e-02,2.649454437757913124e-03,3.209619707200365379e+00,2.208600169923180978e+00,-1.963017149963450503e-01,4.518762193308767827e+00,3.319114410731222709e+00,4.291780644350726703e+00,5.047925037184967323e+00,1.439433708275590362e-01,-4.359280027063050511e-02,9.999851666156969188e-01
1.274000000000000909e+00,1.587359150913238981e-01,4.750572606150230831e-02,1.035267055395914459e+00,1.747041214191326519e+00,-8.369165765510229171e-01,2.548546848550726773e-01,8.439035015974591936e-01,5.345123881685626133e-01,4.594582144508927574e-02,3.516870430229219937e-03,3.225598481924487615e+00,2.080425897683500391e+00,-1.654735265292345825e-01,4.474894412406400512e+00,3.284865194602800909e+00,4.309513880016840659e+00,5.064070110793262636e+00,1.479369375642978213e-01,-4.602503397450163902e-02,9.999834854771583181e-01
1.276000000000000911e+00,1.622299975197065425e-01,4.583189290840026381e-02,1.035776764765624636e+00,1.750393206273654911e+00,-8.740956359526862451e-01,2.527498930298657798e-01,8.420781597914448469e-01,5.372155979698292061e-01,4.780093903616332990e-02,4.341005348258157766e-03,3.235406265333173437e+00,1.948843012219413362e+00,-1.350547969081341559e-01,4.429917644205198179e+00,3.252335939623431926e+00,4.327542939700496305e+00,5.078468662770997177e+00,1.519299785036611894e-01,-4.852139415487499718e-02,9.999816674976953479e-01
1.278000000000000913e+00,1.657307839322538501e-01,4.408370163649489443e-02,1.036282264551684262e+00,1.753894945173823494e+00,-9.112780179136197312e-01,2.503455801475018005e-01,8.402414778096151116e-01,5.399212911134803061e-01,4.952826190136827567e-02,5.119535496115767970e-03,3.238907088943409729e+00,1.814108943476776092e+00,-1.050852542343578000e-01,4.383910501771069335e+00,3.221576280619494970e+00,4.345816977884635612e+00,5.091066043867902735e+00,1.559224667287555377e-01,-5.108168654578548740e-02,9.999797057335930717e-01
1.280000000000000915e+00,1.692385738226014902e-01,4.226114560066765446e-02,1.036782955711979204e+00,1.757534345278378263e+00,-9.484602773726023006e-01,2.476413733336238765e-01,8.383976294351161984e-01,5.426245210313475065e-01,5.112551837239365238e-02,5.850256766358976138e-03,3.235978006403302576e+00,1.676488376298642446e+00,-7.560424947961014164e-02,4.336954378551603817e+00,3.192632101982506132e+00,4.364283767493406074e+00,5.101809918787515663e+00,1.599143747510556324e-01,-5.370571265154922003e-02,9.999775930987331307e-01
1.282000000000000917e+00,1.727536425131582509e-01,4.036422504592244997e-02,1.037278238458646529e+00,1.761299181016525717e+00,-9.856389055951347844e-01,2.446375280972260535e-01,8.365508814096843659e-01,5.453202610630469849e-01,5.259068886644963775e-02,6.531089599971809552e-03,3.226509550650827229e+00,1.536252787676356091e+00,-4.665073717853154833e-02,4.289133314975205558e+00,3.165545351474693181e+00,4.382889806350733330e+00,5.110650432091415674e+00,1.639056745179505725e-01,-5.639326979661518635e-02,9.999753223667466884e-01
1.284000000000000918e+00,1.762762408751913090e-01,3.839294723473218179e-02,1.037767513514840978e+00,1.765177117118815531e+00,-1.022810335341614252e+00,2.413349285727741933e-01,8.347055817983912718e-01,5.480034139659772929e-01,5.392201034381567670e-02,7.160083569656782929e-03,3.210406166184860854e+00,1.393679957808497738e+00,-1.826323787580894087e-02,4.240533850213282996e+00,3.140353862833756615e+00,4.401580428245112309e+00,5.117540376527025536e+00,1.678963374197071090e-01,-5.914415116882310031e-02,9.999728861729684226e-01
1.286000000000000920e+00,1.798065951094289516e-01,3.634732656404895262e-02,1.038250183371986601e+00,1.769155738664985877e+00,-1.059970945727242375e+00,2.377350858526668664e-01,8.328661479668331147e-01,5.506688215903557948e-01,5.511798029733728371e-02,7.735421586480314970e-03,3.187586614161638021e+00,1.249053455541424995e+00,9.520217900195922234e-03,4.191244859092041253e+00,3.117091188457697282e+00,4.420299918267569517e+00,5.122435363157009647e+00,1.718863342965466501e-01,-6.195814586749293085e-02,9.999702770166143395e-01
1.288000000000000922e+00,1.833449065867589212e-01,3.422738467259446582e-02,1.038725653543691951e+00,1.773222580835687179e+00,-1.097117066735315838e+00,2.338401344436505380e-01,8.310370542048519660e-01,5.533112747022715938e-01,5.617736025200055494e-02,8.255423731466695822e-03,3.157984348048135548e+00,1.102662098912082556e+00,3.666216414051315375e-02,4.141357374227247590e+00,3.095786443378353070e+00,4.438991632040304225e+00,5.125293992580960634e+00,1.758756354457791105e-01,-6.483503894929754097e-02,9.999674872627251077e-01
1.290000000000000924e+00,1.868913517484303011e-01,3.203315053912383220e-02,1.039193333812579167e+00,1.777365158287312230e+00,-1.134244983349149027e+00,2.296528268872236878e-01,8.292228190331329962e-01,5.559255229379620467e-01,5.709917875352592265e-02,8.718550715006406771e-03,3.121547857597323450e+00,9.547993916645999279e-01,6.312579210720034584e-02,4.090964393584560987e+00,3.076464161711975898e+00,4.457598118438637513e+00,5.126078026482786321e+00,1.798642106286951758e-01,-6.777461147333951885e-02,9.999645091442976863e-01
1.292000000000000925e+00,1.904460820650049346e-01,2.976466057242553587e-02,1.039652639466353667e+00,1.781570994073998326e+00,-1.171350939271764924e+00,2.251765265900141921e-01,8.274279922311914559e-01,5.585062848727797569e-01,5.788273382589806393e-02,9.123406968089334962e-03,3.078240978959329688e+00,8.057629367653446062e-01,8.887506087010474398e-02,4.040160673783841361e+00,3.059144166723002822e+00,4.476061245383626819e+00,5.124752558669582569e+00,1.838520290776859412e-01,-7.077664054793331161e-02,9.999613347642357652e-01
1.294000000000000927e+00,1.940092240531529344e-01,2.742195869388200716e-02,1.040102992519533753e+00,1.785827648046003358e+00,-1.208431140206742027e+00,2.204151989156019065e-01,8.256571416273374986e-01,5.610482581885917197e-01,5.852759487889196144e-02,9.468743370386285829e-03,3.028043168809160246e+00,6.558538280947285859e-01,1.138748249297457799e-01,3.989042509602575670e+00,3.043841455574876953e+00,4.494322328269778843e+00,5.121286184714620937e+00,1.878390595030925425e-01,-7.384089937499993539e-02,9.999579560973890224e-01
1.296000000000000929e+00,1.975808793492449533e-01,2.500509641346852427e-02,1.040543822917364913e+00,1.790122744659004450e+00,-1.245481756678100904e+00,2.153734005942271879e-01,8.239148396931694762e-01,5.635461299236355082e-01,5.903360404796566957e-02,9.753459621079421313e-03,2.970949740454551513e+00,5.053760216478585532e-01,1.380909779919851921e-01,3.937707500247610071e+00,3.030566099772057598e+00,4.512322260577810162e+00,5.115651169259381348e+00,1.918252701002547411e-01,-7.696715729588277100e-02,9.999543649926136979e-01
1.298000000000000931e+00,2.011611248385629658e-01,2.251413290011232415e-02,1.040974569718553289e+00,1.794444000134386208e+00,-1.282498926371872017e+00,2.100562675112688515e-01,8.222056499869629942e-01,5.659945867891263971e-01,5.940087695036874726e-02,9.976606259080905009e-03,2.906972059988633728e+00,3.546356877276702901e-01,1.614906117295989429e-01,3.886254303092806062e+00,3.019323162206110744e+00,4.530001646213425381e+00,5.107823609981665847e+00,1.958106285563605553e-01,-8.015517983665176871e-02,9.999505531747265863e-01
1.300000000000000933e+00,2.047500128388317353e-01,1.994913504736858106e-02,1.041394682253575787e+00,1.798779248916200890e+00,-1.319478755987020246e+00,2.044695009393101837e-01,8.205341134920236534e-01,5.683883255371844356e-01,5.962980284296155037e-02,1.013738633987845521e-02,2.836137700671225836e+00,2.039405457634490826e-01,1.840421881413699945e-01,3.834782375708527091e+00,3.010112631638446778e+00,4.547300933114674315e+00,5.097783597198119132e+00,1.997951020571679948e-01,-8.340472875227078475e-02,9.999465122464696876e-01
1.302000000000000934e+00,2.083475713366641502e-01,1.731017753539454071e-02,1.041803621255454448e+00,1.803116469376125908e+00,-1.356417322588506558e+00,1.986193522819571788e-01,8.189047348975644347e-01,5.707220633648785180e-01,5.972104416904652074e-02,1.023515677670652595e-02,2.758490553858865990e+00,5.359918353111542411e-02,2.057157239046531749e-01,3.783391707110761892e+00,3.002929375323422523e+00,4.564160547663020040e+00,5.085515368027528460e+00,2.037786572940110119e-01,-8.671556207110597825e-02,9.999422336904748576e-01
1.304000000000000936e+00,2.119538042754164076e-01,1.459734289021752743e-02,1.042200859960018322e+00,1.807443808723383283e+00,-1.393310674460766396e+00,1.925126064004795967e-01,8.173219688710241515e-01,5.729905483394074350e-01,5.967553548347784287e-02,1.026942935406457980e-02,2.674090894959919584e+00,-9.607963730928437140e-02,2.264829849151170083e-01,3.732182539311041936e+00,2.997763110399337627e+00,4.580521029456978255e+00,5.071007454029722084e+00,2.077612604704643928e-01,-9.008743414023001606e-02,9.999377088713421458e-01
1.306000000000000938e+00,2.155686918928631790e-01,1.181072154129599386e-02,1.042585885172819360e+00,1.811749607082101976e+00,-1.430154831465215270e+00,1.861565635966157817e-01,8.157902063718625030e-01,5.751885698296030913e-01,5.949448174742684448e-02,1.023987142179271295e-02,2.583015403062185467e+00,-2.447876873132756037e-01,2.463176890191563773e-01,3.681255080310074312e+00,2.994598394514088824e+00,4.596323165997180382e+00,5.054252821196882017e+00,2.117428773092786543e-01,-9.352009566930519213e-02,9.999329290374729950e-01
1.308000000000000940e+00,2.191921911070273954e-01,8.950411878365562707e-03,1.042958198300012684e+00,1.816022420703985230e+00,-1.466945784910986150e+00,1.795590203267188045e-01,8.143137610578041752e-01,5.773109689290840674e-01,5.917935598643278561e-02,1.014630627797361018e-02,2.485357133070370317e+00,-3.922179848218091403e-01,2.651957147751998756e-01,3.630709209815670135e+00,2.993414636042066146e+00,4.611508126862299051e+00,5.035249001180407191e+00,2.157234730588175609e-01,-9.701329377372758245e-02,9.999278853230597619e-01
1.310000000000000941e+00,2.228242359484353674e-01,6.016520308543590878e-03,1.043317316340666157e+00,1.820251044289324271e+00,-1.503679496953746364e+00,1.727282487237745134e-01,8.128968558351816753e-01,5.793526488564665344e-01,5.873189630774432179e-02,9.988713248864697705e-03,2.381225439396075672e+00,-5.380655187220863001e-01,2.830953139294007936e-01,3.580644179053544374e+00,2.994186124128379145e+00,4.626017596975685819e+00,5.013998212635360829e+00,2.197030125000356549e-01,-1.005667720203859972e-01,9.999225687500112869e-01
1.312000000000000943e+00,2.264647380370140295e-01,3.009161314636098206e-03,1.043662772838113595e+00,1.824424532394277598e+00,-1.540351899542846681e+00,1.656729750046412319e-01,8.115436096054843285e-01,5.813085853180833817e-01,5.815410227544809407e-02,9.767227473882379371e-03,2.270745850462072557e+00,-6.820279760222255350e-01,2.999973251641890326e-01,3.531158306098857835e+00,2.996882078612715716e+00,4.639793908570599257e+00,4.990507471564036734e+00,2.236814599529868275e-01,-1.041802704688734593e-01,9.999169702299175455e-01
1.314000000000000945e+00,2.301135871018025747e-01,-7.154248444959541639e-05,1.043994118788122982e+00,1.828532219906945810e+00,-1.576958892942762036e+00,1.584023568403835625e-01,8.102580242604037197e-01,5.831738368186473176e-01,5.744823064446565736e-02,9.482139403369005404e-03,2.154059893517485946e+00,-8.238064717748644350e-01,3.158853865750628209e-01,3.482348668279692028e+00,3.001466719805368388e+00,4.652780171515440877e+00,4.964788689582969816e+00,2.276587792835176316e-01,-1.078535257171324702e-01,9.999110805659219281e-01
1.316000000000000947e+00,2.337706515416164699e-01,-3.225460270335119613e-03,1.044310923501803767e+00,1.832563741578961958e+00,-1.613496343859940785e+00,1.509259597675580156e-01,8.090439719775814886e-01,5.849435549052262040e-01,5.661679045716482700e-02,9.133894016482976483e-03,2.031324869503646546e+00,-9.631062788146595999e-01,3.307461442543261354e-01,3.434310793199891521e+00,3.007899357873286661e+00,4.664920401659423455e+00,4.936858759044721268e+00,2.316349339097190096e-01,-1.115862709421548971e-01,9.999048904545722039e-01
1.318000000000000949e+00,2.374357790247743905e-01,-6.452452958055000798e-03,1.044612775421338791e+00,1.836509050603166493e+00,-1.649960083211636119e+00,1.432537327181116482e-01,8.079051828689022274e-01,5.866129943297812011e-01,5.566253750905413022e-02,8.723089766071870713e-03,1.902713577966962610e+00,-1.099637554716827781e+00,3.445694543123273834e-01,3.387138350048832347e+00,3.016134501522139466e+00,4.676159646925558633e+00,4.906739624017259160e+00,2.356098868087901366e-01,-1.153782359463093599e-01,9.998983904878917528e-01
1.320000000000000950e+00,2.411087971259807117e-01,-9.752373124478273120e-03,1.044899282886774916e+00,1.840358436231287476e+00,-1.686345903578044148e+00,1.353959827448933673e-01,8.068452330325138755e-01,5.881775231153494321e-01,5.458846819279022239e-02,8.250477256830569817e-03,1.768413992275426061e+00,-1.233116063345509161e+00,3.573485756471784791e-01,3.340922842823774275e+00,3.026121985444797602e+00,4.686444110874863789e+00,4.874458336146366477e+00,2.395836005232769850e-01,-1.192291471971884675e-01,9.998915711550422358e-01
1.322000000000000952e+00,2.447895139984432866e-01,-1.312506493163436219e-02,1.045170074852264763e+00,1.844102540428496972e+00,-1.722649556384031611e+00,1.273633490190280992e-01,8.058675330588049857e-01,5.896326325107328348e-01,5.339781273250387289e-02,7.716957662421031205e-03,1.628628885664690218e+00,-1.363263888337345575e+00,3.690803507861628585e-01,3.295753307187564651e+00,3.037807115931656199e+00,4.695721273538525864e+00,4.840047094524037696e+00,2.435560371676377400e-01,-1.231387278714350941e-01,9.998844228443735105e-01
1.324000000000000954e+00,2.484777190793002744e-01,-1.657036404440242680e-02,1.045424801550302929e+00,1.847732373564138664e+00,-1.758866748860988150e+00,1.191667761743267356e-01,8.049753170393016966e-01,5.909739468182858557e-01,5.209402782321776587e-02,7.123580886552521516e-03,1.483575408907880089e+00,-1.489810135861311835e+00,3.797653721627929913e-01,3.251716012621043372e+00,3.051130833859844849e+00,4.703940009319412141e+00,4.803543268732818561e+00,2.475271584347940035e-01,-1.271066978972044126e-01,9.998769358451680134e-01
1.326000000000000956e+00,2.521731838264285597e-01,-2.008809754212440360e-02,1.045663135102651520e+00,1.851239329139892753e+00,-1.794993140843460733e+00,1.108174870727593880e-01,8.041716321258918221e-01,5.921972330790938877e-01,5.068078869286606752e-02,6.471543472301920404e-03,1.333484620674470378e+00,-1.612491624009870117e+00,3.894081312682586282e-01,3.208894171570171316e+00,3.066029894167870751e+00,4.711050701819658570e+00,4.764989404339654122e+00,2.514969256025541000e-01,-1.311327739958869643e-01,9.998691003495663310e-01
1.328000000000000957e+00,2.558756624847083327e-01,-2.367808382381132379e-02,1.045884770076797032e+00,1.854615197558110662e+00,-1.831024341458833193e+00,1.023269550637428277e-01,8.034593286858942029e-01,5.932984105994784096e-01,4.916198060710313261e-02,5.762186263208918073e-03,1.178600971909912420e+00,-1.731053556208410615e+00,3.980171482192657595e-01,3.167367657234779532e+00,3.082437060802883266e+00,4.717005355477252415e+00,4.724433210198208499e+00,2.554652995399653292e-01,-1.352166697252528138e-01,9.998609064543897418e-01
1.330000000000000959e+00,2.595848928798245581e-01,-2.734013250672899173e-02,1.046089423986924505e+00,1.857852178934039200e+00,-1.866955905771424451e+00,9.370687580866135513e-02,8.028410510963315261e-01,5.942735603023964197e-01,4.754168983968745654e-02,4.996991818923862856e-03,1.019181745828701802e+00,-1.845250176081287830e+00,4.056050794190910747e-01,3.127212731608500107e+00,3.100281316004179111e+00,4.721757703926249050e+00,4.681927527020929070e+00,2.594322407136377961e-01,-1.393580955196398463e-01,9.998523441629414421e-01
1.332000000000000961e+00,2.633005972376926129e-01,-3.107404431827184149e-02,1.046276837738541854e+00,1.860942894956188587e+00,-1.902783331445077275e+00,8.496913874073563910e-02,8.023192292182768082e-01,5.951189338868877465e-01,4.582419413371710548e-02,4.177581587431325461e-03,8.554964553664973215e-01,-1.954845401281533723e+00,4.121888011525493001e-01,3.088501785336765781e+00,3.119488082703892218e+00,4.725263315033001454e+00,4.637530276797155793e+00,2.633977091942814042e-01,-1.435567587330979222e-01,9.998434033868894844e-01
1.334000000000000963e+00,2.670224830276050065e-01,-3.487961098116199726e-02,1.046446776016023428e+00,1.863880399799185739e+00,-1.938502055490379572e+00,7.612579822906984095e-02,8.018960705893855012e-01,5.958309627783020535e-01,4.401395268135478017e-02,3.305712835135820021e-03,6.878262001778908674e-01,-2.059613433878644262e+00,4.177894671475461674e-01,3.051303090880872482e+00,3.139979458724759809e+00,4.727479692583909987e+00,4.591304392746145879e+00,2.673616646626459925e-01,-1.478123636791224271e-01,9.998340739480253703e-01
1.336000000000000965e+00,2.707502438272033629e-01,-3.875661509214275990e-02,1.046599027612481470e+00,1.866658190093133607e+00,-1.974107451164135441e+00,6.718904451450039006e-02,8.015735533696837223e-01,5.964062668515992538e-01,4.211559565188885412e-02,2.383275335391993929e-03,5.164629854925532060e-01,-2.159339345002930344e+00,4.224325383530371791e-01,3.015680570385693482e+00,3.161674461383667811e+00,4.728366374623618640e+00,4.543317729613965739e+00,2.713240664162999138e-01,-1.521246116739689569e-01,9.998243455800936985e-01
1.338000000000000966e+00,2.744835602073896208e-01,-4.270482999447103301e-02,1.046733405701510522e+00,1.869270213952822779e+00,-2.009594825089571657e+00,5.817117448378743283e-02,8.013534200723764211e-01,5.968416629095684156e-01,4.013391330001067625e-02,1.412287815404653221e-03,3.417090053526354865e-01,-2.253819631566023496e+00,4.261477834259541075e-01,2.981693579565266816e+00,3.184489281041877895e+00,4.727885028466831230e+00,4.493642954251868993e+00,2.752848733753712196e-01,-1.564932010754773728e-01,9.998142079305578633e-01
1.340000000000000968e+00,2.782221006352952886e-01,-4.672401964465017904e-02,1.046849748050478146e+00,1.871710879069140576e+00,-2.044959414666048581e+00,4.908456234777015120e-02,8.012371721078899167e-01,5.971341728973695862e-01,3.807384468802691574e-02,3.948941608297778442e-04,1.638758929445245927e-01,-2.342862743011912663e+00,4.289692486818292849e-01,2.949396708810263057e+00,3.208337542118478325e+00,4.725999542426906785e+00,4.442357416543986304e+00,2.792440440891557074e-01,-1.609178273258748959e-01,9.998036505624510184e-01
1.342000000000000970e+00,2.819655223934335875e-01,-5.081393847398227304e-02,1.046947917175173659e+00,1.873975059863758341e+00,-2.080196385836495132e+00,3.994163028830832740e-02,8.012260651655911392e-01,5.972810318343648728e-01,3.594046605735266853e-02,-6.666406231100534914e-04,-1.671605909330944884e-02,-2.426289576203607634e+00,4.309351965467715373e-01,2.918839602592686155e+00,3.233130570014978833e+00,4.722676114306188389e+00,4.389543000872954792e+00,2.832015367419291607e-01,-1.653981829910549095e-01,9.997926629560387468e-01
1.344000000000000972e+00,2.857134725131610931e-01,-5.497433124565526130e-02,1.047027800435750278e+00,1.876058103706716773e+00,-2.115300831279728566e+00,3.075481913827139008e-02,8.013211054536564237e-01,5.972796954437942230e-01,3.373897888602771233e-02,-1.769934695609248721e-03,-1.997387053599438411e-01,-2.503933936711466135e+00,4.320880118443882201e-01,2.890066798125920489e+00,3.258777662424468424e+00,4.717883336714736586e+00,4.335285958453714450e+00,2.871573091594417093e-01,-1.699339578012200036e-01,9.997812345107162102e-01
1.346000000000000973e+00,2.894655887205745404e-01,-5.920493290821472049e-02,1.047089310074026836e+00,1.877955836194914019e+00,-2.150267769092946590e+00,2.153655915843257981e-02,8.015230468134029174e-01,5.971278474604483355e-01,3.147469767015408093e-02,-2.912493911298658436e-03,-3.848568782320338499e-01,-2.575642964942436830e+00,4.324740755622968891e-01,2.863117584105050462e+00,3.285186363466905402e+00,4.711592279277360795e+00,4.279676720983734306e+00,2.911113188148863884e-01,-1.745248386916955496e-01,9.997693545466139753e-01
1.348000000000000975e+00,2.932215003929643515e-01,-6.350546844640062027e-02,1.047132383192343807e+00,1.879664565487822792e+00,-2.185092142027130091e+00,1.229924097492421202e-02,8.018323887201227462e-01,5.968234065961470769e-01,2.915303746805570501e-02,-4.091716600444030884e-03,-5.717292390149110171e-01,-2.641277525730877596e+00,4.321436060599848639e-01,2.838025880196673789e+00,3.312262739122680433e+00,4.703776567791342345e+00,4.222809696188605244e+00,2.950635228349245409e-01,-1.791705098424358766e-01,9.997570123064525305e-01
1.350000000000000977e+00,2.969808295239400042e-01,-6.787565273045488567e-02,1.047156981674293608e+00,1.881181085695071253e+00,-2.219768817334862643e+00,3.055186740897960704e-03,8.022493751780354065e-01,5.963645331425008189e-01,2.677950124660243361e-02,-5.304898600545926955e-03,-7.600091463990971130e-01,-2.700712560200005274e+00,4.311504680036790660e-01,2.814820137815615020e+00,3.339911652463675384e+00,4.694412460389532527e+00,4.164783045959354446e+00,2.990138780057538526e-01,-1.838706527184399420e-01,9.997441969572511411e-01
1.352000000000000979e+00,3.007431916953301476e-01,-7.231519036512461251e-02,1.047163092047775468e+00,1.882502679308894145e+00,-2.254292587286164107e+00,-6.183378413801931747e-03,8.027739945125021981e-01,5.957496351901777620e-01,2.435966706951834052e-02,-6.549238541504466896e-03,-9.493455388791502969e-01,-2.753837398896431754e+00,4.295519496382770308e-01,2.793523262570610566e+00,3.368037037229473007e+00,4.683478920754747143e+00,4.105698447896325654e+00,3.029623407792048084e-01,-1.886249461086890733e-01,9.997308975920047303e-01
1.354000000000000981e+00,3.045081970539479377e-01,-7.682377553969693684e-02,1.047150725290947770e+00,1.883627118672966727e+00,-2.288658170403316205e+00,-1.540435458084425321e-02,8.034059800581031530e-01,5.949773744436818168e-01,2.189917516760453778e-02,-7.821843386306571999e-03,-1.139383827782217251e+00,-2.800556035396956744e+00,4.274085093291844495e-01,2.774152558609376484e+00,3.396542168346003088e+00,4.670957688411907505e+00,4.045660841178362332e+00,3.069088672787234628e-01,-1.934330661654257710e-01,9.997171032314495775e-01
1.356000000000000982e+00,3.082754512912938560e-01,-8.140109188050356770e-02,1.047119916581786159e+00,1.884552666477839367e+00,-2.322860213460561152e+00,-2.459579485491557305e-02,8.041448117366412074e-01,5.940466716105118339e-01,1.940371493065273789e-02,-9.119734228833388870e-03,-1.329766797570933967e+00,-2.840787359783051524e+00,4.247834926233491903e-01,2.756719694964915757e+00,3.425329928083431952e+00,4.656833346115583083e+00,3.984778157785112462e+00,3.108534133053115767e-01,-1.982946864448535962e-01,9.997028028257544108e-01
1.358000000000000984e+00,3.120445566242495139e-01,-8.604681230742469711e-02,1.047070724992076318e+00,1.885278075272147191e+00,-2.356893294288526786e+00,-3.374593263348755340e-02,8.049897185146120959e-01,5.929567113434967007e-01,1.687901186041234486e-02,-1.043985234986513980e-02,-1.520135510133048262e+00,-2.874465351576122263e+00,4.217428213848565255e-01,2.741230693801751439e+00,3.454303066582351978e+00,4.641093384305251313e+00,3.923161040175074277e+00,3.147959343434099111e-01,-2.032094779441422361e-01,9.996879852561866286e-01
1.360000000000000986e+00,3.158151127747937936e-01,-9.076059889600175679e-02,1.047003233126809318e+00,1.885802585978067381e+00,-2.390751925417176516e+00,-4.284320836914549957e-02,8.059396817252321155e-01,5.917069467151203632e-01,1.433081452330885880e-02,-1.177906553167805057e-02,-1.710130209838193194e+00,-2.901539231917213524e+00,4.183546568553619949e-01,2.727685940408349552e+00,3.483364455651489777e+00,4.623728262608393536e+00,3.860922546628242191e+00,3.187363855666820456e-01,-2.081771091428663567e-01,9.996726393368282615e-01
1.362000000000000988e+00,3.195867179467499208e-01,-9.554210274683611059e-02,1.046917546710071090e+00,1.886125925399143810e+00,-2.424430558583886786e+00,-5.187629570830410569e-02,8.069934392357498432e-01,5.902971032027491960e-01,1.176488154070707941e-02,-1.313417463077745824e-02,-1.899391226242175934e+00,-2.921973574964782383e+00,4.146890387651213650e-01,2.716080214528033832e+00,3.512417334753478837e+00,4.604731468301143771e+00,3.798177845504521866e+00,3.226747218443097864e-01,-2.131972460386464263e-01,9.996567538162137723e-01
1.364000000000000989e+00,3.233589697975481903e-01,-1.003909638640038821e-01,1.046813794118654384e+00,1.886248302708694036e+00,-2.457923590126266156e+00,-6.083412694951866734e-02,8.081494904365477128e-01,5.887271821638699887e-01,9.186968653381935579e-03,-1.450192040729805266e-02,-2.087559871433952718e+00,-2.935748378662982550e+00,4.108175028803421891e-01,2.706402742607518341e+00,3.541365548294928001e+00,4.584099571645748661e+00,3.735043899757028107e+00,3.266108977463506591e-01,-2.182695521880191336e-01,9.996403173790673335e-01
1.366000000000000991e+00,3.271314664029655872e-01,-1.053068110442564181e-01,1.046692125864755241e+00,1.886170404907549170e+00,-2.491225367271495017e+00,-6.970591775421940139e-02,8.094061020244871507e-01,5.869974637807499063e-01,6.602815895520841236e-03,-1.587899060842323448e-02,-2.274279329161823515e+00,-2.942859095205657471e+00,4.068126796063551431e-01,2.698637270326341042e+00,3.570113773401415003e+00,4.561832277960904847e+00,3.671639143068630151e+00,3.305448675497348887e-01,-2.233936887444087915e-01,9.996233186478518107e-01
1.368000000000000993e+00,3.309038072127806762e-01,-1.102892617787994134e-01,1.046552714029246767e+00,1.885893391240917261e+00,-2.524330195325981130e+00,-7.848119104243367339e-02,8.107613145490988327e-01,5.851085094543373444e-01,4.018134912053464465e-03,-1.726202730183986137e-02,-2.459195533032693337e+00,-2.943316621683656376e+00,4.027478764773769759e-01,2.692762154685424569e+00,3.598567737491635388e+00,4.537932476257242165e+00,3.608083149023559422e+00,3.344765852440918508e-01,-2.285693144942229083e-01,9.996057461845024861e-01
1.370000000000000995e+00,3.346755939952625325e-01,-1.153379221694513790e-01,1.046395751647161809e+00,1.885418886565706220e+00,-2.557232345761130343e+00,-8.714980000593250398e-02,8.122129496865939657e-01,5.830611636277374110e-01,1.438596451408340280e-03,-1.864763445375709067e-02,-2.641958031248297978e+00,-2.937147251551534222e+00,3.986966475478090355e-01,2.688750474864052720e+00,3.626634425135953688e+00,4.512406284247333588e+00,3.544496294759962307e+00,3.384060045374628345e-01,-2.337960858987457868e-01,9.995875884920542020e-01
1.372000000000000997e+00,3.384464317683939516e-01,-1.204523868609736342e-01,1.046221452047150002e+00,1.884748973661716898e+00,-2.589926065182410309e+00,-9.570195017153594608e-02,8.137586182033280657e-01,5.808565550202471339e-01,-1.130181936043551331e-03,-2.003238574438678810e-02,-2.822220835530592886e+00,-2.924392587690132217e+00,3.947323528544056104e-01,2.686570160871312396e+00,3.654222273730677095e+00,4.485263089476773324e+00,3.480999420543739120e+00,3.423330788619143306e-01,-2.390736571268234911e-01,9.995688340161832386e-01
1.374000000000000998e+00,3.422159297157174040e-01,-1.256322389913384630e-01,1.046030048146807001e+00,1.883886184482716830e+00,-2.622405585160799468e+00,-1.041282204477282369e-01,8.153957285672673860e-01,5.784960972536863366e-01,-3.682647965559032299e-03,-2.141283261202219651e-02,-2.999643252079378986e+00,-2.905109417962691953e+00,3.909277112435641799e-01,2.686184139036881469e+00,3.681241357754364785e+00,4.456515586324893086e+00,3.417713486732695927e+00,3.462577613792934272e-01,-2.444016800963026981e-01,9.995494711468948523e-01
1.376000000000001000e+00,3.459837020846828204e-01,-1.308770501616600690e-01,1.045821791705911608e+00,1.882833490346514926e+00,-2.654665132897152890e+00,-1.124195830886912384e-01,8.171214961632601304e-01,5.759814888536588517e-01,-6.213326425359596422e-03,-2.278551251497160438e-02,-3.173890692608050124e+00,-2.879369554274203047e+00,3.873543499513360522e-01,2.687550493224303949e+00,3.707603561407502024e+00,4.426179808560684492e+00,3.354759229570090096e+00,3.501800049868979414e-01,-2.497798045101831121e-01,9.995294882201752884e-01
1.378000000000001002e+00,3.497493690653758480e-01,-1.361863804274543732e-01,1.045596952539734170e+00,1.881594291066774005e+00,-2.686698942681875035e+00,-1.205674225111285774e-01,8.189329530654828604e-01,5.733147126093930401e-01,-8.716830699608499669e-03,-2.414695739862274260e-02,-3.344635463705736722e+00,-2.847259636237583713e+00,3.840823543848500554e-01,2.690622640641100904e+00,3.733222739622902520e+00,4.394275157127117915e+00,3.292256817241663747e+00,3.540997623230897062e-01,-2.552076778929404099e-01,9.995088735194697094e-01
1.380000000000001004e+00,3.535125576475093845e-01,-1.415597783128181297e-01,1.045355817694711975e+00,1.880172403033378181e+00,-2.718501268104227098e+00,-1.285635529010189237e-01,8.208269583183547269e-01,5.704980342769612189e-01,-1.118787398506137717e-02,-2.549370235284787248e-02,-3.511557532978318630e+00,-2.808880900631370192e+00,3.811798215830426440e-01,2.695349521045923513e+00,3.758014867522913693e+00,4.360824422793877275e+00,3.230325507600056323e+00,3.580169857727515392e-01,-2.606849456285544875e-01,9.994876152773342071e-01
1.382000000000001005e+00,3.572729024535761244e-01,-1.469967808490265926e-01,1.045098690588909918e+00,1.878572046252671379e+00,-2.750066394957922711e+00,-1.364002345496557744e-01,8.228002086754844235e-01,5.675340006119597991e-01,-1.362128018159755073e-02,-2.682229444282867303e-02,-3.674345270620606119e+00,-2.764348917897846203e+00,3.787124208304735173e-01,2.701675798129298034e+00,3.781898178541466926e+00,4.325853803295628630e+00,3.169083308925052300e+00,3.619316274730284277e-01,-2.662112509971734653e-01,9.994657016770238656e-01
1.384000000000001007e+00,3.610300465460814512e-01,-1.524969136389424385e-01,1.044825890119810641e+00,1.876797830363780450e+00,-2.781388654782205094e+00,-1.440701888611220505e-01,8.248492497448727256e-01,5.644254367191494648e-01,-1.601199443899913033e-02,-2.812930169420560164e-02,-3.832696165267927668e+00,-2.713793296982800030e+00,3.767429648629573302e-01,2.709542071792596651e+00,3.804793291497398755e+00,4.289392914547674351e+00,3.108646645042035139e+00,3.658436393188697622e-01,-2.717862352109818858e-01,9.994431208540666134e-01
1.386000000000001009e+00,3.647836422068090334e-01,-1.580596909485068591e-01,1.044537749742088462e+00,1.874854739652440427e+00,-2.812462438970823708e+00,-1.515666119765944064e-01,8.269704874875948297e-01,5.611754427080991592e-01,-1.835509334446809582e-02,-2.941132221126030108e-02,-3.986317513159743697e+00,-2.657357359853206091e+00,3.753309950368529102e-01,2.718885100070924654e+00,3.826623327050533430e+00,4.251474795521769323e+00,3.049130026075421718e+00,3.697529729683015631e-01,-2.774095374511489354e-01,9.994198608977482579e-01
1.388000000000001011e+00,3.685333516861138969e-01,-1.636846158264484985e-01,1.044234616518135317e+00,1.872748117089207520e+00,-2.843282213374937140e+00,-1.588831869647142903e-01,8.291602000165879671e-01,5.577873896455570746e-01,-2.064579473743178087e-02,-3.066499340464564141e-02,-4.134927079823636831e+00,-2.595197787052757832e+00,3.745323837364398778e-01,2.729638029411194378e+00,3.847314014031901763e+00,4.212135906347600489e+00,2.990645726055676690e+00,3.736595798480539798e-01,-2.830807949043787630e-01,9.993959098527573914e-01
1.390000000000001013e+00,3.722788479202923106e-01,-1.693711802531983612e-01,1.043916850144205988e+00,1.870483647424611595e+00,-2.873842533320128734e+00,-1.660140945316726790e-01,8.314145496419174108e-01,5.542649147970777346e-01,-2.287946714016305186e-02,-3.188700130301077434e-02,-4.278253733650495327e+00,-2.527484235666457746e+00,3.743989571677973638e-01,2.741730632016341040e+00,3.866793786209151040e+00,4.171416119193240846e+00,2.933303468531776481e+00,3.775634111590040476e-01,-2.887996427977554958e-01,9.993712557206633207e-01
1.392000000000001014e+00,3.760198152151415507e-01,-1.751188653198386125e-01,1.043584821955142683e+00,1.868067339379563263e+00,-2.904138058952825840e+00,-1.729540222094971269e-01,8.337295951090143431e-01,5.506119161523631567e-01,-2.505163879461366760e-02,-3.307408992075414750e-02,-4.416038050875752852e+00,-2.454398931062783173e+00,3.749781415345645463e-01,2.755089549028659324e+00,3.884993870161012719e+00,4.129358701490231098e+00,2.877210121287648636e+00,3.814644178816184450e-01,-2.945657144357483048e-01,9.993458864614792603e-01
1.394000000000001016e+00,3.797559498939006573e-01,-1.809271414377442710e-01,1.043238913910723653e+00,1.865505506975146721e+00,-2.934163570826900269e+00,-1.796981719865206883e-01,8.361013039768496746e-01,5.468325462308295526e-01,-2.715800629760801999e-02,-3.422307065209902882e-02,-4.548032891613312145e+00,-2.376136233771975359e+00,3.763126354113072169e-01,2.769638538285490448e+00,3.901848364933690139e+00,4.086010291053533194e+00,2.822469401179036996e+00,3.853625507810125583e-01,-3.003786412355111679e-01,9.993197899951118401e-01
1.396000000000001018e+00,3.834869609078509489e-01,-1.867954685793980774e-01,1.042879517566750680e+00,1.862804750051691993e+00,-2.963913985637735227e+00,-1.862422663499000708e-01,8.385255650837983854e-01,5.429312051660690752e-01,-2.919444282815551045e-02,-3.533083165975212797e-02,-4.674003946699432532e+00,-2.292902182837825542e+00,3.784401109276403496e-01,2.785298725457443059e+00,3.917294314235052699e+00,4.041420862668839931e+00,2.769181590046749797e+00,3.892577604128337754e-01,-3.062380527614436687e-01,9.992929542030095647e-01
1.398000000000001020e+00,3.872125704079543151e-01,-1.927232965506735507e-01,1.042507033034050901e+00,1.859971934032652152e+00,-2.993384372008311978e+00,-1.925825527164076734e-01,8.409982010500848260e-01,5.389125330701580729e-01,-3.115700596210022391e-02,-3.639434722460020699e-02,-4.793730255195725931e+00,-2.204914016951549538e+00,3.813929461520952358e-01,2.801988857412659684e+00,3.931271771947030924e+00,3.995643685727999994e+00,2.717443262585096608e+00,3.931499971282068628e-01,-3.121435767627644964e-01,9.992653669295412655e-01
1.400000000000001021e+00,3.909325142760196048e-01,-1.987100652946901802e-01,1.042121867928618162e+00,1.857014168994252534e+00,-3.022569966229847527e+00,-1.987158062345508180e-01,8.435149807670987432e-01,5.347814016811252014e-01,-3.304194507062480080e-02,-3.741068702124615564e-02,-4.907004692475484653e+00,-2.112399674643578251e+00,3.851979908215248938e-01,2.819625556668846844e+00,3.943723861722775226e+00,3.948735272510800698e+00,2.667347026970417811e+00,3.970392110789777718e-01,-3.180948392058553509e-01,9.992370159835060051e-01
1.402000000000001023e+00,3.946465426140081112e-01,-2.047552052271498779e-01,1.041724436316149083e+00,1.853938788107005964e+00,-3.051466187858621559e+00,-2.046393309481317757e-01,8.460716318255834256e-01,5.305429052993715366e-01,-3.484570830025808530e-02,-3.837702528271157154e-02,-5.013634428869148785e+00,-2.015597274767563007e+00,3.898763673007107911e-01,2.838123575895839412e+00,3.954596831502969145e+00,3.900755316744801693e+00,2.618981278988190553e+00,4.009253522231848166e-01,-3.240914643104702009e-01,9.992078891396891649e-01
1.404000000000001025e+00,3.983544201902221027e-01,-2.108581376028671184e-01,1.041315157654252754e+00,1.850753325519986392e+00,-3.080068655070317796e+00,-2.103509593188514770e-01,8.486638528366188261e-01,5.262023510213690303e-01,-3.656494913299317834e-02,-3.929064981635611853e-02,-5.113441358881087417e+00,-1.914754578470483581e+00,3.954433083827661455e-01,2.857396051438459317e+00,3.963840103709413309e+00,3.851766622095399661e+00,2.572429970315538661e+00,4.048083703302314262e-01,-3.301330745849213599e-01,9.991779741402515569e-01
1.406000000000001027e+00,4.020559268412620679e-01,-2.170182749130077637e-01,1.040894455735615010e+00,1.847465493763092326e+00,-3.108373199673976739e+00,-2.158490501131736516e-01,8.512873256015083268e-01,5.217652482815992032e-01,-3.819653252590933523e-02,-4.014897083201090372e-02,-5.206262501004472298e+00,-1.810128433797798309e+00,4.019080332544711642e-01,2.877354754932128333e+00,3.971406321901874925e+00,3.801835020283791611e+00,2.527772391552181475e+00,4.086882149860588953e-01,-3.362192908600718511e-01,9.991472586962428792e-01
1.408000000000001029e+00,4.057508578287882806e-01,-2.232350213123557303e-01,1.040462757635388646e+00,1.844083160746393668e+00,-3.136375881689158707e+00,-2.211324846664978194e-01,8.539377270890250449e-01,5.172372977163687269e-01,-3.973754063030492806e-02,-4.094952954250844629e-02,-5.291950368160617479e+00,-1.701984204038638371e+00,4.092736626536370714e-01,2.897910342116653215e+00,3.977251394631674319e+00,3.751029278566130998e+00,2.485082970518929013e+00,4.125648355980917614e-01,-3.423497323229298672e-01,9.991157304890441182e-01
1.410000000000001030e+00,4.094390241502810501e-01,-2.295077730757340562e-01,1.040020492666055674e+00,1.840614326438944071e+00,-3.164073003392385175e+00,-2.262006615455332270e-01,8.566107411810093275e-01,5.126243793658757930e-01,-4.118527809079535612e-02,-4.169000649623814947e-02,-5.370373308769401000e+00,-1.590595180872123926e+00,4.175371739432059970e-01,2.918972598057601342e+00,3.981334537202753765e+00,3.699420996359599645e+00,2.444431086277606635e+00,4.164381814009363580e-01,-3.485240165524032818e-01,9.990833771718028444e-01
1.412000000000001032e+00,4.131202528031589494e-01,-2.358359190825188301e-01,1.039568091342964573e+00,1.837067099312149399e+00,-3.191461122742054179e+00,-2.310534896376797431e-01,8.593020701499750613e-01,5.079325402336750672e-01,-4.253727692511674596e-02,-4.236822960107475972e-02,-5.441415818425501705e+00,-1.476241983336408437e+00,4.266893965197159355e-01,2.940450678023413200e+00,3.983618311967761727e+00,3.647084490848188310e+00,2.405880899256839012e+00,4.203082014608430228e-01,-3.547417595522119882e-01,9.990501863708933783e-01
1.414000000000001034e+00,4.167943870017832286e-01,-2.422188413280029484e-01,1.039105984363689172e+00,1.833449672634830829e+00,-3.218537066095001009e+00,-2.356913797040159908e-01,8.620074458351618674e-01,5.031679812254863382e-01,-4.379130098551368977e-02,-4.298218179903427055e-02,-5.504978822109725556e+00,-1.359211943604585082e+00,4.367150476630440314e-01,2.962253343346501477e+00,3.984068667750788162e+00,3.594096671459182435e+00,2.369491197806385063e+00,4.241748446812625417e-01,-3.610025757850507944e-01,9.990161456873165591e-01
1.416000000000001036e+00,4.204612863470528761e-01,-2.486559154601929444e-01,1.038634601604281116e+00,1.829770300708496000e+00,-3.245297940132625847e+00,-2.401152344400900862e-01,8.647226404863218585e-01,4.983370434920952885e-01,-4.494535000258716856e-02,-4.353000835131653340e-02,-5.560979926806042251e+00,-1.239798480519212154e+00,4.475928086266755535e-01,2.984289191695519428e+00,3.982654978914562438e+00,3.540536903165488081e+00,2.335315261442121759e+00,4.280380598075499421e-01,-3.673060782052175455e-01,9.989812426981599103e-01
1.418000000000001037e+00,4.241208269484698645e-01,-2.551465113404581819e-01,1.038154371135400877e+00,1.826037275132019522e+00,-3.271741142919801337e+00,-2.443264370961288623e-01,8.674434772474448607e-01,4.934461942039048421e-01,-4.599766321235351091e-02,-4.401002369400430769e-02,-5.609353644330918875e+00,-1.118300461811141844e+00,4.592954404601045648e-01,3.006466881219276743e+00,3.979350084499948537e+00,3.486486858626618890e+00,2.303400740980163786e+00,4.318977954322793522e-01,-3.736518782941402606e-01,9.989454649579334600e-01
1.420000000000001039e+00,4.277729014987339262e-01,-2.616899936262978010e-01,1.037665718261208569e+00,1.822258901184905522e+00,-3.297864374025759826e+00,-2.483268387153174661e-01,8.701658402555575433e-01,4.885020117874758205e-01,-4.694672256703006502e-02,-4.442071782561084897e-02,-5.650051584108730651e+00,-9.950215559084110151e-01,4.717899387542829892e-01,3.028695348127423248e+00,3.974130327791119299e+00,3.432030359256479368e+00,2.273789555706324794e+00,4.357540000000188485e-01,-3.800395860910157353e-01,9.989088000000192480e-01
1.422000000000001041e+00,4.314174193011037217e-01,-2.682857223743493336e-01,1.037169064583777889e+00,1.818443474417574146e+00,-3.323665643642652601e+00,-2.521187440554706338e-01,8.728856843326701087e-01,4.835111706571479928e-01,-4.779125552973709917e-02,-4.476076218890377018e-02,-5.683042615551332055e+00,-8.702695742280470714e-01,4.850377262062973704e-01,3.050884017330184328e+00,3.966975596567015927e+00,3.377253205371115286e+00,2.246517807667085087e+00,4.396066218124747849e-01,-3.864688102289051130e-01,9.988712353380995168e-01
1.424000000000001043e+00,4.350543062499388491e-01,-2.749330536616346188e-01,1.036664827095666874e+00,1.814599257535684629e+00,-3.349143280644390597e+00,-2.557048962656231494e-01,8.755990442518477579e-01,4.784804254775276711e-01,-4.853023745290457186e-02,-4.502901501098173498e-02,-5.708312999622922490e+00,-7.443558048391371029e-01,4.989948816149232247e-01,3.072943005832090790e+00,3.957869364196280326e+00,3.322242995645666497e+00,2.221615713116654067e+00,4.434556090333376943e-01,-3.929391579649177402e-01,9.988327584674889792e-01
1.426000000000001044e+00,4.386835047650102237e-01,-2.816313402229234097e-01,1.036153417303135704e+00,1.810734457663392583e+00,-3.374295939535792321e+00,-2.590884603946898568e-01,8.783020435612520771e-01,4.734165949952599539e-01,-4.916289353971821374e-02,-4.522452606743924963e-02,-5.725866489094595835e+00,-6.175943383868276459e-01,5.136124036436354734e-01,3.094783318654605431e+00,3.946798731665418725e+00,3.267088936184673553e+00,2.199107551104074076e+00,4.473009096929150274e-01,-3.994502352136350964e-01,9.987933568664493222e-01
1.428000000000001046e+00,4.423049736803369991e-01,-2.883799321019949735e-01,1.035635240382346334e+00,1.806857204067674916e+00,-3.399122606249662670e+00,-2.622730058144408516e-01,8.809909029527878133e-01,4.683265454810455197e-01,-4.968870038744680612e-02,-4.534654083861670848e-02,-5.735724396921027868e+00,-4.903013871786545685e-01,5.288365074279888223e-01,3.116317037117946942e+00,3.933754470494740474e+00,3.211881639585520976e+00,2.179011629131391015e+00,4.511424716935739099e-01,-4.060016465812736897e-01,9.987530179977062161e-01
1.430000000000001048e+00,4.459186880884723481e-01,-2.951781773144943055e-01,1.035110694370717344e+00,1.802975526422494035e+00,-3.423622602757273814e+00,-2.652624876434918622e-01,8.836619481646961205e-01,4.632171738253026971e-01,-5.010738711098539078e-02,-4.539450402838825921e-02,-5.737925632106656515e+00,-3.627945983530908025e-01,5.446089518575357724e-01,3.137457499369423974e+00,3.918731066412425079e+00,3.156712914450082508e+00,2.161340265764186253e+00,4.549802428141038746e-01,-4.125929953946183559e-01,9.987117293096359205e-01
1.432000000000001050e+00,4.495246391413173503e-01,-3.020254225200088571e-01,1.034580169395430405e+00,1.799097333687603051e+00,-3.447795590465862592e+00,-2.680612272626898274e-01,8.863116174100391653e-01,4.580953903331944632e-01,-5.041893604444402238e-02,-4.536806241867828021e-02,-5.732526702368369698e+00,-2.353923620748494538e-01,5.608673951339099295e-01,3.158119473148648826e+00,3.901726763582384017e+00,3.101675545879945428e+00,2.146099790031068544e+00,4.588141707148043480e-01,-4.192238837377999516e-01,9.986694782377503188e-01
1.434000000000001052e+00,4.531228338086925600e-01,-3.089210137009406054e-01,1.034044046940905126e+00,1.795230393672353042e+00,-3.471641572384696062e+00,-2.706738920154081462e-01,8.889364683255026600e-01,4.529681012669178330e-01,-5.062358301812631967e-02,-4.526706703589986058e-02,-5.719601682858582059e+00,-1.084131157365125497e-01,5.775457759948793290e-01,3.178219320769282152e+00,3.882743609035946619e+00,3.046863067562544103e+00,2.133290557396323006e+00,4.626442029421031776e-01,-4.258939124804328458e-01,9.986262522059261570e-01
1.436000000000001053e+00,4.567132945960372670e-01,-3.158642968457099909e-01,1.033502699156874316e+00,1.791382313349929145e+00,-3.495160894049458289e+00,-2.731054741885040604e-01,8.915331844372933467e-01,4.478421911851768744e-01,-5.072181720779674052e-02,-4.509157460876285495e-02,-5.699242150175548360e+00,1.782535481581593029e-02,5.945747178036875358e-01,3.197675156421375675e+00,3.861787496916204265e+00,2.992369526132866664e+00,2.122906982046478319e+00,4.664702869333599011e-01,-4.326026813100156687e-01,9.985820386278012606e-01
1.438000000000001055e+00,4.602960592227371417e-01,-3.228546186338089319e-01,1.032956488208497392e+00,1.787560519982113849e+00,-3.518354243202696630e+00,-2.753612693712513826e-01,8.940985811431162444e-01,4.427245051316037738e-01,-5.071438055274359730e-02,-4.484184830037928060e-02,-5.671557080868601552e+00,1.430066159700454365e-01,6.118819525321771424e-01,3.216406995913219102e+00,3.838868212038185845e+00,2.938289238565685135e+00,2.114937585183511271e+00,4.702923700217258585e-01,-4.393497887657531464e-01,9.985368249080748271e-01
1.440000000000001057e+00,4.638711802627013547e-01,-3.298913271202143505e-01,1.032405765669754949e+00,1.783772243109045696e+00,-3.541222648235829329e+00,-2.774468542904244828e-01,8.966296112112793759e-01,4.376218307255518303e-01,-5.060226673882287085e-02,-4.451835770128114572e-02,-5.636672713643891441e+00,2.668162878342548172e-01,6.293927615195966663e-01,3.234336899010243016e+00,3.813999472160723325e+00,2.884716543424351354e+00,2.109365058970927187e+00,4.741103994406632438e-01,-4.461348322681715217e-01,9.984905984438041671e-01
1.442000000000001059e+00,4.674387247489194541e-01,-3.369737724166860238e-01,1.031850871961174088e+00,1.780024497452516119e+00,-3.563767475405893670e+00,-2.793680642197372554e-01,8.991233697998596286e-01,4.325408802101207151e-01,-5.038671974243023183e-02,-4.412177807383230177e-02,-5.594732374488823545e+00,3.889427453539526236e-01,6.470304297647829772e-01,3.251389104595860058e+00,3.787198968330050874e+00,2.831745546857843188e+00,2.106166345734889145e+00,4.779243223286773201e-01,-4.529574081503255911e-01,9.984433466256907863e-01
1.444000000000001060e+00,4.709987737438244837e-01,-3.441013073674978329e-01,1.031292135832734713e+00,1.776324066775244237e+00,-3.585990424847544933e+00,-2.811309700611623330e-01,9.015770990006114483e-01,4.274882725134975248e-01,-5.006923193120572241e-02,-4.365298884253679401e-02,-5.545896263964852579e+00,5.090778178370020113e-01,6.647167104098870016e-01,3.267490158909484244e+00,3.758488402582993881e+00,2.779469864297300585e+00,2.105312731975063301e+00,4.817340857340202120e-01,-4.598171116896878630e-01,9.983950568394375225e-01
1.446000000000001062e+00,4.745514218773749793e-01,-3.512732882171929472e-01,1.030729873892612281e+00,1.772677488732356421e+00,-3.607893525407749991e+00,-2.827418551943339797e-01,9.039881919138563759e-01,4.224705153806694868e-01,-4.965154171723602794e-02,-4.311307132888970994e-02,-5.490341205970121763e+00,6.269174856028559839e-01,6.823722960019534822e-01,3.282569037137655243e+00,3.727893522207348376e+00,2.727982358863320744e+00,2.106769956696554758e+00,4.855396366193094337e-01,-4.667135371385029430e-01,9.983457164669493622e-01
1.448000000000001064e+00,4.780967768548397001e-01,-3.584890752680084391e-01,1.030164390182223721e+00,1.769091040745025989e+00,-3.629479128337214089e+00,-2.842071921881844654e-01,9.063541962619935388e-01,4.174939876332861011e-01,-4.913563075859490176e-02,-4.250330573365363601e-02,-5.428260357343035025e+00,7.421625724152894898e-01,6.999172930711031748e-01,3.296557258673842750e+00,3.695444149745560569e+00,2.677374877543309495e+00,2.110498333528785242e+00,4.893409218659616755e-01,-4.736462777547671976e-01,9.982953128876301818e-01
1.450000000000001066e+00,4.816349589363297379e-01,-3.657480335246828806e-01,1.029595975797847451e+00,1.765570726919973632e+00,-3.650749899878710014e+00,-2.855336194663057325e-01,9.086728175504901195e-01,4.125649216158961408e-01,-4.852372070525480530e-02,-4.182516737374099985e-02,-5.359862877767165301e+00,8.545194323000081527e-01,7.172716965450708360e-01,3.309388996382010895e+00,3.661174207872671005e+00,2.627737986245616497e+00,2.116452886055181892e+00,4.931378882788539642e-01,-4.806149258327536700e-01,9.982438334797327784e-01
1.452000000000001068e+00,4.851661003901696634e-01,-3.730495333244402967e-01,1.029024908558914930e+00,1.762122266032364992e+00,-3.671708812798146315e+00,-2.867279180142747741e-01,9.109419217862722018e-01,4.076893858869569121e-01,-4.781826948571847591e-02,-4.108032218520709516e-02,-5.285373559544932931e+00,9.637006292940069052e-01,7.343558605281959029e-01,3.321001180223416949e+00,3.625121738263198168e+00,2.579160704871026333e+00,2.124583495732121019e+00,4.969304825910700885e-01,-4.876190727342191167e-01,9.981912656214850799e-01
1.454000000000001069e+00,4.886903449222343987e-01,-3.803929509500366124e-01,1.028451452722886295e+00,1.758751080583624171e+00,-3.692359136909283635e+00,-2.877969882134573942e-01,9.131595377643086930e-01,4.028732682128903786e-01,-4.702196713115776999e-02,-4.027062150817450892e-02,-5.205032416934542994e+00,1.069425608620473200e+00,7.510909620105656881e-01,3.331333595603259035e+00,3.587328913518941231e+00,2.531730243577488881e+00,2.134835061737688555e+00,5.007186514679080602e-01,-4.946583089169962477e-01,9.981375966923904386e-01
1.456000000000001071e+00,4.922078470834016506e-01,-3.877776692238552037e-01,1.027875858746459370e+00,1.755462286939860617e+00,-3.712704428647625399e+00,-2.887478268815625304e-01,9.153238589339083298e-01,3.981222589230460907e-01,-4.613773113441200363e-02,-3.939809617378308565e-02,-5.119094234887948680e+00,1.171421357737226110e+00,7.673994541365641853e-01,3.340328976807320771e+00,3.547842041258016721e+00,2.485531741434808595e+00,2.147147672050456535e+00,5.045023415118397025e-01,-5.017322239653481120e-01,9.980828140745066079e-01
1.458000000000001073e+00,4.957187716572813985e-01,-3.952030780811504607e-01,1.027298363092696176e+00,1.752260686551028179e+00,-3.732748519753082750e+00,-2.895875045955335070e-01,9.174332448567825704e-01,3.934418346827022184e-01,-4.516870134188200742e-02,-3.846494991745384034e-02,-5.027828077182675770e+00,1.269423055667373124e+00,7.832055057560755040e-01,3.347933095932654091e+00,3.506711559475659712e+00,2.440648008673526270e+00,2.161456785017928262e+00,5.082814992666033760e-01,-5.088404066209477605e-01,9.980269051536181379e-01
1.460000000000001075e+00,4.992232930303834304e-01,-4.026685751206566244e-01,1.026719188083505152e+00,1.749150758245684889e+00,-3.752495505124350927e+00,-2.903231433675119710e-01,9.194862222693310772e-01,3.888372427402176368e-01,-4.411823437715881036e-02,-3.747355214683510682e-02,-4.931516754117708068e+00,1.363174708984504546e+00,7.984354241025228838e-01,3.354094847642311805e+00,3.463992022254204883e+00,2.397159273750549602e+00,2.177693420645843148e+00,5.120560712219219823e-01,-5.159824448126073548e-01,9.979698573204833778e-01
1.462000000000001076e+00,5.027215945468748171e-01,-4.101735661309053316e-01,1.026138541796770109e+00,1.746136651591272626e+00,-3.771949729910861748e+00,-2.909618947393237121e-01,9.214814857618194299e-01,3.843134857031055840e-01,-4.298989759614130907e-02,-3.642643009672927312e-02,-4.830456250125137352e+00,1.452429772800948760e+00,8.130180575907582918e-01,3.358766330134193900e+00,3.419742074986500402e+00,2.355142936439083012e+00,2.195784360803515689e+00,5.158260038177093776e-01,-5.231579256844156589e-01,9.979116579720708202e-01
1.464000000000001078e+00,5.062138678500573974e-01,-4.177174655907270329e-01,1.025556618007291476e+00,1.743222181305260410e+00,-3.791115775910479435e+00,-2.915109183555115169e-01,9.234178980872027598e-01,3.798753068961677193e-01,-4.178746257441841999e-02,-3.532626040704365394e-02,-4.724955111843533118e+00,1.536951755091928273e+00,8.268851759023034820e-01,3.361902922674303795e+00,3.374024418306405870e+00,2.314673328139697617e+00,2.215652357513053339e+00,5.195912434483478393e-01,-5.303664356258082080e-01,9.978522945126426791e-01
1.466000000000001080e+00,5.097003122126678720e-01,-4.252996971425480055e-01,1.024973596170580370e+00,1.740410822698330140e+00,-3.809998447342731964e+00,-2.919773610694630928e-01,9.252944901122746035e-01,3.755271763528896245e-01,-4.051489812880749997e-02,-3.417586016333569454e-02,-4.615333797403404326e+00,1.616514802679855478e+00,8.399718247270318017e-01,3.363463360006951230e+00,3.326905759939210672e+00,2.275821480593780866e+00,2.237216348471004590e+00,5.233517364673065941e-01,-5.376075603008985127e-01,9.977917543551901858e-01
1.468000000000001082e+00,5.131811338580645199e-01,-4.329196940372334601e-01,1.024389641448441468e+00,1.737705708126988435e+00,-3.828602756068580693e+00,-2.923683366315419918e-01,9.271104604236044544e-01,3.712732774890750709e-01,-3.917636287614729984e-02,-3.297817744279876728e-02,-4.501923987879496991e+00,1.690904267208618972e+00,8.522166527552917925e-01,3.363409803970497602e+00,3.278456753793984380e+00,2.238654904136699653e+00,2.260391678925442793e+00,5.271074291912345444e-01,-5.448808846768429248e-01,9.977300249223430839e-01
1.470000000000001084e+00,5.166565452743184794e-01,-4.405768995493706264e-01,1.023804904775178493e+00,1.735109624429637121e+00,-3.846933906328274588e+00,-2.926909060025753018e-01,9.288651746003828702e-01,3.671174945051953742e-01,-3.777619733372626631e-02,-3.173628141152826099e-02,-4.385067862075803902e+00,1.759917249451129040e+00,8.635622087627240484e-01,3.361707912587972302e+00,3.228751925658892130e+00,2.203237376598585318e+00,2.285090329026067124e+00,5.308582679041240482e-01,-5.521859930532286853e-01,9.976670936476912388e-01
1.472000000000001085e+00,5.201267645231777426e-01,-4.482707673620272004e-01,1.023219522963173311e+00,1.732625011317189045e+00,-3.864997279068875358e+00,-2.929520583305806891e-01,9.305581641658113856e-01,3.630634005611628745e-01,-3.631891556707680935e-02,-3.045335202159081545e-02,-4.265117336019240923e+00,1.823363120318661101e+00,8.739552068989661082e-01,3.358326906872577400e+00,3.177869584947762061e+00,2.169628743904608914e+00,2.311221145752216710e+00,5.346041988620147123e-01,-5.595224690916893451e-01,9.976029479770032182e-01
1.474000000000001087e+00,5.235920145458121677e-01,-4.560007619201649764e-01,1.022633618846512160e+00,1.730253960686782166e+00,-3.882798415932595226e+00,-2.931586926232306878e-01,9.321891252280914975e-01,3.591142467642333136e-01,-3.480919639227270102e-02,-2.913266935876641234e-02,-4.142433268743189956e+00,1.881064016977114006e+00,8.833467585801973998e-01,3.353239635570631982e+00,3.125891722040760712e+00,2.137884733366838930e+00,2.338690078524977345e+00,5.383451682967308471e-01,-5.668898958421095813e-01,9.975375753692565794e-01
1.476000000000001089e+00,5.270525224671857023e-01,-4.637663587520301500e-01,1.022047301461265656e+00,1.727998216825017863e+00,-3.900343002976124573e+00,-2.933176001434180669e-01,9.337579168213518965e-01,3.552729520075006420e-01,-3.325187414131657027e-02,-2.777760269381719313e-02,-4.017384636145019172e+00,1.932855312521915225e+00,8.916925696898003739e-01,3.346422637997094718e+00,3.072903890846223174e+00,2.108056780597032276e+00,2.367400417616356556e+00,5.420811224203436751e-01,-5.742878557722974620e-01,9.974709632979061880e-01
1.478000000000001091e+00,5.305085189008357238e-01,-4.715670447579823898e-01,1.021460666260978867e+00,1.725859177465401517e+00,-3.917636854189760154e+00,-2.934354475503161974e-01,9.352645589560667494e-01,3.515420936930216400e-01,-3.165192900068911769e-02,-2.639159929174160826e-02,-3.890347674892828067e+00,1.978586057722278690e+00,8.989531021101374586e-01,3.337856205104710483e+00,3.018995076332798622e+00,2.080191870886431094e+00,2.397253034477940581e+00,5.458120074291361590e-01,-5.817159307956671910e-01,9.974030992518860828e-01
1.480000000000001092e+00,5.339602372557665788e-01,-4.794023184663618875e-01,1.020873795365878189e+00,1.723837895663296038e+00,-3.934685894883282575e+00,-2.935187608037398976e-01,9.367092303876206616e-01,3.479238993699931837e-01,-3.001447693463562758e-02,-2.497817303467645897e-02,-3.761704998541926415e+00,2.018119393411424323e+00,9.050936989389453124e-01,3.327524438845459454e+00,2.964257546849339064e+00,2.054332395827057844e+00,2.428146623138423443e+00,5.495377695082215297e-01,-5.891737023011955898e-01,9.973339707369310858e-01
1.482000000000001094e+00,5.374079130470931220e-01,-4.872716902561284313e-01,1.020286757844270698e+00,1.721935082450663179e+00,-3.951496145003304150e+00,-2.935739098453014617e-01,9.380922661107191640e-01,3.444202393146523766e-01,-2.834475920628324111e-02,-2.354089291490171071e-02,-3.631844688191183224e+00,2.051332932175741419e+00,9.100846730830419729e-01,3.315415309854586212e+00,2.908786691169863659e+00,2.030516025851515138e+00,2.459977941843829896e+00,5.532583548348259939e-01,-5.966607511763299954e-01,9.972635652765431402e-01
1.484000000000001096e+00,5.408517832119944524e-01,-4.951746825461350587e-01,1.019699610024580094e+00,1.720151110232138514e+00,-3.968073702444335549e+00,-2.936070940657840578e-01,9.394141545863244902e-01,3.410326200746987557e-01,-2.664813151120145815e-02,-2.208337145477117305e-02,-3.501159360162598322e+00,2.078119108085221711e+00,9.139013592627852622e-01,3.301520713448462097e+00,2.852680840367177062e+00,2.008775599269552181e+00,2.492642054144709185e+00,5.569737095832909546e-01,-6.041766578412648414e-01,9.971918704131885747e-01
1.486000000000001098e+00,5.442920854324587721e-01,-5.031108299510237414e-01,1.019112395836448526e+00,1.718486016883570056e+00,-3.984424726412754136e+00,-2.936243285647467394e-01,9.406755347067247142e-01,3.377621789970817745e-01,-2.493005273952397099e-02,-2.060925311033222351e-02,-3.370045213332440781e+00,2.098385493292678650e+00,9.165241298102193568e-01,3.285836523811112908e+00,2.796041074586828934e+00,1.989139028300228373e+00,2.526032568697437419e+00,5.606837799285404600e-01,-6.117210022706558448e-01,9.971188737093781285e-01
1.488000000000001100e+00,5.477290574662259104e-01,-5.110796794038492408e-01,1.018525147179319079e+00,1.716939510513946221e+00,-4.000555420899868153e+00,-2.936314312049571607e-01,9.418771925032555226e-01,3.346096797539905854e-01,-2.319607338424648987e-02,-1.912220271490549378e-02,-3.238901058857407200e+00,2.112055080436245458e+00,9.179383749829143069e-01,3.268362646277486405e+00,2.738971015089449512e+00,1.971629222463439302e+00,2.560041877071528305e+00,5.643885120501881403e-01,-6.192933640231217396e-01,9.970445627487718454e-01
1.490000000000001101e+00,5.511629364872537851e-01,-5.190807902456490153e-01,1.017937884316909125e+00,1.715510974851687021e+00,-4.016472018316740389e+00,-2.936340104615430824e-01,9.430200576000788981e-01,3.315755088778596371e-01,-2.145182361477688746e-02,-1.762589401797502384e-02,-3.108127335145087766e+00,2.119066529879427119e+00,9.181344488561907768e-01,3.249103067490369590e+00,2.681576601887075029e+00,1.956264029611692434e+00,2.594561388934497614e+00,5.680878521368146750e-01,-6.268933222700638908e-01,9.969689251373088368e-01
1.492000000000001103e+00,5.545939584369571351e-01,-5.271137342822824756e-01,1.017350616295985999e+00,1.714199475216498847e+00,-4.032180763339792584e+00,-2.936374540633379104e-01,9.441051994163256467e-01,3.286596733121978087e-01,-1.970300103624770399e-02,-1.612399837339559272e-02,-2.978125111002086101e+00,2.119374380930959312e+00,9.171075821850857013e-01,3.228065903165048045e+00,2.623965857457840389e+00,1.943056194769412937e+00,2.629481764045935588e+00,5.717817463896057717e-01,-6.345204558195973732e-01,9.968919485042162520e-01
1.494000000000001105e+00,5.580223573873901444e-01,-5.351780958089620288e-01,1.016763341387859398e+00,1.713003765038369597e+00,-4.047687897012424152e+00,-2.936469184218168382e-01,9.451338231178334492e-01,3.258617989810910220e-01,-1.795535815649504027e-02,-1.462017362916888039e-02,-2.849295079953599874e+00,2.112949226298678429e+00,9.148577639440691467e-01,3.205263443161845416e+00,2.566248637139826982e+00,1.932013336827735239e+00,2.664693140560222773e+00,5.754701410264448924e-01,-6.421743431438926564e-01,9.968136205031177255e-01
1.496000000000001107e+00,5.614483649174668578e-01,-5.432734716029868904e-01,1.016176047551015760e+00,1.711922292885787344e+00,-4.062999641143973939e+00,-2.936673188412953217e-01,9.461072653186796133e-01,3.231811303763577059e-01,-1.621468958395530860e-02,-1.311805326888739603e-02,-2.722036548768764330e+00,2.099777849146503339e+00,9.113895935516070912e-01,3.180712193504288798e+00,2.508536366920129712e+00,1.923137943032152686e+00,2.700085359210774971e+00,5.791529822861480881e-01,-6.498545624095299900e-01,9.967339288131951136e-01
1.498000000000001108e+00,5.648722095032384649e-01,-5.513994708852748561e-01,1.015588712913333191e+00,1.710953209965886179e+00,-4.078122183043137561e+00,-2.937033205029333516e-01,9.470269895317414699e-01,3.206165311575815413e-01,-1.448681898102540354e-02,-1.162123585241511825e-02,-2.596746423254165048e+00,2.079863322228764133e+00,9.067121060711370584e-01,3.154432914867237425e+00,2.450941769313824015e+00,1.916427381112563832e+00,2.735548183053558180e+00,5.828302164315903866e-01,-6.575606914971103834e-01,9.966528611400198301e-01
1.500000000000001110e+00,5.682941159231702510e-01,-5.595557152513611632e-01,1.015001306272327319e+00,1.710094378059897835e+00,-4.093061660618963593e+00,-2.937593302139093199e-01,9.478945813666455056e-01,3.181664857566350868e-01,-1.277758579867948295e-02,-1.013327480048810229e-02,-2.473818194374167945e+00,2.053225068696194366e+00,9.008385729335552927e-01,3.126450657092793239e+00,2.393578578300305182e+00,1.911873928763197839e+00,2.770971512496957612e+00,5.865017897544806402e-01,-6.652923080345090057e-01,9.965704052168744553e-01
1.502000000000001112e+00,5.717143046792900751e-01,-5.677418385725990779e-01,1.014413787611899487e+00,1.709343377858038471e+00,-4.107824147878246457e+00,-2.938394889126292320e-01,9.487117434726922705e-01,3.158291019748761808e-01,-1.109283181931491544e-02,-8.657668564705898670e-03,-2.353640927745069167e+00,2.019898884269431871e+00,8.937862809628391858e-01,3.096794789160330907e+00,2.336561244176311281e+00,1.909464820106115734e+00,2.806245595471068555e+00,5.901676485784594917e-01,-6.730489894177367205e-01,9.964865488055734133e-01
1.504000000000001114e+00,5.751329914350061800e-01,-5.759574868683555726e-01,1.013826108634074297e+00,1.708697517658739118e+00,-4.122415640843988704e+00,-2.939476649203348058e-01,9.494802902237080566e-01,3.136021145579649394e-01,-9.438387535926807612e-03,-7.197851220872761822e-03,-2.236598259513794318e+00,1.979936920587469729e+00,8.855762926859739315e-01,3.065499024035815090e+00,2.280004629412302641e+00,1.909182308649354898e+00,2.841261232648184532e+00,5.938277392634336849e-01,-6.808303128406691940e-01,9.964012796976708941e-01
1.506000000000001116e+00,5.785503864703236410e-01,-5.842023181500435314e-01,1.013238213304233692e+00,1.708153842397941879e+00,-4.136842043915354594e+00,-2.940874479294484645e-01,9.502021421412853996e-01,3.114828897302418520e-01,-7.820058396766988579e-03,-5.757183519873186953e-03,-2.123067401586036684e+00,1.933407629635522040e+00,8.762331910820868597e-01,3.032601437731172300e+00,2.224023696546412854e+00,1.911003746173833173e+00,2.875909977741246681e+00,5.974820082089866702e-01,-6.886358553175568886e-01,9.963145857152708729e-01
1.508000000000001117e+00,5.819666941551194794e-01,-5.924760022378742219e-01,1.012650038408374753e+00,1.707709142975011529e+00,-4.151109156685453883e+00,-2.942621437189312794e-01,9.508793200525550438e-01,3.094684306678405772e-01,-6.243610945638656921e-03,-4.338944426263399538e-03,-2.013418159099546578e+00,1.880395669258589919e+00,8.657848120615510012e-01,2.998144481926511062e+00,2.168733189321292443e+00,1.914901676869013691e+00,2.910084332972926013e+00,6.011304018586134390e-01,-6.964651937119583636e-01,9.962264547123487191e-01
1.510000000000001119e+00,5.853821124410695242e-01,-6.007782205512450791e-01,1.012061514120936812e+00,1.707359965842663696e+00,-4.165222661229122103e+00,-2.944747695873333182e-01,9.515139389785036705e-01,3.075553838872059909e-01,-4.714758888900106616e-03,-2.946323170568724767e-03,-1.908011962967973929e+00,1.821001769853731522e+00,8.542619680682524974e-01,2.962174989380710333e+00,2.114247308210344567e+00,1.920843945981255629e+00,2.943677939916197417e+00,6.047728667028469118e-01,-7.043179047589660513e-01,9.961368745754226595e-01
1.512000000000001121e+00,5.887968323727548192e-01,-6.091086658737032700e-01,1.011472564581762157e+00,1.707102622829168137e+00,-4.179188109868952061e+00,-2.947280504944794766e-01,9.521082017489326255e-01,3.057400465234528797e-01,-3.239149121107614149e-03,-1.582411836937788752e-03,-1.807200920228952512e+00,1.755342562424219599e+00,8.416981662604814396e-01,2.924744171404476401e+00,2.060679381633796048e+00,1.928793822136835479e+00,2.976585765968669417e+00,6.084093492833506645e-01,-7.121935650927753159e-01,9.960458332248185442e-01
1.514000000000001123e+00,5.922110376184132052e-01,-6.174670420934411652e-01,1.010883108480773229e+00,1.706933201161973113e+00,-4.193010913423917074e+00,-2.950244159033154623e-01,9.526643923404491954e-01,3.040183744710486802e-01,-1.822347742007506205e-03,-2.501985033603553290e-04,-1.711326884836704698e+00,1.683550368256298668e+00,8.281293247513000777e-01,2.885907606585478291e+00,2.008141534125233552e+00,1.938710132446908263e+00,3.008704286812609041e+00,6.120397961966990152e-01,-7.200917512703881584e-01,9.959533186155118401e-01
1.516000000000001124e+00,5.956249040207372003e-01,-6.258530639202890544e-01,1.010293059648966540e+00,1.706847573662805262e+00,-4.206696329941243206e+00,-2.953659973139592942e-01,9.531848689344208925e-01,3.023859913576337211e-01,-4.698260982953639925e-04,1.047439052849724649e-03,-1.620720551435131052e+00,1.605772950555275358e+00,8.135934903732843226e-01,2.845725219966994235e+00,1.956744352794465014e+00,1.950547409431869106e+00,3.039931665272458172e+00,6.156641540977165761e-01,-7.280120397981022506e-01,9.958593187382005496e-01
1.518000000000001126e+00,5.990385991680627908e-01,-6.342664565801715559e-01,1.009702327654338649e+00,1.706841409085251726e+00,-4.220249453908589743e+00,-2.957546264826800275e-01,9.536720566926120135e-01,3.008381983204105325e-01,8.130531158106680178e-04,2.307739076126893042e-03,-1.535700574543283015e+00,1.522173228444843707e+00,7.981305613765722340e-01,2.804261251828280344e+00,1.906596553422534424e+00,1.964256048761809703e+00,3.070167927049115342e+00,6.192823697033720265e-01,-7.359540071548735796e-01,9.957638216202218118e-01
1.520000000000001128e+00,6.024522819862332401e-01,-6.427069554879887292e-01,1.009110818401373288e+00,1.706910182566828693e+00,-4.233675205940286901e+00,-2.961918343191271008e-01,9.541284402492568040e-01,2.993699845534270043e-01,2.021049664585031127e-03,3.528060976595017925e-03,-1.456572715472594703e+00,1.432928953797610427e+00,7.817820183737643758e-01,2.761584215249771823e+00,1.857804647569536893e+00,1.979782476751614118e+00,3.099315133854392723e+00,6.228943897960750320e-01,-7.439172298164749009e-01,9.956668153265111343e-01
1.522000000000001130e+00,6.058661023513669530e-01,-6.511743058998693545e-01,1.008518434732734947e+00,1.707049186168609678e+00,-4.246978322928254279e+00,-2.966788504557227313e-01,9.545565559196270700e-01,2.979760385932437861e-01,3.149059448333679269e-03,4.705889897611649497e-03,-1.383629019183452824e+00,1.338232351426547728e+00,7.645906667077942975e-01,2.717766841632190733e+00,1.810472612114365942e+00,1.997069326517986410e+00,3.127277554498576695e+00,6.265001612277689702e-01,-7.519012842828374232e-01,9.955682879606362334e-01
1.524000000000001132e+00,6.092802007237041462e-01,-6.596682625457258586e-01,1.007925077031823546e+00,1.707253539476636606e+00,-4.260163348645280124e+00,-2.972166034838157334e-01,9.549589836267221576e-01,2.966507603099088897e-01,4.192128017014533706e-03,5.838840711953416016e-03,-1.317147023181906462e+00,1.238289723217800731e+00,7.466003932457292436e-01,2.672886013318615195e+00,1.764701562579953364e+00,2.016055621696206224e+00,3.153961834534379616e+00,6.300996309229009995e-01,-7.599057470993670904e-01,9.954682276656923179e-01
1.526000000000001133e+00,6.126947078026574456e-01,-6.681885892430163842e-01,1.007330643824855931e+00,1.707518200240579320e+00,-4.273234624785765767e+00,-2.978057218516693694e-01,9.553383385495296531e-01,2.953882735698267759e-01,5.145463884205218018e-03,6.924661455825166165e-03,-1.257389000445523264e+00,1.133321016841571716e+00,7.278559403879550915e-01,2.627022682534895459e+00,1.720589431690648485e+00,2.036676966577005476e+00,3.179277165042693198e+00,6.336927458822874115e-01,-7.679301948815009382e-01,9.953666226252080307e-01
1.528000000000001135e+00,6.161097442031385762e-01,-6.767350584925879708e-01,1.006735032381152584e+00,1.707837975026475830e+00,-4.286196282426704585e+00,-2.984465354198090337e-01,9.556972624983927078e-01,2.941824395370047363e-01,6.004451605490684560e-03,7.961236213819862864e-03,-1.204601238259677132e+00,1.023559359729744989e+00,7.084026998345949178e-01,2.580261775886535602e+00,1.678230654581160275e+00,2.058865741522830195e+00,3.203135451150195490e+00,6.372794531866947665e-01,-7.759742043404571632e-01,9.952634610642041579e-01
1.530000000000001137e+00,6.195254201531915639e-01,-6.853074510574413969e-01,1.006138139310313040e+00,1.708207529861868412e+00,-4.299052233889582020e+00,-2.991390776697795961e-01,9.560384150253516955e-01,2.930268705792600237e-01,6.764664585250878236e-03,8.946587471662364316e-03,-1.159013354750207503e+00,9.092505590540428395e-01,6.882865283704470150e-01,2.532692083629395352e+00,1.637715862010044710e+00,2.082551302552626993e+00,3.225451480873282151e+00,6.408597000000231247e-01,-7.840373523058019600e-01,9.951587312500249638e-01
1.532000000000001139e+00,6.229418352129153513e-01,-6.939055555252205965e-01,1.005539861154973513e+00,1.708621400853281402e+00,-4.311806164982248113e+00,-2.998830885625471954e-01,9.563644642798897477e-01,2.919149447462385805e-01,7.421877575835668546e-03,9.878877957000369026e-03,-1.120837654792734783e+00,7.906525684961134282e-01,6.675535876171978522e-01,2.484406133084449131e+00,1.599131583041239368e+00,2.107660183953130595e+00,3.246143094802049767e+00,6.444334335729156038e-01,-7.921192157485847929e-01,9.950524214932192635e-01
1.534000000000001140e+00,6.263590780146218728e-01,-7.025291678551850438e-01,1.004940094977848419e+00,1.709074004757768828e+00,-4.324461527598439936e+00,-3.006780180430890237e-01,9.566780776232965966e-01,2.908398207865230956e-01,7.972078833238117890e-03,1.075641199162884719e-02,-1.090268526890132428e+00,6.680349226498445425e-01,6.462502093633913924e-01,2.435500045544625181e+00,1.562559958538847660e+00,2.134116302837778534e+00,3.265131357127795120e+00,6.480006012462258269e-01,-8.002193718059515959e-01,9.949445201486168955e-01
1.536000000000001142e+00,6.297772260241374376e-01,-7.111780909103819770e-01,1.004338738941762177e+00,1.709559649492191413e+00,-4.337021532651635702e+00,-3.015230301878665253e-01,9.569819120178421068e-01,2.897944536716507424e-01,8.411481893612451563e-03,1.157763638131886416e-02,-1.067481882519793146e+00,5.416781399526241492e-01,6.244227877199498566e-01,2.386073376130410928e+00,1.528078466843997063e+00,2.161841164586720154e+00,3.282340728429082866e+00,6.515611504543574739e-01,-8.083373978035410801e-01,9.948350156160108426e-01
1.538000000000001144e+00,6.331963453231218564e-01,-7.198521339756852599e-01,1.003735692881386532e+00,1.710072544565984343e+00,-4.349489143319393847e+00,-3.024170079918457321e-01,9.572786042101026904e-01,2.887716105954956647e-01,8.736536935339702867e-03,1.234114087184216141e-02,-1.052634639362931113e+00,4.118730951064326629e-01,6.021176989660002032e-01,2.336228936164530090e+00,1.495759663016832608e+00,2.190754068135606136e+00,3.297699240535839404e+00,6.551150287284759344e-01,-8.164728712797568733e-01,9.947238963412692314e-01
1.540000000000001146e+00,6.366164904122538770e-01,-7.285511122623240521e-01,1.003130858865402875e+00,1.710606811425424034e+00,-4.361867068574047934e+00,-3.033585587918496973e-01,9.575707607310691705e-01,2.877638874181681627e-01,8.943941691830738921e-03,1.304565820181755910e-02,-1.045864249754937525e+00,2.789203620078015144e-01,5.793812495523287254e-01,2.286072597642170301e+00,1.465670932886034450e+00,2.220772310169629726e+00,3.311138673735731341e+00,6.586621837002599733e-01,-8.246253700073111759e-01,9.946111508170387694e-01
1.542000000000001148e+00,6.400377040351047375e-01,-7.372748463994721613e-01,1.002524141747819231e+00,1.711156493699816483e+00,-4.374157756975981748e+00,-3.043460203227340011e-01,9.578609477390762628e-01,2.867637255243035144e-01,9.030651880866826312e-03,1.369006378463397643e-02,-1.047288275604092211e+00,1.431295282868415564e-01,5.562596523201983612e-01,2.235713079625746502e+00,1.437874263275258357e+00,2.251811387272150800e+00,3.322594736401030868e+00,6.622025631048575889e-01,-8.327944720177242743e-01,9.944967675838247700e-01
1.544000000000001149e+00,6.434600170225043270e-01,-7.460231619134241043e-01,1.001915449707173833e+00,1.711715567342565469e+00,-4.386363390706240928e+00,-3.053774674028763014e-01,9.581516807350599629e-01,2.857634290663403354e-01,8.993891117032946220e-03,1.427337505291752240e-02,-1.057004010959828877e+00,4.818482624509901058e-03,5.327990305781188374e-01,2.185261716345633154e+00,1.412426029552872553e+00,2.283785195222081565e+00,3.332007247069856071e+00,6.657361147842824067e-01,-8.409797556222997628e-01,9.943807352306022196e-01
1.546000000000001151e+00,6.468834481571894557e-01,-7.547958886948366031e-01,1.001304694772368054e+00,1.712277950662758341e+00,-4.398485879816493416e+00,-3.064507192450175443e-01,9.584454141831709739e-01,2.847551825640783352e-01,8.831160274683875697e-03,1.479475049979305998e-02,-1.075088153319410766e+00,-1.356873238859770681e-01,5.090454492621737659e-01,2.134832207096359458e+00,1.389376801793024363e+00,2.316606224623619426e+00,3.339320318784355202e+00,6.692627866907674417e-01,-8.491807994364535261e-01,9.942630423959206709e-01
1.548000000000001153e+00,6.503080040585149657e-01,-7.635928604544696130e-01,1.000691793333877921e+00,1.712837514245665993e+00,-4.410526856675748952e+00,-3.075633473883596647e-01,9.587445310732715109e-01,2.837310688324429786e-01,8.540246269919865574e-03,1.525348845154409112e-02,-1.101596524695144685e+00,-2.780556409847360078e-01,4.850449719927371617e-01,2.084540347973672603e+00,1.368771170580422636e+00,2.350185752222455626e+00,3.344482545437940324e+00,6.727825268899483291e-01,-8.573971824006889619e-01,9.941436777686503135e-01
1.550000000000001155e+00,6.537336790870063030e-01,-7.724139141678211251e-01,1.000076666639101219e+00,1.713388090763406924e+00,-4.422487670595380393e+00,-3.087126842472744936e-01,9.590513324653121563e-01,2.826830872099328484e-01,8.119230231218632632e-03,1.564902560619376923e-02,-1.136563843367135007e+00,-4.219482056373293766e-01,4.608437424366064739e-01,2.034503745828003307e+00,1.350647593615472708e+00,2.384434027256940425e+00,3.347447189624818353e+00,6.762952835640465565e-01,-8.656284838032775042e-01,9.940226300888310718e-01
1.552000000000001156e+00,6.571604552685330614e-01,-7.812588895090119001e-01,9.994592412706067019e-01,1.713923484679904075e+00,-4.434369382616365485e+00,-3.098958322716277025e-01,9.593680270589434178e-01,2.816031720606696487e-01,7.566495029693604685e-03,1.598093537202437478e-02,-1.180003547167047362e+00,-5.670215500099449191e-01,4.364880879932121482e-01,1.984841514819485564e+00,1.335038264059760227e+00,2.419260452362676173e+00,3.348172371403278280e+00,6.798010050151379602e-01,-8.738742833019159661e-01,9.938998881484897296e-01
1.554000000000001158e+00,6.605883022378928882e-01,-7.901276282742446533e-01,9.988394496060634120e-01,1.714437481857158385e+00,-4.446172760445621819e+00,-3.111096737131522350e-01,9.596967208349506118e-01,2.804832115232851475e-01,6.880732141408804452e-03,1.624892603912753142e-02,-1.231907669036084618e+00,-7.129278293443288561e-01,4.120246434541359193e-01,1.935673956229948089e+00,1.321969001562107726e+00,2.454573758587854648e+00,3.346621257163969965e+00,6.832996396681654261e-01,-8.821341609469754985e-01,9.937754407926346900e-01
1.556000000000001160e+00,6.640171772016072449e-01,-7.990199737951358960e-01,9.982172302586370671e-01,1.714923859072713608e+00,-4.457898273531596622e+00,-3.123508809917795448e-01,9.600394068181384855e-01,2.793150664800486127e-01,6.060947815784733725e-03,1.645283881575057561e-02,-1.292246765502325978e+00,-8.593156679283429078e-01,3.875004919376195955e-01,1.887122222274238315e+00,1.311459166769635365e+00,2.490282174216345901e+00,3.342762247657211194e+00,6.867911360745058147e-01,-8.904076972017378466e-01,9.936492769197675656e-01
1.558000000000001162e+00,6.674470249197527183e-01,-8.079357703421990999e-01,9.975925284966534745e-01,1.715376393460960047e+00,-4.469546088273083306e+00,-3.136159276551397923e-01,9.603979550141039656e-01,2.780905897196476184e-01,5.106468525868592019e-03,1.659264575949106341e-02,-1.360969898604265982e+00,-1.005831021229942168e+00,3.629633200850103658e-01,1.839307964904182136e+00,1.303521600042572004e+00,2.526293587165876708e+00,3.336569164056328418e+00,6.902754429145563364e-01,-8.986944729653032482e-01,9.935213854830875491e-01
1.560000000000001164e+00,6.708777777066746717e-01,-8.168748625187453039e-01,9.969652966413431461e-01,1.715788871893567880e+00,-4.481116063359370294e+00,-3.149010999237657482e-01,9.607741025748625097e-01,2.768016452668745075e-01,4.016945678111348388e-03,1.666844763131766771e-02,-1.438004671667734158e+00,-1.152118052130935766e+00,3.384615842212723158e-01,1.792352970702832504e+00,1.298162584974843714e+00,2.562515700853710054e+00,3.328021430776534562e+00,6.937525090009177831e-01,-9.069940695914056050e-01,9.933917554909390546e-01
1.562000000000001165e+00,6.743093554504617781e-01,-8.258370946454640649e-01,9.963354944414956060e-01,1.716155100316804516e+00,-4.492607745244387552e+00,-3.162025088136882767e-01,9.611694442504992164e-01,2.754401278521337315e-01,2.792359561286491577e-03,1.668047169798530377e-02,-1.523257319205788329e+00,-1.297820019063045116e+00,3.140446839376833110e-01,1.746378783191161244e+00,1.295381837203637421e+00,2.598856183510350526e+00,3.317104253618519571e+00,6.972222832820609284e-01,-9.153060689141625517e-01,9.932603760078668742e-01
1.564000000000001167e+00,6.777416656510953930e-01,-8.348223101359528719e-01,9.957030894238682039e-01,1.716468913065717805e+00,-4.504020363762399448e+00,-3.175161028272375785e-01,9.615854231858523837e-01,2.739979824931705332e-01,1.433022516290848990e-03,1.662906950569831288e-02,-1.616612851066107304e+00,-1.442580173719942627e+00,2.897631393532584809e-01,1.701506314009804788e+00,1.295172518811409601e+00,2.635222811038357094e+00,3.303808791693220392e+00,7.006847148445007889e-01,-9.236300532643895167e-01,9.931272361553054040e-01
1.566000000000001169e+00,6.811746034772268032e-01,-8.438303508634776851e-01,9.950680572182136752e-01,1.716724182177114422e+00,-4.515352827897993748e+00,-3.188376812018052231e-01,9.620233221226643927e-01,2.724672241607279388e-01,-6.041868922973817264e-05,1.651471464489130681e-02,-1.717935250790115553e+00,-1.586042665883205416e+00,2.656687681519911415e-01,1.657855444617689855e+00,1.297521278559734981e+00,2.671523603595869822e+00,3.288132321417006843e+00,7.041397529164914459e-01,-9.319656054944971402e-01,9.929923251123744521e-01
1.568000000000001171e+00,6.846080518415810223e-01,-8.528610565192736859e-01,9.944303818558101193e-01,1.716914826724869947e+00,-4.526603721728585050e+00,-3.201629077051706962e-01,9.624842550686122378e-01,2.708399574989741598e-01,-1.686981295191350254e-03,1.633800052277975881e-02,-1.827067727977722322e+00,-1.727853452779804400e+00,2.418148583864520307e-01,1.615544620305349177e+00,1.302408317945959348e+00,2.707666956198053754e+00,3.270078390820121417e+00,7.075873468706976865e-01,-9.403123089966243242e-01,9.928556321166679410e-01
1.570000000000001172e+00,6.880418814950307604e-01,-8.619142639627308533e-01,9.937900560403998274e-01,1.717034822202324174e+00,-4.537771300563319343e+00,-3.214873249646825748e-01,9.629691594951290678e-01,2.691083965705148850e-01,-3.445345803718493499e-03,1.609963815692338693e-02,-1.943833024270267940e+00,-1.867661210269165650e+00,2.182563329787575723e-01,1.574690438455997654e+00,1.309807482965790193e+00,2.743561763713091572e+00,3.249656962296675555e+00,7.110274462270655960e-01,-9.486697477242955756e-01,9.927171464649822141e-01
1.572000000000001174e+00,6.914759511394353853e-01,-8.709898065638574938e-01,9.931470813904704764e-01,1.717078209977296765e+00,-4.548853487308124777e+00,-3.228063693160356240e-01,9.634787891259097847e-01,2.672648845946254959e-01,-5.333856063105058172e-03,1.580045399948568074e-02,-2.068033772367289913e+00,-2.005118243047665949e+00,1.950499018449631805e-01,1.535407233162131568e+00,1.319686381296397926e+00,2.779117540700942968e+00,3.226884541865064016e+00,7.144600006562331629e-01,-9.570375062132825406e-01,9.925768575141900030e-01
1.574000000000001176e+00,6.949101075593899779e-01,-8.800875135384736980e-01,9.925014686518384144e-01,1.717039106845552610e+00,-4.559847869092561012e+00,-3.241153861557382054e-01,9.640137073774379672e-01,2.653019136460280092e-01,-7.350520187608842668e-03,1.544138779820999376e-02,-2.199452907298136140e+00,-2.139881390969207597e+00,1.722541976161033050e-01,1.497806658351626741e+00,1.332006524368595013e+00,2.814244536661399732e+00,3.201784293027038597e+00,7.178849599819461247e-01,-9.654151696009876105e-01,9.924347546818550470e-01
1.576000000000001178e+00,6.983441857730811053e-01,-8.892072092766588609e-01,9.918532378795269500e-01,1.716911714708314385e+00,-4.570751694200095194e+00,-3.254096457793626551e-01,9.645742815117563929e-01,2.632121442801039213e-01,-9.493012317126025418e-03,1.502349049640928393e-02,-2.337854128953509747e+00,-2.271612928494694206e+00,1.499298910306008092e-01,1.461997271769061690e+00,1.346723493709040653e+00,2.848853847273507434e+00,3.174386133244222918e+00,7.213022741843406749e-01,-9.738023236483854816e-01,9.922908274471131662e-01
1.578000000000001180e+00,7.017780092024977767e-01,-8.983487126650590016e-01,9.912024185879682037e-01,1.716690330398626507e+00,-4.581561869349311422e+00,-3.266843596855304455e-01,9.651606775600197752e-01,2.609884250489166169e-01,-1.175867521831451372e-02,1.454792217053421134e-02,-2.482982414675346305e+00,-2.399981454228432121e+00,1.281397822272843101e-01,1.428084122155361957e+00,1.363787130642328371e+00,2.882857522325297239e+00,3.144726811158678803e+00,7.247118934025014170e-01,-9.821985547582698928e-01,9.921450653513188556e-01
1.580000000000001181e+00,7.052113898632950129e-01,-9.075118364037576546e-01,9.905490498685971534e-01,1.716369355679985720e+00,-4.592274957379366640e+00,-3.279346973230797269e-01,9.657728560730827194e-01,2.586238118708122924e-01,-1.414452372628576850e-02,1.401595000018736673e-02,-2.634564580480892371e+00,-2.524662767451286705e+00,1.069488643743224388e-01,1.396168342108106586e+00,1.383141748362348045e+00,2.916168671023953607e+00,3.112849962662266101e+00,7.281137679374172222e-01,-9.906034499952056649e-01,9.919974579987913543e-01
1.582000000000001183e+00,7.086441285746549745e-01,-9.166963863185163541e-01,9.898931804739510287e-01,1.715943307438646759e+00,-4.602887175398516106e+00,-3.291558032561371916e-01,9.664105687525321731e-01,2.561115872147353700e-01,-1.664724902357040889e-02,1.342894626184173469e-02,-2.792309889289001035e+00,-2.645340728548658316e+00,8.642435632568476467e-02,1.366346749063650723e+00,1.404726365090697815e+00,2.948701565477829245e+00,3.078806144099269115e+00,7.315078482549655092e-01,-9.990165971068449835e-01,9.918479950575784798e-01
1.584000000000001185e+00,7.120760151895322299e-01,-9.259021606693134121e-01,9.892348688674387214e-01,1.715406828088374969e+00,-4.613394393459798515e+00,-3.303428147187327801e-01,9.670733560121211880e-01,2.534452790587229387e-01,-1.926322375071693599e-02,1.278838633404279397e-02,-2.955910704299262726e+00,-2.761708100231355267e+00,6.663570130046869711e-02,1.338711456928611376e+00,1.428474956951219621e+00,2.980371743107904425e+00,3.042652840928645297e+00,7.348940849885696736e-01,-1.007437584542060449e+00,9.916966662601884863e-01
1.586000000000001187e+00,7.155068288457089309e-01,-9.351289494562330384e-01,9.885741832380012806e-01,1.714754696203139028e+00,-4.623792133832794526e+00,-3.314908795272257236e-01,9.677605455155585679e-01,2.506186795803906908e-01,-2.198850794061249503e-02,1.209584669857705769e-02,-3.125043185474619900e+00,-2.873467366482873153e+00,4.765452892786475186e-02,1.313349500817936555e+00,1.454316728945584281e+00,3.011096108807710614e+00,3.004454450387888276e+00,7.382724289420128372e-01,-1.015866001471010804e+00,9.915434614042331063e-01
1.588000000000001188e+00,7.189363382381152023e-01,-9.443765337238986257e-01,9.879112014789468432e-01,1.713981837389322971e+00,-4.634075570944698796e+00,-3.325951743151010498e-01,9.684712517320359648e-01,2.476258635355936821e-01,-2.481885576644642447e-02,1.135300291901727640e-02,-3.299368026882382399e+00,-2.980331526222388394e+00,2.955457838759706010e-02,1.290342477349947670e+00,1.482176402298633455e+00,3.040793037642042229e+00,2.964282236838799101e+00,7.416428310920810674e-01,-1.024301437804012949e+00,9.913883703531736202e-01
1.590000000000001190e+00,7.223643019128938025e-01,-9.536446848657880171e-01,9.872460111303166252e-01,1.713083335404496976e+00,-4.644239532067679477e+00,-3.336509230506702894e-01,9.692043765457876159e-01,2.444612062798830754e-01,-2.774972309118184030e-02,1.056162757525169228e-02,-3.478531232469496803e+00,-3.082024858758643848e+00,1.241158079791778238e-02,1.269766202866748017e+00,1.511974516272135860e+00,3.069382478876022446e+00,2.922214258698867972e+00,7.450052425915476562e-01,-1.032743484212289786e+00,9.912313830370385048e-01
1.592000000000001192e+00,7.257904685837027747e-01,-9.629331639299233414e-01,9.865787092842153161e-01,1.712054443524652303e+00,-4.654278498832520761e+00,-3.346534157938801379e-01,9.699586109503790521e-01,2.411194013858981577e-01,-3.077627580447370864e-02,9.723588130111197880e-03,-3.662164927687804106e+00,-3.178283658225753427e+00,-3.696900544027614116e-03,1.251690391846464800e+00,1.543627742390963675e+00,3.096786062110021831e+00,2.878335266104933510e+00,7.483596147714184355e-01,-1.041191732143659010e+00,9.910724894530202889e-01
1.594000000000001194e+00,7.292145774707521344e-01,-9.722417209275884264e-01,9.859094024526275923e-01,1.710890596156099397e+00,-4.664186609650784021e+00,-3.355980276437747212e-01,9.707324378523743968e-01,2.375954778084621299e-01,-3.389339893118823582e-02,8.840844702062311544e-03,-3.849888204236221689e+00,-3.268856934325866881e+00,-1.869167298768178997e-02,1.236178357703234143e+00,1.577049208975928041e+00,3.122927206216331797e+00,2.832736568645595199e+00,7.517058991442286953e-01,-1.049645773844588348e+00,9.909116796663104410e-01
1.596000000000001195e+00,7.326363586630643132e-01,-9.815700941468900043e-01,9.852382063973400550e-01,1.709587420682008529e+00,-4.673957663129049145e+00,-3.364802378232781832e-01,9.715241360025532735e-01,2.338848165479171237e-01,-3.709570649403765019e-02,7.915447716172049550e-03,-4.041307995076220294e+00,-3.353507076876572235e+00,-3.249216084384074638e-02,1.223286737942985702e+00,1.612148833687775618e+00,3.147731231790132700e+00,2.785515872846846541e+00,7.550440474060753360e-01,-1.058105202376907528e+00,9.907489438105825386e-01
1.598000000000001197e+00,7.360555335044283165e-01,-9.909180094731481203e-01,9.845652459216934771e-01,1.708140749526884772e+00,-4.683585122559149383e+00,-3.372956488428071609e-01,9.723317850660195827e-01,2.299831667611519637e-01,-4.037755211136462991e-02,6.949535404199650053e-03,-4.236019976778168328e+00,-3.432010481847006744e+00,-4.501669510397904306e-02,1.213065245554953986e+00,1.648833661795523930e+00,3.171125477703695239e+00,2.736777089291977827e+00,7.583740114399990517e-01,-1.066569611638612969e+00,9.905842720888520248e-01
1.600000000000001199e+00,7.394718150034821358e-01,-1.000285179718266360e+00,9.838906546240078210e-01,1.706546632415194775e+00,-4.693062121567606049e+00,-3.380400056788885332e-01,9.731532718353743672e-01,2.258866612688710529e-01,-4.373304030978266560e-02,5.945331123760077587e-03,-4.433609496195023425e+00,-3.504158136784118582e+00,-5.618284596544140946e-02,1.205556448278881643e+00,1.687008207771831358e+00,3.193039422326246601e+00,2.686630109596503946e+00,7.616957433174622594e-01,-1.075038596378192324e+00,9.904176547740126679e-01
1.602000000000001201e+00,7.428849082683125493e-01,-1.009671303961401589e+00,9.832145746126500496e-01,1.704801348792966298e+00,-4.702381471005598890e+00,-3.387092148985008655e-01,9.739862975837302317e-01,2.215918314069428019e-01,-4.715603853021014397e-02,4.905140466054769971e-03,-4.633652518418417188e+00,-3.569756163756720557e+00,-6.590779705132143729e-02,1.200795577225822086e+00,1.726574797877019840e+00,3.213404809834815357e+00,2.635190553663524060e+00,7.650091953024134028e-01,-1.083511752218612401e+00,9.902490822095542100e-01
1.604000000000001203e+00,7.462945109658984943e-01,-1.019076066903412681e+00,9.825371561828530886e-01,1.702901420373565955e+00,-4.711535667157737528e+00,-3.392993636542998570e-01,9.748283865467183285e-01,2.170956211691640603e-01,-5.064018980480907567e-02,3.831348121694352991e-03,-4.835716592976121220e+00,-3.628626318206930268e+00,-7.410875970510037714e-02,1.198810366045506726e+00,1.767433911265141155e+00,3.232155782035106562e+00,2.582579488047697325e+00,7.683143198524380324e-01,-1.091988675669711029e+00,9.900785448100526409e-01
1.606000000000001204e+00,7.497003138066455907e-01,-1.028499138237728205e+00,9.818585574555445117e-01,1.700843623761114198e+00,-4.720516901343568605e+00,-3.398067384703566396e-01,9.756768955149156541e-01,2.123954005884964302e-01,-5.417892608146595429e-02,2.726414474655979372e-03,-5.039361835249460242e+00,-3.680606442352398311e+00,-8.070342524816635776e-02,1.199620921660715878e+00,1.809484517340057552e+00,3.249229015919308239e+00,2.528923116383184677e+00,7.716110696221978316e-01,-1.100468964149797557e+00,9.899060330621010095e-01
1.608000000000001206e+00,7.531020010541678023e-01,-1.037940172040415332e+00,9.811789439786038347e-01,1.698625003097238073e+00,-4.729317070980096460e+00,-3.402278437325814142e-01,9.765290245103054323e-01,2.074889783037831559e-01,-5.776548217169482496e-02,1.592871895431711895e-03,-5.244141920148774005e+00,-3.725550872064181007e+00,-8.561045260961595849e-02,1.203239627315276561e+00,1.852624407016179475e+00,3.264563867143262410e+00,2.474352443196245144e+00,7.748993974656190886e-01,-1.108952216002023761e+00,9.897315375246753533e-01
1.610000000000001208e+00,7.564992510603623099e-01,-1.047398806182375575e+00,9.804984882911387256e-01,1.696242882669191987e+00,-4.737927792166625629e+00,-3.405594197927159783e-01,9.773818285125897010e-01,2.023746132591535130e-01,-6.139291029720532478e-02,4.333207059355267824e-04,-5.449605085174974661e+00,-3.763330796424589675e+00,-8.874998828732712230e-02,1.209671078418948831e+00,1.896750515698977901e+00,3.278102519483639732e+00,2.419002912621504020e+00,7.781792564382801203e-01,-1.117438030511891611e+00,9.895550488298239245e-01
1.612000000000001210e+00,7.598917368257006588e-01,-1.056874661766708856e+00,9.798173694515532883e-01,1.693694879409936904e+00,-4.746340413844913009e+00,-3.407984605897781405e-01,9.782322301934406328e-01,1.970510254837638531e-01,-6.505409520983164440e-02,-7.495752092630085517e-04,-5.655295140107440055e+00,-3.793834569450857952e+00,-9.004421517434121891e-02,1.218912051459464685e+00,1.941759235906002967e+00,3.289790140196691581e+00,2.363014023748831516e+00,7.814505998003102860e-01,-1.125926007926807415e+00,9.893765576834097075e-01
1.614000000000001211e+00,7.632791265845205730e-01,-1.066367342594398693e+00,9.791357725303737602e-01,1.690978915213659173e+00,-4.754546033577968345e+00,-3.409422306882001763e-01,9.790770336091896286e-01,1.915174059002272278e-01,-6.874176985904037473e-02,-1.953093168327801063e-03,-5.860752480709205514e+00,-3.816967973757949384e+00,-8.941792639386172969e-02,1.230951505940216739e+00,1.987546717541347263e+00,3.299575041141991960e+00,2.306528924584764439e+00,7.847133810182373992e-01,-1.134415749470292667e+00,9.891960548655012175e-01
1.616000000000001213e+00,7.666610844149478465e-01,-1.075876434661554581e+00,9.784538880689973572e-01,1.688093228983588823e+00,-4.762535514979904683e+00,-3.409882816277699513e-01,9.799129387950646919e-01,1.857734251110348955e-01,-7.244853158080886979e-02,-3.174456854172971916e-03,-6.065515103999566726e+00,-3.832654436200668258e+00,-8.679911993282225791e-02,1.245770619129554335e+00,2.034009154101019234e+00,3.307408845335765957e+00,2.249693986679802915e+00,7.879675537680714825e-01,-1.142906857361424500e+00,9.890135312312393623e-01
1.618000000000001215e+00,7.700372708729150695e-01,-1.085401505691514501e+00,9.777719115057418309e-01,1.685036388322948220e+00,-4.770299506817029744e+00,-3.409344674769353989e-01,9.807365571969810514e-01,1.798192411134960089e-01,-7.616685878125005471e-02,-4.410841889724494147e-03,-6.269119622840254813e+00,-3.840835195809345848e+00,-8.211960954828026460e-02,1.263342853096280027e+00,2.081043053147025645e+00,3.313246658571211256e+00,2.192658362728593158e+00,7.912130719369816489e-01,-1.151398934830297094e+00,9.888289777111287648e-01
1.620000000000001217e+00,7.734073436495609855e-01,-1.094942104705148633e+00,9.770900425707879089e-01,1.681807300774566860e+00,-4.777828463787023416e+00,-3.407789594781996390e-01,9.815444278700943270e-01,1.736555058951917974e-01,-7.988912808794272624e-02,-5.659381839242694223e-03,-6.471102277779936962e+00,-3.841469424576335445e+00,-7.531564715043868874e-02,1.283634053343243986e+00,2.128545489718965733e+00,3.317047245547668055e+00,2.135573529447678531e+00,7.944498896262803811e-01,-1.159891586138598996e+00,9.886423853119223892e-01
1.622000000000001219e+00,7.767709582511100885e-01,-1.104497761632722730e+00,9.764084846518314986e-01,1.678405224510262750e+00,-4.785112668968605654e+00,-3.405202596723231334e-01,9.823330343669418596e-01,1.672833708636852212e-01,-8.360763194146345056e-02,-6.917174644337825175e-03,-6.670999944331588161e+00,-3.834534301892648323e+00,-6.632855163859516234e-02,1.306602578049486096e+00,2.176414341452786338e+00,3.318773209935407031e+00,2.078592818225403427e+00,7.976779611534983161e-01,-1.168384416589958619e+00,9.884537451169554956e-01
1.624000000000001220e+00,7.801277687001305639e-01,-1.114067986970660007e+00,9.757274441324867986e-01,1.674829778367626920e+00,-4.792142257918693637e+00,-3.401572133869935621e-01,9.830988222320398151e-01,1.607044910662138171e-01,-8.731459659909286686e-02,-8.181289498785198483e-03,-6.868351134067114394e+00,-3.820025043635041140e+00,-5.510533898275452036e-02,1.332199456878928601e+00,2.224548504542109395e+00,3.318391177555173321e+00,2.021870935935862867e+00,8.008972410546437715e-01,-1.176877032553818481e+00,9.882630482868739463e-01
1.626000000000001222e+00,7.834774282568658377e-01,-1.123652271486497378e+00,9.750471297057128339e-01,1.671080951129464864e+00,-4.798907244377869752e+00,-3.396890204755622089e-01,9.838382170143492589e-01,1.539210281573617500e-01,-9.100220052203913945e-02,-9.448774161413223127e-03,-7.062696988163468248e+00,-3.797954887102221289e+00,-4.159934821051605031e-02,1.360368577944230273e+00,2.272848089791461135e+00,3.315871981924197520e+00,1.965563478487170279e+00,8.041076840868459641e-01,-1.185369041476576513e+00,9.880702860602239568e-01
1.628000000000001224e+00,7.868195901591247265e-01,-1.133250085975253008e+00,9.743677516647617498e-01,1.667159109939960970e+00,-4.805397547528116320e+00,-3.391152451925637523e-01,9.845476427040941170e-01,1.469356520752094775e-01,-9.466259311677431565e-02,-1.071666270125400458e-02,-7.253582262249945956e+00,-3.768355033152944511e+00,-2.577085786674096837e-02,1.391046901531948654e+00,2.321214598363985360e+00,3.311190851167128191e+00,1.909826439511284280e+00,8.073092452301739996e-01,-1.193860051899548580e+00,9.878754497537789447e-01
1.630000000000001226e+00,7.901539083790046769e-01,-1.142860881070309143e+00,9.736895211743765710e-01,1.663065007751701962e+00,-4.811603020729470437e+00,-3.384358245950424005e-01,9.852235404960746346e-01,1.397515413892371772e-01,-9.828791380017704027e-02,-1.198198366385078498e-02,-7.440556301635223413e+00,-3.731274547032277678e+00,-7.587687471662829530e-03,1.424164698948358065e+00,2.369551077042437282e+00,3.304327595288537367e+00,1.854815716626601052e+00,8.105018796903369349e-01,-1.202349673477158376e+00,9.876785307634134981e-01
1.632000000000001227e+00,7.934800383945080915e-01,-1.152484087111768085e+00,9.730126495251865126e-01,1.658799789699117566e+00,-4.817513481644701834e+00,-3.376510753623099825e-01,9.858623877778731615e-01,1.323723822862823973e-01,-1.018703113570964824e-01,-1.324176864216965524e-02,-7.623174006202622088e+00,-3.686780219475549902e+00,1.297422149755741994e-02,1.459645814778042006e+00,2.417762253067563094e+00,3.295266792690875413e+00,1.800686617616077401e+00,8.136855429005596108e-01,-1.210837516989670348e+00,9.874795205644266716e-01
1.634000000000001229e+00,7.967976379739063475e-01,-1.162119114075057524e+00,9.723373473744618689e-01,1.654364998296709688e+00,-4.823118743643497019e+00,-3.367616989317279153e-01,9.864607172382491296e-01,1.248023661641364940e-01,-1.054019635576823877e-01,-1.449306123001617257e-02,-7.800996784458392064e+00,-3.634956389748584815e+00,3.593025053092122056e-02,1.497407950730959003e+00,2.465754648899245893e+00,3.283997974746284410e+00,1.747593368749494225e+00,8.168601905239416539e-01,-1.219323194360811158e+00,9.872784107120962105e-01
1.636000000000001231e+00,8.001063679704997211e-01,-1.171765351562344515e+00,9.716638239765984508e-01,1.649762577364680238e+00,-4.828408648360261957e+00,-3.357687848544339548e-01,9.870151359885735998e-01,1.170461858059034382e-01,-1.088750970003416613e-01,-1.573292633027092643e-02,-7.973593496389660196e+00,-3.575904732321913304e+00,6.128658025907080670e-02,1.537362969210664954e+00,2.513436677477947523e+00,3.270515807151845422e+00,1.695688627362814227e+00,8.200257784559159546e-01,-1.227806318674936392e+00,9.870751928423429078e-01
1.638000000000001233e+00,8.034058931252290314e-01,-1.181422168859065147e+00,9.709922864068896153e-01,1.644994874590250733e+00,-4.833373099262688655e+00,-3.346738122826935502e-01,9.875223445883889450e-01,1.091090301120414552e-01,-1.122820071444755180e-01,-1.695845978468898951e-02,-8.140541384939480096e+00,-3.509744008886363620e+00,8.903970309376219028e-02,1.579417214662329316e+00,2.560718718789215753e+00,3.254820266750600766e+00,1.645123000681557368e+00,8.231822628259823915e-01,-1.236286504190672986e+00,9.868698586721142973e-01
1.640000000000001235e+00,8.066958828744095200e-01,-1.191088915057590514e+00,9.703229387823242291e-01,1.640064642640078452e+00,-4.838002096071984504e+00,-3.334786495097120662e-01,9.879791558650886651e-01,1.009965773710611997e-01,-1.156150784952152122e-01,-1.816679828651783166e-02,-8.301426996024021676e+00,-3.436609787393214877e+00,1.191759773882073159e-01,1.623471850751244228e+00,2.607513178787069119e+00,3.236916812423561218e+00,1.596044572701413200e+00,8.263295999999815677e-01,-1.244763366356039569e+00,9.866624000000099315e-01
1.642000000000001236e+00,8.099760121596897289e-01,-1.200764919249734497e+00,9.696559814833047852e-01,1.634975038747684017e+00,-4.842285769860365185e+00,-3.321855514933161890e-01,9.883825134173342963e-01,9.271498705416748864e-02,-1.188668049002082894e-01,-1.935512953183798554e-02,-8.455847087102908333e+00,-3.356654129750975546e+00,1.516712279701655786e-01,1.669423211407826679e+00,2.653734531923725992e+00,3.216816548612585258e+00,1.548598440787139818e+00,8.294677465825959217e-01,-1.253236521826067928e+00,9.864528087067006012e-01
1.644000000000001238e+00,8.132459622371851493e-01,-1.210449490789455185e+00,9.689916103803181135e-01,1.629729622709643611e+00,-4.846214418637333488e+00,-3.307971553067699522e-01,9.887295096921222548e-01,8.427089012370352072e-02,-1.220298099161122030e-01,-2.052070256038029256e-02,-8.603409524364510119e+00,-3.270045249735151760e+00,1.864903976679885278e-01,1.717163163792935432e+00,2.699299348713424695e+00,3.194536380003635934e+00,1.502926263503968185e+00,8.325966594186713365e-01,-1.261705588475308559e+00,9.862410767554434798e-01
1.646000000000001240e+00,8.165054214826044099e-01,-1.220141919626729798e+00,9.683300160697045911e-01,1.624332353235410364e+00,-4.849778543223622229e+00,-3.293164734732215160e-01,9.890174035264259755e-01,7.567137785008976048e-02,-1.250968671998487491e-01,-2.166083823168347272e-02,-8.743734168596727585e+00,-3.176967142560297219e+00,2.235872541823206716e-01,1.766579481264717977e+00,2.744126309977802158e+00,3.170099155824245063e+00,1.459165820978423067e+00,8.357162955962014195e-01,-1.270170185416475306e+00,9.860271961926860840e-01
1.648000000000001242e+00,8.197540861890751929e-01,-1.229841476713177117e+00,9.676713831227581331e-01,1.618787582607847941e+00,-4.852968883200777128e+00,-3.277468851545227158e-01,9.892436370460145900e-01,6.692398913704356023e-02,-1.280609208768645202e-01,-2.277293977788601848e-02,-8.876453749794400494e+00,-3.077619187448822569e+00,2.629041563631691614e-01,1.817556224442321122e+00,2.788136209483512928e+00,3.143533802269437682e+00,1.417450589021906904e+00,8.388266124478622743e-01,-1.278629933010677178e+00,9.858111591484748359e-01
1.650000000000001243e+00,8.229916613542909154e-01,-1.239547414479578613e+00,9.670158893524490873e-01,1.613100049624859755e+00,-4.855776452715311109e+00,-3.260921251807423760e-01,9.894058518164249305e-01,5.803669636021099865e-02,-1.309151058356744501e-01,-2.385450337025365325e-02,-9.001214730467337333e+00,-2.972215724376757962e+00,3.043718836267826355e-01,1.869974128610409680e+00,2.831251946943742048e+00,3.114875441372153109e+00,1.377909327927487881e+00,8.419275675528599123e-01,-1.287084452886517738e+00,9.855929578368245458e-01
1.652000000000001245e+00,8.262178614535405918e-01,-1.249258967385009189e+00,9.663637051020875779e-01,1.607274870806573386e+00,-4.858192575909516364e+00,-3.243562709228532959e-01,9.895019041440838992e-01,4.901788972995965721e-02,-1.336527678948421782e-01,-2.490312863278184782e-02,-9.117678157523030791e+00,-2.860985606034448292e+00,3.479095318979862905e-01,1.923710995626484621e+00,2.873398513307040325e+00,3.084165494857681544e+00,1.340665686915249122e+00,8.450191187394882064e-01,-1.295533367952600656e+00,9.853725845564786923e-01
1.654000000000001247e+00,8.294324111951537626e-01,-1.258975352536828130e+00,9.657149925602418472e-01,1.601317529867387845e+00,-4.860208921746404620e+00,-3.225437270283395552e-01,9.895298794292677336e-01,3.987636019492828837e-02,-1.362674837853399545e-01,-2.591652903293895430e-02,-9.225520502428393499e+00,-2.744171725863898459e+00,3.934244790881720188e-01,1.978642088722204262e+00,2.914502970469195375e+00,3.051451771276349589e+00,1.305837824869603425e+00,8.481012240869478802e-01,-1.303976302412650057e+00,9.851500316910941635e-01
1.656000000000001249e+00,8.326350462548884890e-01,-1.268695770380320997e+00,9.650699051061851774e-01,1.595233865467469148e+00,-4.861817537994149063e+00,-3.206592080570390690e-01,9.894881054768851492e-01,3.062128090903644753e-02,-1.387530808879505195e-01,-2.689254207687341233e-02,-9.324434489174848295e+00,-2.622030522870108182e+00,4.408124227207663171e-01,2.034640528555595740e+00,2.954494427502143861e+00,3.016788534888969586e+00,1.273538048045612880e+00,8.511738419268954914e-01,-1.312412881779721374e+00,9.849252917098700877e-01
1.658000000000001251e+00,8.358255139858233873e-01,-1.278419405456309388e+00,9.644285866900711435e-01,1.589030057273902008e+00,-4.863010884135820611e+00,-3.187077190727060638e-01,9.893751646760038376e-01,2.126218729098386731e-02,-1.411036566620941235e-01,-2.782913923424847405e-02,-9.414129909334823409e+00,-2.494831463725227572e+00,4.899574918928191192e-01,2.091577689021165920e+00,2.993304015590828815e+00,2.980236554664930537e+00,1.243872465215618117e+00,8.542369308460298072e-01,-1.320842732889389026e+00,9.846983571679954750e-01
1.660000000000001252e+00,8.390035741003711856e-01,-1.288145427224581141e+00,9.637911712519257046e-01,1.582712610377360107e+00,-4.863781862973319825e+00,-3.166945342639804761e-01,9.891899049645463959e-01,1.180895571181877525e-02,-1.433135976992267469e-01,-2.872443551633003037e-02,-9.494334423235850196e+00,-2.362856502517048263e+00,5.407324353179940868e-01,2.149323591385818411e+00,3.030864863822551492e+00,2.941863131836905954e+00,1.216940660713373257e+00,8.572904496875981550e-01,-1.329265483916458379e+00,9.844692207069867251e-01
1.662000000000001254e+00,8.421689993211258773e-01,-1.297872990950527772e+00,9.631577821833977593e-01,1.576288338125673150e+00,-4.864123850700181606e+00,-3.146251736866328419e-01,9.889314495016636730e-01,2.271780852897782501e-03,-1.453775983308317477e-01,-2.957669863007441127e-02,-9.564794345984660495e+00,-2.226399518331612981e+00,5.929988867303720435e-01,2.207747295402178178e+00,3.067112077960375771e+00,2.901742104473338912e+00,1.192835385758817868e+00,8.603343575534143639e-01,-1.337680764388039734e+00,9.842378750552773781e-01
1.664000000000001256e+00,8.453215759973772281e-01,-1.307601238651928233e+00,9.625285318360244924e-01,1.569764343450798183e+00,-4.864030725226411001e+00,-3.125053782368780730e-01,9.885992049769146695e-01,-7.338848216527084703e-03,-1.472906787180792154e-01,-3.038435763077660876e-02,-9.625275416750188384e+00,-2.085765730707971777e+00,6.466077084411930853e-01,2.266717286145580879e+00,3.101982724292000171e+00,2.859953827549145178e+00,1.171642268392141029e+00,8.633686138058340731e-01,-1.346088205194007514e+00,9.840043130285804907e-01
1.666000000000001258e+00,8.484611046842788218e-01,-1.317329300102381140e+00,9.619035210795506829e-01,1.563147998780230585e+00,-4.863496892549617812e+00,-3.103410829829660877e-01,9.881928684925234130e-01,-1.701217318580336077e-02,-1.490482023475234175e-01,-3.114601099637220177e-02,-9.675563549367511840e+00,-1.941271092867746351e+00,7.013994133332641656e-01,2.326101855409634656e+00,3.135415820564089628e+00,2.816585127036649538e+00,1.153439542326129885e+00,8.663931780693747697e-01,-1.354487438605644911e+00,9.837685275302865406e-01
1.668000000000001259e+00,8.515874006818392461e-01,-1.327056293887480365e+00,9.612828389135847917e-01,1.556446924637537643e+00,-4.862517310980411622e+00,-3.081383889988277280e-01,9.877124329626028043e-01,-2.673719281000172532e-02,-1.506458928548175258e-01,-3.186043404775869975e-02,-9.715465561968501973e+00,-1.793241662510961509e+00,7.572046650513876154e-01,2.385769476550093415e+00,3.167352335888685033e+00,2.771729226647488442e+00,1.138297795061073092e+00,8.694080102327337300e-01,-1.362878098286103068e+00,9.835305115519146213e-01
1.670000000000001261e+00,8.547002945311142907e-01,-1.336781328509441202e+00,9.606665621355870988e-01,1.549668967049321111e+00,-4.861087513046108199e+00,-3.059035338592065445e-01,9.871581909813158529e-01,-3.650269030699408029e-02,-1.520798500964267719e-01,-3.252658564152967335e-02,-9.744809882973061832e+00,-1.642012949878796757e+00,8.138448556011086410e-01,2.445589171758118852e+00,3.197735201399223293e+00,2.725485645894350828e+00,1.126279735594718279e+00,8.724130704508343825e-01,-1.371259819306544614e+00,9.832902581736098213e-01
1.672000000000001263e+00,8.577996324652129578e-01,-1.346503503535533497e+00,9.600547550678686370e-01,1.542822173887244297e+00,-4.859203624915171993e+00,-3.036428609700878023e-01,9.865307371204625753e-01,-4.629726176657684295e-02,-1.533465653877845725e-01,-3.314361406430639534e-02,-9.763447230403007993e+00,-1.487929242723982082e+00,8.711327590056050507e-01,2.505430870804974397e+00,3.226509333259258039e+00,2.677960068260553772e+00,1.117439982121385178e+00,8.754083191459915980e-01,-1.379632238155238610e+00,9.830477605644309946e-01
1.674000000000001265e+00,8.608852768129874322e-01,-1.356221910785363916e+00,9.594474693459285053e-01,1.535914770283664188e+00,-4.856862383205192479e+00,-3.013627879212538718e-01,9.858309686258599491e-01,-5.610934548653867537e-02,-1.544429358253327222e-01,-3.371086206140574970e-02,-9.771251261110966979e+00,-1.331342907795103780e+00,9.288732590892960772e-01,2.565165760358187441e+00,3.253621669485539769e+00,2.629264178350771086e+00,1.111824870129795473e+00,8.783937170103417458e-01,-1.387994992754045143e+00,9.828030119827841915e-01
1.676000000000001267e+00,8.639571063535547157e-01,-1.365935635551774219e+00,9.588447437700859943e-01,1.528955133267676958e+00,-4.854061149059394786e+00,-2.990697740591204967e-01,9.850600844911481246e-01,-6.592725214348410523e-02,-1.553662776094890396e-01,-3.422787093689851068e-02,-9.768119186158600087e+00,-1.172613668446245816e+00,9.868641488650363724e-01,2.624666623044392466e+00,3.279021221798810171e+00,2.579515467042909016e+00,1.109472281412562378e+00,8.813692250072353573e-01,-1.396347722471489305e+00,9.825560057769555655e-01
1.678000000000001268e+00,8.670150166200900621e-01,-1.375643757849893012e+00,9.582466042219677238e-01,1.521951765774882892e+00,-4.850797919400341662e+00,-2.967702874875189356e-01,9.842195828972039040e-01,-7.573919569930841200e-02,-1.561143382858578843e-01,-3.469438366716839917e-02,-9.753972348248728608e+00,-1.012107858020719675e+00,1.044896998395411281e+00,2.683808165435899173e+00,3.302659143525286112e+00,2.528837003845249676e+00,1.110411494559935708e+00,8.843348043731413810e-01,-1.404690068134812009e+00,9.823067353852747985e-01
1.680000000000001270e+00,8.700589201516398807e-01,-1.385345353688693715e+00,9.576530636469926527e-01,1.514913270188810834e+00,-4.847071335294336869e+00,-2.944707717116470946e-01,9.833112570151788523e-01,-8.553332493755648469e-02,-1.566853078230044383e-01,-3.511034697586374459e-02,-9.728756756805870154e+00,-8.501976487341749156e-01,1.102758087386727759e+00,2.742467334234261145e+00,3.324488814304078499e+00,2.477357175800924072e+00,1.114663057595455697e+00,8.872904166190114239e-01,-1.413021672039860732e+00,9.820551943366018222e-01
1.682000000000001272e+00,8.730887466920175255e-01,-1.395039496359282483e+00,9.570641221035693924e-01,1.507848321574688066e+00,-4.842880687385780369e+00,-2.921776121460983866e-01,9.823371891812181511e-01,-9.529775551756020091e-02,-1.570778284469073194e-01,-3.547591232460482746e-02,-9.692443576021549489e+00,-6.872602558854558064e-01,1.160229398151572999e+00,2.800523619947354437e+00,3.344465942166824579e+00,2.425209392411275644e+00,1.122238683407206228e+00,8.902360235326529647e-01,-1.421342177970757348e+00,9.818013762508384090e-01
1.684000000000001274e+00,8.761044433351669047e-01,-1.404725257734054100e+00,9.564797668792771601e-01,1.500765640766818843e+00,-4.838225918386839908e+00,-2.898971027108663279e-01,9.812997434611322456e-01,-1.050206024283122513e-01,-1.572910031548195864e-01,-3.579143578093819944e-02,-9.645029560973750193e+00,-5.236771173890399922e-01,1.217089663964599833e+00,2.857859347350954593e+00,3.362548683131834526e+00,2.372531756491027988e+00,1.133141168898500695e+00,8.931715871795820050e-01,-1.429651231204218220e+00,9.815452748390454119e-01
1.686000000000001275e+00,8.791059746167005917e-01,-1.414401709570827670e+00,9.558999726738554026e-01,1.493673967469624664e+00,-4.833107622634166489e+00,-2.876354127406786643e-01,9.802015566336104158e-01,-1.146900127186151336e-01,-1.573244028347707268e-01,-3.605747673275937204e-02,-9.586537436736728424e+00,-3.598330487922781207e-01,1.273115467215311103e+00,2.914359952134916831e+00,3.378697778360052695e+00,2.319466700791618763e+00,1.147364338585670218e+00,8.960970699053252275e-01,-1.437948478529790464e+00,9.812868839040964630e-01
1.688000000000001277e+00,8.820933225516398579e-01,-1.424067924816095898e+00,9.553247018483740360e-01,1.486582033528986102e+00,-4.827527042750356046e+00,-2.853985544315241762e-01,9.790455276309253385e-01,-1.242941983751869872e-01,-1.571780719213180799e-01,-3.627479542671116497e-02,-9.517016215304243687e+00,-1.961153741770694514e-01,1.328082381166426851e+00,2.969914243082609318e+00,3.392876708435060618e+00,2.266160590807498654e+00,1.164893013677911426e+00,8.990124343367273951e-01,-1.446233568252807800e+00,9.810261973406850800e-01
1.690000000000001279e+00,8.850664866186978008e-01,-1.433722978901596612e+00,9.547539047395109391e-01,1.479498536525356123e+00,-4.821486063473319206e+00,-2.831923510450610748e-01,9.778348054864157701e-01,-1.338214692162441044e-01,-1.568525325234552958e-01,-3.644434931683381701e-02,-9.436541445088453273e+00,-3.291303358962274772e-02,1.381766148537529659e+00,3.024414649241401687e+00,3.405051864170032694e+00,2.212763294189925567e+00,1.185703007506031970e+00,9.019176433835713880e-01,-1.454506150218037419e+00,9.807632091360423132e-01
1.692000000000001281e+00,8.880254836917484962e-01,-1.443365951028543259e+00,9.541875200374207999e-01,1.472432113832936373e+00,-4.814987202741037642e+00,-2.810224060856345019e-01,9.765727758482827259e-01,-1.432602656646627948e-01,-1.563487869667798680e-01,-3.656728821893016207e-02,-9.345215387805462015e+00,1.293843320599398494e-01,1.433943889581892117e+00,3.077757451489153695e+00,3.415192732898027828e+00,2.159427717773367839e+00,1.209761148381487850e+00,9.048126602403119279e-01,-1.462765875811498972e+00,9.804979133700397753e-01
1.694000000000001283e+00,8.909703479194143183e-01,-1.452995925434025226e+00,9.536254752252495415e-01,1.465391317280504868e+00,-4.808033600142326058e+00,-2.788940736571329793e-01,9.752630461292830510e-01,-1.525991912622712832e-01,-1.556683186991154322e-01,-3.664494827562736479e-02,-9.243167117647642428e+00,2.903873173861865609e-01,1.484395331794538420e+00,3.129842998027356771e+00,3.423272099025739923e+00,2.106309313244276282e+00,1.237025330760002984e+00,9.076974483875108746e-01,-1.471012397976494412e+00,9.802303042155733337e-01
1.696000000000001284e+00,8.939011305539753538e-01,-1.462611992634309965e+00,9.530676870779353216e-01,1.458384588539042515e+00,-4.800629002865528960e+00,-2.768124301967848644e-01,9.739094293717264206e-01,-1.618270447851772875e-01,-1.548130915167318655e-01,-3.667884474688783147e-02,-9.130552537850157080e+00,4.497077086171933358e-01,1.532904052914100035e+00,3.180575903293319406e+00,3.429266257189740763e+00,2.053565553094812479e+00,1.267444595749909864e+00,9.105719715934288416e-01,-1.479245371226454608e+00,9.799603759390533853e-01
1.698000000000001286e+00,8.968178997310534140e-01,-1.472213250640040938e+00,9.525140622175417571e-01,1.451420235349628385e+00,-4.792777749296524448e+00,-2.747822477713792177e-01,9.725159269166296916e-01,-1.709328518194052904e-01,-1.537855470770747857e-01,-3.667066365064317046e-02,-9.007554310030872813e+00,6.069594574487616745e-01,1.579258728449031368e+00,3.229865229865663157e+00,3.433155236142529709e+00,2.001355378672344365e+00,1.300959241809824807e+00,9.134361939153610166e-01,-1.487464451654489039e+00,9.796881229004084091e-01
1.700000000000001288e+00,8.997207402017526334e-01,-1.481798806138634017e+00,9.519644977219989812e-01,1.444506408692163291e+00,-4.784484750434565115e+00,-2.728079691077987534e-01,9.710867099749026510e-01,-1.799058956565394440e-01,-1.525886006734339384e-01,-3.662225228820450290e-02,-8.874381692050478776e+00,7.617596703627236288e-01,1.623254374591796889e+00,3.277624652984326925e+00,3.434923031164359486e+00,1.949838622570607249e+00,1.337500966462398022e+00,9.162900797016835241e-01,-1.495669296946005034e+00,9.794135395538026145e-01
1.702000000000001290e+00,9.026097530191369289e-01,-1.491367775639503179e+00,9.514188817837834211e-01,1.437651080981672269e+00,-4.775755469309229007e+00,-2.708936845147009165e-01,9.696261002069371804e-01,-1.887357473706059441e-01,-1.512256352571764995e-01,-3.653560869903295372e-02,-8.731270280595749611e+00,9.137296107375605381e-01,1.664693577087375864e+00,3.323772607346217711e+00,3.434557842523682680e+00,1.899175407957523598e+00,1.376993039709984989e+00,9.191335935926350231e-01,-1.503859566388143776e+00,9.791366204476217305e-01
1.704000000000001291e+00,9.054850551811002290e-01,-1.500919286578121570e+00,9.508770944147539872e-01,1.430862025364433077e+00,-4.766595898593817715e+00,-2.690431108357299039e-01,9.681385494248259116e-01,-1.974122949401189431e-01,-1.497004937039497219e-01,-3.641287009922878487e-02,-8.578481655227863101e+00,1.062495710711337304e+00,1.703387696403749763e+00,3.368232415922478573e+00,3.432052317272769493e+00,1.849525527777832856e+00,1.419350509685210149e+00,9.219667005222209610e-01,-1.512034920883422728e+00,9.788573602248993311e-01
1.706000000000001293e+00,9.083467792318290490e-01,-1.510452478375309271e+00,9.503390081930824795e-01,1.424146796171269935e+00,-4.757012536619913412e+00,-2.672595725571550451e-01,9.666286185385870589e-01,-2.059257712830794285e-01,-1.480174693315134682e-01,-3.625630036760851826e-02,-8.416302921260239600e+00,1.207690589397597769e+00,1.739158039420938717e+00,3.410932400601499825e+00,3.427403791436620217e+00,1.801047807108844268e+00,1.464480440868989763e+00,9.247893657196915029e-01,-1.520195022959512698e+00,9.785757536237751353e-01
1.708000000000001295e+00,9.111950728241715591e-01,-1.519966503448549000e+00,9.498044890479682145e-01,1.417512710570218770e+00,-4.747012362004218389e+00,-2.655459851742454913e-01,9.651009558741007188e-01,-2.142667810777635906e-01,-1.461812946884736009e-01,-3.606827665237682251e-02,-8.245046149537659019e+00,1.348954073704192291e+00,1.771836987823479204e+00,3.451805974542680566e+00,3.420614529428924300e+00,1.753899452350842436e+00,1.512282185050363825e+00,9.276015547106783998e-01,-1.528339536780151775e+00,9.782917954774807967e-01
1.710000000000001297e+00,9.140300982453120060e-01,-1.529460528172557510e+00,9.492733970776197072e-01,1.410966831445829017e+00,-4.736602807102475943e+00,-2.639048409017746288e-01,9.635602749958874780e-01,-2.224263262483628656e-01,-1.441971286450279555e-01,-3.585127518005154501e-02,-8.065047711954164811e+00,1.485934217688491099e+00,1.801269073445708191e+00,3.490791716223099694e+00,3.411691957437360756e+00,1.708235391128156033e+00,1.562647684857545460e+00,9.304032333186444959e-01,-1.536468128157196134e+00,9.780054807148408358e-01
1.712000000000001299e+00,9.168520319082036352e-01,-1.538933733786762570e+00,9.487455873958161590e-01,1.404515951517682604e+00,-4.725791730505947363e+00,-2.623381967944134474e-01,9.620113321723000599e-01,-2.303958300019008920e-01,-1.420705418287550592e-01,-3.560785635636633945e-02,-7.876667512389023962e+00,1.618288316082364009e+00,1.827311990999272329e+00,3.527833425246248211e+00,3.400648887332419434e+00,1.664207607188851190e+00,1.615461809523903947e+00,9.331943676663616571e-01,-1.544580464558350741e+00,9.777168043605781733e-01
1.714000000000001300e+00,9.196610638112390212e-01,-1.548385317247774395e+00,9.482209110022273846e-01,1.398166578696727669e+00,-4.714587388793950673e+00,-2.608476653233396392e-01,9.604589036240732680e-01,-2.381671593113184882e-01,-1.398075004603373250e-01,-3.534064925624692821e-02,-7.680288113620249213e+00,1.745683907369609544e+00,1.849837538897499245e+00,3.562880160091531856e+00,3.387503727655381436e+00,1.621964474710070103e+00,1.670602722146936614e+00,9.359749241778576589e-01,-1.552676215121380210e+00,9.774257615354633444e-01
1.716000000000001302e+00,9.224573969686324926e-01,-1.557814492025362263e+00,9.476992156715806637e-01,1.391924922664783404e+00,-4.702998407751184828e+00,-2.594344074357302632e-01,9.589077626994103598e-01,-2.457326457491026128e-01,-1.374143486557481975e-01,-3.505233560654496400e-02,-7.476313761707015004e+00,1.867799761578866624e+00,1.868732479297786409e+00,3.595886258092552357e+00,3.372280678159721212e+00,1.581650096737773570e+00,1.727942277485801537e+00,9.387448695782456554e-01,-1.560755050662407939e+00,9.771323474566413481e-01
1.718000000000001304e+00,9.252412468139620261e-01,-1.567220488840864734e+00,9.471803468567091544e-01,1.385796882650419892e+00,-4.691033753251314664e+00,-2.580991281046544628e-01,9.573626571198329271e-01,-2.530851045862695936e-01,-1.348977892727058481e-01,-3.474563337092375498e-02,-7.265169310289810944e+00,1.984326847790917059e+00,1.883899309002772027e+00,3.626811338024200193e+00,3.355009904445284796e+00,1.543403652615132238e+00,1.787346448954807432e+00,9.415041708965947720e-01,-1.568816643685693180e+00,9.768365574379052063e-01
1.720000000000001306e+00,9.280128405792629209e-01,-1.576602556347367345e+00,9.466641486004998551e-01,1.379788036363543302e+00,-4.678702701998849633e+00,-2.568420743584255983e-01,9.558282864408184087e-01,-2.602178520827819197e-01,-1.322648633899402570e-01,-3.442328005104643152e-02,-7.047299048214463291e+00,2.094969276252237389e+00,1.895256933490682805e+00,3.655620285830131433e+00,3.335727689326418499e+00,1.507358759265734038e+00,1.848675783108059800e+00,9.442527954662427447e-01,-1.576860668395568155e+00,9.765383868899659703e-01
1.722000000000001307e+00,9.307724166519899534e-01,-1.585959961751365110e+00,9.461504644517829687e-01,1.373903630041425350e+00,-4.666014812309590809e+00,-2.556630357604268156e-01,9.543092798697841994e-01,-2.671247209074550377e-01,-1.295229285178892409e-01,-3.408801582195484375e-02,-6.823165434861590661e+00,2.199445209927346045e+00,1.902741237093662052e+00,3.682283224099989205e+00,3.314476557660003042e+00,1.473642851415203570e+00,1.911785879665000465e+00,9.469907109269133372e-01,-1.584886800705419319e+00,9.762378313207049629e-01
1.724000000000001309e+00,9.335202239120727885e-01,-1.595291991375984209e+00,9.456391383802621453e-01,1.368148569550946103e+00,-4.652979895096587271e+00,-2.545613472936428257e-01,9.528101745812230794e-01,-2.738000736379753719e-01,-1.266796356486948050e-01,-3.374256662218329955e-02,-6.593247748503330286e+00,2.297487740334463791e+00,1.906305543188624885e+00,3.706775466044402112e+00,3.291305371603244101e+00,1.442376585674378653e+00,1.976527894711729516e+00,9.497178852250289793e-01,-1.592894718247691799e+00,9.759348863353372039e-01
1.726000000000001311e+00,9.362565210511746283e-01,-1.604597951166177427e+00,9.451300156856748957e-01,1.362527412485416090e+00,-4.639607985213556773e+00,-2.535358945883188220e-01,9.513353946647412629e-01,-2.802388143046338209e-01,-1.237429052616734193e-01,-3.338962732068838368e-02,-6.358040653924083685e+00,2.388845722581764530e+00,1.905920959211093058e+00,3.729077454806621450e+00,3.266269393503484331e+00,1.413673273397495267e+00,2.042749064422568317e+00,9.524342866157571308e-01,-1.600884100385030706e+00,9.756295476368519459e-01
1.728000000000001313e+00,9.389815758761455022e-01,-1.613877167136604562e+00,9.446229438964982572e-01,1.357044361189619464e+00,-4.625909313291560743e+00,-2.525851214165631409e-01,9.498892308364478287e-01,-2.864363979546376560e-01,-1.207209024076704856e-01,-3.303184508306512834e-02,-6.118052696404921775e+00,2.473284564655346074e+00,1.901576602335166122e+00,3.749174689066947064e+00,3.239430313897947666e+00,1.387638347076324941e+00,2.110293246378352805e+00,9.551398836634650280e-01,-1.608854628215738103e+00,9.753218110259558316e-01
1.730000000000001315e+00,9.416956645985247176e-01,-1.623128985763187648e+00,9.441177736536651155e-01,1.351703256643735696e+00,-4.611894278187754992e+00,-2.517070393646202997e-01,9.484758210375876519e-01,-2.923888382272199493e-01,-1.176220110017732745e-01,-3.267180305874387014e-02,-5.873804729965784510e+00,2.550586966216920715e+00,1.893279702767163730e+00,3.767057635976234664e+00,3.210856242492356571e+00,1.364368864773140233e+00,2.179001475217110073e+00,9.578346452437376257e-01,-1.616805984589007039e+00,9.750116724015525094e-01
1.732000000000001316e+00,9.443990711118122050e-01,-1.632352774319563160e+00,9.436143595749358903e-01,1.346507573135447666e+00,-4.597573420147362810e+00,-2.508992395816507792e-01,9.470991320365929056e-01,-2.980927129430509526e-01,-1.144548074586605041e-01,-3.231200450892875164e-02,-5.625828288479922890e+00,2.620553602428502327e+00,1.881055582769550316e+00,3.782721632549792101e+00,3.180621660317948685e+00,1.343953056884879871e+00,2.248712529207133937e+00,9.605185405440597179e-01,-1.624737854110378521e+00,9.746991277608989535e-01
1.734000000000001318e+00,9.470920862580830546e-01,-1.641547921159857815e+00,9.431125610957725725e-01,1.341460413649899763e+00,-4.582957394762239289e+00,-2.501589064936420304e-01,9.457629421418980442e-01,-3.035451677245043500e-01,-1.112280338083513204e-01,-3.195485749195819264e-02,-5.374663908897517217e+00,2.683003748648681075e+00,1.864947510742591463e+00,3.796166776712793123e+00,3.148807331729976955e+00,1.326469919130436104e+00,2.319263504067919257e+00,9.631915390652512343e-01,-1.632649923153678628e+00,9.743841731997866518e-01
1.736000000000001320e+00,9.497750070853828719e-01,-1.650713835949382258e+00,9.426122432827852560e-01,1.336564505909081602e+00,-4.568056947791656164e+00,-2.494828333623247407e-01,9.444708251230212737e-01,-3.087439176759677051e-01,-1.079505704322303861e-01,-3.160266021857650182e-02,-5.120859416334372582e+00,2.737775842226132461e+00,1.845016430931409213e+00,3.807397809245868459e+00,3.115500175351048284e+00,1.311988855267163689e+00,2.390490390233870777e+00,9.658536106222914697e-01,-1.640541879867498665e+00,9.740668049127263473e-01
1.738000000000001322e+00,9.524481360972010258e-01,-1.659849949844965478e+00,9.421132776160605626e-01,1.331822198995589845e+00,-4.552882890893535262e+00,-2.488674395616830848e-01,9.432261354266707754e-01,-3.136872471654554295e-01,-1.046314085599502897e-01,-3.125758718434933081e-02,-4.864968181186225316e+00,2.784727978046039443e+00,1.821340570577144602e+00,3.816423987924262295e+00,3.080793093531413174e+00,1.300569372596106277e+00,2.462228649674992997e+00,9.685047253452001570e-01,-1.648413414185199599e+00,9.737470191931683061e-01
1.740000000000001323e+00,9.551117804951921864e-01,-1.668955715626752490e+00,9.416155427369371500e-01,1.327235460500473030e+00,-4.537446078297763030e+00,-2.483087894390445527e-01,9.420319947631081714e-01,-3.183740077601291962e-01,-1.012796226671487387e-01,-3.092167618019333111e-02,-4.607547358708279361e+00,2.823738334965451902e+00,1.794014927572468610e+00,3.823258955150822036e+00,3.044784760408550284e+00,1.292260832767377465e+00,2.534313788283135249e+00,9.711448536816238430e-01,-1.656264217836394437e+00,9.734248124339002217e-01
1.742000000000001325e+00,9.577662514161930929e-01,-1.678030607783348005e+00,9.411189251580590609e-01,1.322805874140739135e+00,-4.521757384437318450e+00,-2.478026126232948656e-01,9.408912801258237923e-01,-3.228036143788152734e-01,-9.790434291188461480e-02,-3.059681627479778065e-02,-4.349156121656251983e+00,2.854705530780685674e+00,1.763150642900082055e+00,3.827920600405630758e+00,3.007579369099357969e+00,1.287102259929220338e+00,2.606581919944506609e+00,9.737739663959121827e-01,-1.664093984351609379e+00,9.731001811269157642e-01
1.744000000000001327e+00,9.604118631644745774e-01,-1.687074122552222555e+00,9.406233199328124517e-01,1.318534637799065434e+00,-4.505827682538422252e+00,-2.473443256400667256e-01,9.398066132949092211e-01,-3.269760397341182068e-01,-9.451472774434957480e-02,-3.028473685467259618e-02,-4.090353896603906136e+00,2.877548903919596057e+00,1.728874263302659253e+00,3.830430918797350426e+00,2.969286339108251127e+00,1.285122207597275246e+00,2.678870318359117597e+00,9.763920345711358806e-01,-1.671902409072060891e+00,9.727731218637272192e-01
1.746000000000001329e+00,9.630489324400727247e-01,-1.696085777917299309e+00,9.401286312815323454e-01,1.314422561945997270e+00,-4.489667824157664633e+00,-2.469290546922228435e-01,9.387803518614931120e-01,-3.308918071451499854e-01,-9.111993681980384840e-02,-2.998699779876359134e-02,-3.831698614441247486e+00,2.892208720614865225e+00,1.691326900741946249e+00,3.830815866981047257e+00,2.930019985478621081e+00,1.286338685058171505e+00,2.751017952855111304e+00,9.789990296108488366e-01,-1.679689189162388629e+00,9.724436313356887851e-01
1.748000000000001330e+00,9.656777775639646677e-01,-1.705065113565614743e+00,9.396347731721479413e-01,1.310470068413253752e+00,-4.473288619642128872e+00,-2.465516594634948044e-01,9.378145817974157250e-01,-3.345519818091458597e-01,-8.772910433891073501e-02,-2.970498085513186698e-02,-3.573744985323582757e+00,2.898646306884529622e+00,1.650663296237536715e+00,3.829105217652620574e+00,2.889899151653276821e+00,1.290759143572718592e+00,2.822866004673338480e+00,9.815949232385197121e-01,-1.687454023612701803e+00,9.721117063340107833e-01
1.750000000000001332e+00,9.682987177007911228e-01,-1.714011690804899013e+00,9.391416698532210061e-01,1.306677189495607960e+00,-4.456700819478625952e+00,-2.462067578042889671e-01,9.369111115810964119e-01,-3.379581606262677118e-01,-8.435131293280838383e-02,-2.943988227720483603e-02,-3.317042807968180629e+00,2.896844105235865552e+00,1.607050796607858434e+00,3.825332413750353489e+00,2.849046808512806450e+00,1.298380521875458937e+00,2.894258360264255092e+00,9.841796875000330402e-01,-1.695196613253131090e+00,9.717773437500225597e-01
1.752000000000001334e+00,9.709120720797823623e-01,-1.722925092443856165e+00,9.386492563376124254e-01,1.303043567367733857e+00,-4.439915096489431612e+00,-2.458887511602013132e-01,9.360714678774878506e-01,-3.411124606766487433e-01,-8.099556820246767153e-02,-2.919270676669624004e-02,-3.062135322724905073e+00,2.886805656569696676e+00,1.560668253469863709e+00,3.819534423417334068e+00,2.807589622355288750e+00,1.309189350083463488e+00,2.965042078632137645e+00,9.867532947637176477e-01,-1.702916660754738132e+00,9.714405405752009059e-01
1.754000000000001336e+00,9.735181592145177865e-01,-1.731804922636835053e+00,9.381574788352919914e-01,1.299568453811495106e+00,-4.422942028825544547e+00,-2.455918506069842133e-01,9.352968927572520297e-01,-3.440175064522169035e-01,-7.767077401328653652e-02,-2.896426275956339932e-02,-2.809557617240910687e+00,2.868555508333709092e+00,1.511704854556174205e+00,3.811751596676724585e+00,2.765657495043187364e+00,1.323161910265735486e+00,3.035067829838431930e+00,9.893157177216966858e-01,-1.710613870644635881e+00,9.711012939014933565e-01
1.756000000000001338e+00,9.761172961221408206e-01,-1.740650806694486130e+00,9.376662951340780650e-01,1.296250710257896621e+00,-4.405792083703334860e+00,-2.453101033589917546e-01,9.345883424280024832e-01,-3.466764159480261176e-01,-7.438570863658730548e-02,-2.875515908045731331e-02,-2.559835092865200945e+00,2.842139050498056374e+00,1.460358897995866378e+00,3.802027524647714429e+00,2.723383079739730483e+00,1.340264451650891031e+00,3.104190302352504816e+00,9.918669293910813423e-01,-1.718287949312923502e+00,9.707596009214602972e-01
1.758000000000001339e+00,9.787097975426566343e-01,-1.749462390861892702e+00,9.371756749273600917e-01,1.293088808156367397e+00,-4.388475601827265926e+00,-2.450374196224355816e-01,9.339464874387788385e-01,-3.490927857187872685e-01,-7.114900181987496297e-02,-2.856580298012375424e-02,-2.313481999163169878e+00,2.807622281431839895e+00,1.406836520648732991e+00,3.790408902022050608e+00,2.680901275966615760e+00,1.360453457774409625e+00,3.172268577224147013e+00,9.944069031139424197e-01,-1.725938605012913740e+00,9.704154589282003585e-01
1.760000000000001341e+00,9.812959751589693802e-01,-1.758239342065547328e+00,9.366856000881151889e-01,1.290080829691985675e+00,-4.371002782440171153e+00,-2.447675996699366641e-01,9.333717143079837131e-01,-3.512706750060525240e-01,-6.796911285752531284e-02,-2.839639955925575207e-02,-2.071000043059537443e+00,2.765091506234790053e+00,1.351350391885485225e+00,3.776945393376952342e+00,2.638348707931609916e+00,1.383675962317733710e+00,3.239166467369406277e+00,9.969356125596409157e-01,-1.733565547880118629e+00,9.700688653158477948e-01
1.762000000000001343e+00,9.838761368183533973e-01,-1.766981347630427690e+00,9.361960648887752701e-01,1.287224468878375383e+00,-4.353383668942308660e+00,-2.444943610177528204e-01,9.328641285149557039e-01,-3.532145890401341970e-01,-6.485430972314330800e-02,-2.824695257149402450e-02,-1.832877078245363167e+00,2.714652970487166694e+00,1.294118384376717446e+00,3.761689503770857534e+00,2.595863190122701170e+00,1.409869910212483202e+00,3.304752820920080492e+00,9.994530317245580164e-01,-1.741168489932135799e+00,9.697198175793522168e-01
1.764000000000001345e+00,9.864505857561101099e-01,-1.775688114968312359e+00,9.357070761667397596e-01,1.284517033060422975e+00,-4.335628135022275842e+00,-2.442113655930164551e-01,9.324235587862557129e-01,-3.549294616184366369e-01,-6.181264931432928211e-02,-2.811726658771145082e-02,-1.599585879539617839e+00,2.656432432764648688e+00,1.235362233473850324e+00,3.744696453925232316e+00,2.553583184338473089e+00,1.438964559972836676e+00,3.368901787785418378e+00,1.001959134933544604e+00,-1.748747145078652920e+00,9.693683133149333386e-01
1.766000000000001346e+00,9.890196198222309665e-01,-1.784359371238356973e+00,9.352186534355537706e-01,1.281955444866363925e+00,-4.317745871245705302e+00,-2.439122467841260133e-01,9.320495625997294864e-01,-3.564206370585298878e-01,-5.885195885013908002e-02,-2.800695049351457216e-02,-1.371583005941814593e+00,2.590574679580778916e+00,1.175306196653177926e+00,3.726024060159234708e+00,2.511647252279623377e+00,1.470880923053975220e+00,3.431493049155241337e+00,1.004453896840404425e+00,-1.756301229128496288e+00,9.690143502198926839e-01
1.768000000000001348e+00,9.915835307119637010e-01,-1.792994862980848314e+00,9.347308289419855587e-01,1.279536244653197707e+00,-4.299746372051840737e+00,-2.435906362735458519e-01,9.317414328225105402e-01,-3.576938516201094154e-01,-5.597981845126728112e-02,-2.791542228212946439e-02,-1.149307755148690324e+00,2.517242986686328621e+00,1.114175724249253818e+00,3.705732619104525227e+00,2.470193507818129852e+00,1.505532235758261006e+00,3.492412010039984249e+00,1.006937292429315178e+00,-1.763830459797361527e+00,9.686579260929972790e-01
1.770000000000001350e+00,9.941426032012701253e-01,-1.801594355724952079e+00,9.342436476694384595e-01,1.277255593492706343e+00,-4.281638923113276540e+00,-2.432401905584620772e-01,9.314982053934318662e-01,-3.587552144850960634e-01,-5.320354492304229382e-02,-2.784191509559640412e-02,-9.331812113520370211e-01,2.436618530862283194e+00,1.052196152332678381e+00,3.683884797102661146e+00,2.429359072959736299e+00,1.542824459025141426e+00,3.551549955379034174e+00,1.009409297014970619e+00,-1.771334556713043185e+00,9.682990388344761001e-01
1.772000000000001352e+00,9.966971143882555895e-01,-1.810157633571178648e+00,9.337571672883215879e-01,1.275109276747551590e+00,-4.263432589020203167e+00,-2.428546170710020324e-01,9.313186679558250747e-01,-3.596111883796471731e-01,-5.053017675181235152e-02,-2.778548445854968005e-02,-7.236053872055536740e-01,2.348899756496143354e+00,9.895914281031760185e-01,3.660545524052975175e+00,2.389279541383907635e+00,1.582656801346329356e+00,3.608804170605936612e+00,1.011869886243859540e+00,-1.778813241426576042e+00,9.679376864460769170e-01
1.774000000000001354e+00,9.992473329417507211e-01,-1.818684498749219003e+00,9.332714580541795479e-01,1.273092708287978603e+00,-4.245136201257156294e+00,-2.424276998158055030e-01,9.312013693434245676e-01,-3.602685699159060562e-01,-4.796646031631895263e-02,-2.774501664086751959e-02,-5.209624599591137217e-01,2.254301701321574924e+00,9.265828775792053218e-01,3.635781891373710994e+00,2.350088453242550557e+00,1.624922260031628207e+00,3.664078027987700104e+00,1.014319036094876836e+00,-1.786266237414622537e+00,9.675738670313434042e-01
1.776000000000001355e+00,1.001793518358326640e+00,-1.827174771151733212e+00,9.327866026545479361e-01,1.271200935399601439e+00,-4.226758346447532233e+00,-2.419533244489297241e-01,9.311446298200647398e-01,-3.607344697250475241e-01,-4.551883730729202465e-02,-2.771923807819429500e-02,-3.256141009146762966e-01,2.153055285744037484e+00,8.633880246824513494e-01,3.609663053631976481e+00,2.311916784699343808e+00,1.669508176015136236e+00,3.717281040311664064e+00,1.016756722880090891e+00,-1.793693270089136149e+00,9.672075787954730330e-01
1.778000000000001357e+00,1.004335920229125767e+00,-1.835628287844628170e+00,9.323026960056500778e-01,1.269428644431596975e+00,-4.208307354848671800e+00,-2.414255027280457211e-01,9.311465519730107721e-01,-3.610162924466919221e-01,-4.319343334082213076e-02,-2.770672577280785392e-02,-1.379008965782347051e-01,2.045406570161491189e+00,8.002194700539346783e-01,3.582260133307545669e+00,2.274892455418032977e+00,1.716296797501273286e+00,3.768328883825986519e+00,1.019182923245681494e+00,-1.801094066802818361e+00,9.668388200457114223e-01
1.780000000000001359e+00,1.006874777517988928e+00,-1.844044902554325516e+00,9.318198450001939914e-01,1.267770167232431300e+00,-4.189791289087907877e+00,-2.408383962696354352e-01,9.312050321600812142e-01,-3.611217166331887607e-01,-4.099604774413032060e-02,-2.770591859156031761e-02,4.185814082445379891e-02,1.931615984625465243e+00,7.372838371118620726e-01,3.553646128076806576e+00,2.239139856919351246e+00,1.765165847909693442e+00,3.817143392611985764e+00,1.021597614171968260e+00,-1.808468356855144066e+00,9.664675891910396999e-01
1.782000000000001361e+00,1.009410317852453831e+00,-1.852424485132501353e+00,9.313381682076546930e-01,1.266219488417097194e+00,-4.171217933137662648e+00,-2.401863395545940638e-01,9.313177724121243228e-01,-3.610586746207311570e-01,-3.893214448620743035e-02,-2.771512937268268487e-02,2.133659764341289677e-01,1.811957535083924542e+00,6.747807919818331612e-01,3.523895819943409613e+00,2.204779404436567170e+00,1.815989093717713887e+00,3.863652526732306747e+00,1.024000772975385942e+00,-1.815815871499978584e+00,9.660938847426256970e-01
1.784000000000001362e+00,1.011942756829288026e+00,-1.860766920998776719e+00,9.308577955285455285e-01,1.264770253505794750e+00,-4.152594781535214885e+00,-2.394638621291375891e-01,9.314822926948446158e-01,-3.608353324128478756e-01,-3.700684422045372179e-02,-2.773255774912772309e-02,3.763478729641854259e-01,1.686717990301404235e+00,6.129021430107094437e-01,3.493085685498572346e+00,2.171927114567532513e+00,1.868636908011426900e+00,3.907790316687840271e+00,1.026392377307773884e+00,-1.823136343953535743e+00,9.657177053138239486e-01
1.786000000000001364e+00,1.014472297336299622e+00,-1.869072110561847078e+00,9.303788678042872462e-01,1.263415777969147946e+00,-4.133929028859681054e+00,-2.386657099529266302e-01,9.316959434373358606e-01,-3.604600696156262662e-01,-3.522491740193255116e-02,-2.775630359283742105e-02,5.305516319955145832e-01,1.556196053366967869e+00,5.518310246383962836e-01,3.461293806546516638e+00,2.140694210680048393e+00,1.922976825951440594e+00,3.949496786888400557e+00,1.028772405158223435e+00,-1.830429509395514742e+00,9.653390496199838466e-01
1.788000000000001366e+00,1.016999128892237980e+00,-1.877339968619566424e+00,9.299015363843814441e-01,1.262149057209561054e+00,-4.115227559485790110e+00,-2.377868658516161804e-01,9.319559182388992280e-01,-3.599414594581513693e-01,-3.359077843815786585e-02,-2.778438098185060864e-02,6.757477607176168855e-01,1.420701521497467201e+00,4.917411694427761826e-01,3.428599780342992620e+00,2.111186757730258545e+00,1.978874088418790311e+00,3.988717860804265936e+00,1.031140834853134791e+00,-1.837695104980241467e+00,9.649579164789185981e-01
1.790000000000001368e+00,1.019523427006657101e+00,-1.885570423738538004e+00,9.294259626526781837e-01,1.260962777502232068e+00,-4.096496937639981795e+00,-2.368225690356138002e-01,9.322592666706689402e-01,-3.592882489261373657e-01,-3.210848082944543075e-02,-2.781473259051374727e-02,8.117295687466470344e-01,1.280554437605577522e+00,4.327962712268131340e-01,3.395084628659988724e+00,2.083505327780818650e+00,2.036192170667812995e+00,4.025405250616447717e+00,1.033497645056643321e+00,-1.844932869840988587e+00,9.645743048105748230e-01
1.792000000000001370e+00,1.022045352561661513e+00,-1.893763417613818056e+00,9.289523175146069400e-01,1.259849327912820671e+00,-4.077743397789913793e+00,-2.357683336513343719e-01,9.326029070941598276e-01,-3.585093390316759776e-01,-3.078171325275312273e-02,-2.784524440219231581e-02,9.383131998513103422e-01,1.136084236850244844e+00,3.751494410765109366e-01,3.360830704929125279e+00,2.057744697207646301e+00,2.094793293037699122e+00,4.059516334146314520e+00,1.035842814771870124e+00,-1.852142545093386161e+00,9.641882136374162471e-01
1.794000000000001371e+00,1.024565051217487088e+00,-1.901918904409397815e+00,9.284807808473042323e-01,1.258800813201934821e+00,-4.058972835403560353e+00,-2.346199663358311538e-01,9.329836394249645393e-01,-3.576137652374617448e-01,-2.961379654158079883e-02,-2.787376064378403739e-02,1.055337603541323332e+00,9.876288911296879913e-01,3.189427574012939637e-01,3.325921598733993623e+00,2.033993576274877313e+00,2.154538911044333815e+00,4.091014021709241888e+00,1.038176323341192031e+00,-1.859323873846449260e+00,9.637996420842638301e-01
1.796000000000001373e+00,1.027082652843890997e+00,-1.910036850080204962e+00,9.280115409146325600e-01,1.257809067719524165e+00,-4.040190798117797577e+00,-2.333735827493191584e-01,9.333981577763409421e-01,-3.566106780498001783e-01,-2.860768151384537536e-02,-2.789809884198002701e-02,1.162664451492762208e+00,8.355340541959572764e-01,2.643069100900879986e-01,3.290442036954510208e+00,2.012334371429581825e+00,2.215290182775882855e+00,4.119866615654190767e+00,1.040498150446639514e+00,-1.866476601202691654e+00,9.634085893783383980e-01
1.798000000000001375e+00,1.029598270979330099e+00,-1.918117231676440548e+00,9.275447937491339001e-01,1.256865670285139291e+00,-4.021402477360108918e+00,-2.320256230643912287e-01,9.338430629242571168e-01,-3.555093237912206328e-01,-2.776594759965536272e-02,-2.791606490256114820e-02,1.260178003762617349e+00,6.801522098080714507e-01,2.113609380716693353e-01,3.254477780933154651e+00,1.992842980434459621e+00,2.276908411568024704e+00,4.146047664988291359e+00,1.042808276110948285e+00,-1.873600474267448135e+00,9.630150548495235441e-01
1.800000000000001377e+00,1.032112002319900412e+00,-1.926160036631160866e+00,9.270807425030050952e-01,1.255961960042867753e+00,-4.002612700469291518e+00,-2.305728663940320167e-01,9.343148745424653123e-01,-3.543190255605720429e-01,-2.709080222150765313e-02,-2.792546811602769977e-02,1.347784929627808603e+00,5.218418250620543430e-01,1.602120587774356897e-01,3.218115519077674236e+00,1.975588620151054187e+00,2.339255462553084808e+00,4.169535817562577407e+00,1.045106680697758250e+00,-1.880695242153308300e+00,9.626190379301382549e-01
1.802000000000001378e+00,1.034623926239986114e+00,-1.934165262032099486e+00,9.266195967702169911e-01,1.255089053272748112e+00,-3.983825923362902977e+00,-2.290124441440440084e-01,9.348100431632669904e-01,-3.530491643861116691e-01,-2.658408088057329088e-02,-2.792413599548702191e-02,1.425414087724493850e+00,3.609665107752385582e-01,1.109555872637549706e-01,3.181442754399911532e+00,1.960633686577133661e+00,2.402194151861620330e+00,4.190314672002092955e+00,1.047393344912196156e+00,-1.887760655984322966e+00,9.622205381550612557e-01
1.804000000000001380e+00,1.037134104346531638e+00,-1.942132913878825251e+00,9.261615718819289356e-01,1.254237861133649767e+00,-3.965046223800106517e+00,-2.273418522786137819e-01,9.353249618267091003e-01,-3.517091605752817318e-01,-2.624724790435628563e-02,-2.790992885592841199e-02,1.493016269942286200e+00,1.978941905483454222e-01,6.367494207248050597e-02,3.144547686555760002e+00,1.948033646516030615e+00,2.465588607672914545e+00,4.208372631408493270e+00,1.049668249801500863e+00,-1.894796468901915887e+00,9.618195551617594319e-01
1.806000000000001382e+00,1.039642580068798949e+00,-1.950063006326425485e+00,9.257068881773716784e-01,1.253399108306096021e+00,-3.946277295288771025e+00,-2.255589624906783608e-01,9.358559773879120414e-01,-3.503084552635910009e-01,-2.608139781303641519e-02,-2.788075404774468039e-02,1.550563913268927729e+00,3.299627988747880214e-02,1.844173428707544110e-02,3.107519088048244615e+00,1.937836960063317626e+00,2.529304602579306227e+00,4.223702760670326128e+00,1.051931376755108616e+00,-1.901802436070568092e+00,9.614160886903304615e-01
1.808000000000001384e+00,1.042149378285411210e+00,-1.957955560917002957e+00,9.252557702523903638e-01,1.252563352497347182e+00,-3.927522441685153964e+00,-2.236620322714357456e-01,9.363994014590015791e-01,-3.488564921642606231e-01,-2.608725726418037114e-02,-2.783457976157081848e-02,1.598050783479713965e+00,-1.333531234552923217e-01,-2.468406431048292271e-02,3.070446174330206723e+00,1.930085032928689381e+00,2.593209857078615066e+00,4.236302648973193641e+00,1.054182707506045702e+00,-1.908778314682592736e+00,9.610101385835845278e-01
1.810000000000001386e+00,1.044654504990405908e+00,-1.965810605800373256e+00,9.248084461878475215e-01,1.251721004765327994e+00,-3.908784572533226420e+00,-2.216497138757361207e-01,9.369515209686192225e-01,-3.473626995200228551e-01,-2.626518753815697271e-02,-2.776944832614850270e-02,1.635491634239724990e+00,-3.007780369733037418e-01,-6.565387856806673139e-02,3.033418467645967898e+00,1.924812197459359275e+00,2.657174314272661153e+00,4.246174278922568490e+00,1.056422224130615817e+00,-1.915723863963137319e+00,9.606017047867458913e-01
1.812000000000001387e+00,1.047157946999936584e+00,-1.973628174945439628e+00,9.243651467600960681e-01,1.250862350612715668e+00,-3.890066199188923601e+00,-2.195210621823732722e-01,9.375086083281358729e-01,-3.458364722586395046e-01,-2.661518752946213928e-02,-2.768348892594291871e-02,1.662921844842065289e+00,-4.689013779631535650e-01,-1.044302177856399200e-01,2.996525654543641171e+00,1.922045721120539064e+00,2.721070386095974403e+00,4.253323903395482830e+00,1.058649909048712701e+00,-1.922638845173821665e+00,9.601907873478721100e-01
1.814000000000001389e+00,1.049659671701161923e+00,-1.981408307343817565e+00,9.239261046357313267e-01,1.249977571797737719e+00,-3.871369431772140324e+00,-2.172755414502208771e-01,9.380669311994628279e-01,-3.442871543542980195e-01,-2.713689721218116163e-02,-2.757492967058593897e-02,1.680397039442763640e+00,-6.373457345525662676e-01,-1.409862993980383616e-01,2.959857437072432429e+00,1.921805841066086984e+00,2.784773171679956860e+00,4.257761931062161054e+00,1.060865745025141749e+00,-1.929523021617626455e+00,9.597773864174987679e-01
1.816000000000001391e+00,1.052159626844757501e+00,-1.989151046207361828e+00,9.234915535528308572e-01,1.249056768803983308e+00,-3.852695976986420412e+00,-2.149130309729470056e-01,9.386227618646698634e-01,-3.427240213980053407e-01,-2.782960155093584798e-02,-2.744210895384563420e-02,1.687992690292806186e+00,-8.057341227453159727e-01,-1.753056141803182033e-01,2.923503377793319924e+00,1.924105823369876678e+00,2.848160648619120217e+00,4.259502821248307036e+00,1.063069715169222107e+00,-1.936376158646055501e+00,9.593615022489343502e-01
1.818000000000001393e+00,1.054657740382365372e+00,-1.996856438161334735e+00,9.230617274908849978e-01,1.248089983907815670e+00,-3.834047136842857473e+00,-2.124338296364756407e-01,9.391723862024519143e-01,-3.411562633813763346e-01,-2.869223483182421763e-02,-2.728348604568142655e-02,1.685803707098952220e+00,-9.736907291564634859e-01,-2.073814388679232623e-01,2.887552738796743679e+00,1.928952045404516591e+00,2.911113838175070079e+00,4.258564988617252745e+00,1.065261802935525637e+00,-1.943198023661409479e+00,9.589431351980186591e-01
1.820000000000001394e+00,1.057153920350180965e+00,-2.004524532435020490e+00,9.226368598316120329e-01,1.247067224778791950e+00,-3.815423808320983490e+00,-2.098386593846283676e-01,9.397121122808040905e-01,-3.395929676997712088e-01,-2.972338539101251897e-02,-2.709765086698542880e-02,1.673944014292019222e+00,-1.140841639214205783e+00,-2.372163022574335089e-01,2.852094315033239624e+00,1.936344099823086751e+00,2.973516945564984137e+00,4.254970717918250322e+00,1.067441992123990602e+00,-1.949988386118036487e+00,9.585222857230766280e-01
1.822000000000001396e+00,1.059648054799738448e+00,-2.012155380051662501e+00,9.222171825128427924e-01,1.245978488545839147e+00,-3.796826483995487056e+00,-2.071286675995792914e-01,9.402382785790606157e-01,-3.380431023825195003e-01,-3.092130072173695024e-02,-2.688333290279283291e-02,1.652546117641394252e+00,-1.306815550684085059e+00,-2.648214109674230654e-01,2.817216262332578935e+00,1.946274918560999323e+00,3.035257476613924865e+00,4.248746088785847697e+00,1.069610266880930638e+00,-1.956747017533132293e+00,9.580989543852309609e-01
1.824000000000001398e+00,1.062140011776830040e+00,-2.019749033019653695e+00,9.218029251776436173e-01,1.244813786259760358e+00,-3.778255253653070245e+00,-2.043054284043188118e-01,9.407472618556889099e-01,-3.365154995599157761e-01,-3.228389294346900584e-02,-2.663940921602113432e-02,1.621760661321460795e+00,-1.471244472441048723e+00,-2.902160410997149942e-01,2.783005920564774360e+00,1.958730915250367133e+00,3.096226332283203764e+00,4.239920910505055929e+00,1.071766611698494742e+00,-1.963473691487195083e+00,9.576731418479402791e-01
1.826000000000001400e+00,1.064629639349349510e+00,-2.027305543526960019e+00,9.213943143208349618e-01,1.243563167680961534e+00,-3.759709806919374397e+00,-2.013709428950748448e-01,9.412354846809334319e-01,-3.350188391787627396e-01,-3.380874461986855400e-02,-2.636491153012746058e-02,1.581755976236802752e+00,-1.633764408455978590e+00,-3.134269020505793257e-01,2.749549632479387551e+00,1.973692144450216013e+00,3.156317882574799949e+00,4.228528666344315567e+00,1.073911011415519923e+00,-1.970168183626526570e+00,9.572448488772407060e-01
1.828000000000001402e+00,1.067116765684711366e+00,-2.034824963140798637e+00,9.209915724350448141e-01,1.242216746320034870e+00,-3.741189436911276811e+00,-1.983276383120869402e-01,9.416994226555485126e-01,-3.335616329803947067e-01,-3.549311491484945236e-02,-2.605903235541675092e-02,1.532717620134944614e+00,-1.794016026991827939e+00,-3.344874786835794200e-01,2.716932558818310639e+00,1.991132476088941949e+00,3.215430021429563467e+00,4.214606466933875417e+00,1.076043451217872260e+00,-1.976830271670962702e+00,9.568140763417138928e-01
1.830000000000001403e+00,1.069601199177351525e+00,-2.042307342014621163e+00,9.205949171584206780e-01,1.240764724657968276e+00,-3.722693044924976213e+00,-1.951783661571774575e-01,9.421356113384946607e-01,-3.321522087573104964e-01,-3.733394607859352732e-02,-2.572113014005402223e-02,1.474847909778728594e+00,-1.951645315021457661e+00,-3.534373579935066179e-01,2.685238490356024244e+00,2.011019783533836147e+00,3.273464204360736485e+00,4.198195012066778808e+00,1.078163916638844810e+00,-1.983459735415692649e+00,9.563808252123022768e-01
1.832000000000001405e+00,1.072082728626667425e+00,-2.049752728104471178e+00,9.202045604261063216e-01,1.239197419472253481e+00,-3.704219146165613541e+00,-1.919263992667412377e-01,9.425406529075605055e-01,-3.307986949067231452e-01,-3.932787025764948596e-02,-2.535073343309265231e-02,1.408365445232742985e+00,-2.106304217876328266e+00,-3.703215462683359105e-01,2.654549657581050326e+00,2.033316143732505132e+00,3.330325470520267395e+00,4.179338560080131160e+00,1.080272393558930233e+00,-1.990056356733987286e+00,9.559450965622486862e-01
1.834000000000001407e+00,1.074561123465611834e+00,-2.057161166396802354e+00,9.198207076275728422e-01,1.237505287194961445e+00,-3.685765876519310869e+00,-1.885754278486187485e-01,9.429112225774908262e-01,-3.295090053014647635e-01,-4.147121662532358283e-02,-2.494754405299830224e-02,1.333504626123339643e+00,-2.257651264124088897e+00,-3.851897825951298704e-01,2.624946538767308102e+00,2.057978047899659657e+00,3.385922450991005306e+00,4.158084903901160700e+00,1.082368868206573964e+00,-1.996619919582315106e+00,9.555068915673379237e-01
1.836000000000001409e+00,1.077036134040001647e+00,-2.064532698149840861e+00,9.194435567718756142e-01,1.235678949228919299e+00,-3.667331000363760474e+00,-1.851295544910922242e-01,9.432440748003394493e-01,-3.282908245007160053e-01,-4.376001883039813689e-02,-2.451143926118966657e-02,1.250515159571783608e+00,-2.405352175652776037e+00,-3.980958543635257918e-01,2.596507667225532945e+00,2.084956621256450759e+00,3.440167365075716077e+00,4.134485352746125386e+00,1.084453327157946845e+00,-2.003150210004093879e+00,9.550662115054633361e-01
1.838000000000001410e+00,1.079507491938459518e+00,-2.071867360150568160e+00,9.190732976628934736e-01,1.233709217148393211e+00,-3.648911919408793114e+00,-1.815932881519549402e-01,9.435360492724582659e-01,-3.271515933249322661e-01,-4.619002276379634286e-02,-2.404247294600592513e-02,1.159661559370825268e+00,-2.549080462907719280e+00,-4.090969201952500689e-01,2.569309438555321456e+00,2.114197850384663901e+00,3.492976006354446383e+00,4.108594718343592689e+00,1.086525757337769349e+00,-2.009647016130827524e+00,9.546230577567262898e-01
1.840000000000001412e+00,1.081974910372756282e+00,-2.079165183989385657e+00,9.187101110865895093e-01,1.231587117711129720e+00,-3.630505682553716529e+00,-1.779715371352059983e-01,9.437840767718254087e-01,-3.260984948210769452e-01,-4.875669464413961984e-02,-2.354087582821797267e-02,1.061222635874501385e+00,-2.688518005191938176e+00,-4.182528454767338033e-01,2.543425918733074109e+00,2.145642816797785457e+00,3.544267720274414835e+00,4.080471304515103981e+00,1.088586146019141054e+00,-2.016110128189041006e+00,9.541774318034752511e-01
1.842000000000001414e+00,1.084438084608178476e+00,-2.086426195354492918e+00,9.183541680123190609e-01,1.229303917609166241e+00,-3.612108996743663258e+00,-1.742696010624766034e-01,9.439851848483233887e-01,-3.251384406458152077e-01,-5.145522942422048329e-02,-2.300705470470081060e-02,9.554909759991745410e-01,-2.823355615900569937e+00,-4.256255553957805082e-01,2.518928653884457969e+00,2.179227935387714421e+00,3.593965375012623031e+00,4.050176898896864941e+00,1.090634480823725383e+00,-2.022539338498347661e+00,9.537293352299363036e-01
1.844000000000001416e+00,1.086896692443396706e+00,-2.093650413347980077e+00,9.180056288101940964e-01,1.226851147886490967e+00,-3.593718238802898313e+00,-1.704931618460540366e-01,9.441365033881493618e-01,-3.242780578956476756e-01,-5.428055952124104244e-02,-2.244159075215390250e-02,8.427724126974622809e-01,-2.953293592512623800e+00,-4.312784100862475101e-01,2.495886482604372070e+00,2.214885196464961403e+00,3.641995327241200897e+00,4.017776765501517744e+00,1.092670749722318035e+00,-2.028934441481226258e+00,9.532787697226927648e-01
1.846000000000001418e+00,1.089350394739169614e+00,-2.100837849825585746e+00,9.176646424865020357e-01,1.224220627952318008e+00,-3.575329468218571005e+00,-1.666482736697834366e-01,9.442352700717953073e-01,-3.235236764140368981e-01,-5.722736387424832982e-02,-2.184523691777412110e-02,7.233854832412056624e-01,-3.078042251122348638e+00,-4.352756061675519539e-01,2.474365351664994161e+00,2.252542410164601439e+00,3.688287384503013744e+00,3.983339636905016246e+00,1.094694941034392244e+00,-2.035295233659837777e+00,9.528257370698325346e-01
1.848000000000001419e+00,1.091798835995074324e+00,-2.107988508762022928e+00,9.173313459391624347e-01,1.221404489119499948e+00,-3.556938440844475746e+00,-1.627413519841395817e-01,9.442788357430366153e-01,-3.228813166064045670e-01,-6.029007733254821561e-02,-2.121891442852906484e-02,5.976608756662606936e-01,-3.197322445240339928e+00,-4.376816086330104771e-01,2.454428135964627167e+00,2.292123452062337918e+00,3.732774765677966400e+00,3.946937704700066440e+00,1.096707043428667205e+00,-2.041621513661937115e+00,9.523702391615378460e-01
1.850000000000001421e+00,1.094241644973313221e+00,-2.115102385643711891e+00,9.170058632351941741e-01,1.218395197598312718e+00,-3.538540623490212589e+00,-1.587791615214170782e-01,9.442646697041082726e-01,-3.223566777944100181e-01,-6.346290037899855740e-02,-2.056370845513041598e-02,4.659408627534006864e-01,-3.310866068553872221e+00,-4.385606166941753425e-01,2.436134463534880723e+00,2.333548508901204244e+00,3.775394061093567011e+00,3.908646607007173479e+00,1.098707045923335457e+00,-2.047913082222919456e+00,9.519122779896447284e-01
1.852000000000001423e+00,1.096678435368509952e+00,-2.122179466890692368e+00,9.166883049121513638e-01,1.215185576876598450e+00,-3.520131209357485247e+00,-1.547688033372856820e-01,9.441903649498099016e-01,-3.219551271411767446e-01,-6.673980919199357098e-02,-1.988086297094844232e-02,3.285787229753298067e-01,-3.418416541287808919e+00,-4.379760668298938731e-01,2.419540546415061222e+00,2.376734323400399695e+00,3.816085193609933590e+00,3.868545411731720840e+00,1.100694937885835500e+00,-2.054169742189685621e+00,9.514518556476252442e-01
1.854000000000001425e+00,1.099108806522263171e+00,-2.129219729309407505e+00,9.163787673054767380e-01,1.211768829417925186e+00,-3.501705134281355658e+00,-1.507177008849393818e-01,9.440536433506634406e-01,-3.216816891790862387e-01,-7.011456604965843331e-02,-1.917177484992546935e-02,1.859381478945907606e-01,-3.519729279770248187e+00,-4.359901759188911652e-01,2.404699018163299229e+00,2.421594437195661254e+00,3.854791382079177264e+00,3.826716594413134054e+00,1.102670709033320762e+00,-2.060391298522574743e+00,9.509889743305732779e-01
1.856000000000001426e+00,1.101532344181098910e+00,-2.136223139577970276e+00,9.160773319037068818e-01,1.208138557610137109e+00,-3.483257093730921738e+00,-1.466335851288478875e-01,9.438523607924900194e-01,-3.215410359714171995e-01,-7.358073007929612219e-02,-1.843798725102002711e-02,3.839263558213087957e-02,-3.614572148766242776e+00,-4.326635269593068767e-01,2.391658778745835878e+00,2.468039431015850660e+00,3.891459108317691928e+00,3.783246009444529268e+00,1.104634349432318530e+00,-2.066577558294795836e+00,9.505236363348172901e-01
1.858000000000001428e+00,1.103948621296319210e+00,-2.143189653765432023e+00,9.157840647334491990e-01,1.204288783897340398e+00,-3.464781560520449499e+00,-1.425244787058788654e-01,9.435845122769281890e-01,-3.215374779384689297e-01,-7.713166835447893277e-02,-1.768118233983553139e-02,-1.136751302868717617e-01,-3.702725896108323145e+00,-4.280546994949890882e-01,2.380464847511318816e+00,2.515977161292499265e+00,3.926038088717289209e+00,3.738222853547328306e+00,1.106585849499156282e+00,-2.072728330701295363e+00,9.500558440583182218e-01
1.860000000000001430e+00,1.106357198864113878e+00,-2.150119216886472895e+00,9.154990157760374281e-01,1.200213970029022859e+00,-3.446272803178598743e+00,-1.383986791425283192e-01,9.432482369844789050e-01,-3.216749553778687210e-01,-8.076056734136706494e-02,-1.690317340084234246e-02,-2.698739159141477217e-01,-3.783984569126989772e+00,-4.222199464814181402e-01,2.371158224899589939e+00,2.565312992458904429e+00,3.958481251551952074e+00,3.691739620500610997e+00,1.108525199999961686e+00,-2.078843427051822346e+00,9.495855999999802677e-01
1.862000000000001432e+00,1.108757626804171892e+00,-2.157011762492829998e+00,9.152222184177524200e-01,1.195909035360779082e+00,-3.427724904920646409e+00,-1.342647411389467360e-01,9.428418232986908176e-01,-3.219570307075525495e-01,-8.446044469488875328e-02,-1.610589639598048253e-02,-4.298045875737850352e-01,-3.858155912350595962e+00,-4.152129189354314409e-01,2.363775763516846151e+00,2.615950024278909769e+00,3.988744720724655135e+00,3.643892046027904730e+00,1.110452392050563120e+00,-2.084922660785139215e+00,9.491129067600345692e-01
1.864000000000001434e+00,1.111149444874893533e+00,-2.163867212302671206e+00,9.149536889354745739e-01,1.191369374141767024e+00,-3.409131783165150420e+00,-1.301314579316663611e-01,9.423637137871160308e-01,-3.223868814584042175e-01,-8.822416140433084197e-02,-1.529140102742585459e-02,-5.930607765780853136e-01,-3.925061745933669410e+00,-4.070844393199467559e-01,2.358350049125175651e+00,2.667789313630192005e+00,4.016787806930252280e+00,3.594779042090219257e+00,1.112367417116773893e+00,-2.090965847460154237e+00,9.486377670394956496e-01
1.866000000000001435e+00,1.113532183623177074e+00,-2.170685475869001291e+00,9.146934260196112332e-01,1.186590871724991336e+00,-3.390487209534304380e+00,-1.260078417499621573e-01,9.418125101316735526e-01,-3.229672940418020222e-01,-9.204443428669592531e-02,-1.446184136390244943e-02,-7.592295589406448109e-01,-3.984538324244652596e+00,-3.978823242275580374e-01,2.354909292082676409e+00,2.720730090226603171e+00,4.042573006648513712e+00,3.544502619591137993e+00,1.114270267013823812e+00,-2.096972804763197473e+00,9.481601836403177330e-01
1.868000000000001437e+00,1.115905365366627100e+00,-2.177466450288069844e+00,9.144414103361112600e-01,1.181569919637392330e+00,-3.371784830274199951e+00,-1.219031033829316851e-01,9.411869779981140161e-01,-3.237006583153165251e-01,-9.591384882487521968e-02,-1.361946609112929876e-02,-9.278921495795661167e-01,-4.036436674038965222e+00,-3.876512565361323048e-01,2.353477229686314676e+00,2.774669965868189259e+00,4.066066009663678926e+00,3.493167798871223528e+00,1.116160933907154984e+00,-2.102943352509157648e+00,9.476801594651780292e-01
1.870000000000001439e+00,1.118268505205901819e+00,-2.184210019948618076e+00,9.141976041293453648e-01,1.176303429447916882e+00,-3.353018187029012331e+00,-1.178266308777872612e-01,9.404860518313924445e-01,-3.245889629676059762e-01,-9.982487234629432160e-02,-1.276660844779311382e-02,-1.098624610793743628e+00,-4.080622911630908511e+00,-3.764327068273742860e-01,2.354073039841418691e+00,2.829505136868346149e+00,4.087235715407213199e+00,3.440882507284483083e+00,1.118039410311853388e+00,-2.108877312643528512e+00,9.471976975172777813e-01
1.872000000000001441e+00,1.120621112064797753e+00,-2.190916056322675942e+00,9.139619508675898008e-01,1.170788845373094578e+00,-3.334180737900830138e+00,-1.137879673933149816e-01,9.397088395609346501e-01,-3.256337917411408767e-01,-1.037698675362090928e-01,-1.190567590883905361e-02,-1.270998574654209623e+00,-4.116978538472381821e+00,-3.642649034790911289e-01,2.356711266417689465e+00,2.885130579403959672e+00,4.106054258421104386e+00,3.387757463304005512e+00,1.119905689092819401e+00,-2.114774509241954092e+00,9.467128009003920042e-01
1.874000000000001442e+00,1.122962689755544030e+00,-2.197584417798477574e+00,9.137343749328031839e-01,1.165024155561305452e+00,-3.315265878724936499e+00,-1.097967882365382258e-01,9.388546271970771295e-01,-3.268363205088177237e-01,-1.077411062782773488e-01,-1.103913967787150882e-02,-1.444581978860364657e+00,-4.145400714542622822e+00,-3.511828504708848220e-01,2.361401756602006685e+00,2.941440237601729013e+00,4.122497043036937647e+00,3.333906046667733492e+00,1.121759763464554638e+00,-2.120634768515571977e+00,9.462254728184005259e-01
1.876000000000001444e+00,1.125292738066666631e+00,-2.204214949555927561e+00,9.135147813563301300e-01,1.159007901998801993e+00,-3.296266964488329787e+00,-1.058628771146901681e-01,9.379228832973762753e-01,-3.281973152178002118e-01,-1.117307838134138087e-01,-1.016952405005844273e-02,-1.618939815537833615e+00,-4.165802508955515293e+00,-3.372183915781551966e-01,2.368149610509213243e+00,2.998327204277638103e+00,4.136542787357782913e+00,3.279444154243551512e+00,1.123601626991332481e+00,-2.126457918808853265e+00,9.457357165754549655e-01
1.878000000000001446e+00,1.127610753870664340e+00,-2.210807483484904079e+00,9.133030556021007884e-01,1.152739188982955465e+00,-3.277177330818072054e+00,-1.019961016397371578e-01,9.369132632790272419e-01,-3.297171307110939864e-01,-1.157310332062602143e-01,-9.299395706140091075e-03,-1.793634892368889622e+00,-4.178113127186642295e+00,-3.224003192777720184e-01,2.376955143261098247e+00,3.055683894300805115e+00,4.148173576293176623e+00,3.224490041242960903e+00,1.125431273586771752e+00,-2.132243790602785793e+00,9.452435355756518831e-01
1.880000000000001448e+00,1.129916232248630248e+00,-2.217361838146540087e+00,9.130990633988212979e-01,1.146217690110811427e+00,-3.257990315464463382e+00,-9.820638812733627210e-02,9.358256135513585150e-01,-3.313957104344413818e-01,-1.197339401068711479e-01,-8.431352996967522023e-03,-1.968228605393554487e+00,-4.182278114329656127e+00,-3.067545263455724869e-01,2.387813859691318097e+00,3.113402210661216252e+00,4.157374923514715270e+00,3.169164147681537091e+00,1.127248697514234621e+00,-2.137992216516124699e+00,9.447489333229013297e-01
1.882000000000001450e+00,1.132208667628851861e+00,-2.223877818777468818e+00,9.129026506225665916e-01,1.139443653734283579e+00,-3.238699279703328937e+00,-9.450369573776760956e-02,9.346599754402551419e-01,-3.332325870331499518e-01,-1.237315577934396948e-01,-7.568015276444786318e-03,-2.142281722750928097e+00,-4.178259533789873359e+00,-2.903041978000676093e-01,2.400716441796854284e+00,3.171373703380280684e+00,4.164135841842930397e+00,3.113588909924283499e+00,1.129053893386158691e+00,-2.143703031307552465e+00,9.442519134208415821e-01
1.884000000000001451e+00,1.134487554936320475e+00,-2.230355217336875473e+00,9.127136432310910541e-01,1.132417906836914900e+00,-3.219297629580925246e+00,-9.089799001176540605e-02,9.334165888744626605e-01,-3.352268838404696694e-01,-1.277159224800649695e-01,-6.712012338838065952e-03,-2.315355178588000218e+00,-4.166036120827584455e+00,-2.730700405326630942e-01,2.415648748996878759e+00,3.229489721496674015e+00,4.168448921622163184e+00,3.057888557348418246e+00,1.130846856164511749e+00,-2.149376071873859928e+00,9.437524795726330851e-01
1.886000000000001453e+00,1.136752390749994346e+00,-2.236793812596037156e+00,9.125318472510675072e-01,1.125141857291313885e+00,-3.199778836924715097e+00,-8.739921585996547615e-02,9.320958958020330032e-01,-3.373773172561433942e-01,-1.316790688717023594e-01,-5.865974014158624288e-03,-2.487010876317721664e+00,-4.145603410365074737e+00,-2.550705476703176156e-01,2.432591831228531287e+00,3.287641558430194344e+00,4.170310416425633271e+00,3.002188894206521130e+00,1.132627581160109642e+00,-2.155011177252674770e+00,9.432506355806173914e-01
1.888000000000001455e+00,1.139002674464576925e+00,-2.243193370269886522e+00,9.123570488193475381e-01,1.117617494461083716e+00,-3.180136460043397229e+00,-8.401727007057969987e-02,9.306985433037112676e-01,-3.396822000107975192e-01,-1.356130459465389460e-01,-5.032519972744639233e-03,-2.656812500369773122e+00,-4.116973838471852609e+00,-2.363222944406923320e-01,2.451521954864163355e+00,3.345720591101402075e+00,4.169720335318774396e+00,2.946617066863105983e+00,1.134396064032957341e+00,-2.160608188624962622e+00,9.427463853464130850e-01
1.890000000000001457e+00,1.141237909453499011e+00,-2.249553643189973418e+00,9.121890142792064005e-01,1.109847388116315337e+00,-3.160364164040054824e+00,-8.076197340576113382e-02,9.292253863688562099e-01,-3.421394453089436904e-01,-1.395099329441049640e-01,-4.214249787281135889e-03,-2.824326335548046796e+00,-4.080176816942364226e+00,-2.168402620535674896e-01,2.472410641388331332e+00,3.403618413259325237e+00,4.166682540824737657e+00,2.891301316679255162e+00,1.136152300791225755e+00,-2.166166949313662826e+00,9.422397328706031416e-01
1.892000000000001458e+00,1.143457604229731750e+00,-2.255874371518053589e+00,9.120274903323948301e-01,1.101834685637487432e+00,-3.140455740663143480e+00,-7.764304236286759253e-02,9.276774902985334137e-01,-3.447465718405572921e-01,-1.433618555354686241e-01,-3.413733297330585892e-03,-2.989122093083015130e+00,-4.035258780380280186e+00,-1.966381858792126403e-01,2.495224718742107939e+00,3.461226963538911683e+00,4.161204851630011525e+00,2.836370718930965040e+00,1.137896287792559136e+00,-2.171687304783688433e+00,9.417306822524329490e-01
1.894000000000001460e+00,1.145661273601006780e+00,-2.262155282999379846e+00,9.118722042476691270e-01,1.093583107489064510e+00,-3.120405127621654007e+00,-7.467006068279571918e-02,9.260561326997593934e-01,-3.475007096485098201e-01,-1.471610021498747090e-01,-2.633501318025977412e-03,-3.150773742432018132e+00,-3.982283205196611053e+00,-1.757289239978207518e-01,2.519926385207281516e+00,3.518438648826101911e+00,4.153299148847366062e+00,2.781954908158498885e+00,1.139628021741986075e+00,-2.177169102645223120e+00,9.412192376899808366e-01
1.896000000000001462e+00,1.147848439815984944e+00,-2.268396093254623214e+00,9.117228641263035449e-01,1.085096940950867062e+00,-3.100206427292388156e+00,-7.185245069272724883e-02,9.243628050344853131e-01,-3.503986068365674278e-01,-1.508996404301714556e-01,-1.876036730934126356e-03,-3.308860347867584206e+00,-3.921330599928887217e+00,-1.541248420088517090e-01,2.546473285653838126e+00,3.575146463578538381e+00,4.142981484756317556e+00,2.728183790558387667e+00,1.141347499693511125e+00,-2.182612192654062255e+00,9.407054034794972708e-01
1.898000000000001464e+00,1.150018633697886594e+00,-2.274596506109208160e+00,9.115791592249180564e-01,1.076381032102747604e+00,-3.079853924749830441e+00,-6.919944457602741905e-02,9.225992136868377269e-01,-3.534366371002717888e-01,-1.545701337873426340e-01,-1.143765991256430600e-03,-3.462966908857958437e+00,-3.852498466279069778e+00,-1.318382098365655508e-01,2.574818599960456478e+00,3.631244105800477406e+00,4.130272192648061669e+00,2.675187244001187015e+00,1.143054719048835821e+00,-2.188016426708429663e+00,9.401891840155327529e-01
1.900000000000001465e+00,1.152171395762092043e+00,-2.280756213958707868e+00,9.114407603357660426e-01,1.067440776065973873e+00,-3.059342105052008431e+00,-6.672005566686077527e-02,9.207672805123710003e-01,-3.566108080607865993e-01,-1.581649580224174789e-01,-4.390510815341885074e-04,-3.612685203214665908e+00,-3.775901230261688557e+00,-1.088816061431109594e-01,2.604911143366330784e+00,3.686626090408462009e+00,4.115195996392998268e+00,2.623094806397245016e+00,1.144749677557074463e+00,-2.193381658854548277e+00,9.396705837907211034e-01
1.902000000000001467e+00,1.154306277314224083e+00,-2.286874898168811843e+00,9.113073202244322824e-01,1.058282105512923232e+00,-3.038665669718994877e+00,-6.442304987126176719e-02,9.188691428336434042e-01,-3.599167703797389040e-01,-1.616767179819816602e-01,2.358180621016252451e-04,-3.757614631952221007e+00,-3.691670142848118008e+00,-8.526832586517341106e-02,2.636695478488328082e+00,3.741187860780267549e+00,4.097782118322410128e+00,2.572035353250985867e+00,1.146432373314938857e+00,-2.198707745281524240e+00,9.391496073953673474e-01
1.904000000000001469e+00,1.156422841525249989e+00,-2.292952229508249840e+00,9.111784741246897745e-01,1.048911477465373165e+00,-3.017819552344795930e+00,-6.231691732035789938e-02,9.169071528473166088e-01,-3.633498276312345787e-01,-1.650981642114674464e-01,8.786306293160144835e-04,-3.897363064757483286e+00,-3.599953149482920001e+00,-6.101278633018638459e-02,2.670112038704021362e+00,3.794825899303474692e+00,4.078064383830204420e+00,2.522136765259707314e+00,1.148102804766681473e+00,-2.203994544326576488e+00,9.386262595174335033e-01
1.906000000000001471e+00,1.158520664480180651e+00,-2.298987868612939245e+00,9.110538402900490995e-01,1.039335858410482816e+00,-2.996798933287662337e+00,-6.040984436443166267e-02,9.148838764092144249e-01,-3.669049469055703505e-01,-1.684222095683680087e-01,1.487261503044425698e-03,-4.031547684920316676e+00,-3.500914727845976682e+00,-3.613092738048778035e-02,2.705097262573246564e+00,3.847437837763684865e+00,4.056081321143526708e+00,2.473525586994621328e+00,1.149760970702901730e+00,-2.209241916471398781e+00,9.381005449422508136e-01
1.908000000000001473e+00,1.160599336197001508e+00,-2.304981466479514740e+00,9.109330206013201980e-01,1.029562707772723629e+00,-2.975599253389020760e+00,-5.870968601917306989e-02,9.128020911653313973e-01,-3.705767701177075102e-01,-1.716419457555119488e-01,2.059677301801868862e-03,-4.159795832513387914e+00,-3.394735693225770401e+00,-1.064060094182546837e-02,2.741583738923118574e+00,3.898922568430386093e+00,4.031876254561300499e+00,2.426326677680352262e+00,1.151406870260659687e+00,-2.214449724342841819e+00,9.375724685522355273e-01
1.910000000000001474e+00,1.162658461612547045e+00,-2.310932664986292906e+00,9.108156012292818460e-01,1.019599959789069699e+00,-2.954216226676426693e+00,-5.722393897692977516e-02,9.106647839987035420e-01,-3.743596259923218095e-01,-1.747506597325630961e-01,2.593941887844862081e-03,-4.281745844544927238e+00,-3.281612970872316737e+00,1.543805448470056060e-02,2.779500362206786868e+00,3.949180356708667183e+00,4.005497389545594089e+00,2.380662855299872760e+00,1.153040502923987631e+00,-2.219617832715414352e+00,9.370420353268960056e-01
1.912000000000001476e+00,1.164697661532125172e+00,-2.316841097439645836e+00,9.107011533513279522e-01,1.009456003844027228e+00,-2.932645852012096821e+00,-5.595971529689110907e-02,9.084751477642971640e-01,-3.782475426961874887e-01,-1.777418499619925485e-01,3.088221336422363426e-03,-4.397047890716880403e+00,-3.161759334699175472e+00,4.208225884400194905e-02,2.818772497705329894e+00,3.998112956205212676e+00,3.976997887859773151e+00,2.336654535235493046e+00,1.154661868522241619e+00,-2.224746108508099951e+00,9.365092503422927095e-01
1.914000000000001478e+00,1.166716573539813284e+00,-2.322706389143669892e+00,9.105892339207342090e-01,9.991396633300384522e-01,-2.910884423654719111e+00,-5.492371688798941554e-02,9.062365772866702862e-01,-3.822342610877831892e-01,-1.806092424439237620e-01,3.540788365475560414e-03,-4.505364803334997781e+00,-3.035403111714375601e+00,6.926625938308092478e-02,2.859322156102151791e+00,4.045623727060035257e+00,3.946435931107982409e+00,2.294419364817869678e+00,1.156270967230684121e+00,-2.229834420785152815e+00,9.359741187710346466e-01
1.916000000000001480e+00,1.168714852866473253e+00,-2.328528157990979341e+00,9.104793864869582531e-01,9.886601731076938293e-01,-2.888928540709131187e+00,-5.412221089760820697e-02,9.039526645980825448e-01,-3.863132485533210536e-01,-1.833468064924929919e-01,3.950026229145051603e-03,-4.606372899802215315e+00,-2.902787851575087785e+00,9.696102750319723906e-02,2.901068176936997478e+00,4.091617758351033807e+00,3.913874770876621501e+00,2.254071855192766094e+00,1.157867799569574530e+00,-2.234882640755756711e+00,9.354366458819809438e-01
1.918000000000001481e+00,1.170692173212688703e+00,-2.334306015072397766e+00,9.103711420651630082e-01,9.780271556486209716e-01,-2.866775115445398203e+00,-5.356100611733490696e-02,9.016271933979859154e-01,-3.904777133978716841e-01,-1.859487702047208368e-01,4.314432082279881682e-03,-4.699762796012022292e+00,-2.764171960686164553e+00,1.251339875766448728e-01,2.943926420401412170e+00,4.136001995349655402e+00,3.879382763816268120e+00,2.215723012037693174e+00,1.159452366404424950e+00,-2.239890641774024971e+00,9.348968370400241312e-01
1.920000000000001483e+00,1.172648227523986009e+00,-2.340039565303288605e+00,9.102640200529283909e-01,9.672505959520130148e-01,-2.844421380476273686e+00,-5.324543051444641933e-02,8.992641327183982236e-01,-3.947206197598855937e-01,-1.884096355713773263e-01,4.632619826787623754e-03,-4.785240208821170960e+00,-2.619828300296113799e+00,1.537487814613258674e-01,2.987809966910823789e+00,4.178685372345197990e+00,3.843033389935966326e+00,2.179479966712264183e+00,1.161024668944749649e+00,-2.244858299335930951e+00,9.343546977056922387e-01
1.922000000000001485e+00,1.174582728715890090e+00,-2.345728408064241322e+00,9.101575291918995170e-01,9.563408153332464412e-01,-2.821864894789583467e+00,-5.318030999427127148e-02,8.968676297835318501e-01,-3.990347030171618181e-01,-1.907241931779672106e-01,4.903322454085814845e-03,-4.862526745638619197e+00,-2.470043748088611046e+00,1.827650721762343611e-01,3.032629323846627756e+00,4.219578951698129465e+00,3.804905252484582334e+00,2.145445609510759244e+00,1.162584708744306639e+00,-2.249785491084196565e+00,9.338102334352127443e-01
1.924000000000001487e+00,1.176495410346556580e+00,-2.351372137853820377e+00,9.100511685719109289e-01,9.453084441898074175e-01,-2.799103548639652939e+00,-5.336994849405720526e-02,8.944420020562091622e-01,-4.034124856521803526e-01,-1.928875364427890537e-01,5.125393901086948770e-03,-4.931360679017756432e+00,-2.315118722827606668e+00,2.121383898946730129e-01,3.078292638833787453e+00,4.258596069699897235e+00,3.765082057889871159e+00,2.113718226793973809e+00,1.164132487700756613e+00,-2.254672096800561576e+00,9.332634498798588751e-01
1.926000000000001489e+00,1.178386027234936240e+00,-2.356970344951099694e+00,9.099444286749228672e-01,9.341643938559147653e-01,-2.776135567309889751e+00,-5.381810950392312137e-02,8.919917284680295433e-01,-4.078462935446754978e-01,-1.948950753380612744e-01,5.297810440048634703e-03,-4.991497703969565158e+00,-2.155366671682418023e+00,2.418200230657693017e-01,3.124705918881619748e+00,4.295652489726303536e+00,3.723652574188649478e+00,2.084391143770006671e+00,1.165668008054753457e+00,-2.259517998409876327e+00,9.327143527861307959e-01
1.928000000000001490e+00,1.180254356022648166e+00,-2.362522616085719562e+00,9.098367924559149778e-01,9.229198276624007713e-01,-2.752959513766310540e+00,-5.452799910436728625e-02,8.895214398349156060e-01,-4.123282726593434089e-01,-1.967425495393807788e-01,5.419671625222127580e-03,-5.042711675551085904e+00,-1.991113519946807298e+00,2.717569570993332295e-01,3.171773254681373722e+00,4.330666563067773644e+00,3.680710566599447731e+00,2.057552374813021334e+00,1.167191272390057932e+00,-2.264323079979874365e+00,9.321629479951729635e-01
1.930000000000001492e+00,1.182100195677972865e+00,-2.368028535113252175e+00,9.097277364577062153e-01,9.115861313225925855e-01,-2.729574290229255684e+00,-5.550225060289090684e-02,8.870359084645725867e-01,-4.168504060966530256e-01,-1.984260409483223908e-01,5.490200821522059349e-03,-5.084795324116604398e+00,-1.822697082970188287e+00,3.018918626413537032e-01,3.219397049342453521e+00,4.363559397715452981e+00,3.636354709020214848e+00,2.033284283279821913e+00,1.168702283632343963e+00,-2.269087227714351229e+00,9.316092414426142554e-01
1.932000000000001494e+00,1.183923367940618032e+00,-2.373487683693710881e+00,9.096167319565003906e-01,9.001748827684435961e-01,-2.705979138698493269e+00,-5.674291084528877011e-02,8.845400369674760732e-01,-4.214045314748307014e-01,-1.999419855328208595e-01,5.508745342403003308e-03,-5.117560945438053288e+00,-1.650466440231586507e+00,3.321631350242740810e-01,3.267478250777914983e+00,4.394255035231305229e+00,3.590688470185988024e+00,2.011663252684997349e+00,1.170201045049781285e+00,-2.273810329957029808e+00,9.310532391582837519e-01
1.934000000000001496e+00,1.185723717706154812e+00,-2.378899641971107926e+00,9.095032461348098174e-01,8.886978215631113898e-01,-2.682173640473554777e+00,-5.825142826872880403e-02,8.820388462882583491e-01,-4.259823586111846083e-01,-2.012871844301284407e-01,5.474776225747528952e-03,-5.140841062744502921e+00,-1.474781271630033697e+00,3.625049860143261249e-01,3.315916586991670467e+00,4.422680635722627152e+00,3.543819973652225563e+00,1.992759371339034136e+00,1.171687560251216453e+00,-2.278492277190309778e+00,9.304949472661183663e-01
1.936000000000001497e+00,1.187501113349280990e+00,-2.384263989252055183e+00,9.093867432782724025e-01,8.771668180174992946e-01,-2.658157714718390352e+00,-6.002864275563143948e-02,8.795374629797428900e-01,-4.305754874710321922e-01,-2.024588142576432825e-01,5.387887677846400596e-03,-5.154489057564065391e+00,-1.296011156211872795e+00,3.928475884863817380e-01,3.364610803428150998e+00,4.448766670766662656e+00,3.495861830697228445e+00,1.976636132350767294e+00,1.173161833186940228e+00,-2.283132962033334934e+00,9.299343719835659883e-01
1.938000000000001499e+00,1.189255446985316045e+00,-2.389580304681492073e+00,9.092666859927611700e-01,8.655938421380940939e-01,-2.633931616125455122e+00,-6.207477733824078026e-02,8.770411057473651573e-01,-4.351754263525567934e-01,-2.034544365777753994e-01,5.247796216472320856e-03,-5.158379766107678677e+00,-1.114534833730165264e+00,4.231172741489500622e-01,3.413458901592970385e+00,4.472447123999350183e+00,3.446930945604800733e+00,1.963350151064739091e+00,1.174623868147607553e+00,-2.287732279237673083e+00,9.293715196214966667e-01
1.940000000000001501e+00,1.190986634669592314e+00,-2.394848167913742998e+00,9.091425364380847363e-01,8.539909325324087641e-01,-2.609495931740395402e+00,-6.438943179484706014e-02,8.745550712972280927e-01,-4.397736102759306487e-01,-2.042720064642769839e-01,5.054339544618560894e-03,-5.152410037796676612e+00,-9.307394296156449309e-01,4.532367839143899291e-01,3.462358378093194577e+00,4.493659698896586008e+00,3.397148292850869833e+00,1.952950901859680233e+00,1.176073669763853857e+00,-2.292290125690612967e+00,9.288063965840036573e-01
1.942000000000001503e+00,1.192694616534657026e+00,-2.400067159777223846e+00,9.090137575744950960e-01,8.423701653959739799e-01,-2.584851577013515644e+00,-6.697157816916692041e-02,8.720847195266209217e-01,-4.443614195450149573e-01,-2.049098801191476249e-01,4.807475186691058736e-03,-5.136499252426274253e+00,-7.450196441438817763e-01,4.831255699740207299e-01,3.511206463272634970e+00,4.512346033125520961e+00,3.346638666048606048e+00,1.945480476280367466e+00,1.177511243005442410e+00,-2.296806400411185223e+00,9.282390093679451226e-01
1.944000000000001505e+00,1.194379356865449049e+00,-2.405236862931250830e+00,9.088798144181567951e-01,8.307436237014250713e-01,-2.559999791148618531e+00,-6.981955823496908964e-02,8.696354581013203688e-01,-4.489301984498314524e-01,-2.053668214913244028e-01,4.507278918815583492e-03,-5.110589792369128581e+00,-5.577769068024974741e-01,5.127001480946695722e-01,3.559900358609112025e+00,4.528451918664124776e+00,3.295530398704380914e+00,1.940973364394788847e+00,1.178936593181093784e+00,-2.301281004549480258e+00,9.276693645627309692e-01
1.946000000000001506e+00,1.196040844112851831e+00,-2.410356862513547860e+00,9.087401753016868255e-01,8.191233667057830070e-01,-2.534942131823461953e+00,-7.293108291864686121e-02,8.672127264694685644e-01,-4.534712740778421014e-01,-2.056420078509220428e-01,4.153943024458425087e-03,-5.074647466162788945e+00,-3.694184970952227309e-01,5.418744981079767209e-01,3.608337472050682226e+00,4.541927526714495400e+00,3.243955057072595238e+00,1.939456261193146513e+00,1.180349725937690053e+00,-2.305713841380509166e+00,9.270974688500031036e-01
1.948000000000001508e+00,1.197679090846263339e+00,-2.415426746777194822e+00,9.085943131358494851e-01,8.075213998867032394e-01,-2.509680469359126587e+00,-7.630323368334822332e-02,8.648219793671346745e-01,-4.579759752018196517e-01,-2.057350342757818529e-01,3.747774405770158083e-03,-5.028661879791592959e+00,-1.803566332615659240e-01,5.705605100192959744e-01,3.656415650467489620e+00,4.552727636258794064e+00,3.192047105577913602e+00,1.940947899703772794e+00,1.181750647259990572e+00,-2.310104816313526044e+00,9.265233290034933233e-01
1.950000000000001510e+00,1.199294133646036764e+00,-2.420446107715913175e+00,9.084417066684827846e-01,7.959496454117747088e-01,-2.484216980416764642e+00,-7.993246586876133486e-02,8.624686698758435854e-01,-4.624356512117750451e-01,-2.056459170105414958e-01,3.289192579958518953e-03,-4.972646751999567627e+00,8.992469346178089129e-03,5.986684726414268631e-01,3.704033408473539346e+00,4.560811864952477812e+00,3.139943545814570136e+00,1.945458912552878505e+00,1.183139363470063543e+00,-2.314453836876793957e+00,9.259469518884371197e-01
1.952000000000001512e+00,1.200886032936860248e+00,-2.425414541676746527e+00,9.082818417367453101e-01,7.844199132381396433e-01,-2.458554141301942497e+00,-8.381461397247086387e-02,8.601582320972968043e-01,-4.668416910580345247e-01,-2.053750956623415502e-01,2.778727588606142059e-03,-4.906640170000224899e+00,1.982095682334223119e-01,6.261076011307921130e-01,3.751090152821545676e+00,4.566144900863357670e+00,3.087783529943947336e+00,1.952991723300081528e+00,1.184515881225935985e+00,-2.318760812723269282e+00,9.253683444614742015e-01
1.954000000000001513e+00,1.202454872763336624e+00,-2.430331649959350582e+00,9.081142125088004224e-01,7.729438729314835888e-01,-2.432694720956046108e+00,-8.794489885001653684e-02,8.578960635151926528e-01,-4.711855421721025117e-01,-2.049234342016261479e-01,2.217017846171180813e-03,-4.830704782060521119e+00,3.868733898122084791e-01,6.527865993215863361e-01,3.797486401686120061e+00,4.568696733431202084e+00,3.035707950040392511e+00,1.963540468964576347e+00,1.185880207521934793e+00,-2.323025655629123776e+00,9.247875137702896708e-01
1.956000000000001515e+00,1.204000760509199575e+00,-2.435197039401262753e+00,9.079383227111004206e-01,7.615330262850583676e-01,-2.406641773713417365e+00,-9.231793680309444139e-02,8.556875071184251169e-01,-4.754587293314664342e-01,-2.042922207412702085e-01,1.604807951983908349e-03,-4.744927923564757677e+00,5.745616489923862646e-01,6.786142522807817601e-01,3.843123998160500321e+00,4.568442881864866578e+00,2.983859004874158671e+00,1.977090954849428428e+00,1.187232349687805666e+00,-2.327248279489083416e+00,9.242044669533440171e-01
1.958000000000001517e+00,1.205523826561769596e+00,-2.440010322948689581e+00,9.077536868374942447e-01,7.501986808103042748e-01,-2.380398631900529693e+00,-9.692775051784251195e-02,8.535378333639325188e-01,-4.796528734339645106e-01,-2.034831660724441271e-01,9.429464878880463230e-04,-4.649421673358896889e+00,7.608520895104033954e-01,7.035000440812041456e-01,3.887906317358293506e+00,4.565364619074051333e+00,2.932379746078489724e+00,1.993620642629173600e+00,1.188572315387519396e+00,-2.331428600313017796e+00,9.236192112394965292e-01
1.960000000000001519e+00,1.207024223923390149e+00,-2.444771120212490434e+00,9.075598313364585668e-01,7.389519241613803358e-01,-2.353968898350533578e+00,-1.017677818084647690e-01,8.514522220610574177e-01,-4.837597101467935867e-01,-2.024984009411870955e-01,2.323838213041698702e-04,-4.544322837407239746e+00,9.453235419304574227e-01,7.273547953960213253e-01,3.931738466557101574e+00,4.559449189111169254e+00,2.881413605762467078e+00,2.013098672409112666e+00,1.189900112619570294e+00,-2.335566536229009671e+00,9.230317539477068678e-01
1.962000000000001521e+00,1.208502127771712953e+00,-2.449479058009191412e+00,9.073562957728416034e-01,7.278035995463115748e-01,-2.327356438902184355e+00,-1.068309061151717781e-01,8.494357442623942100e-01,-4.877711083946790760e-01,-2.013404720555634630e-01,-5.258300690672560633e-04,-4.429792857081619850e+00,1.127556995997884393e+00,7.500913151751796848e-01,3.974527477906153905e+00,4.550690016010217498e+00,2.831103907965699662e+00,2.035485919287217449e+00,1.191215749715498262e+00,-2.339662007474146321e+00,9.224421024867472951e-01
1.964000000000001522e+00,1.209957734970805499e+00,-2.454133770886995691e+00,9.071426339606112332e-01,7.167642821678807952e-01,-2.300565374947030950e+00,-1.121094486998621825e-01,8.474933442487169177e-01,-4.916790886511958614e-01,-2.000123368194884899e-01,-1.330547730403598781e-03,-4.306017639738779046e+00,1.307136683785360631e+00,7.716250603728713742e-01,4.016182493277997700e+00,4.539086901837396049e+00,2.781593366548001711e+00,2.060735084670019646e+00,1.192519235339604577e+00,-2.343714936397930160e+00,9.218502643547905606e-01
1.966000000000001524e+00,1.211391263535141150e+00,-2.458734901636889791e+00,9.069184150632114694e-01,7.058442567278839785e-01,-2.273600076082630483e+00,-1.175952024780278632e-01,8.456298216976269044e-01,-4.954758409967221500e-01,-1.985173567957735918e-01,-2.180526324129509162e-03,-4.173207309622887884e+00,1.483651169847983953e+00,7.918747974588931093e-01,4.056614940929405222e+00,4.524646211717915811e+00,2.733023572308233007e+00,2.088790822365334421e+00,1.193810578488099239e+00,-2.347725247456367015e+00,9.212562471391505525e-01
1.968000000000001526e+00,1.212802952048597005e+00,-2.463282101789054934e+00,9.066832246582554600e-01,6.950534960191718792e-01,-2.246465152922738184e+00,-1.232794474211455771e-01,8.438498141270278641e-01,-4.991537429060657338e-01,-1.968592899076168634e-01,-3.074429656804758201e-03,-4.031595877556636509e+00,1.656694444402711852e+00,8.107632592731403021e-01,4.095738703697279881e+00,4.507381043580698687e+00,2.685534472295567632e+00,2.119589899166005154e+00,1.195089788488759908e+00,-2.351692867211284010e+00,9.206600585160407135e-01
1.970000000000001528e+00,1.214193059040635347e+00,-2.467775032094900567e+00,9.064366657634131963e-01,6.844016406209691983e-01,-2.219165450107561721e+00,-1.291529714600766765e-01,8.421577797053586556e-01,-5.027053767284204167e-01,-1.950422813945790756e-01,-4.010830147870355668e-03,-3.881440828354348227e+00,1.825867015367145907e+00,8.282177906751845287e-01,4.133470278561100386e+00,4.487311380368939950e+00,2.639263844481238408e+00,2.153061389430641626e+00,1.196356874999965569e+00,-2.355617724326236839e+00,9.200617062499842902e-01
1.972000000000001529e+00,1.215561862321877351e+00,-2.472213362995115737e+00,9.061783598204929957e-01,6.738979797046463771e-01,-2.191706039548837914e+00,-1.352060928169712684e-01,8.405579805206817579e-01,-5.061235468220313116e-01,-1.930708535459894626e-01,-4.988210731672458598e-03,-3.723022625396220864e+00,1.990776994944189138e+00,8.441709764023025420e-01,4.169728927464615431e+00,4.464464222498969015e+00,2.594346771053197109e+00,2.189126902840093258e+00,1.197611848009460189e+00,-2.359499749564918147e+00,9.194611981937148570e-01
1.974000000000001531e+00,1.216909658281286610e+00,-2.476596775074213497e+00,9.059079476348590454e-01,6.635514329494065500e-01,-2.164092213935510767e+00,-1.414286836906606670e-01,8.390544664001933217e-01,-5.094012963057651389e-01,-1.909498942416395784e-01,-6.004966694282072408e-03,-3.556644132342198894e+00,2.151041176320644066e+00,8.585612445836569018e-01,4.204436819375108492e+00,4.438873698409358859e+00,2.550915113718569938e+00,2.227700844250990464e+00,1.198854717834807460e+00,-2.363338875786951121e+00,9.188585422877464381e-01
1.976000000000001533e+00,1.218236761147185376e+00,-2.480924959502084359e+00,9.056250902674777281e-01,6.533705335604033104e-01,-2.136329480516354185e+00,-1.478101952185328083e-01,8.376510593704881158e-01,-5.125319233897391857e-01,-1.886846443364870729e-01,-7.059407448714830231e-03,-3.382629952525522565e+00,2.306286095963203664e+00,8.713334394622970214e-01,4.237519163642834208e+00,4.410581151138535105e+00,2.509096994431912808e+00,2.268690704309522133e+00,1.200085495121770762e+00,-2.367135037948685294e+00,9.182537465600182358e-01
1.978000000000001535e+00,1.219543502214306185e+00,-2.485197618463117042e+00,9.053294698770406601e-01,6.433634123756637457e-01,-2.108423555166028418e+00,-1.543396836362943281e-01,8.363513388469326904e-01,-5.155089972472305382e-01,-1.862806839328219055e-01,-8.149758255201122389e-03,-3.201325687153972588e+00,2.456149076948328069e+00,8.824393570616315685e-01,4.268904334796291167e+00,4.379635198989838329e+00,2.469016285069328465e+00,2.311997379215093407e+00,1.201304190843403674e+00,-2.370888173093419482e+00,9.176468191254931739e-01
1.980000000000001537e+00,1.220830229039057579e+00,-2.489414465573449142e+00,9.050207905097680250e-01,6.335377830430648505e-01,-2.080380356731197811e+00,-1.610058375559216548e-01,8.351586276378123452e-01,-5.183263733903303860e-01,-1.837439175898834820e-01,-9.274161896128492108e-03,-3.013097114039976709e+00,2.600279248756352413e+00,8.918382377864711996e-01,4.298523988971837184e+00,4.346091768496478380e+00,2.430792109489431141e+00,2.357515517750483180e+00,1.202510816300234708e+00,-2.374598220355835565e+00,9.170377681860157892e-01
1.982000000000001538e+00,1.222097304605143764e+00,-2.493575226286911750e+00,9.046987788346562143e-01,6.239009282444022420e-01,-2.052206001643248623e+00,-1.677970062812295382e-01,8.340759788454682466e-01,-5.209782085121823503e-01,-1.810805585271691998e-01,-1.043068031814913151e-02,-2.818329289180517172e+00,2.738338538991052840e+00,8.994972102762950339e-01,4.326313172255118467e+00,4.310014098072019628e+00,2.394538361422317685e+00,2.405133893502516607e+00,1.203705383118391481e+00,-2.378265120952789857e+00,9.164266020296087945e-01
1.984000000000001540e+00,1.223345106461632525e+00,-2.497679638290198234e+00,9.043631848220937686e-01,6.144596869404662653e-01,-2.023906798774266047e+00,-1.747012290799150047e-01,8.331061637424835853e-01,-5.234589747591863462e-01,-1.782971118835862401e-01,-1.161729625668294665e-02,-2.617425574104272457e+00,2.870002632563235956e+00,9.053916812292234217e-01,4.352210421258224216e+00,4.271472710947756823e+00,2.360363241549104707e+00,2.454735799921729189e+00,1.204887903249828085e+00,-2.381888818186268963e+00,9.158133290304872887e-01
1.986000000000001542e+00,1.224574025835513558e+00,-2.501727451887746589e+00,9.040137823639339265e-01,6.052204426088925171e-01,-1.995489244503060755e+00,-1.817062653304278852e-01,8.322516606961076757e-01,-5.257634733972514907e-01,-1.754003571000880835e-01,-1.283191486062107596e-02,-2.410806592487823696e+00,2.994961893990139679e+00,9.095056663820116905e-01,4.376157856329073503e+00,4.230545356217846553e+00,2.328368817050601614e+00,2.506199465746953514e+00,1.206058388970392414e+00,-2.385469257432475843e+00,9.151979576484015055e-01
1.988000000000001544e+00,1.225784466720731380e+00,-2.505718430376752792e+00,9.036503698332730705e-01,5.961891124456782931e-01,-1.966960017949189066e+00,-1.887996254618939662e-01,8.315146452085433459e-01,-5.278868478370393191e-01,-1.723973294984438021e-01,-1.407236533741410348e-02,-2.198909120098069714e+00,3.112922248626538657e+00,9.118320583567447457e-01,4.398101267783113499e+00,4.187316917065536437e+00,2.298650606628985127e+00,2.559398488021471518e+00,1.207216852880280911e+00,-2.389006386144785665e+00,9.145804964285089156e-01
1.990000000000001545e+00,1.226976844945622647e+00,-2.509652350412651334e+00,9.032727705823493380e-01,5.873711375011494429e-01,-1.938325976323815869e+00,-1.959686026048602370e-01,8.308969811345263690e-01,-5.298245959841515473e-01,-1.692953011332494762e-01,-1.533640264089136847e-02,-1.982184912653710107e+00,3.223606018837708476e+00,9.123728276744321741e-01,4.417990195643258566e+00,4.141879285515151388e+00,2.271297193989409102e+00,2.614202279930124995e+00,1.208363307902049044e+00,-2.392500153850562583e+00,9.139609540007311850e-01
1.992000000000001547e+00,1.228151587220625007e+00,-2.513529002365298748e+00,9.028808333771396466e-01,5.787714737221946182e-01,-1.909594150338255636e+00,-2.032003048703212578e-01,8.304002131308051426e-01,-5.315725818813739068e-01,-1.661017609981522425e-01,-1.662170922606477988e-02,-1.761099476694380384e+00,3.326752711364068915e+00,9.111391538769414433e-01,4.435778003362121247e+00,4.094331203334468761e+00,2.246389872498937734e+00,2.670476530478223864e+00,1.209497767280568681e+00,-2.395950512140927913e+00,9.133393390796546996e-01
1.994000000000001549e+00,1.229309130168069419e+00,-2.517348190665975149e+00,9.024744327673990263e-01,5.703945838746979913e-01,-1.880771739604329751e+00,-2.104816881742871959e-01,8.300255603847699337e-01,-5.331270466113948725e-01,-1.628243946704709399e-01,-1.792589689679802492e-02,-1.536130788981529438e+00,3.422119752404753967e+00,9.081514843693213601e-01,4.451421945987651618e+00,4.044778069000714460e+00,2.224002323324310915e+00,2.728083672928094394e+00,1.210620244581777527e+00,-2.399357414675648670e+00,9.127156604640260795e-01
1.996000000000001551e+00,1.230449919335818709e+00,-2.521109734145183801e+00,9.020534693910504664e-01,5.622444303227391860e-01,-1.851866107953858309e+00,-2.177995895243476920e-01,8.297739116616107413e-01,-5.344846184298313041e-01,-1.594710634809225203e-01,-1.924650877355355699e-02,-1.307767970363721721e+00,3.509483167251465474e+00,9.034395193258065726e-01,4.464883233304043131e+00,3.993331710950342561e+00,2.204200329406719838e+00,2.786883358961116386e+00,1.211730753692195961e+00,-2.402720817171200451e+00,9.120899270362974320e-01
1.998000000000001553e+00,1.231574408196464132e+00,-2.524813466361091496e+00,9.016178702120017929e-01,5.543244686449366743e-01,-1.822884778600225353e+00,-2.251407606842827092e-01,8.296458217010966862e-01,-5.356423220999486645e-01,-1.560497832969712229e-01,-2.058102140942220243e-02,-1.076509920358402317e+00,3.588638201647435189e+00,8.970421217331062680e-01,4.476127088383149655e+00,3.940110127625700898e+00,2.187041526945898262e+00,2.846732935378271101e+00,1.212829308817392260e+00,-2.406040677405087536e+00,9.114621477624664792e-01
2.000000000000001332e+00,1.232683057133753923e+00,-2.528459235918291803e+00,9.011675886906331812e-01,5.466376420723677576e-01,-1.793835429060417930e+00,-2.324919021315934864e-01,8.296415089864257464e-01,-5.365975874020925129e-01,-1.525687030093857144e-01,-2.192684708329416601e-02,-8.428639189865119175e-01,3.659399882404775983e+00,8.890071524201431652e-01,4.485122802049898105e+00,3.885237195133020904e+00,2.172575196132980224e+00,2.907487920323404751e+00,1.213915924481755226e+00,-2.409316955206179500e+00,9.108323316914050949e-01
2.002000000000001112e+00,1.233776332417898747e+00,-2.532046906776412420e+00,9.007026048863699952e-01,5.391863767374387439e-01,-1.764725885753937851e+00,-2.398396972219620227e-01,8.297608548986661336e-01,-5.373482567925904618e-01,-1.490360828119069170e-01,-2.328133629930326243e-02,-6.073442025858977189e-01,3.721603515204201518e+00,8.793912306839777315e-01,4.491843783653926891e+00,3.828842343620521227e+00,2.160842092196669117e+00,2.969002475917045469e+00,1.214990615527343110e+00,-2.412549612454938597e+00,9.102004879548273308e-01
2.004000000000000892e+00,1.234854705171373634e+00,-2.535576358547920517e+00,9.002229254919260626e-01,5.319725777281317791e-01,-1.735564118193404948e+00,-2.471708464731765531e-01,8.300034042612139951e-01,-5.378925921886820172e-01,-1.454602723634978167e-01,-2.464178052157284943e-02,-3.704705204663613083e-01,3.775105117898069018e+00,8.682594218974702960e-01,4.496267608559868734e+00,3.771060203757861551e+00,2.151874317735718911e+00,3.031129874406205627e+00,1.216053397112775158e+00,-2.415738613071255259e+00,9.095666257663230780e-01
2.006000000000000671e+00,1.235918650326829793e+00,-2.539047486784307139e+00,8.997285837989796864e-01,5.249976259475611640e-01,-1.706358232682285037e+00,-2.544721018797195256e-01,8.303683672694679441e-01,-5.382292808578983401e-01,-1.418496889214731216e-01,-2.600541517278306958e-02,-1.327666793180297677e-01,3.819781788055110372e+00,8.556848542375884437e-01,4.498376062669214193e+00,3.712030224974075310e+00,2.145695236764849856e+00,3.093722954936572123e+00,1.217104284713132145e+00,-2.418883923027749461e+00,9.089307544218589996e-01
2.008000000000000451e+00,1.236968645578724990e+00,-2.542460203249671924e+00,8.992196395952202215e-01,5.182623757841112733e-01,-1.677116465436288451e+00,-2.617303011673031143e-01,8.308546227917230631e-01,-5.383574403922311014e-01,-1.382127955319144563e-01,-2.736942292416814915e-02,1.052409177231625470e-01,3.855532003895681736e+00,8.417482674189631364e-01,4.498155184290242303e+00,3.651896267344393099e+00,2.142319430783963696e+00,3.156634568366094573e+00,1.218143294117483677e+00,-2.421985510324304869e+00,9.082928832983361289e-01
2.010000000000000231e+00,1.238005170330293225e+00,-2.545814436180544593e+00,8.986961789928855637e-01,5.117671536030321544e-01,-1.647847175048840374e+00,-2.689324018951430584e-01,8.314607230181338959e-01,-5.382766227493698263e-01,-1.345580793611941273e-01,-2.873093730321865311e-02,3.430247305532067581e-01,3.882275858192999252e+00,8.265374970154572010e-01,4.495595303522210706e+00,3.590806169255278846e+00,2.141752696514771515e+00,3.219718007512655245e+00,1.219170441429684004e+00,-2.425043344998528028e+00,9.076530218540446171e-01
2.012000000000000011e+00,1.239028704637499256e+00,-2.549110130530642060e+00,8.981583141890953081e-01,5.055117570754142919e-01,-1.618558834225016563e+00,-2.760655153116364224e-01,8.321848994256612064e-01,-5.379868173452657665e-01,-1.308940302491980456e-01,-3.008704664362728612e-02,5.800575334736770561e-01,3.899955225120204538e+00,8.101468986287914120e-01,4.490691079336846414e+00,3.528911293163830010e+00,2.143992084923393548e+00,3.282827420658371409e+00,1.220185743066467765e+00,-2.428057399118472404e+00,9.070111796278075289e-01
2.013999999999999790e+00,1.240039728151649978e+00,-2.552347248199092089e+00,8.976061831584720707e-01,4.994954553653753182e-01,-1.589260020714649002e+00,-2.831169398673627491e-01,8.330250700182293411e-01,-5.374884531842659685e-01,-1.272291195610081305e-01,-3.143479839986100532e-02,8.158138520484854439e-01,3.908533860428451856e+00,7.926767167821111570e-01,4.483441534398757256e+00,3.466366051944299809e+00,2.149025980606888542e+00,3.345818206208887258e+00,1.221189215756369961e+00,-2.431027646773088691e+00,9.063673662386824148e-01
2.015999999999999570e+00,1.241038719062380835e+00,-2.555525768240521245e+00,8.970399492787373141e-01,4.937169902005887345e-01,-1.559959407382558894e+00,-2.900741942874718871e-01,8.339788477929969135e-01,-5.367824000150573927e-01,-1.235717794094255695e-01,-3.277120384618934651e-02,1.049771379322883558e+00,3.907997435724793522e+00,7.742324039836653293e-01,4.473850087616298765e+00,3.403327418456219000e+00,2.156834220392128465e+00,3.408547386740804264e+00,1.222180876538901728e+00,-2.433954064073134305e+00,9.057215913854355094e-01
2.017999999999999350e+00,1.242026153042782077e+00,-2.558645687055286277e+00,8.964598008901624171e-01,4.881745778549860804e-01,-1.530665751362594085e+00,-2.969250501038974699e-01,8.350435503757815958e-01,-5.358699685026678816e-01,-1.199303823158633792e-01,-3.409324317705846735e-02,1.281412365635829165e+00,3.898353507985221178e+00,7.549238959108763858e-01,4.461924584318231801e+00,3.339954421083731972e+00,2.167388249659609301e+00,3.470873960894871324e+00,1.223160742764436648e+00,-2.436836629151173383e+00,9.050738648466127856e-01
2.019999999999999130e+00,1.243002502198492065e+00,-2.561707018558011306e+00,8.958659507899545682e-01,4.828659120752996081e-01,-1.501387882251433936e+00,-3.036575635461915001e-01,8.362162107613299034e-01,-5.347529094087697388e-01,-1.163132213718676700e-01,-3.539787102239336930e-02,1.510224976649439776e+00,3.879631425770492026e+00,7.348648491086230417e-01,4.447677323901136681e+00,3.276407628063198629e+00,2.180651314766404170e+00,3.532659231973406477e+00,1.224128832091794905e+00,-2.439675322140203662e+00,9.044241964794172972e-01
2.021999999999998909e+00,1.243968234022642561e+00,-2.564709794322514114e+00,8.952586356628622344e-01,4.777881679853648866e-01,-1.472134689309858580e+00,-3.102601066890635639e-01,8.374935890873825839e-01,-5.334334117745410664e-01,-1.127284909579279737e-01,-3.668202238775392782e-02,1.735704614679845825e+00,3.851882173935071929e+00,7.141718479510323903e-01,4.431125084623899646e+00,3.212848623483995691e+00,2.196578689361420533e+00,3.593767112146493137e+00,1.225085162488243284e+00,-2.442470125192414798e+00,9.037725962197766805e-01
2.023999999999998689e+00,1.244923810358613325e+00,-2.567654063701133804e+00,8.946381154494841281e-01,4.729380070029903793e-01,-1.442915107649554551e+00,-3.167213977534389935e-01,8.388721853654218519e-01,-5.319141001023361959e-01,-1.091842680703742074e-01,-3.794261902531390063e-02,1.957355198869967783e+00,3.815178158882149617e+00,6.929635879241465846e-01,4.412289145284187697e+00,3.149439477845764834e+00,2.215117932703926762e+00,3.654064401839223653e+00,1.226029752228329883e+00,-2.445221022452358284e+00,9.031190740817036655e-01
2.025999999999998469e+00,1.245869686372619300e+00,-2.570539893916433005e+00,8.940046726539772060e-01,4.683115828045757989e-01,-1.413738103397178314e+00,-3.230305304581963521e-01,8.403482530856390964e-01,-5.301980305344348166e-01,-1.056884943011214689e-01,-3.917657623737737932e-02,2.174690400272806468e+00,3.769612936676022930e+00,6.713600424838368497e-01,4.391195303270636785e+00,3.086342216058144849e+00,2.236209177290033434e+00,3.713421043765254836e+00,1.226962619891837747e+00,-2.447928000066724508e+00,9.024636401570758082e-01
2.027999999999998249e+00,1.246806309538228463e+00,-2.573367370123227360e+00,8.933586115930608473e-01,4.639045483716003893e-01,-1.384612657839472627e+00,-3.291770023197492234e-01,8.419178136091060027e-01,-5.282886860291423625e-01,-1.022489585088846437e-01,-4.038081010967139312e-02,2.387234828421106680e+00,3.715300886520155998e+00,6.494816208903733123e-01,4.367873888547260108e+00,3.023718285715560228e+00,2.259785443457092313e+00,3.771710351698205343e+00,1.227883784364779629e+00,-2.450591046174338317e+00,9.018063046149107365e-01
2.029999999999998028e+00,1.247734118634971745e+00,-2.576136595438906163e+00,8.927002575884213087e-01,4.597120641512190131e-01,-1.355547750566876708e+00,-3.351507417978424330e-01,8.435766712563803615e-01,-5.261899705365431501e-01,-9.887328021432860437e-02,-4.155224516696694181e-02,2.594525166499374258e+00,3.652376832282573371e+00,6.274483244695642226e-01,4.342359772982478106e+00,2.961728028426564130e+00,2.285772978193166161e+00,3.828809214177706366e+00,1.228793264836385291e+00,-2.453210150903998965e+00,9.011470777012773326e-01
2.031999999999997808e+00,1.248653542763274116e+00,-2.578847690940039961e+00,8.920299561048256054e-01,4.557288073601925005e-01,-1.326552341646452193e+00,-3.409421341876811007e-01,8.453204289988857090e-01,-5.239062021782474599e-01,-9.556889374552288152e-02,-4.268782243875244437e-02,2.796111252762730093e+00,3.580995614880302380e+00,6.053789087310196271e-01,4.314692374397862906e+00,2.900530156871111043e+00,2.314091615425139636e+00,3.884598273677693836e+00,1.229691080799300451e+00,-2.455785306363566178e+00,9.004859697385994011e-01
2.033999999999997588e+00,1.249565000377994561e+00,-2.581500795623332678e+00,8.913480718364502620e-01,4.519489824573934000e-01,-1.297635352868566239e+00,-3.465420461611837255e-01,8.471445046573653492e-01,-5.214421054375335540e-01,-9.234303315410263835e-02,-4.378450791775161111e-02,2.991557106376076192e+00,3.501331618429451620e+00,5.833900586696461055e-01,4.284915654647225125e+00,2.840281240160496434e+00,2.344655154895245008e+00,3.938962081997888998e+00,1.230577252047540426e+00,-2.458316506640414900e+00,8.998229911252435542e-01
2.035999999999997367e+00,1.250468898342909307e+00,-2.584096066329069963e+00,8.906549877441278795e-01,4.483663328051239461e-01,-1.268805648124808894e+00,-3.519418488634957765e-01,8.490441475105536817e-01,-5.188028023683703971e-01,-8.920271791677512885e-02,-4.483930138910450364e-02,3.180441896349114561e+00,3.413578253121680284e+00,5.615955844079991710e-01,4.253078111010682782e+00,2.781135199932998514e+00,2.377371756826249793e+00,3.991789232918708130e+00,1.231451798676234333e+00,-2.460803747798252061e+00,8.991581523353060490e-01
2.037999999999997147e+00,1.251365631008519497e+00,-2.586633677625319372e+00,8.899511040464008760e-01,4.449741535336252940e-01,-1.240072012987466721e+00,-3.571334394752222474e-01,8.510144552169091048e-01,-5.159938028339293714e-01,-8.615473943131241041e-02,-4.584924560306079255e-02,3.362360852727783733e+00,3.317947397807512022e+00,5.401056440907622269e-01,4.219232760140067207e+00,2.723242819478008947e+00,2.412144349489639072e+00,4.042972473367876241e+00,1.232314741080601905e+00,-2.463247027862109917e+00,8.984914639179306661e-01
2.039999999999996927e+00,1.252255579315586731e+00,-2.589113821651294334e+00,8.892368371674503891e-01,4.417653056165434799e-01,-1.211443133573528952e+00,-3.621092611562590768e-01,8.530503909528177608e-01,-5.130209937873495551e-01,-8.320564831100044079e-02,-4.681143575913085386e-02,3.536926119663489132e+00,3.214668805259237150e+00,5.190260006284765915e-01,4.183437113746135694e+00,2.666751268024039945e+00,2.448871046728819056e+00,4.092408794457385923e+00,1.233166099954106087e+00,-2.465646346827440993e+00,8.978229364969214643e-01
2.041999999999996707e+00,1.253139109926819872e+00,-2.591536707918441262e+00,8.885126186451378638e-01,4.387322311576686285e-01,-1.182927574786890812e+00,-3.668623212928261434e-01,8.551468006720615023e-01,-5.098906276097141532e-01,-8.036174247671577786e-02,-4.772302926486400587e-02,3.703767550382630169e+00,3.103989473032534363e+00,4.984573185273744600e-01,4.145753145269174489e+00,2.611803642151545812e+00,2.487445572836723962e+00,4.139999504117221285e+00,1.234005896287259318e+00,-2.468001706638744963e+00,8.971525807703306654e-01
2.043999999999996486e+00,1.254016574389135164e+00,-2.593902563068015255e+00,8.877788940025521658e-01,4.358669698814735538e-01,-1.154533758044071323e+00,-3.713862079768473490e-01,8.572984303935333728e-01,-5.066093095224466492e-01,-7.762905604142521232e-02,-4.858125572781279294e-02,3.862533444473805755e+00,2.986172982788017904e+00,4.784945066051949913e-01,4.106247246664358919e+00,2.558538526123602441e+00,2.527757691798985462e+00,4.185650282870979844e+00,1.234834151368220390e+00,-2.470313111201846823e+00,8.964804075101104885e-01
2.045999999999996266e+00,1.254888308328898194e+00,-2.596211630584103425e+00,8.870361215865985027e-01,4.331611768114845273e-01,-1.126269938596981879e+00,-3.756751046540193206e-01,8.594999434271097805e-01,-5.031839840936092045e-01,-7.501334897797484746e-02,-4.938342713487903907e-02,4.012891228219553241e+00,2.861498810820581884e+00,4.592261119270270586e-01,4.064990174574471204e+00,2.507089572751304285e+00,2.569693638542001057e+00,4.229271224837797938e+00,1.235650886779156465e+00,-2.472580566360250032e+00,8.958064275613315530e-01
2.047999999999996046e+00,1.255754630682521134e+00,-2.598464170461297407e+00,8.862847713772904479e-01,4.306061411120181148e-01,-1.098144182575832684e+00,-3.797238028861864012e-01,8.617459374512356218e-01,-4.996219208599392281e-01,-7.252009755759826481e-02,-5.012694816914724932e-02,4.154528079000018082e+00,2.730261612445553432e+00,4.407337697710651536e-01,4.022056985037682608e+00,2.457585106225957716e+00,2.613136549397426123e+00,4.270776865629498431e+00,1.236456124397351530e+00,-2.474804079904686205e+00,8.951306518421509040e-01
2.049999999999995826e+00,1.256615842964745156e+00,-2.600660458826449251e+00,8.855253237715180470e-01,4.281928060599410335e-01,-1.070164343881305991e+00,-3.835277131825070573e-01,8.640309613600438698e-01,-4.959306990888225908e-01,-7.015448554362205269e-02,-5.080932661057000616e-02,4.287151495014113856e+00,2.592770482743073313e+00,4.230917138831060686e-01,3.977526956031880001e+00,2.410147748181896699e+00,2.657966889569010505e+00,4.310086199310561028e+00,1.237249886392250531e+00,-2.476983661557767391e+00,8.944530913430304153e-01
2.051999999999995605e+00,1.257472228576865136e+00,-2.602800787514211844e+00,8.847582683451530317e-01,4.259117901044011667e-01,-1.042338041061196430e+00,-3.870828738641303723e-01,8.663495318027001346e-01,-4.921181917068407352e-01,-6.792139612241716862e-02,-5.142818376350716258e-02,4.410489811750271549e+00,2.449348196023537039e+00,4.063663506942815085e-01,3.931483497118548165e+00,2.364894068075736211e+00,2.704062875254608755e+00,4.347122686298901861e+00,1.238032195225942544e+00,-2.479119322976714557e+00,8.937737571263815184e-01
2.053999999999995385e+00,1.258324052157073991e+00,-2.604885463596334105e+00,8.839841025974247701e-01,4.237534089638494428e-01,-1.014672634310487043e+00,-3.903859579374228117e-01,8.686961493430088721e-01,-4.881925484239820201e-01,-6.582540455171605187e-02,-5.198126485118927109e-02,4.524292666763368942e+00,2.300330426216826041e+00,3.906159005701307363e-01,3.884014045547437455e+00,2.321934258807009321e+00,2.751300888387378851e+00,4.381814254257225372e+00,1.238803073650830200e+00,-2.481211077740852033e+00,8.930926603263378283e-01
2.055999999999995165e+00,1.259171558975001659e+00,-2.606914808864955191e+00,8.832033306815498808e-01,4.217076987014213851e-01,-9.871752027368144722e-01,-3.934342779619193764e-01,8.710653141731320437e-01,-4.841621780851183554e-01,-6.387077150499752276e-02,-5.246644931471167173e-02,4.628331414400244093e+00,2.146064950232708934e+00,3.758901085322353675e-01,3.835209948205375419e+00,2.281371838336882174e+00,2.799555881971484084e+00,4.414093293844206123e+00,1.239562544709089664e+00,-2.483258941347514792e+00,8.924098121477568313e-01
2.057999999999994944e+00,1.260014974372404506e+00,-2.608889159270428859e+00,8.824164621256260777e-01,4.197644397118868720e-01,-9.598525220340587971e-01,-3.962257889102229758e-01,8.734515413214134494e-01,-4.800357302828621719e-01,-6.206143708970915385e-02,-5.288176095220761819e-02,4.722399492144100819e+00,1.986910836175908468e+00,3.622300262607665577e-01,3.785166328907976219e+00,2.243303377923462349e+00,2.848701774302000000e+00,4.443896651247477791e+00,1.240310631730453750e+00,-2.485262931207159909e+00,8.917252238663193609e-01
2.059999999999994724e+00,1.260854503251828351e+00,-2.610808864314496880e+00,8.816240105478055922e-01,4.179131815461328836e-01,-9.327110427064351228e-01,-3.987590890284907763e-01,8.758493753007516869e-01,-4.758220762684702843e-01,-6.040101551663720758e-02,-5.322537783242178855e-02,4.806312740233986247e+00,1.823237618142129701e+00,3.496678665492361504e-01,3.733981940584882864e+00,2.207818257430679498e+00,2.898611830476090390e+00,4.471165619254815482e+00,1.241047358332695083e+00,-2.487223066639273839e+00,8.910389068274993107e-01
2.061999999999994504e+00,1.261690329614920669e+00,-2.612674286399909729e+00,8.808264923697486370e-01,4.161432684925849834e-01,-9.057568689834778475e-01,-4.010334187175038645e-01,8.782534041505997147e-01,-4.715302892000108326e-01,-5.889279039771381369e-02,-5.349564191603246172e-02,4.879909676164549737e+00,1.655424459169141826e+00,3.382269307410720183e-01,3.681759002021077087e+00,2.174998448058590217e+00,2.949159029757577599e+00,4.495845928544901504e+00,1.241772748419011307e+00,-2.489139368861913226e+00,8.903508724467910085e-01
2.063999999999994284e+00,1.262522616151905863e+00,-2.614485800137876570e+00,8.800244255323136366e-01,4.144438658292296518e-01,-8.789957385630887687e-01,-4.030486574656813592e-01,8.806582728324442444e-01,-4.671696237695610598e-01,-5.753971064994323203e-02,-5.369106831777476635e-02,4.943051725580073885e+00,1.483859303776651650e+00,3.279216090493348723e-01,3.628603018892839760e+00,2.144918322691003354e+00,3.000216417547355352e+00,4.517887740678382613e+00,1.242486826177541914e+00,-2.491011860992614402e+00,8.896611322084408968e-01
2.065999999999994063e+00,1.263351503883564320e+00,-2.616243791615002756e+00,8.792183282173823278e-01,4.128039866550026193e-01,-8.524330033146937380e-01,-4.048053188761642218e-01,8.830586959454401752e-01,-4.627494952537337114e-01,-5.634438698388921640e-02,-5.381035414270508160e-02,4.995623410949034948e+00,1.308938021394300266e+00,3.187574530429665987e-01,3.574622588981651639e+00,2.117644493967691055e+00,3.051657440975093838e+00,4.537245644224264574e+00,1.243189616080117688e+00,-2.492840568034296211e+00,8.889696976657317506e-01
2.067999999999993843e+00,1.264177111856874314e+00,-2.617948657621631980e+00,8.784087175796300162e-01,4.112125192054174594e-01,-8.260736110689180789e-01,-4.063045438409405019e-01,8.854494697356828370e-01,-4.582794580343418911e-01,-5.530908895625939042e-02,-5.385238683082337052e-02,5.037532499264115948e+00,1.131063541865786837e+00,3.107313189763072359e-01,3.519929191517702449e+00,2.093235680061949822e+00,3.103356267128498658e+00,4.553878655142831633e+00,1.243881142880299606e+00,-2.494625516872986282e+00,8.882765804398742304e-01
2.069999999999993623e+00,1.264999536895285104e+00,-2.619600804843770003e+00,8.775961084919481348e-01,4.096582545543663301e-01,-7.999220886126519048e-01,-4.075480919248349321e-01,8.878254833793182144e-01,-4.537691836384630806e-01,-5.443574256749970225e-02,-5.381625194574123777e-02,5.068710109835886435e+00,9.506449841149057223e-01,3.038315800612632622e-01,3.464636960764293949e+00,2.071742598058921914e+00,3.155188083295807910e+00,4.567750222472326982e+00,1.244561431612753566e+00,-2.496366736276002030e+00,8.875817922197652976e-01
2.071999999999993403e+00,1.265818853404393929e+00,-2.621200649020995144e+00,8.767810123080984619e-01,4.081299146021324376e-01,-7.739825260000849916e-01,-4.085383310315544025e-01,8.901817295262611784e-01,-4.492284383495673272e-01,-5.372592838692876599e-02,-5.370124034513440447e-02,5.089110783061855159e+00,7.680967789778223587e-01,2.980384052256221938e-01,3.408862444057183083e+00,2.053207884731144350e+00,3.207029378692238364e+00,4.578828240119271697e+00,1.245230507592880898e+00,-2.498064256878762990e+00,8.868853447618176844e-01
2.073999999999993182e+00,1.266635113233598231e+00,-2.622748614072995199e+00,8.759639356460353632e-01,4.066161802487935351e-01,-7.482585622810590253e-01,-4.092782254325607050e-01,8.925133140976511115e-01,-4.446670604436954721e-01,-5.318088018974877901e-02,-5.350685467333917561e-02,5.098712510861545866e+00,5.838377871417791409e-01,2.933241013674478537e-01,3.352724344646099475e+00,2.037666044430682888e+00,3.258758207265449514e+00,4.587085065374224335e+00,1.245888396412953014e+00,-2.499718111178879099e+00,8.861872498887626293e-01
2.075999999999992962e+00,1.267448345594095915e+00,-2.624245131197557424e+00,8.751453791951702144e-01,4.051057196523664139e-01,-7.227533727382130513e-01,-4.097713222473499117e-01,8.948154653362734301e-01,-4.400949371068998417e-01,-5.280148409222325256e-02,-5.323281511963021823e-02,5.097516729268426694e+00,3.982904130931480546e-01,2.896535156268923994e-01,3.296343249805339326e+00,2.025143423729127257e+00,3.310254431378410800e+00,4.592497544450632851e+00,1.246535123944186196e+00,-2.501328333537969684e+00,8.854875194899483049e-01
2.077999999999992742e+00,1.268258557033400624e+00,-2.625690637943034034e+00,8.743258365506755281e-01,4.035872164721600597e-01,-6.974696577131171971e-01,-4.100217364699842992e-01,8.970835421149633282e-01,-4.355219810922668078e-01,-5.258827817335014199e-02,-5.287906438941976373e-02,5.085548273466602431e+00,2.118797159422879384e-01,2.869844937297192922e-01,3.239841344842230519e+00,2.015658212374463965e+00,3.361399946408226480e+00,4.595047045387690154e+00,1.247170716332819396e+00,-2.502894960165747307e+00,8.847861655203237419e-01
2.079999999999992522e+00,1.269065731466344937e+00,-2.627085577258460258e+00,8.735057930777355706e-01,4.020493979999341660e-01,-6.724096330910167563e-01,-4.100341346428052480e-01,8.993130415134449329e-01,-4.309581071768267546e-01,-5.254145257345868569e-02,-5.244577183982183921e-02,5.062855295381344156e+00,2.503251800068276300e-02,2.852683900356159930e-01,3.183342113712597676e+00,2.009220470049032148e+00,3.412078886232168262e+00,4.594719498093947863e+00,1.247795199999972127e+00,-2.504418029119221956e+00,8.840831999999840818e-01
2.081999999999992301e+00,1.269869830262344790e+00,-2.628430396524642276e+00,8.726857248084499696e-01,4.004810630843855246e-01,-6.475750225015254324e-01,-4.098137172822223229e-01,9.014996056791169110e-01,-4.264132084804768685e-01,-5.266085006224757031e-02,-5.193333673569814485e-02,5.029509143745323207e+00,-1.618234880120331121e-01,2.844506245388322418e-01,3.126970027135971719e+00,2.005832178359941764e+00,3.462177809981528132e+00,4.591505441450763669e+00,1.248408601639939164e+00,-2.505897580289968118e+00,8.833786350139112287e-01
2.083999999999992081e+00,1.270670792388513659e+00,-2.629725546569645189e+00,8.718660973738855402e-01,3.988711097582772758e-01,-6.229670512813553218e-01,-4.093662001652018656e-01,9.036390279919268576e-01,-4.218971327106995628e-01,-5.294596707084277959e-02,-5.134239058740067835e-02,4.985604206414542716e+00,-3.482606322124984777e-01,2.844712817254831938e-01,3.070850219177671647e+00,2.005487317411583259e+00,3.511585870306499046e+00,4.585400076875250974e+00,1.249010948219934747e+00,-2.507333655409809126e+00,8.826724827113343608e-01
2.085999999999991861e+00,1.271468534608030110e+00,-2.630971480672207985e+00,8.710473649735551716e-01,3.972085624819443606e-01,-5.985864422325981593e-01,-4.086977945866536732e-01,9.057272585576836565e-01,-4.174196583983146858e-01,-5.339595518442722538e-02,-5.067379853691705155e-02,4.931257714559402316e+00,-5.338521602950359046e-01,2.852657458919378164e-01,3.015108153435635430e+00,2.008171966260571484e+00,3.560194963795833445e+00,4.576403327854808190e+00,1.249602266977250409e+00,-2.508726298030353519e+00,8.819647553052751832e-01
2.087999999999991640e+00,1.272262951732993974e+00,-2.632168653556673288e+00,8.702299693843819073e-01,3.954825989219943883e-01,-5.744334131987425263e-01,-4.078151866992102414e-01,9.077604090579025620e-01,-4.129904711907570469e-01,-5.400962309386355548e-02,-4.992865976495405173e-02,4.866609508255312022e+00,-7.181731247456341061e-01,2.867653672731092507e-01,2.959869280038702755e+00,2.013864426473198854e+00,3.607899864042523941e+00,4.564519904485692336e+00,1.250182585418601278e+00,-2.510075553523108738e+00,8.812554650717663307e-01
2.089999999999991420e+00,1.273053916930837914e+00,-2.633317520383070764e+00,8.694143390109835279e-01,3.936825761895365594e-01,-5.505076764685632451e-01,-4.067255160462915353e-01,9.097347569875600115e-01,-4.086191402703803210e-01,-5.478543900644802095e-02,-4.910830689762398643e-02,4.791821762908819338e+00,-9.008012734370172137e-01,2.888981531198992481e-01,2.905258684809774117e+00,2.022535367955756946e+00,3.654598338153028259e+00,4.549759372096684906e+00,1.250751931319500798e+00,-2.511381469075388395e+00,8.805446243499472914e-01
2.091999999999991200e+00,1.273841282083217008e+00,-2.634418535736007705e+00,8.686008879788909010e-01,3.917980564681661226e-01,-5.268084400065691231e-01,-4.054363533978090350e-01,9.116467493149387202e-01,-4.043150949660483939e-01,-5.572153351748208167e-02,-4.821430439776990678e-02,4.707078675902143239e+00,-1.081317934432754146e+00,2.915894777018058770e-01,2.851400732029632401e+00,2.034147996153417903e+00,3.700191247533162198e+00,4.532136222818997418e+00,1.251310332721503826e+00,-2.512644093678034096e+00,8.798322455409985920e-01
2.093999999999990980e+00,1.274624878196153333e+00,-2.635472152616020747e+00,8.677900152720953164e-01,3.898188319680806480e-01,-5.033344104978191291e-01,-4.039556779953583643e-01,9.134930056000889476e-01,-4.000876016267714275e-01,-5.681570294570559981e-02,-4.724844593253117730e-02,4.612586112822199880e+00,-1.259308895736166445e+00,2.947628050964722357e-01,2.798418702326281871e+00,2.048658239652011659e+00,3.744582633834570018e+00,4.511669948765380411e+00,1.251857817932263472e+00,-2.513863478119048978e+00,8.791183411077225784e-01
2.095999999999990759e+00,1.275404515860089516e+00,-2.636478821437016506e+00,8.669821039161046405e-01,3.877349491489635036e-01,-4.800837981843491531e-01,-4.022918543100511557e-01,9.152703206102823508e-01,-3.959457408263385991e-01,-5.806541313677594796e-02,-4.621275071545406093e-02,4.508571212658416094e+00,-1.434365278628298324e+00,2.983404185560342703e-01,2.746434427309643489e+00,2.066014957157970233e+00,3.787679791025889031e+00,4.488385115439207596e+00,1.252394415523285787e+00,-2.515039674979959727e+00,8.784029235743870956e-01
2.097999999999990539e+00,1.276179985758387536e+00,-2.637438989033385361e+00,8.661775202074845081e-01,3.855367321605235875e-01,-4.570543234604063088e-01,-4.004536084114185823e-01,9.169756664722414907e-01,-3.918983849677928899e-01,-5.946780373989799667e-02,-4.510945882824354825e-02,4.395281951395048736e+00,-1.606084403144957040e+00,3.022441502263789603e-01,2.695567922621830093e+00,2.086160162752845437e+00,3.829393324711625191e+00,4.462311433866779531e+00,1.252920154329034474e+00,-2.516172738629904870e+00,8.776860055258124405e-01
2.099999999999990319e+00,1.276951059222708684e+00,-2.638353097680306014e+00,8.653766129906617088e-01,3.832148054557067418e-01,-4.342432251841971125e-01,-3.984500040401364740e-01,9.186061944018637515e-01,-3.879541763561678569e-01,-6.101969296339494753e-02,-4.394102553406659811e-02,4.272986663506441296e+00,-1.774070644152777376e+00,3.063961050200310621e-01,2.645937021152276802e+00,2.109029268275230962e+00,3.869637199825780804e+00,4.433483829933408948e+00,1.253435063444898745e+00,-2.517262725210628105e+00,8.769675996069130619e-01
2.101999999999990099e+00,1.277717488833620019e+00,-2.639221584130674536e+00,8.645797129825814054e-01,3.807601155375519575e-01,-4.116472706556573158e-01,-3.962904184714364786e-01,9.201592360526511527e-01,-3.841215058071434374e-01,-6.271758281546324643e-02,-4.271011460110616526e-02,4.141973520987582091e+00,-1.937936276386424295e+00,3.107193725207159085e-01,2.597657008181323945e+00,2.134551341600798402e+00,3.908328777758735662e+00,4.401942509169856521e+00,1.253939172226823828e+00,-2.518309692637387798e+00,8.762477185224275544e-01
2.103999999999989878e+00,1.278479009064695138e+00,-2.640044878671985895e+00,8.637871321456385143e-01,3.781639518062174243e-01,-3.892627672013788676e-01,-3.939845182487061725e-01,9.216323045241282541e-01,-3.804084918581673858e-01,-6.455766483656509569e-02,-4.141959066177322568e-02,4.002549969686609366e+00,-2.097302306734063926e+00,3.151387209226922947e-01,2.550840260270343496e+00,2.162649379543529982e+00,3.945388844243850279e+00,4.367733015445802280e+00,1.254432510289207769e+00,-2.519313700592590521e+00,8.755263750362294317e-01
2.105999999999989658e+00,1.279235336968307601e+00,-2.640823404206388503e+00,8.629991631091411541e-01,3.754179664778916070e-01,-3.670855753008474553e-01,-3.915422348594749247e-01,9.230230950711766358e-01,-3.768229606471275028e-01,-6.653582632989663015e-02,-4.007251063954950926e-02,3.855042122883660660e+00,-2.251799291980491891e+00,3.195812671784701853e-01,2.505595889713366997e+00,2.193240594038506242e+00,3.980741629186695274e+00,4.330906281852334061e+00,1.254915107503679295e+00,-2.520274810509874897e+00,8.748035819706734273e-01
2.107999999999989438e+00,1.279986172901263375e+00,-2.641557575356990206e+00,8.622160786394221788e-01,3.725141935519989400e-01,-3.451111231818210223e-01,-3.889737404182017633e-01,9.243294855544653688e-01,-3.733724265218369975e-01,-6.864765709612728750e-02,-3.867211428180758470e-02,3.699794112261983514e+00,-2.401068140153035380e+00,3.239771177440530225e-01,2.462029396368769607e+00,2.226236710213363335e+00,4.014314819655480981e+00,4.291518672102727194e+00,1.255386993997392509e+00,-2.521193085573315784e+00,8.740793522062650922e-01
2.109999999999989218e+00,1.280731201288367371e+00,-2.642247797603353821e+00,8.614381311585858070e-01,3.694450668072435939e-01,-3.233344228070585413e-01,-3.862894234121942438e-01,9.255495366710364546e-01,-3.700640734414116229e-01,-7.088845667815041329e-02,-3.722181384308485830e-02,3.537167396635952699e+00,-2.544760893564735227e+00,3.282599745735522712e-01,2.420242328667257858e+00,2.261544274904352836e+00,4.046039567295744099e+00,4.249632010821466466e+00,1.255848200152657412e+00,-2.522068590714241054e+00,8.733536986811918368e-01
2.111999999999988997e+00,1.281470091421981872e+00,-2.642894466448967972e+00,8.606655523117614504e-01,3.662034368105314686e-01,-3.017500871695137366e-01,-3.834998645585507293e-01,9.266814920026179569e-01,-3.669047372280681008e-01,-7.325324212092666765e-02,-3.572518296911913332e-02,3.367540029033799787e+00,-2.682541491619193863e+00,3.323677013174287098e-01,2.380331955569276126e+00,2.299064974135125006e+00,4.075850491468453463e+00,4.205313601231247311e+00,1.256298756604040889e+00,-2.522901392591904823e+00,8.726266343905413336e-01
2.113999999999988777e+00,1.282202498295602844e+00,-2.643497966623307160e+00,8.598985525826443599e-01,3.627825869257575997e-01,-2.803523488093946359e-01,-3.806158128122600903e-01,9.277237779174191123e-01,-3.639008887249797208e-01,-7.573675625066525474e-02,-3.418594483743890577e-02,3.191305882992510501e+00,-2.814086511414083613e+00,3.362428450247553213e-01,2.342390951177124592e+00,2.338695958032116273e+00,4.103685679241713125e+00,4.158636228627685227e+00,1.256738694238395126e+00,-2.523691559598034928e+00,8.718981723858894028e-01
2.115999999999988557e+00,1.282928063469454427e+00,-2.644058671320925757e+00,8.591373209570198899e-01,3.591762483116537896e-01,-2.591350794627942378e-01,-3.776481615573152317e-01,9.286750033590209785e-01,-3.610586179125727102e-01,-7.833347647657389057e-02,-3.260795961539612875e-02,3.008873839177107712e+00,-2.939085884185376418e+00,3.398331090308224223e-01,2.306507093666801289e+00,2.380330171631549696e+00,4.129486683497721522e+00,4.109678148344031889e+00,1.257168044192015444e+00,-2.524439161838756718e+00,8.711683257748594755e-01
2.117999999999988336e+00,1.283646415966077647e+00,-2.644576941479851229e+00,8.583820246339052273e-01,3.553786138995274624e-01,-2.380918107491421798e-01,-3.746079250052937737e-01,9.295339595535505595e-01,-3.583836190320701665e-01,-8.103762411725198844e-02,-3.099521130118829820e-02,2.820666933703231738e+00,-3.057243585645438966e+00,3.430917731331705745e-01,2.272762980098606889e+00,2.423856690001324754e+00,4.153198520268944094e+00,4.058523056839078436e+00,1.257586837850555028e+00,-2.525144271140050023e+00,8.704371077204831053e-01
2.119999999999988116e+00,1.284357173193876767e+00,-2.645053125101349600e+00,8.576328087838945846e-01,3.513843513426457843e-01,-2.172157558023745660e-01,-3.715062148183330137e-01,9.302996196636221793e-01,-3.558811767611934629e-01,-8.384317425250749356e-02,-2.935179401760009202e-02,2.627121469798456843e+00,-3.168278298308819796e+00,3.459780576101926797e-01,2.241235758598476124e+00,2.469161056107553875e+00,4.174769666484760222e+00,4.005260044837307021e+00,1.257995106846580669e+00,-2.525806961027285524e+00,8.697045314407167993e-01
2.121999999999987896e+00,1.285059941896562030e+00,-2.645487556612954538e+00,8.568897963542578822e-01,3.471886149294597379e-01,-1.964998317496617353e-01,-3.683542169671933930e-01,9.309711384145800128e-01,-3.535561534827481589e-01,-8.674386609997525310e-02,-2.768189783186562197e-02,2.428686094704846088e+00,-3.271924043945437788e+00,3.484574281178854371e-01,2.211996879276166617e+00,2.516125619841936611e+00,4.194152059063640969e+00,3.949983531389985814e+00,1.258392883058975897e+00,-2.526427306728407984e+00,8.689706102078167405e-01
2.123999999999987676e+00,1.285754319126420908e+00,-2.645880556276453799e+00,8.561530879203235189e-01,3.427870564526046548e-01,-1.759366829401555754e-01,-3.651631688286051669e-01,9.315478517154027749e-01,-3.514129776823615714e-01,-8.973321391441237138e-02,-2.598979417818204907e-02,2.225820843956298312e+00,-3.367930784381217624e+00,3.505018390101776182e-01,2.185111865143064325e+00,2.564629876653332197e+00,4.211301096484411310e+00,3.892793178117054165e+00,1.258780198609757761e+00,-2.527005385151198880e+00,8.682353573478556186e-01
2.125999999999987455e+00,1.286439893239326171e+00,-2.646232429642334072e+00,8.554227615826662801e-01,3.381758350250981260e-01,-1.555187048265564143e-01,-3.619443365216662989e-01,9.320292762932622654e-01,-3.494556335069566311e-01,-9.280451840597149504e-02,-2.427982096195950221e-02,2.018996155416067584e+00,-3.456064988940874549e+00,3.520899131566984086e-01,2.160640104149423646e+00,2.614550804236319692e+00,4.226175643513107261e+00,3.833793782712888731e+00,1.259157085865412640e+00,-2.527541274897828316e+00,8.674987862401399852e-01
2.127999999999987235e+00,1.287116244909376261e+00,-2.646543467051987175e+00,8.546988729096229864e-01,3.333516258338936611e-01,-1.352380684013826939e-01,-3.587089924776035721e-01,9.324151093571849680e-01,-3.476876515106395726e-01,-9.595087867210649879e-02,-2.255636742685644680e-02,1.808691855641119561e+00,-3.536110166950784173e+00,3.532070568833323709e-01,2.138634663348546461e+00,2.665763195794701446e+00,4.238738040211219804e+00,3.773095151440010397e+00,1.259523577432803521e+00,-2.528035056235751199e+00,8.667609103169686691e-01
2.129999999999987015e+00,1.287782948161044105e+00,-2.646813943188790041e+00,8.539814549246678155e-01,3.283116278197601989e-01,-1.150867450912918533e-01,-3.554683932348229880e-01,9.327052283025726309e-01,-3.461121006096381514e-01,-9.916520463608669012e-02,-2.082385886699442482e-02,1.595396121355155072e+00,-3.607867363821199103e+00,3.538455092204628727e-01,2.119142126017750982e+00,2.718139988413871500e+00,4.248954115645692475e+00,3.710811949959932576e+00,1.259879706159027890e+00,-2.528486811102709453e+00,8.660217430623537993e-01
2.131999999999986795e+00,1.288439571416683638e+00,-2.647044116678972436e+00,8.532705181381982085e-01,3.230535702707081902e-01,-9.505653201300201527e-02,-3.522337574479539324e-01,9.328996904645425747e-01,-3.447315812627325671e-01,-1.024402299833686442e-01,-1.908674126747115368e-02,1.379604418953565448e+00,-3.671155619369724565e+00,3.540043252182518141e-01,2.102202452451353398e+00,2.771552585180973693e+00,4.256793207125006084e+00,3.647063532454281276e+00,1.260225505129826118e+00,-2.528896623096727581e+00,8.652812980124471309e-01
2.133999999999986574e+00,1.289085678557225112e+00,-2.647234229742998490e+00,8.525660506233022629e-01,3.175757183144743423e-01,-7.513907749572840133e-02,-3.490162440982772507e-01,9.329987329241498095e-01,-3.435482198883645921e-01,-1.057685255853338946e-01,-1.734946595637784292e-02,1.161818425098264829e+00,-3.725812387189439967e+00,3.536892936627428763e-01,2.087848864960177409e+00,2.825871169736208444e+00,4.262228185419062676e+00,3.581973748957608894e+00,1.260561007667620359e+00,-2.529264577464289232e+00,8.645395887541118540e-01
2.135999999999986354e+00,1.289720829993854068e+00,-2.647384507897990069e+00,8.518680181351057090e-01,3.118768772938402822e-01,-5.532590677660710610e-02,-3.458269308925180363e-01,9.330027723676135309e-01,-3.425636645243158029e-01,-1.091425133981458184e-01,-1.561647435097987362e-02,9.425449315620959556e-01,-3.771693914012400395e+00,3.529127901032195203e-01,2.076107757473174331e+00,2.880965012054702346e+00,4.265235486333160964e+00,3.515670730976560243e+00,1.260886247330150312e+00,-2.529590761092265438e+00,8.637966289249368046e-01
2.137999999999986134e+00,1.290344583748441742e+00,-2.647495159711543256e+00,8.511763642733206625e-01,3.059563960068507060e-01,-3.560844777715360676e-02,-3.426767928372988492e-01,9.329124049946962982e-01,-3.417790817305565443e-01,-1.125544808227136873e-01,-1.389218287954144607e-02,7.222947375411959969e-01,-3.808675578180764631e+00,3.516935666718957743e-01,2.066998629968849421e+00,2.936702764346149408e+00,4.265795148971754713e+00,3.448286655726360728e+00,1.261201257909592144e+00,-2.529875262506550371e+00,8.630524322123980241e-01
2.139999999999985913e+00,1.290956496540455412e+00,-2.647566376607097371e+00,8.504910106876460985e-01,2.998141687925185983e-01,-1.597805687076909315e-02,-3.395766809780174089e-01,9.327284064684328024e-01,-3.411951547306497079e-01,-1.159965955099907103e-01,-1.218096815847334764e-02,5.015815326874919489e-01,-3.836652186497980122e+00,3.500564807357504082e-01,2.060534047826624526e+00,2.992952746087692351e+00,4.263890860827046936e+00,3.379957489414454397e+00,1.261506073429943697e+00,-2.530118171859101039e+00,8.623070123533613796e-01
2.141999999999985693e+00,1.291556124878040501e+00,-2.647598332720838776e+00,8.498118573256900898e-01,2.934506364414130042e-01,3.573955446582208900e-03,-3.365373012932445507e-01,9.324517318944873789e-01,-3.408120827819723919e-01,-1.194609205940722896e-01,-1.048715250207555953e-02,2.809207741043882600e-01,-3.855538228894415553e+00,3.480321649675950924e-01,2.056719626014809510e+00,3.049583217324423945e+00,4.259510009764250427e+00,3.310822710151116066e+00,1.261800728146541317e+00,-2.530319580921116085e+00,8.615603831337201868e-01
2.143999999999985473e+00,1.292143026150923246e+00,-2.647591184809945819e+00,8.491387827231036134e-01,2.868667859097309147e-01,2.305629906809935140e-02,-3.335691937389418382e-01,9.320835158145949206e-01,-3.406295817600678011e-01,-1.229394303338059019e-01,-8.814989839151712164e-03,6.082856051199136971e-02,-3.865268090503545917e+00,3.456566419464349171e-01,2.055554037903334574e+00,3.106462639510013890e+00,4.252643742802721505e+00,3.241025011224500485e+00,1.262085256543786116e+00,-2.530479583069052296e+00,8.608125583874715048e-01
2.145999999999985253e+00,1.292716759722742692e+00,-2.647545072211809458e+00,8.484716443356257187e-01,2.800641488152127434e-01,4.247767905318728526e-02,-3.306827114410130219e-01,9.316250721948214908e-01,-3.406468859376789449e-01,-1.264240261418739519e-01,-7.168652107219184236e-03,-1.581794932757721595e-01,-3.865796220897663282e+00,3.429708868958582513e-01,2.057029048346186162e+00,3.163459923304935639e+00,4.243287031407339427e+00,3.170709985540080211e+00,1.262359693333921840e+00,-2.530598273290536326e+00,8.600635519965029729e-01
2.147999999999985032e+00,1.293276888020373105e+00,-2.647460116853703305e+00,8.478102789127437422e-01,2.730447986933907667e-01,6.184677075050538236e-02,-3.278880000389152727e-01,9.310778943858332157e-01,-3.408627509345066309e-01,-1.299065529785640161e-01,-5.552216190959966165e-03,-3.755893785400983287e-01,-3.857097260389484195e+00,3.400203426445647659e-01,2.061129570531329058e+00,3.220444662905471045e+00,4.231438743120199852e+00,3.100025792297979255e+00,1.262624073455670626e+00,-2.530675748161627325e+00,8.593133778898254249e-01
2.149999999999984812e+00,1.293822977617759884e+00,-2.647336423312202314e+00,8.471545029126659188e-01,2.658113469937263829e-01,8.117219534440722750e-02,-3.251949771889282026e-01,9.304436550289920671e-01,-3.412754578095201219e-01,-1.333788160856998195e-01,-3.969651466983512879e-03,-5.908898085981053594e-01,-3.839166123438473743e+00,3.368543913244997912e-01,2.067833745994938521e+00,3.277287356626826575e+00,4.217101718851644421e+00,3.029122806856091810e+00,1.262878432072158219e+00,-2.530712105844997950e+00,8.585620500430755087e-01
2.151999999999984592e+00,1.294354600311747427e+00,-2.647174078921513463e+00,8.465041129582880908e-01,2.583669377966699710e-01,1.004624958995477407e-01,-3.226133122410355658e-01,9.297242058789694230e-01,-3.418828182637500546e-01,-1.368325980344605730e-01,-2.424808011956431156e-03,-8.035733257520373263e-01,-3.812018039337811803e+00,3.335257877258913095e-01,2.077113047057639772e+00,3.333859613627517149e+00,4.200282855383179914e+00,2.958153255038133533e+00,1.263122804570231850e+00,-2.530707446084022649e+00,8.578095824779046197e-01
2.153999999999984372e+00,1.294871334187340794e+00,-2.646973153929714329e+00,8.458588863338060149e-01,2.507152412350616699e-01,1.197261139751244485e-01,-3.201524061097013041e-01,9.289215775107011464e-01,-3.426821809179637079e-01,-1.402596760590708591e-01,-9.214055257308675093e-04,-1.013137396668377432e+00,-3.775688550472721783e+00,3.300900595835841167e-01,2.088932400862005156e+00,3.390034346828158629e+00,4.180993192268193326e+00,2.887270833096476252e+00,1.263357226557475954e+00,-2.530661870188225748e+00,8.570559892615383646e-01
2.155999999999984151e+00,1.295372764669810994e+00,-2.646733701701764030e+00,8.452185815215865761e-01,2.428604456063289674e-01,1.389713668770138355e-01,-3.178213713650490657e-01,9.280379788759464121e-01,-3.436704386264791133e-01,-1.436518396465918390e-01,5.369769846685883011e-04,-1.219085493810511345e+00,-3.730233468546215292e+00,3.266048803871160477e-01,2.103250334060655646e+00,3.445685952232717675e+00,4.159248002365498742e+00,2.816630314666967116e+00,1.263581733862155332e+00,-2.530575481027369733e+00,8.563012845061086509e-01
2.157999999999983931e+00,1.295858485561023565e+00,-2.646455758968010219e+00,8.445829387788564846e-01,2.348072481659236876e-01,1.582064256121928081e-01,-3.156290125778185018e-01,9.270757966724841870e-01,-3.448440367856504540e-01,-1.470009083512839043e-01,1.946910720413291135e-03,-1.420928160733771151e+00,-3.675728789251508477e+00,3.231294205672817776e-01,2.120019137159763201e+00,3.500690475021900561e+00,4.135066884869990744e+00,2.746387146018186787e+00,1.263796362530628770e+00,-2.530448383027817272e+00,8.555454823679289333e-01
2.159999999999983711e+00,1.296328100057355437e+00,-2.646139346116785696e+00,8.439516807537008614e-01,2.265608445967318141e-01,1.774392936068602267e-01,-3.135838069570379139e-01,9.260375944871310772e-01,-3.461989825932527687e-01,-1.502987498002388012e-01,3.305125772118550423e-03,-1.618184059291823518e+00,-3.612270565956191337e+00,3.197236831360771303e-01,2.139185047429554842e+00,3.554925762955087443e+00,4.108473860050738224e+00,2.676697031216141109e+00,1.264001148826439547e+00,-2.530280682156615057e+00,8.547885970473663164e-01
2.161999999999983491e+00,1.296781221746548862e+00,-2.645784467529571860e+00,8.433245131397867356e-01,2.181269171549011510e-01,1.966777862447348091e-01,-3.116938853267426923e-01,9.249261116722931053e-01,-3.477308552131581632e-01,-1.535372978552052292e-01,4.608518939996929069e-03,-1.810380996982830837e+00,-3.539974743001567781e+00,3.164478300142674061e-01,2.160688449221226826e+00,3.608271607742187026e+00,4.079497464156284003e+00,2.607715508409627958e+00,1.264196129227785903e+00,-2.530072485916946334e+00,8.540306427877899509e-01
2.163999999999983270e+00,1.297217475580858759e+00,-2.645391111957082320e+00,8.427011253691332193e-01,2.095116214981610492e-01,2.159295112786973891e-01,-3.099670134930325727e-01,9.237442619147434586e-01,-3.494348167982825326e-01,-1.567085708937346888e-01,5.854160672558663021e-03,-1.997056932902924853e+00,-3.458976949276964863e+00,3.133615053979748599e-01,2.184464090506447409e+00,3.660609875214620779e+00,4.048170843501770477e+00,2.539597518977359414e+00,1.264381340427577882e+00,-2.529823903342219182e+00,8.532716338752157625e-01
2.165999999999983050e+00,1.297636498823855122e+00,-2.644959252934524940e+00,8.420811913421472061e-01,2.007215722094317645e-01,2.352018501641727211e-01,-3.084105740587034794e-01,9.224951314547240599e-01,-3.513056243238463772e-01,-1.598046901709835876e-01,7.039301110186226874e-03,-2.177760960964102210e+00,-3.369432252746986656e+00,3.105231625688573138e-01,2.210441314399393509e+00,3.711824625238463238e+00,4.014531846223558631e+00,2.472496970977073882e+00,1.264556819329714088e+00,-2.529535044977080815e+00,8.525115846378090723e-01
2.167999999999982830e+00,1.298037941968273934e+00,-2.644488849234196692e+00,8.414643701940297538e-01,1.917638270357428509e-01,2.545019403577470363e-01,-3.070315487479390870e-01,9.211819769133543501e-01,-3.533376421824888647e-01,-1.628178982217078630e-01,8.161375226592448157e-03,-2.352054269220542615e+00,-3.271514876613918155e+00,3.079894005538693080e-01,2.238544304371859806e+00,3.761802222434208254e+00,3.978623110183247213e+00,2.406566298375312218e+00,1.264722603048740623e+00,-2.529206022881510307e+00,8.517505094450816827e-01
2.169999999999982609e+00,1.298421469622345503e+00,-2.643979845353481295e+00,8.408503070965338555e-01,1.826458698697423499e-01,2.738366586202201081e-01,-3.058365013072178451e-01,9.198082226866941546e-01,-3.555248554926972449e-01,-1.657405772601861782e-01,9.218007067792768211e-03,-2.519511074337842604e+00,-3.165417877806095515e+00,3.058143169885481072e-01,2.268692341890773179e+00,3.810431438878008947e+00,3.940492145676041780e+00,2.341956017810518098e+00,1.264878728908856331e+00,-2.528836950614675061e+00,8.509884227076076613e-01
2.171999999999982389e+00,1.298786761362084929e+00,-2.643432172036241035e+00,8.402386340939194120e-01,1.733755925092134720e-01,2.932126053575170865e-01,-3.048315610528853359e-01,9.183774578656679344e-01,-3.578608840723696005e-01,-1.685652675340311157e-01,1.020701309472744032e-02,-2.679719530374034875e+00,-3.051352788454794407e+00,3.040488834234496007e-01,2.300800075152592772e+00,3.857603550041070140e+00,3.900191411141118891e+00,2.278814284306279969e+00,1.265025234440388502e+00,-2.528427943228564345e+00,8.502253388760285802e-01
2.173999999999982169e+00,1.299133512547103297e+00,-2.642845746825526199e+00,8.396289709718136596e-01,1.639612752377924698e-01,3.126360900281076605e-01,-3.040224071379748483e-01,9.168934326424196257e-01,-3.603389970300466816e-01,-1.712846855860833406e-01,1.112640464199156527e-02,-2.832282611192883603e+00,-2.929549221005988358e+00,3.027403491551479697e-01,2.334777797603284633e+00,3.903212425308064670e+00,3.857778380461375001e+00,2.217286447685166362e+00,1.265162157379991825e+00,-2.527979117257189046e+00,8.494612724410819382e-01
2.175999999999981949e+00,1.299461435097578832e+00,-2.642220474645470052e+00,8.390209261575377608e-01,1.544115662785317533e-01,3.321131176392962403e-01,-3.034142536135039370e-01,9.153600541655213529e-01,-3.629521279274514067e-01,-1.738917423768654158e-01,1.197438951122545454e-02,-2.976818965906549597e+00,-2.800254437568764576e+00,3.019316794355153544e-01,2.370531734921248468e+00,3.947154614450114618e+00,3.813315599913265963e+00,2.157514611143867000e+00,1.265289535667919907e+00,-2.527490590709760454e+00,8.486962379322440242e-01
2.177999999999981728e+00,1.299770258230135811e+00,-2.641556248410191543e+00,8.384140976503107190e-01,1.447354601796647378e-01,3.516493763497063330e-01,-3.030118353596562009e-01,9.137813818088282858e-01,-3.656928904683692805e-01,-1.763795612183979566e-01,1.274937272351903302e-02,-3.112963746845711643e+00,-2.663732884073584994e+00,3.016610336513860235e-01,2.407964339158488620e+00,3.989329431489226252e+00,3.766870733361483037e+00,2.099637193787347478e+00,1.265407407447201038e+00,-2.526962483063869058e+00,8.479302499179999231e-01
2.179999999999981508e+00,1.300059729150495169e+00,-2.640852949657491955e+00,8.378080739795914500e-01,1.349422752001042947e-01,3.712502261886960198e-01,-3.028193949629524040e-01,9.121616218216115346e-01,-3.685535946706084975e-01,-1.787414954685870583e-01,1.344995646065869598e-02,-3.240369409576623561e+00,-2.520265689761201688e+00,3.019612887377497445e-01,2.446974588721701149e+00,4.029639037378766275e+00,3.718516593776653334e+00,2.043788498616112115e+00,1.265515811060511808e+00,-2.526394915249113637e+00,8.471633230043655871e-01
2.181999999999981288e+00,1.300329613700895282e+00,-2.640110449205114396e+00,8.372024351896655281e-01,1.250416297695906009e-01,3.909206888976932137e-01,-3.028406706142201532e-01,9.105051213309330871e-01,-3.715262634797007468e-01,-1.809711459338823880e-01,1.407493923013401239e-02,-3.358706484507152812e+00,-2.370150132483849870e+00,3.028596127219270739e-01,2.487458292911134627e+00,4.067988522945253926e+00,3.668331159520854978e+00,1.990098287685635459e+00,1.265614785050717117e+00,-2.525788009644372778e+00,8.463954718350441553e-01
2.183999999999981068e+00,1.300579696960434406e+00,-2.639328607827319040e+00,8.365967538484371246e-01,1.150434181055825372e-01,4.106654388920765175e-01,-3.030788851004724282e-01,9.088163616710051018e-01,-3.746026497851295267e-01,-1.830623779265140305e-01,1.462331429349496455e-02,-3.467664319593827482e+00,-2.213699070258954293e+00,3.043770928758184335e-01,2.529308399748001257e+00,4.104285993483794748e+00,3.616397573662770704e+00,1.938691366077699207e+00,1.265704368157630100e+00,-2.525141890073257400e+00,8.456267110905875128e-01
2.185999999999980847e+00,1.300809783796645469e+00,-2.638507276949535019e+00,8.359905960782362255e-01,1.049577850753794228e-01,4.304887953362257491e-01,-3.035367359607681337e-01,9.070999510184891701e-01,-3.777742538021284235e-01,-1.850093379213618161e-01,1.509426740186660745e-02,-3.566951793621790046e+00,-2.051240339481747554e+00,3.065284225002968266e-01,2.572415305828948728e+00,4.138442656367129047e+00,3.562804124830964536e+00,1.889687176381997791e+00,1.265784599316562620e+00,-2.524456681779554401e+00,8.448570554875720617e-01
2.187999999999980627e+00,1.301019699366796178e+00,-2.637646299358862745e+00,8.353835226063146546e-01,9.479510039796887333e-02,4.503947153177411122e-01,-3.042163868728374743e-01,9.053606163173197885e-01,-3.810323407844587451e-01,-1.868064697564263132e-01,1.548717388616428249e-02,-3.656297999428942180e+00,-1.883116120168544017e+00,3.093216498594580366e-01,2.616667166986118342e+00,4.170372912959270373e+00,3.507644207887382404e+00,1.843199405274697611e+00,1.265855517656392593e+00,-2.523732511434957360e+00,8.440865197782434493e-01
2.189999999999980407e+00,1.301209289567592187e+00,-2.636745509928227094e+00,8.347750898325689839e-01,8.456593228484886315e-02,4.703867881011636887e-01,-3.051194603322546772e-01,9.036031944816281802e-01,-3.843679590359584397e-01,-1.884485303199692208e-01,1.580159515277378482e-02,-3.735452896353944841e+00,-1.709682268594241217e+00,3.127579922548864855e-01,2.661950208555085240e+00,4.199994456015791577e+00,3.451016263152510533e+00,1.799335603990560140e+00,1.265917162499876625e+00,-2.522969507119967147e+00,8.433151187499907664e-01
2.191999999999980187e+00,1.301378421432161980e+00,-2.635804736352024946e+00,8.341648509119045096e-01,7.428102062335231737e-02,4.904682304351425937e-01,-3.062470316810297910e-01,9.018326228706711190e-01,-3.877719581910482605e-01,-1.899306046667194048e-01,1.603727463816178450e-02,-3.804187931036704828e+00,-1.531307617676662902e+00,3.168317176561603055e-01,2.708149034083885631e+00,4.227228373657554883e+00,3.393023692669356439e+00,1.758196824286363924e+00,1.265969573358875166e+00,-2.522167798316161225e+00,8.425428672245081074e-01
2.193999999999979966e+00,1.301526983473408672e+00,-2.634823799891154561e+00,8.335523568485424528e-01,6.395124980907151979e-02,5.106418828812627764e-01,-3.075996245364496229e-01,9.000539290353083421e-01,-3.912350077367032219e-01,-1.912481205051143607e-01,1.619413327803684993e-02,-3.862296625548634843e+00,-1.348373245471594428e+00,3.215300957109803459e-01,2.755146931341903027e+00,4.251999260866888619e+00,3.333774752317900436e+00,1.719877271583111877e+00,1.266012789935290428e+00,-2.521327515904488337e+00,8.417697800574677203e-01
2.195999999999979746e+00,1.301654885973026810e+00,-2.633802516125391957e+00,8.329371575994695132e-01,5.358762133588133858e-02,5.309102071275243473e-01,-3.091772076641748912e-01,8.982722197414501064e-01,-3.947476157506124572e-01,-1.923968619973968064e-01,1.627226454829025157e-02,-3.909595131664138634e+00,-1.161271712177161630e+00,3.268334193420730505e-01,2.802826174546710902e+00,4.274235339292165037e+00,3.273382418780510950e+00,1.684463977044099003e+00,1.266046852117939991e+00,-2.520448792144350136e+00,8.409958721378520963e-01
2.197999999999979526e+00,1.301762061215698596e+00,-2.632740695711136780e+00,8.323188031841411982e-01,4.320122625329542165e-02,5.512752842437594891e-01,-3.109791933330570135e-01,8.964926692819870091e-01,-3.983001478323288103e-01,-1.933729828145487883e-01,1.627192913600859422e-02,-3.945922749880771629e+00,-9.704062660836981768e-01,3.327150974918972604e-01,2.851068321741248024e+00,4.293868585995743281e+00,3.211964230231774131e+00,1.652036490126081336e+00,1.266071799980823087e+00,-2.519531760670190579e+00,8.402211583869165779e-01
2.199999999999979305e+00,1.301848463668205280e+00,-2.631638145142649154e+00,8.316968447974750767e-01,3.280321760054318025e-02,5.717388138318951762e-01,-3.130044371813767712e-01,8.947205070949688643e-01,-4.018828462060758389e-01,-1.941730183885354288e-01,1.619354929935972257e-02,-3.971142411615483869e+00,-7.761900189770040148e-01,3.391418189305108744e-01,2.899754506321511549e+00,4.310834871591549877e+00,3.149642100139077083e+00,1.622666593310615690e+00,1.266087673782722689e+00,-2.518576556485584206e+00,8.394456537585304190e-01
2.201999999999979085e+00,1.301914070103406429e+00,-2.630494667514985174e+00,8.310708359231123721e-01,2.240478292552640360e-02,5.923021140196130796e-01,-3.152512396166206599e-01,8.929610047121488980e-01,-4.054858489755336914e-01,-1.947938973051817346e-01,1.603770297512988052e-02,-3.985141122805277103e+00,-5.790450915930644982e-01,3.460737863781606083e-01,2.948765721753757063e+00,4.325074107991775385e+00,3.086542103567885942e+00,1.596418040626867096e+00,1.266094513964278079e+00,-2.517583315948797917e+00,8.386693732376206967e-01
2.203999999999978865e+00,1.301958879669257385e+00,-2.629310063286946164e+00,8.304403334438791306e-01,1.201711699446214934e-02,6.129661222421877165e-01,-3.177173487631381188e-01,8.912194620684217305e-01,-4.090992095123172079e-01,-1.952329517822429805e-01,1.580511769214148002e-02,-3.987830366945360083e+00,-3.794017298270592753e-01,3.534650195281389129e-01,2.997983098584772410e+00,4.336530405818927569e+00,3.022794235601828028e+00,1.573346321486368549e+00,1.266092361146336387e+00,-2.516552176763696025e+00,8.378923318400728348e-01
2.205999999999978645e+00,1.301982913903246386e+00,-2.628084131042461635e+00,8.298048987463528814e-01,1.651394794572054459e-03,6.337313967541704507e-01,-3.203999649641687264e-01,8.895011932090930440e-01,-4.127129159609664311e-01,-1.954879271788675377e-01,1.549666434772246394e-02,-3.979146465419843626e+00,-1.776973925302007262e-01,3.612637248948992186e-01,3.047288172887747670e+00,4.345152241281869721e+00,2.958532141761478051e+00,1.553498451319660134e+00,1.266081256129071519e+00,-2.515483277973828535e+00,8.371145446122190137e-01
2.207999999999978424e+00,1.301986216692835541e+00,-2.626816668248953324e+00,8.291640988164244996e-01,-8.681255072406393949e-03,6.545981188103833226e-01,-3.232957468367503306e-01,8.878115114382649775e-01,-4.163169108440759603e-01,-1.955569904847081486e-01,1.511335090285528641e-02,-3.959050892816731171e+00,2.562418811555344789e-02,3.694127297581444869e-01,3.096563145386581617e+00,4.350892632089644607e+00,2.893892820562820933e+00,1.536912790504724180e+00,1.266061239889198831e+00,-2.514376759948333984e+00,8.363360266297155121e-01
2.209999999999978204e+00,1.301968854182690816e+00,-2.625507472011332499e+00,8.285175073227509790e-01,-1.896977651337161674e-02,6.755660954536676366e-01,-3.264008188706578051e-01,8.861557139578638553e-01,-4.199011107516836816e-01,-1.954387377394370129e-01,1.465631604963161562e-02,-3.927530544768000897e+00,2.301139724938474629e-01,3.778499768301216699e-01,3.145691130532661806e+00,4.353709321780095287e+00,2.829016298465643953e+00,1.523618892812691250e+00,1.266032353579264580e+00,-2.513232764378756201e+00,8.355567929976919217e-01
2.211999999999977984e+00,1.301930914629664038e+00,-2.624156339820425288e+00,8.278647056850096941e-01,-2.920321149768543775e-02,6.966347628463904762e-01,-3.297107805547573878e-01,8.845390660528935634e-01,-4.234554260992035024e-01,-1.951322003363525903e-01,1.412682290219842950e-02,-3.884597955752544962e+00,4.353186043698684671e-01,3.865090756587070131e-01,3.194556394924819021e+00,4.353564971550464513e+00,2.764045277959507274e+00,1.513637384727653856e+00,1.265994638525258509e+00,-2.512051434260854421e+00,8.347768588492447961e-01
2.213999999999977764e+00,1.301872508206668666e+00,-2.622763070294732657e+00,8.272052841239001530e-01,-3.937072496254027942e-02,7.178031900822060551e-01,-3.332207170074503177e-01,8.829667848843496536e-01,-4.269697809380496589e-01,-1.946368501671595086e-01,1.352625275954617325e-02,-3.830291464204341523e+00,6.407814250800306644e-01,3.953199061778477907e-01,3.243044584511558082e+00,4.350427358510917664e+00,2.699124759505507676e+00,1.506979876631370008e+00,1.265948136224936960e+00,-2.510832913895967522e+00,8.339962393457360790e-01
2.215999999999977543e+00,1.301793766756743631e+00,-2.621327463914568057e+00,8.265388426898852003e-01,-4.946162899862316387e-02,7.390700834156930243e-01,-3.369252110809419776e-01,8.814440229567651608e-01,-4.304341328026238811e-01,-1.939526035688301231e-01,1.285609898527625451e-02,-3.764675322236596511e+00,8.460435093230138648e-01,4.042092692617233474e-01,3.291042940126828853e+00,4.344269579003469772e+00,2.634401638598143691e+00,1.503648906905297622e+00,1.265892888346344947e+00,-2.509577348869186153e+00,8.332149496755993923e-01
2.217999999999977323e+00,1.301694843498746312e+00,-2.619849323747736491e+00,8.258649922677233635e-01,-5.946540625295514138e-02,7.604337908488770781e-01,-3.408183569030722726e-01,8.799758513325919296e-01,-4.338384925765887412e-01,-1.930798240377338548e-01,1.211796104594365861e-02,-3.687839747283574887e+00,1.050644720555373945e+00,4.131015786109856758e-01,3.338440500987353232e+00,4.335070255451731747e+00,2.570024279260746169e+00,1.503637919703683323e+00,1.265828936725968745e+00,-2.508284886048897988e+00,8.324330050538994996e-01
2.219999999999977103e+00,1.301575912686240510e+00,-2.618328456166038709e+00,8.251833555539171972e-01,-6.937173249445290069e-02,7.818923070162175915e-01,-3.448937748147052340e-01,8.785672426704262961e-01,-4.371729443603033505e-01,-1.920193236809172310e-01,1.131353874572401351e-02,-3.599900913007444636e+00,1.254124783755731665e+00,4.219195878198546135e-01,3.385128295893393702e+00,4.322813744987938911e+00,2.506142065650975415e+00,1.506931277061609009e+00,1.265756323366973746e+00,-2.506955673578147525e+00,8.316504207217922939e-01
2.221999999999976882e+00,1.301437169221251633e+00,-2.616764671552006316e+00,8.244935680042877468e-01,-7.917049829672452577e-02,8.034432783131797429e-01,-3.491446276554029948e-01,8.772230541684661320e-01,-4.404276653199981073e-01,-1.907723633795233575e-01,1.044462669104525773e-02,-3.501000876921815053e+00,1.456024373077638545e+00,4.305851460503827832e-01,3.430999521965343746e+00,4.307490347907602768e+00,2.442904933795646549e+00,1.513504305812564787e+00,1.265675090437641259e+00,-2.505589860854627204e+00,8.308672119458710981e-01
2.223999999999976662e+00,1.301278828224658124e+00,-2.615157784995379764e+00,8.237952787489769557e-01,-8.885182980134867514e-02,8.250840082171817524e-01,-3.535636383459205279e-01,8.759480104984617155e-01,-4.435929454977577402e-01,-1.893406516448286336e-01,9.513109014494095655e-03,-3.391307442310089737e+00,1.655886211678093023e+00,4.390199753535753979e-01,3.475949710845695151e+00,4.289096513871115235e+00,2.380462885422383046e+00,1.523323379471084316e+00,1.265585280268810564e+00,-2.504187598531245840e+00,8.300833940173282244e-01
2.225999999999976442e+00,1.301101124565055445e+00,-2.613507616978945514e+00,8.230881514722850900e-01,-9.840610853407283365e-02,8.468114627552303375e-01,-3.581431087116609402e-01,8.747466868187446787e-01,-4.466592075596498845e-01,-1.877263421532024135e-01,8.520954382777154446e-03,-3.271013952233866373e+00,1.853256180762776539e+00,4.471464623766040480e-01,3.519876882430223120e+00,4.267635043582123977e+00,2.318965486504914075e+00,1.536346035205726768e+00,1.265486935353111519e+00,-2.502749038502031453e+00,8.292989822519407639e-01
2.227999999999976222e+00,1.300904312347987313e+00,-2.611813994053434840e+00,8.223718652548617225e-01,-1.078239902549231327e-01,8.686222760778955498e-01,-3.628749394880879109e-01,8.736234919576599811e-01,-4.496170264574848030e-01,-1.859320299524399589e-01,7.470211308847047801e-03,-3.140339013665556234e+00,2.047684434664841735e+00,4.548884569397507738e-01,3.562681686264636660e+00,4.243115283577428620e+00,2.258561353017575435e+00,1.552521125636798560e+00,1.265380098343088733e+00,-2.501274333890080470e+00,8.285139919886210791e-01
2.229999999999976001e+00,1.300688664367477543e+00,-2.610076749501279103e+00,8.216461153758854996e-01,-1.170964228316219435e-01,8.905127561056709329e-01,-3.677506514462118292e-01,8.725826518608237325e-01,-4.524571489777032829e-01,-1.839607463383195196e-01,6.363003783513249828e-03,-2.999526150076578190e+00,2.238726518559051470e+00,4.621720697850111859e-01,3.604267530879742054e+00,4.215553311687934901e+00,2.199397626694724828e+00,1.571789005017020235e+00,1.265264812048785714e+00,-2.499763639048012465e+00,8.277284385898004970e-01
2.231999999999975781e+00,1.300454471521814259e+00,-2.608295723989067838e+00,8.209106140729930390e-01,-1.262146631337791869e-01,9.124788902210950736e-01,-3.727614075736870869e-01,8.716281933970618789e-01,-4.551705131488293365e-01,-1.818159524068458655e-01,5.201527236988611955e-03,-2.848843381180020451e+00,2.425944485206342538e+00,4.689264617051895900e-01,3.644540701424286322e+00,4.184972110607154683e+00,2.141619443962795799e+00,1.594081749164318662e+00,1.265141119436721695e+00,-2.498217109533072744e+00,8.269423374397524285e-01
2.233999999999975561e+00,1.300202042195546692e+00,-2.606470766208625722e+00,8.201650912578456465e-01,-1.351702929523915797e-01,9.345163509869180984e-01,-3.778980362455962583e-01,8.707639286185981931e-01,-4.577482674768463822e-01,-1.795015312944074626e-01,3.988044835925143826e-03,-2.688582728894611140e+00,2.608908006956452308e+00,4.750846162118609328e-01,3.683410466061785016e+00,4.151401727072741465e+00,2.085369400912501892e+00,1.619323408111650986e+00,1.265009063627362096e+00,-2.496634902108496590e+00,8.261557039449760609e-01
2.235999999999975341e+00,1.299931701609641888e+00,-2.604601733506652028e+00,8.194092951853544360e-01,-1.439552339560464245e-01,9.566205018790873149e-01,-3.831510553171650901e-01,8.699934395710663404e-01,-4.601817899757677521e-01,-1.770217791249288075e-01,2.724884116575545124e-03,-2.519059649060563899e+00,2.787195479072880122e+00,4.805840879686305023e-01,3.720789171694674380e+00,4.114879414062487584e+00,2.030787017845842257e+00,1.647430290370276884e+00,1.264868687893811128e+00,-2.495017174731231080e+00,8.253685535326544809e-01
2.237999999999975120e+00,1.299643791141729787e+00,-2.602688492502893691e+00,8.186429930747201045e-01,-1.525617617009167593e-01,9.787864030312959374e-01,-3.885106970697547735e-01,8.693200637481330872e-01,-4.624627069586501049e-01,-1.743813946899749057e-01,1.414433949851289949e-03,-2.340612388893918094e+00,2.960395110324061996e+00,4.853677193297605830e-01,3.756592329680477071e+00,4.075449753531333208e+00,1.978008206592980045e+00,1.678311277343956798e+00,1.264720035659737007e+00,-2.493364086537837920e+00,8.245809016508820477e-01
2.239999999999974900e+00,1.299338667618328058e+00,-2.600730919696831123e+00,8.178659716805806168e-01,-1.609825187165130900e-01,1.001008816996172612e+00,-3.939669339407597670e-01,8.687468802839903859e-01,-4.645829115523621433e-01,-1.715854678945988310e-01,5.914182924297122082e-05,-2.153601270673298540e+00,3.128105996694104274e+00,4.893843175354360420e-01,3.790738692255557041e+00,4.033164757245065957e+00,1.927164744032786370e+00,1.711868166175946504e+00,1.264563150498760891e+00,-2.491675797841310214e+00,8.237927637675417358e-01
2.241999999999974680e+00,1.299016702580894966e+00,-2.598728902062838575e+00,8.170780378126990540e-01,-1.692105266932218133e-01,1.023282214536971768e+00,-3.995095049673059728e-01,8.682766969746386065e-01,-4.665345818976042169e-01,-1.686394670084330472e-01,-1.338488532127069062e-03,-1.958407902681489565e+00,3.289939174003339240e+00,4.925892854019275902e-01,3.823150320504339117e+00,3.988083943382605412e+00,1.878383755304072311e+00,1.747996039190172990e+00,1.264398076130662574e+00,-2.489952470112427818e+00,8.230041553697651224e-01
2.243999999999974460e+00,1.298678281527508416e+00,-2.596682337633764437e+00,8.162790188027644334e-01,-1.772391978004635438e-01,1.045600780471709124e+00,-4.051279428734886889e-01,8.679120382157803348e-01,-4.683101989940304244e-01,-1.655492247680505347e-01,-2.775899313598729958e-03,-1.755434318958756013e+00,3.445518645216032905e+00,4.949451987050731416e-01,3.853752644724330878e+00,3.940274386739429424e+00,1.831787210038507085e+00,1.786583657709638118e+00,1.264224856421011012e+00,-2.488194265981121589e+00,8.222150919632715826e-01
2.245999999999974239e+00,1.298323803131907539e+00,-2.594591136072820881e+00,8.154687629170174201e-01,-1.850623451663550856e-01,1.067958419600316899e+00,-4.108116017303446998e-01,8.676551339412302832e-01,-4.699025641488498994e-01,-1.623209233828738496e-01,-4.250480430867853605e-03,-1.545102049983155590e+00,3.594482378224536312e+00,4.964223239024023182e-01,3.882474518134841901e+00,3.889810740503881981e+00,1.787491435111854932e+00,1.827513877994197067e+00,1.264043535378776895e+00,-2.486401349215100254e+00,8.214255890721409159e-01
2.247999999999974019e+00,1.297953678441574832e+00,-2.592455219233620323e+00,8.146471397135567338e-01,-1.926741925504322217e-01,1.090348762752821665e+00,-4.165496851177845072e-01,8.675079096411004720e-01,-4.713048159860506736e-01,-1.589610785028342244e-01,-5.759571138482325221e-03,-1.327851126925397640e+00,3.736483269967306953e+00,4.969990703403512899e-01,3.909248264874579881e+00,3.836775227832052160e+00,1.745606647039235959e+00,1.870664086685161154e+00,1.263854157155281044e+00,-2.484573884718031422e+00,8.206356622376480559e-01
2.249999999999973799e+00,1.297568330056473984e+00,-2.590274521708114897e+00,8.138140403433211656e-01,-2.000693832409611295e-01,1.112765173004407915e+00,-4.223312747171297787e-01,8.674719775335872907e-01,-4.725104469723581668e-01,-1.554765222114927736e-01,-7.300461421650641762e-03,-1.104139022673126247e+00,3.871190072831668605e+00,4.966623716809583922e-01,3.934009723303908412e+00,3.781257601632000309e+00,1.706236507321629459e+00,1.915906653150412087e+00,1.263656766041238555e+00,-2.482712038513625430e+00,8.198453270180641184e-01
2.251999999999973578e+00,1.297168191289992167e+00,-2.588048991362105866e+00,8.129693777938868937e-01,-2.072429882070458418e-01,1.135200752109711386e+00,-4.281453592627073590e-01,8.675486289580637278e-01,-4.735133194152905123e-01,-1.518743851133797784e-01,-8.870393211682732829e-03,-8.744395333286202332e-01,3.998288279440295412e+00,4.954079919194200876e-01,3.956698285595602105e+00,3.723355071261477356e+00,1.669477703665138035e+00,1.963109395828444459e+00,1.263451406465707194e+00,-2.480815977738927813e+00,8.190545989877184851e-01
2.253999999999973358e+00,1.296753705313578031e+00,-2.585778589857886445e+00,8.121130870753614506e-01,-2.141905135336118204e-01,1.157648347214821571e+00,-4.339808637803574953e-01,8.677388280503567364e-01,-4.743076808881632744e-01,-1.481620775888139452e-01,-1.046656146267394873e-02,-6.392416043694664207e-01,4.117480962101767616e+00,4.932407520593171113e-01,3.977256934631117513e+00,3.663172195120815822e+00,1.635419559890872288e+00,2.012136059649733522e+00,1.263238122994609469e+00,-2.478885870637043354e+00,8.182634937366008998e-01
2.255999999999973138e+00,1.296325324286510705e+00,-2.583463293163456687e+00,8.112451253478006885e-01,-2.209079071643728076e-01,1.180100557910912062e+00,-4.398266790398329684e-01,8.680432067536458796e-01,-4.748881790366664690e-01,-1.443472702933839280e-01,-1.208611512997658649e-02,-3.990481061224343540e-01,4.228489563419428166e+00,4.901746742659667810e-01,3.995632279190512115e+00,3.600820738371760310e+00,1.604143677243623056e+00,2.062846801565118682e+00,1.263016960327293603e+00,-2.476921886535080830e+00,8.174720268696509251e-01
2.257999999999972918e+00,1.295883508472182033e+00,-2.581103092047634995e+00,8.103654719897209757e-01,-2.273915649738353917e-01,1.202549743696969209e+00,-4.456716911475187004e-01,8.684620612103783888e-01,-4.752498757216782055e-01,-1.404378739825601907e-01,-1.372615809353582191e-02,-1.543745635859315457e-01,4.331054634826301708e+00,4.862330410915129963e-01,4.011774588372178485e+00,3.536419495435957128e+00,1.575723609232538180e+00,2.115098680946433163e+00,1.262787963297329341e+00,-2.474924195853247966e+00,8.166802140064453042e-01
2.259999999999972697e+00,1.295428725342234300e+00,-2.578697992560241126e+00,8.094741286074259579e-01,-2.336383361851205043e-01,1.224988031923062604e+00,-4.515048112041916140e-01,8.689953495720618148e-01,-4.753882604532811418e-01,-1.364420187445108956e-01,-1.538375007129121758e-02,9.425215398489891760e-02,4.424936520081251601e+00,4.814483682012190568e-01,4.025637826183576351e+00,3.470094077074841188e+00,1.550224572374705012e+00,2.168746151979351833e+00,1.262551176868329961e+00,-2.472892970074951791e+00,8.158880707796916099e-01
2.261999999999972477e+00,1.294961448669863957e+00,-2.576248016496395010e+00,8.085711189850175451e-01,-2.396455281449873798e-01,1.247407326286643636e+00,-4.573150049516610527e-01,8.696426912547862154e-01,-4.752992630715249245e-01,-1.323680327261043121e-01,-1.705590756949184120e-02,3.462951780481269282e-01,4.509915981105328875e+00,4.758622898554242253e-01,4.037179687127205874e+00,3.401976662379409877e+00,1.527703194341021753e+00,2.223641554738782666e+00,1.262306646132758559e+00,-2.470828381747253388e+00,8.150956128358251007e-01
2.263999999999972257e+00,1.294482157613573881e+00,-2.573753201843821614e+00,8.076564889751142173e-01,-2.454109104620610382e-01,1.269799315955627339e+00,-4.630913223301060255e-01,8.704033676589802981e-01,-4.749792656302993521e-01,-1.282244204382549102e-01,-1.873960491795841066e-02,6.012090143649526652e-01,4.585794763864845081e+00,4.695253572727961511e-01,4.046361633573747341e+00,3.332205716123097350e+00,1.508207301219191887e+00,2.279635602065313904e+00,1.262054416311274352e+00,-2.468730604471772949e+00,8.143028558333318401e-01
2.265999999999972037e+00,1.293991335792649799e+00,-2.571213603211910392e+00,8.067303063304539501e-01,-2.509327185082770861e-01,1.292155485390969583e+00,-4.688229268662991167e-01,8.712763243622473341e-01,-4.744251134417520332e-01,-1.240198407272140591e-01,-2.043177543898257176e-02,8.584409391295004799e-01,4.652396102384137144e+00,4.624967508458959209e-01,4.053148935618879456e+00,3.260925672403625075e+00,1.491775744876027598e+00,2.336577859210533070e+00,1.261794532748981013e+00,-2.466599812889683108e+00,8.135098154429760697e-01
2.267999999999971816e+00,1.293489470355633220e+00,-2.568629292241128237e+00,8.057926604767213785e-01,-2.562096562775872943e-01,1.314467124939657561e+00,-4.744991248107243154e-01,8.722601747842891884e-01,-4.736341252399748902e-01,-1.197630844981147219e-01,-2.212931279869291903e-02,1.117432411448950003e+00,4.709565159347754992e+00,4.548439080496378684e-01,4.057510714012848574e+00,3.188286585685854213e+00,1.478438271412304328e+00,2.394317213428352797e+00,1.261527040915057185e+00,-2.464436182668066522e+00,8.127165073462370160e-01
2.269999999999971596e+00,1.292977051043078029e+00,-2.566000357991248926e+00,8.048436622270999097e-01,-2.612408985898400648e-01,1.336725342265256300e+00,-4.801093939396551824e-01,8.733532053129756667e-01,-4.726041024241974253e-01,-1.154630522760609901e-01,-2.382907258929201078e-02,1.377620495985945492e+00,4.757169402151652626e+00,4.466420697020977992e-01,4.059419986663368896e+00,3.114443750762723617e+00,1.468215430998765392e+00,2.452702330774381601e+00,1.261251986400596437e+00,-2.462239890501734862e+00,8.119229472356499500e-01
2.271999999999971376e+00,1.292454569245898410e+00,-2.563326907306718194e+00,8.038834434392205797e-01,-2.660260926219457644e-01,1.358921074678693275e+00,-4.856434119358158941e-01,8.745533818706686668e-01,-4.713333373434118734e-01,-1.111287316883350224e-01,-2.552787418959591437e-02,1.638439289608669469e+00,4.795098913652806161e+00,4.379737480663459248e-01,4.058853719086435774e+00,3.039557293300869656e+00,1.461118529442061664e+00,2.511582097635567834e+00,1.260969414916703002e+00,-2.460011114092310436e+00,8.111291508136906359e-01
2.273999999999971156e+00,1.291922517060654529e+00,-2.560609065157360753e+00,8.029121566153489820e-01,-2.705653587428036300e-01,1.381045102425630944e+00,-4.910910842591151293e-01,8.758583578900434041e-01,-4.698206205862380802e-01,-1.067691749489054626e-01,-2.722250294974533011e-02,1.899321346028041368e+00,4.823266637266589107e+00,4.289281210498019914e-01,4.055792879063663037e+00,2.963791732974430992e+00,1.457149621210640733e+00,2.570806044654826206e+00,1.260679372291649614e+00,-2.457750032142314467e+00,8.103351337919795228e-01
2.275999999999970935e+00,1.291381386343168902e+00,-2.557846974952509456e+00,8.019299744468307845e-01,-2.748592906233052746e-01,1.403088062979196637e+00,-4.964425714168532178e-01,8.772654836589736105e-01,-4.680652472418624921e-01,-1.023934764234064876e-01,-2.890971274382621303e-02,2.159699092592363812e+00,4.841608556457048351e+00,4.196003574963255156e-01,4.050222495627903818e+00,2.887315521393436057e+00,1.456301543438448309e+00,2.630224750892946606e+00,1.260381904471417513e+00,-2.455456824341524680e+00,8.095409118911538471e-01
2.277999999999970715e+00,1.290831667761922263e+00,-2.555040798826551107e+00,8.009370893039970962e-01,-2.789089545882112997e-01,1.425040466378238113e+00,-5.016883155407301231e-01,8.787718169846669980e-01,-4.660670221000575153e-01,-9.801075034916108264e-02,-3.058622893143050220e-02,2.419006233669265260e+00,4.850083809036877192e+00,4.100908792418796467e-01,4.042131722382570125e+00,2.810300557202658922e+00,1.458557990091247314e+00,2.689690226467738476e+00,1.260077057515262666e+00,-2.453131671361063582e+00,8.087465008398728727e-01
2.279999999999970495e+00,1.290273849852745736e+00,-2.552190717893794591e+00,7.999337126729156866e-01,-2.827158881728552009e-01,1.446892711641352802e+00,-5.068190661762687066e-01,8.803741351182222674e-01,-4.638262637605736760e-01,-9.363010878071804932e-02,-3.224875176591606579e-02,2.676679135355547690e+00,4.848674737060609807e+00,4.005045662365606662e-01,4.031513905008122123e+00,2.732921680906797768e+00,1.463893625253000375e+00,2.749056272029453574e+00,1.259764877594607313e+00,-2.450774754838391800e+00,8.079519163741855081e-01
2.281999999999970274e+00,1.289708418076400021e+00,-2.549296932470511923e+00,7.989200745405631299e-01,-2.862820978446138920e-01,1.468635104275889391e+00,-5.118259051889627598e-01,8.820689478722516519e-01,-4.613438076245968689e-01,-8.926063982681260722e-02,-3.389396028329815652e-02,2.932158186632239261e+00,4.837386873437959700e+00,3.909499115876063913e-01,4.018366652685001483e+00,2.655356152130534664e+00,1.472274234100376056e+00,2.808178813758067882e+00,1.259445410993665249e+00,-2.448386257371964803e+00,8.071571742372460889e-01
2.283999999999970054e+00,1.289135853880710725e+00,-2.546359662261960199e+00,7.978964227301852397e-01,-2.896100558470654507e-01,1.490257874889492351e+00,-5.167002706903800480e-01,8.838525118562318150e-01,-4.586210077434456078e-01,-8.491138623972423194e-02,-3.551851670135514061e-02,3.184889132494368447e+00,4.816248866699556430e+00,3.815381338624767027e-01,4.002691913028563420e+00,2.577783112068673166e+00,1.483656909987819184e+00,2.866916212975844758e+00,1.259118704103103781e+00,-2.445966362505771485e+00,8.063622901783480401e-01
2.285999999999969834e+00,1.288556633769016635e+00,-2.543379146512181332e+00,7.968630221888044485e-01,-2.927026961236781633e-01,1.511751198898956927e+00,-5.214339798871894249e-01,8.857208457469084584e-01,-4.556597375022456431e-01,-8.059132441278069048e-02,-3.711907135368010952e-02,3.434324375037151711e+00,4.785312345642697807e+00,3.723822544097319387e-01,3.984496049986700594e+00,2.500383034005579930e+00,1.497990275804998994e+00,2.925129549551294783e+00,1.258784803421578502e+00,-2.443515254717283369e+00,8.055672799523554417e-01
2.287999999999969614e+00,1.287971228376769250e+00,-2.540355644114383526e+00,7.958201542290300745e-01,-2.955634092779261812e-01,1.533105217317979996e+00,-5.260192507563078435e-01,8.876697465044522950e-01,-4.524623891189507030e-01,-7.630934383630273710e-02,-3.869226817809425650e-02,3.679924238969313421e+00,4.744651725832023992e+00,3.635961477773138606e-01,3.963789924037986356e+00,2.423337164793772924e+00,1.515214737506585418e+00,2.982682878758100120e+00,1.258443755553260601e+00,-2.441033119420183084e+00,8.047721593192767031e-01
2.289999999999969393e+00,1.287380101558213363e+00,-2.537289433679747575e+00,7.947681157275174879e-01,-2.981960365279227032e-01,1.554310058591979571e+00,-5.304487224501861498e-01,8.896948064392014022e-01,-4.490318719417548121e-01,-7.207422705670396557e-02,-4.023475077310702253e-02,3.921158198516459858e+00,4.694363960140985448e+00,3.552935735654804139e-01,3.940588973895682745e+00,2.346826960154105635e+00,1.535262767699783648e+00,3.039443461533766211e+00,1.258095607204937849e+00,-2.438520142933555235e+00,8.039769440433266467e-01
2.291999999999969173e+00,1.286783709485157523e+00,-2.534180813562563639e+00,7.937072182826171440e-01,-3.006048626159197323e-01,1.575355861433962446e+00,-5.347154743382467323e-01,8.917914310288008739e-01,-4.453716095306838874e-01,-6.789463017783269050e-02,-4.174316902999853501e-02,4.157506063202847102e+00,4.634568235708012018e+00,3.475871982114823733e-01,3.914913298807581654e+00,2.271033516710649458e+00,1.558059216803530322e+00,3.095281968254543159e+00,1.257740405184962995e+00,-2.435976512490526602e+00,8.031816498925854475e-01
2.293999999999968953e+00,1.286182499759925602e+00,-2.531030101839695678e+00,7.926377873339406355e-01,-3.027946076365291006e-01,1.596232798601979974e+00,-5.388130435928039086e-01,8.939548573813820287e-01,-4.414855355119195468e-01,-6.377906393804180785e-02,-4.321418634168316952e-02,4.388459120496556842e+00,4.565405619808579729e+00,3.405876152970637172e-01,3.886787740435674987e+00,2.196137003518606967e+00,1.583521649478012661e+00,3.150072656636119905e+00,1.257378196401036874e+00,-2.433402416212345543e+00,8.023862926383733551e-01
2.295999999999968733e+00,1.285576910544652618e+00,-2.527837636242491914e+00,7.915601612467549897e-01,-3.047704177520089708e-01,1.616931101544474725e+00,-5.427354412317213495e-01,8.961801732371683649e-01,-4.373780881962370803e-01,-5.973587539099322469e-02,-4.464448738282825180e-02,4.613521233828600465e+00,4.487038657257367724e+00,3.344023729581928617e-01,3.856241963195581768e+00,2.122316095883805431e+00,1.611560703557052054e+00,3.203693524420208938e+00,1.257009027858872585e+00,-2.430798043108836737e+00,8.015908880541422477e-01
2.297999999999968512e+00,1.284967369709148599e+00,-2.524603774039403170e+00,7.904746903642915212e-01,-3.065378547686445909e-01,1.637441085827027631e+00,-5.464771665341724427e-01,8.984623363985519973e-01,-4.330542039557795930e-01,-5.577323021290826049e-02,-4.603078644884230769e-02,4.832209894963728658e+00,4.399650922002390274e+00,3.291350169098327672e-01,3.823310531856720207e+00,2.049747414054323258e+00,1.642080469075757332e+00,3.256026438016708990e+00,1.256632946660149130e+00,-2.428163583062030284e+00,8.007954519157598483e-01
2.299999999999968292e+00,1.284354293999611318e+00,-2.521328891867749000e+00,7.893817360312231912e-01,-3.081028845548061113e-01,1.657753177240813169e+00,-5.500332197516804023e-01,9.007961944772875373e-01,-4.285193093562945643e-01,-5.189909565395026125e-02,-4.736983633435146862e-02,5.044057230176657747e+00,4.303446525605711948e+00,3.248841574323920178e-01,3.788032985111677853e+00,1.978604969343982223e+00,1.674978884590207162e+00,3.306957238293387391e+00,1.256249999999640821e+00,-2.425499226815702514e+00,7.999999999999749534e-01
2.301999999999968072e+00,1.283738088230501617e+00,-2.518013385513267366e+00,7.882816695917198579e-01,-3.094718642887968607e-01,1.677857938481293942e+00,-5.533991130429342098e-01,9.031765048469625468e-01,-4.237793120448805628e-01,-4.812122414672300591e-02,-4.865843772474877371e-02,5.248610960104791445e+00,4.198649585286569064e+00,3.217425684414693676e-01,3.750453903766771013e+00,1.909059620048821460e+00,1.710148148235593135e+00,3.356375825073740327e+00,1.255860235164876215e+00,-2.422805165967645280e+00,7.992045480840479499e-01
2.303999999999967851e+00,1.283119144501924103e+00,-2.514657669636304771e+00,7.871748713656340213e-01,-3.106515285328874665e-01,1.697746096274596717e+00,-5.565708795683657062e-01,9.055979546893605514e-01,-4.188405903962771903e-01,-4.444713758055602454e-02,-4.989344906738746310e-02,5.445435313539082500e+00,4.085503654156005915e+00,3.197963264556560881e-01,3.710622972159176136e+00,1.841278539416007831e+00,1.747475140850327957e+00,3.404176222061129575e+00,1.255463699533381217e+00,-2.420081592958297279e+00,7.984091119456655505e-01
2.305999999999967631e+00,1.282497841444858233e+00,-2.511262177443755572e+00,7.860617296064973392e-01,-3.116489741388670520e-01,1.717408568818928449e+00,-5.595450806890130968e-01,9.080551810246547673e-01,-4.137099819237420317e-01,-4.088411224637172187e-02,-5.107179688208055707e-02,5.634111895752077714e+00,3.964271116194939548e+00,3.191239969115911568e-01,3.668595031342511525e+00,1.775424697739175661e+00,1.786841858568882335e+00,3.450256624039199860e+00,1.255060440570689551e+00,-2.417328701058011120e+00,7.976137073615694462e-01
2.307999999999967411e+00,1.281874543496580587e+00,-2.507827360306117637e+00,7.849426394451193278e-01,-3.124716439999171147e-01,1.736836493399912307e+00,-5.623188112233751257e-01,9.105427906175753705e-01,-4.083947704636380904e-01,-3.743916445353064754e-02,-5.219048646383951662e-02,5.814240512244198911e+00,3.835232548417250698e+00,3.197958748477613966e-01,3.624430122583446767e+00,1.711656360508219787e+00,1.828125852403678753e+00,3.494519428429852859e+00,1.254650505829006946e+00,-2.414546684356139394e+00,7.968183501072436670e-01
2.309999999999967191e+00,1.281249600208580697e+00,-2.504353687319317956e+00,7.838180018226725831e-01,-3.131273096734233929e-01,1.756021254031241874e+00,-5.648897027263122261e-01,9.130553796546984069e-01,-4.029026721459819660e-01,-3.411903681716461217e-02,-5.324661292430724752e-02,5.985439949025763262e+00,3.698686052533395774e+00,3.218732864908844249e-01,3.578193519686864832e+00,1.650126604396448649e+00,1.871200672292183675e+00,3.536871253307820595e+00,1.254233942945051083e+00,-2.411735737752053410e+00,7.960230559565877329e-01
2.311999999999966970e+00,1.280623345589233741e+00,-2.500841644811255371e+00,7.826882224172199143e-01,-3.136240529093689000e-01,1.774954508966342326e+00,-5.672559247649715530e-01,9.155875530917867433e-01,-3.972418201663941995e-01,-3.093018521215116015e-02,-5.423737251219854644e-02,6.147348710718196330e+00,3.554946558277614521e+00,3.254079577483934282e-01,3.529955748666628867e+00,1.590982852675277170e+00,1.915936313289394510e+00,3.577222944112976588e+00,1.253810799637578910e+00,-2.408896056945138753e+00,7.952278406806945199e-01
2.313999999999966750e+00,1.279996097483415030e+00,-2.497291735793322864e+00,7.815537105676899632e-01,-3.139702461290119206e-01,1.793628217922701662e+00,-5.694161841782173772e-01,9.181339435745915489e-01,-3.914207483781496077e-01,-2.787876638807108842e-02,-5.516007414731680103e-02,6.299625717862327612e+00,3.404345100392804913e+00,3.304414550355105895e-01,3.479792593301529013e+00,1.534366431495542527e+00,1.962199661705318787e+00,3.615489571377292322e+00,1.253381123707272948e+00,-2.406027838424108722e+00,7.944327200475589379e-01
2.315999999999966530e+00,1.279368156991157024e+00,-2.493704479357477410e+00,7.804148781993335282e-01,-3.141745319084657817e-01,1.812034668857890329e+00,-5.713697223183669127e-01,9.206892298416484710e-01,-3.854483737263661447e-01,-2.497062623822716640e-02,-5.601215109744023257e-02,6.441950964877265484e+00,3.247228071093479329e+00,3.370047032452639368e-01,3.427785085148314259e+00,1.480412148345630285e+00,2.009854938980686789e+00,3.651590421742517023e+00,1.252944963032620151e+00,-2.403131279448814439e+00,7.936377098215379178e-01
2.317999999999966310e+00,1.278739807927339989e+00,-2.490080410019761548e+00,7.792721387546968081e-01,-3.142458015314177899e-01,1.830166504135463112e+00,-5.731163102867011805e-01,9.232481545232951170e-01,-3.793339775497744926e-01,-2.221128871507637575e-02,-5.679117272263586869e-02,6.574026140100818871e+00,3.083956449649367215e+00,3.451175850281230084e-01,3.374019476635428560e+00,1.429247893847612527e+00,2.058764141303440987e+00,3.685448984503805647e+00,1.252502365569684528e+00,-2.400206578056270246e+00,7.928428257626114473e-01
2.319999999999966089e+00,1.278111316324277213e+00,-2.486420077011490815e+00,7.781259061341233574e-01,-3.141931726843822381e-01,1.848016745920295412e+00,-5.746562421867466020e-01,9.258055412573324983e-01,-3.730871857790038493e-01,-1.960594538421678301e-02,-5.749485620741788539e-02,6.695575209252984550e+00,2.914905010530177698e+00,3.547886248776450091e-01,3.318587195886967933e+00,1.380994267829722899e+00,2.108787473252418998e+00,3.716992936102316847e+00,1.252053379349236550e+00,-2.397253933026092909e+00,7.920480836256151846e-01
2.321999999999965869e+00,1.277482929978908555e+00,-2.482724043519650259e+00,7.769765936497499137e-01,-3.140259663764066178e-01,1.865578820644953062e+00,-5.759903264329707673e-01,9.283563110483589176e-01,-3.667179480639072842e-01,-1.715944560936732977e-02,-5.812107819766556410e-02,6.806344963569455508e+00,2.740461511398637917e+00,3.660147608185093104e-01,3.261584782080977352e+00,1.335764230682401799e+00,2.159783773466436685e+00,3.746154124483227488e+00,1.251598052475729972e+00,-2.394273543896417777e+00,7.912534991600415069e-01
2.323999999999965649e+00,1.276854878046155717e+00,-2.478992885878360308e+00,7.758246129968839888e-01,-3.137536831729255682e-01,1.882846582393763235e+00,-5.771198751648954905e-01,9.308954978047728757e-01,-3.602365158660963407e-01,-1.487628736151408275e-02,-5.866788625642899158e-02,6.906105533635417792e+00,2.561025862035439360e+00,3.787812057969991986e-01,3.203113800127128208e+00,1.293662780623834774e+00,2.211610931081657405e+00,3.772868555670277235e+00,1.251136433124147018e+00,-2.391265610929792729e+00,7.904590881087321108e-01
2.325999999999965429e+00,1.276227370679809958e+00,-2.475227192713572943e+00,7.746703732465541892e-01,-3.133859788403243751e-01,1.899814335056771109e+00,-5.780466918299501655e-01,9.334182629946583543e-01,-3.536534195566190530e-01,-1.276060864656924920e-02,-5.913351005068014088e-02,6.994650869750278055e+00,2.377009275139632560e+00,3.930614001508382915e-01,3.143280733652488834e+00,1.254786657634110680e+00,2.264126291286894244e+00,3.797076384303347929e+00,1.250668569539657327e+00,-2.388230335115451908e+00,7.896648662078780134e-01
2.327999999999965208e+00,1.275600598722129275e+00,-2.471427564043459313e+00,7.735142798628943384e-01,-3.129326395036386987e-01,1.916476853113521228e+00,-5.787730570107124661e-01,9.359199093691877858e-01,-3.469794445625375978e-01,-1.081617954741222708e-02,-5.951637217978240219e-02,7.071799189377095729e+00,2.188833399792612600e+00,4.088170558163820578e-01,3.082196855344097486e+00,1.219224074578688866e+00,2.317187048803809546e+00,3.818721910018966881e+00,1.250194510034349449e+00,-2.385167918152035327e+00,7.888708491861669003e-01
2.329999999999964988e+00,1.274974733443122066e+00,-2.467594610337232375e+00,7.723567337488729256e-01,-3.124035564245739582e-01,1.932829400915498486e+00,-5.793017125843024084e-01,9.383958937097190978e-01,-3.402256066100688980e-01,-9.046394878023207228e-03,-5.981509855595969899e-02,7.137393391933271936e+00,1.996929438251457745e+00,4.259982922110682746e-01,3.019978073850664302e+00,1.187054476012813220e+00,2.370650628130523963e+00,3.837753581240650025e+00,1.249714302986150827e+00,-2.382078562446679371e+00,7.880770527641862699e-01
2.331999999999964768e+00,1.274349926330272886e+00,-2.463728951535401279e+00,7.711981303237043228e-01,-3.118087005105952270e-01,1.948867750346527261e+00,-5.796358443128921678e-01,9.408418385623472657e-01,-3.334031261159198234e-01,-7.454267449507386706e-03,-6.002852824737150983e-02,7.191301440839149350e+00,1.801737246625948696e+00,4.445438630170849836e-01,2.956744756559233522e+00,1.158348325030736259e+00,2.424375049662303550e+00,3.854124007853077849e+00,1.249227996837321442e+00,-2.378962471094098419e+00,7.872834926535992039e-01
2.333999999999964547e+00,1.273726308929251649e+00,-2.459831216034708223e+00,7.700388586350785936e-01,-3.111580966681724014e-01,1.964588196751712035e+00,-5.797790629750748659e-01,9.432535429312453035e-01,-3.265234017824861779e-01,-6.042421950086781027e-03,-6.015572269554753798e-02,7.233416712409019844e+00,1.603704419921174518e+00,4.643814723776027997e-01,2.892621527766972900e+00,1.133166918532940048e+00,2.478219280725141971e+00,3.867789983897965911e+00,1.248735640090758992e+00,-2.375819847863397172e+00,7.864901845568317285e-01
2.335999999999964327e+00,1.273103992735915346e+00,-2.455902039641205015e+00,7.688793005091284494e-01,-3.104617981143266148e-01,1.979987573037983895e+00,-5.797353841574955924e-01,9.456269919096268461e-01,-3.195979834566437527e-01,-4.813089443532945176e-03,-6.019597422092265449e-02,7.263658310802774132e+00,1.403285361879406778e+00,4.854281783333676548e-01,2.827737041899364812e+00,1.111562231175865278e+00,2.532043570895146534e+00,3.878712521186730378e+00,1.248237281310652591e+00,-2.372650897199889641e+00,7.856971441665043798e-01
2.337999999999964107e+00,1.272483069139686673e+00,-2.451942064495129081e+00,7.677198297408134309e-01,-3.097298607603873877e-01,1.995063261862774162e+00,-5.795092068345674141e-01,9.479583652345283662e-01,-3.126385443159464539e-01,-3.768102492955404531e-03,-6.014881373301739914e-02,7.281971347892502777e+00,1.200940340019392316e+00,5.075908806409760166e-01,2.762223731594982468e+00,1.093576788182217596e+00,2.585709771055208606e+00,3.886856894666505635e+00,1.247732969117707924e+00,-2.369455824204749206e+00,7.849043871640679626e-01
2.339999999999963887e+00,1.271863609418165897e+00,-2.447951937971403424e+00,7.665608113271442647e-01,-3.089723177803712084e-01,2.009813205841211925e+00,-5.791052908716244341e-01,9.502440447587940930e-01,-3.056568524501332429e-01,-2.908890919301883662e-03,-6.001401756543166960e-02,7.288327186541375902e+00,9.971345262899646844e-01,5.307668894684609562e-01,2.696217530689907882e+00,1.079243567209535293e+00,2.639081635787953850e+00,3.892192699846428461e+00,1.247222752189573569e+00,-2.366234834624094674e+00,7.841119292201943480e-01
2.341999999999963666e+00,1.271245664782605145e+00,-2.443932311559720905e+00,7.654026007454010072e-01,-3.081991544736459865e-01,2.024235915716665168e+00,-5.785287335930475727e-01,9.524806208406058072e-01,-2.986647419099014433e-01,-2.236478206271478274e-03,-5.979161336022945777e-02,7.282723645456123940e+00,7.923370237877929156e-01,5.548445708224299944e-01,2.629857572317014558e+00,1.068585929381634880e+00,2.692025108751752605e+00,3.894693922500245264e+00,1.246706679258624106e+00,-2.362988134842396448e+00,7.833197859934406537e-01
2.343999999999963446e+00,1.270629266473657815e+00,-2.439883839728287374e+00,7.642455432782149227e-01,-3.074202835276101942e-01,2.038330476454232709e+00,-5.777849455616301810e-01,9.546648976575945467e-01,-2.916740832988899412e-01,-1.751478565548860019e-03,-5.948188493147452127e-02,7.265185163449393357e+00,5.870198800588850574e-01,5.797040639624277958e-01,2.563285862537004967e+00,1.061617579553945090e+00,2.744408590925143443e+00,3.894339020508081894e+00,1.246184799108748464e+00,-2.359715931868834105e+00,7.825279731301781894e-01
2.345999999999963226e+00,1.270014425906602629e+00,-2.435807178775379001e+00,7.630899733870916135e-01,-3.066455207810650507e-01,2.052096551231638255e+00,-5.768796257188070209e-01,9.567938974589792478e-01,-2.846967539887148568e-01,-1.454094678263883819e-03,-5.908537604358678197e-02,7.235762920656457098e+00,3.816570875973683830e-01,6.052180654829367734e-01,2.496646930110962170e+00,1.058342555813970964e+00,2.796103191680183286e+00,3.891111017476486023e+00,1.245657160574724642e+00,-2.356418433327860384e+00,7.817365062632566364e-01
2.347999999999963006e+00,1.269401134865040470e+00,-2.431702985672915762e+00,7.619362141356540441e-01,-3.058845615828834630e-01,2.065534383316777856e+00,-5.758187360372186703e-01,9.588648637752436032e-01,-2.777446080406578699e-01,-1.344116130318248831e-03,-5.860289304678828470e-02,7.194534913996317727e+00,1.767235722806716480e-01,6.312526742058721663e-01,2.430087453248572338e+00,1.058755248188368192e+00,2.846982962776071879e+00,3.884997607473258618e+00,1.245123812539405961e+00,-2.353095847445104027e+00,7.809454010122243162e-01
2.349999999999962785e+00,1.268789365741874731e+00,-2.427571916906282379e+00,7.607845766635795703e-01,-3.051469578336045707e-01,2.078644795835489223e+00,-5.746084758377737467e-01,9.608752636106012712e-01,-2.708294459211951777e-01,-1.420918560644235645e-03,-5.803550631914879826e-02,7.141605983972795002e+00,-2.730582935819819701e-02,6.576682905246952204e-01,2.363755864408755514e+00,1.062840446505475711e+00,2.896925115347445789e+00,3.875991269841654763e+00,1.244584803932527350e+00,-2.349748383041912803e+00,7.801546729818218395e-01
2.351999999999962565e+00,1.268179071826207593e+00,-2.423414627314611547e+00,7.596353597119039902e-01,-3.044420957897902014e-01,2.091429189447503223e+00,-5.732552559218377919e-01,9.628227886488671672e-01,-2.639629841019014433e-01,-1.683463542517797673e-03,-5.738455047257338959e-02,7.077107789730536780e+00,-2.299574029637114769e-01,6.843205633828453038e-01,2.297801934353899345e+00,1.070573417190976873e+00,2.945810220347714559e+00,3.864089393081996615e+00,1.244040183728971627e+00,-2.346376249517163615e+00,7.793643377621810586e-01
2.353999999999962345e+00,1.267570187634627921e+00,-2.419231768935716342e+00,7.584888492000603222e-01,-3.037791747025643252e-01,2.103889537961723732e+00,-5.717656726670913292e-01,9.647053555083301424e-01,-2.571568246373617805e-01,-2.130299218726661344e-03,-5.665162328842854311e-02,7.001198729205142968e+00,-4.307595980232979960e-01,7.110613776539798092e-01,2.232376336995006927e+00,1.081920008859667215e+00,2.993522392638474194e+00,3.849294406170799210e+00,1.243490000945586260e+00,-2.342979656844079273e+00,7.785744109277450420e-01
2.355999999999962125e+00,1.266962629285222741e+00,-2.415023989859792941e+00,7.573453178547261411e-01,-3.031671863528049848e-01,2.116028381934968561e+00,-5.701464822313064840e-01,9.665211050858331099e-01,-2.504224248174804490e-01,-2.759561711631297078e-03,-5.583858335732737321e-02,6.914063801147118049e+00,-6.292440768917979543e-01,7.377398743286781579e-01,2.167630196656234354e+00,1.096836786353450499e+00,3.039949459336201532e+00,3.831613915762177580e+00,1.242934304640870735e+00,-2.339558815553402837e+00,7.777849080365006884e-01
2.357999999999961904e+00,1.266356294912517111e+00,-2.410791933095922879e+00,7.562050248902635330e-01,-3.026148955361576132e-01,2.127848820310181743e+00,-5.684045750029874666e-01,9.682684010344476677e-01,-2.437710669929715190e-01,-3.568977328958172855e-03,-5.494754640680345192e-02,6.815914405832694811e+00,-8.249467694713359389e-01,7.642034955957031084e-01,2.103714619670198793e+00,1.115271192876818196e+00,3.084983112903511682e+00,3.811060847363953563e+00,1.242373143911907007e+00,-2.336113936723393181e+00,7.769958446301492572e-01
2.359999999999961684e+00,1.265751065121444752e+00,-2.406536235455302375e+00,7.550682157402575090e-01,-3.021308215415384191e-01,2.139354500160996597e+00,-5.665469504313286331e-01,9.699458274229333377e-01,-2.372138286747869640e-01,-4.555865585505404665e-03,-5.398088031013450333e-02,6.706988081369940957e+00,-1.017408931601368360e+00,7.902990466512135326e-01,2.040780212390774562e+00,1.137161739775112590e+00,3.128519049575723354e+00,3.787653588342084543e+00,1.241806567892909996e+00,-2.332645231970275290e+00,7.762072362323158004e-01
2.361999999999961464e+00,1.265146803478361726e+00,-2.402257526454980585e+00,7.539351218393948173e-01,-3.017232206572305064e-01,2.150549604619625743e+00,-5.645806923597782578e-01,9.715521856285330715e-01,-2.307615530097253398e-01,-5.717143059811806600e-03,-5.294119877934443802e-02,6.587548172657029077e+00,-1.206178204983072266e+00,8.158737658698462791e-01,1.978976587863541248e+00,1.162438223358905232e+00,3.170457093900687084e+00,3.761416130618304265e+00,1.241234625753806498e+00,-2.329152913440964312e+00,7.754190983489470668e-01
2.363999999999961243e+00,1.264543357037047233e+00,-2.397956427245741207e+00,7.528059604546752936e-01,-3.014000697292308351e-01,2.161438839073699825e+00,-5.625129449787593661e-01,9.730864905176189739e-01,-2.244248197354426211e-01,-7.049328103260925522e-03,-5.183135375533457628e-02,6.457883430290195292e+00,-1.390809676214230128e+00,8.407763948347871663e-01,1.918451863623147124e+00,1.191021968126708241e+00,3.210701310045357637e+00,3.732378210602777635e+00,1.240657366697094588e+00,-2.325637193790328183e+00,7.746314464671746336e-01
2.365999999999961023e+00,1.263940556897588774e+00,-2.393633549567593999e+00,7.516809345647177398e-01,-3.011690507873016065e-01,2.172027415725362065e+00,-5.603508895030915316e-01,9.745479659712276144e-01,-2.182139167184839745e-01,-8.548546417058705896e-03,-5.065442651808971242e-02,6.318307537009093977e+00,-1.570866932277162453e+00,8.648582396560819952e-01,1.859352153201506708e+00,1.222826095582799866e+00,3.249160100708104792e+00,3.700575443888056704e+00,1.240074839956863073e+00,-2.322098286184825611e+00,7.738442960548317373e-01
2.367999999999960803e+00,1.263338218796014267e+00,-2.389289494736143382e+00,7.505602327857116007e-01,-3.010375367453722029e-01,2.182321036612386411e+00,-5.581017216687664817e-01,9.759360398146218474e-01,-2.121388121787461667e-01,-1.021053751006461077e-02,-4.941371754987837484e-02,6.169158559622563764e+00,-1.745923109601211554e+00,8.879742150042041482e-01,1.801821054068388106e+00,1.257755817717200575e+00,3.285746294511989518e+00,3.666049452185977664e+00,1.239487094797484090e+00,-2.318536404282610874e+00,7.730576625600553697e-01
2.369999999999960583e+00,1.262736143722523519e+00,-2.384924852662918759e+00,7.494440293423740851e-01,-3.010125781746555984e-01,2.192325875196215801e+00,-5.557726301324255047e-01,9.772503382116697335e-01,-2.062091277029295122e-01,-1.203066204760284974e-02,-4.811273519423228673e-02,6.010798324791196023e+00,-1.915561933606528378e+00,9.099838623527295445e-01,1.745999134894477889e+00,1.295708754117719019e+00,3.320377222665520378e+00,3.628847979862686479e+00,1.238894180509591436e+00,-2.314951762220346154e+00,7.722715614100641446e-01
2.371999999999960362e+00,1.262134118566174301e+00,-2.380540200912526494e+00,7.483324840821092838e-01,-3.011008911401990007e-01,2.202048556625834763e+00,-5.533707758448537239e-01,9.784906795860575102e-01,-2.004341121480007759e-01,-1.400391009816095295e-02,-4.675518316316067818e-02,5.843611717514681558e+00,-2.079378745443586141e+00,9.307523340713389493e-01,1.692023425078864385e+00,1.336575271529404363e+00,3.352974785837616878e+00,3.589024997440322551e+00,1.238296146410705845e+00,-2.311344574608426683e+00,7.714860080112719842e-01
2.373999999999960142e+00,1.261531916783893870e+00,-2.376136103799274757e+00,7.472257425304196232e-01,-3.013088460846904959e-01,2.211496136789217637e+00,-5.509032724574146611e-01,9.796570681320982965e-01,-1.948226165334503712e-01,-1.612491028133824014e-02,-4.534494695443011536e-02,5.668005901700595039e+00,-2.236981512482413947e+00,9.501513352224183473e-01,1.640026909562788848e+00,1.380238844511989083e+00,3.383465512145031884e+00,3.546640789544363681e+00,1.237693041841511743e+00,-2.307715056519612062e+00,7.707010177479736157e-01
2.375999999999959922e+00,1.260929299091724465e+00,-2.371713111525696416e+00,7.461239359855047493e-01,-3.016424577372769367e-01,2.220676080265766572e+00,-5.483771678077705714e-01,9.807496869782192928e-01,-1.893830700181820259e-01,-1.838793981659423565e-02,-4.388607924974050056e-02,5.484409462762793730e+00,-2.387991818964934065e+00,9.680600152085356846e-01,1.590138032014862812e+00,1.426576435742549664e+00,3.411780607175232127e+00,3.501762024759037306e+00,1.237084916164123527e+00,-2.304063423473678540e+00,7.699166059825151009e-01
2.377999999999959702e+00,1.260326014176250009e+00,-2.367271759365165096e+00,7.450271816498892363e-01,-3.021073760199813329e-01,2.229596237293656635e+00,-5.457994265188472749e-01,9.817688910660316015e-01,-1.841234570541984694e-01,-2.078693546830722577e-02,-4.238278437315533970e-02,5.293271472807894007e+00,-2.532045833121514988e+00,9.843658017878655908e-01,1.542480209489699661e+00,1.475458894371642238e+00,3.437855996922776214e+00,3.454461804901041155e+00,1.236471818762398200e+00,-2.300389891432871536e+00,7.691327880540006490e-01
2.379999999999959481e+00,1.259721799424210031e+00,-2.362812566890577948e+00,7.439355827968515689e-01,-3.027088779200945989e-01,2.238264819865716238e+00,-5.431769137322065566e-01,9.827151998072661820e-01,-1.790512958048578740e-01,-2.331550537843771198e-02,-4.083940189711669777e-02,5.095060479591204228e+00,-2.668795246998740822e+00,9.989651704087593176e-01,1.497171361616958851e+00,1.526751370637642324e+00,3.461632364603923762e+00,3.404819691604339393e+00,1.235853799035796285e+00,-2.296694676780077771e+00,7.683495792780083988e-01
2.381999999999959261e+00,1.259116381668369922e+00,-2.358336037250846395e+00,7.428492289693872097e-01,-3.034518602936731591e-01,2.246690377065907906e+00,-5.405163799853686113e-01,9.835892895797312407e-01,-1.741736179103894611e-01,-2.596694177377994323e-02,-3.926038949071208178e-02,4.890263421090796037e+00,-2.797908185186249952e+00,1.011764342339205758e+00,1.454323457433084554e+00,1.580313744963137035e+00,3.483055182105086800e+00,3.352921707827715814e+00,1.235230906402252415e+00,-2.292977996319280010e+00,7.675669949460433017e-01
2.383999999999959041e+00,1.258509477947782562e+00,-2.353842656496714536e+00,7.417681962094164749e-01,-3.043408335630343187e-01,2.254881769756477805e+00,-5.378244472304241075e-01,9.843919861218707323e-01,-1.694969496775789175e-01,-2.873423453039144690e-02,-3.765030511147577502e-02,4.679384468180764145e+00,-2.919070078666728296e+00,1.022679905640428100e+00,1.414042082746789442e+00,1.636001069430081944e+00,3.502074737052318643e+00,3.298860312656068494e+00,1.234603190292292041e+00,-2.289240067253274447e+00,7.667850503242297222e-01
2.385999999999958820e+00,1.257900796280656541e+00,-2.349332892957201491e+00,7.406925473149555961e-01,-3.053799162698612180e-01,2.262848144722722665e+00,-5.351075959807075622e-01,9.851242568834153168e-01,-1.650272947641335808e-01,-3.161008557342890463e-02,-3.601378864783710138e-02,4.462943798562175601e+00,-3.031984500030810104e+00,1.031639353693674543e+00,1.376426031019716056e+00,1.693664019662520115e+00,3.518646156144261017e+00,3.242734347404112150e+00,1.233970700150111455e+00,-2.285481107192765649e+00,7.660037606541356681e-01
2.387999999999958600e+00,1.257290036448116766e+00,-2.344807196667756166e+00,7.396223321229942194e-01,-3.065728304452272623e-01,2.270598908378980152e+00,-5.323721535613805678e-01,9.857872033870753725e-01,-1.607701184212189660e-01,-3.458692408628589315e-02,-3.435554312429776186e-02,4.241476305706355809e+00,-3.136373956426473431e+00,1.038581536690984741e+00,1.341566920344285929e+00,1.753149354756139200e+00,3.532729425741900631e+00,3.184648951935719285e+00,1.233333485429456644e+00,-2.281701334115439295e+00,7.652231411506127401e-01
2.389999999999958380e+00,1.256676890787226331e+00,-2.340265998850998397e+00,7.385575878158714414e-01,-3.079228977583983173e-01,2.278143700135075722e+00,-5.296242834311082337e-01,9.863820536532035277e-01,-1.567303333501394169e-01,-3.765692249874633829e-02,-3.268031558547841026e-02,4.015530247230171490e+00,-3.231980636695291675e+00,1.043457022278247548e+00,1.309548839317581592e+00,1.814300383203273137e+00,3.544289410082142489e+00,3.124715449572240455e+00,1.232691595592969591e+00,-2.277900966383697323e+00,7.644432070022508796e-01
2.391999999999958160e+00,1.256061044991709563e+00,-2.335709711450728143e+00,7.374983392490092049e-01,-3.094330364077154671e-01,2.285492365518273949e+00,-5.268699755326923251e-01,9.869101547358724025e-01,-1.529122872210887940e-01,-4.081201321980247598e-02,-3.099287777826272711e-02,3.785665837637761211e+00,-3.318567109366784784e+00,1.046228362346152574e+00,1.280448023969113613e+00,1.876957432276480819e+00,3.553295868118410361e+00,3.063051200153189768e+00,1.232045080110568236e+00,-2.274080222711461374e+00,7.636639733700993915e-01
2.393999999999957939e+00,1.255442178918894092e+00,-2.331138726719691689e+00,7.364445992979438138e-01,-3.111057587189856033e-01,2.292654929140729880e+00,-5.241150376238357111e-01,9.873729654149040469e-01,-1.493197518935166501e-01,-4.404390607697968724e-02,-2.929800675335097679e-02,3.552453790947789791e+00,-3.395916968352783005e+00,1.046870263826171321e+00,1.254332568128310843e+00,1.940958318688588147e+00,3.559723469206830249e+00,2.999779420305486166e+00,1.231393988455410593e+00,-2.270239322169175011e+00,7.628854553876953659e-01
2.395999999999957719e+00,1.254819967401456182e+00,-2.326553416861410373e+00,7.353963692226961335e-01,-3.129431694196472269e-01,2.299641567597638048e+00,-5.213650875323920797e-01,9.877720490840486978e-01,-1.459559143689002636e-01,-4.734410642041922412e-02,-2.760046550857886069e-02,3.316473819151147140e+00,-3.463835423455457807e+00,1.045369662238076813e+00,1.231262168976749116e+00,2.006138818036212079e+00,3.563551808429212819e+00,2.935028970895918299e+00,1.230738370105401103e+00,-2.266378484160270546e+00,7.621076681597562796e-01
2.397999999999957499e+00,1.254194081062616872e+00,-2.321954133726215286e+00,7.343536390476314013e-01,-3.149469645603087953e-01,2.306462582376054282e+00,-5.186255462757619616e-01,9.881090668707985802e-01,-1.428233694977846246e-01,-5.070393384669343029e-02,-2.590498379634029874e-02,3.078313092898004921e+00,-3.522149833062344637e+00,1.041725697645173643e+00,1.211287909611424185e+00,2.072333130763098552e+00,3.564765421695511805e+00,2.868934111557503108e+00,1.230078274538159988e+00,-2.262497928422078530e+00,7.613306267622652612e-01
2.399999999999957279e+00,1.253564187133496155e+00,-2.317341208561463084e+00,7.333163879550799180e-01,-3.171184310590533517e-01,2.313128372849358794e+00,-5.159016319799950567e-01,9.883857710182685219e-01,-1.399241144538500292e-01,-5.411454149435558636e-02,-2.421623921636993984e-02,2.838564671124458982e+00,-3.570710176716790585e+00,1.035949593603230801e+00,1.194452079882498463e+00,2.139374342281870067e+00,3.563353801137310040e+00,2.801634222733514701e+00,1.229413751231392737e+00,-2.258597875006046252e+00,7.605543462413626443e-01
2.401999999999957058e+00,1.252929950271377990e+00,-2.312714951815764586e+00,7.322845846911198997e-01,-3.194584468479745309e-01,2.319649409427257059e+00,-5.131983545316688433e-01,9.886039985541948960e-01,-1.372595449786588595e-01,-5.756693586060376150e-02,-2.253883871298700478e-02,2.597825906618510761e+00,-3.609389465578603851e+00,1.028064440613091879e+00,1.180788036673261709e+00,2.207094875034067982e+00,3.559311410879639759e+00,2.733273495894031235e+00,1.228744849658740534e+00,-2.254678544267733287e+00,7.597788416129480638e-01
2.403999999999956838e+00,1.252291033377681995e+00,-2.308075652996909977e+00,7.312581879820565511e-01,-3.219674816056660727e-01,2.326036206926366035e+00,-5.105205108942055814e-01,9.887656652665216539e-01,-1.348304533916749870e-01,-6.105199708617554261e-02,-2.087730059269943608e-02,2.356696834701570875e+00,-3.638084089136338850e+00,1.018104886511423279e+00,1.170320104349563683e+00,2.275326930345281884e+00,3.552637703393397128e+00,2.664000592885026109e+00,1.228071619290888705e+00,-2.250740156862377717e+00,7.590041278621972864e-01
2.405999999999956618e+00,1.251647098414470749e+00,-2.303423580583057184e+00,7.302371469602680909e-01,-3.246455980636809291e-01,2.332299298221733430e+00,-5.078726810201512620e-01,9.888727599992122030e-01,-1.326370283512595116e-01,-6.456049965369271837e-02,-1.923603717383282757e-02,2.115778552321267547e+00,-3.656714096895588462e+00,1.006116737131707461e+00,1.163063515884159793e+00,2.343902918052570339e+00,3.543337136376987662e+00,2.593968275697246195e+00,1.227394109590195015e+00,-2.246782933723068254e+00,7.582302199424253430e-01
2.407999999999956398e+00,1.250997807218343416e+00,-2.298758981986613659e+00,7.292214015982277919e-01,-3.274924538791982864e-01,2.338449208235243493e+00,-5.052592242918966248e-01,9.889273392760202785e-01,-1.306788563437124295e-01,-6.808313344315496118e-02,-1.761933817462798049e-02,1.875671594867568626e+00,-3.665223414137398716e+00,9.921564714412610675e-01,1.159024394760490351e+00,2.412655872028442339e+00,3.531419190141833475e+00,2.523333008198780369e+00,1.226712370011115993e+00,-2.242807096056196769e+00,7.574571327753636396e-01
2.409999999999956177e+00,1.250342822310585023e+00,-2.294082083570143205e+00,7.282108831496439949e-01,-3.305073040701345111e-01,2.344496428312686120e+00,-5.026842764255458063e-01,9.889315222539533101e-01,-1.289549248691543581e-01,-7.161052508712899278e-02,-1.603135494008654793e-02,1.636974317976203297e+00,-3.663579991207462694e+00,9.762906761909226905e-01,1.158199777504487216e+00,2.481419849925322829e+00,3.516898385258115489e+00,2.452254531579923125e+00,1.226026449999638501e+00,-2.238812865335546576e+00,7.566848812499378241e-01
2.411999999999955957e+00,1.249681807702444747e+00,-2.289393090713518042e+00,7.272055145967929457e-01,-3.336890040126490042e-01,2.350451391037473137e+00,-5.001517467756210200e-01,9.888874860022028868e-01,-1.274636272852032182e-01,-7.513325956738448053e-02,-1.447608560079916007e-02,1.400281291445266696e+00,-3.651775886175807617e+00,9.585954058905935549e-01,1.160577676344449305e+00,2.550030315589919105e+00,3.499794300182404339e+00,2.380895415639428414e+00,1.225336398986657471e+00,-2.234800463278645566e+00,7.559134802215714544e-01
2.413999999999955737e+00,1.249014429694419448e+00,-2.284692187931443019e+00,7.262052111032416546e-01,-3.370360130042637792e-01,2.356324445525449285e+00,-4.976653159824404038e-01,9.887974610964375133e-01,-1.262027692620857899e-01,-7.864190199428883199e-02,-1.295736124913577161e-02,1.166181712172083662e+00,-3.629827281056793531e+00,9.391554746486980854e-01,1.166137181168231507e+00,2.618324502900361672e+00,3.480131588506855334e+00,2.309420588055969059e+00,1.224642266390789658e+00,-2.230770111847675707e+00,7.551429445123565287e-01
2.415999999999955516e+00,1.248340357668410894e+00,-2.279979539040392300e+00,7.252098804712767688e-01,-3.405463983985796972e-01,2.362125833242021855e+00,-4.952284339089387810e-01,9.886637275126501923e-01,-1.251695767961124028e-01,-8.212701951015040358e-02,-1.147883320958817920e-02,9.352578427444544484e-01,-3.597774432129347666e+00,9.180636870601707189e-01,1.174848599715401232e+00,2.686141759945644303e+00,3.457939995260387533e+00,2.237996844094964910e+00,1.223944101613627211e+00,-2.226722033226735675e+00,7.543732889092842342e-01
2.417999999999955296e+00,1.247659264871613827e+00,-2.275255287373908253e+00,7.242194236034589228e-01,-3.442178403197438397e-01,2.367865664379914747e+00,-4.928443178193713803e-01,9.884886107993097193e-01,-1.243607057223830997e-01,-8.557920325788577476e-02,-1.004396147082320390e-02,7.080834819802437341e-01,-3.555681555214041278e+00,8.954200159027921879e-01,1.186673634663095944e+00,2.753323872793374427e+00,3.433254371618734702e+00,2.166792339228578612e+00,1.223241954040306112e+00,-2.222656449826388325e+00,7.536045281648418026e-01
2.419999999999955076e+00,1.246970829190974239e+00,-2.270519556045148324e+00,7.232337349678201743e-01,-3.480476369664272651e-01,2.373553894833307698e+00,-4.905159507581587919e-01,9.882744785014394573e-01,-1.237722526622366676e-01,-8.898909035683685853e-02,-8.656004337223136696e-03,4.852224732684634612e-01,-3.503636647099971579e+00,8.713307348877640246e-01,1.201565595817391641e+00,2.819715368113208331e+00,3.406114687535505503e+00,2.095976067625327843e+00,1.222535873033850251e+00,-2.218573584252737874e+00,7.528366769955061599e-01
2.421999999999954856e+00,1.246274733917041466e+00,-2.265772448255481741e+00,7.222527030663038472e-01,-3.520327105158144732e-01,2.379200303801548788e+00,-4.882460800945070956e-01,9.880237368055460045e-01,-1.233997673363925324e-01,-9.234738582829467302e-02,-7.318009347462520013e-03,2.672272561697831006e-01,-3.441751244536491949e+00,8.459075151153003791e-01,1.219469645762175203e+00,2.885163794645788204e+00,3.376566041147613717e+00,2.025717328804801376e+00,1.221825907938724143e+00,-2.214473659318343834e+00,7.520697500818576131e-01
2.423999999999954635e+00,1.245570668496009947e+00,-2.261014047647878833e+00,7.212762109061148230e-01,-3.561696136383994404e-01,2.384814472053648604e+00,-4.860372162045721312e-01,9.877388273700818955e-01,-1.232382661708971566e-01,-9.564488441417540177e-02,-6.032805497097463478e-03,5.463746618037002012e-02,-3.370160122517754431e+00,8.192664941834079118e-01,1.240323076632474208e+00,2.949519983142092183e+00,3.344658664454461139e+00,1.956185185859210307e+00,1.221112108074096980e+00,-2.210356898014936178e+00,7.513037620675850903e-01
2.425999999999954415e+00,1.244858329268733188e+00,-2.256244418703771348e+00,7.203041364737057251e-01,-3.604545366337149614e-01,2.390405760882573283e+00,-4.838916312707861045e-01,9.874222243024566303e-01,-1.232822471200162168e-01,-9.887249223343445859e-02,-4.802996791343210059e-03,-1.520214129149720372e-01,-3.289020933753572073e+00,7.915273271114545706e-01,1.264055615895115059e+00,3.012638285251489911e+00,3.310447924035434308e+00,1.887547917672527387e+00,1.220394522733217357e+00,-2.206223523503524575e+00,7.505387275588324414e-01
2.427999999999954195e+00,1.244137420195465804e+00,-2.251463607182006221e+00,7.193363532111641812e-01,-3.648833151959112175e-01,2.395983291776500934e+00,-4.818113581849503557e-01,9.870764312405314600e-01,-1.235257056280041205e-01,-1.020212482220435174e-01,-3.630957143290471697e-03,-3.522393402308578447e-01,-3.198513791422196828e+00,7.628122283445012419e-01,1.290589758632106010e+00,3.074376791732423175e+00,3.273994315868974603e+00,1.819972468190011128e+00,1.219673201183669065e+00,-2.202073759117581631e+00,7.497746611238573777e-01
2.429999999999953975e+00,1.243407653565073989e+00,-2.246671640598453035e+00,7.183727304947943315e-01,-3.694514388162395413e-01,2.401555926832429577e+00,-4.797981895486294612e-01,9.867039784941308289e-01,-1.239621516502894816e-01,-1.050823453037363353e-01,-2.518826621879068257e-03,-5.455229492138570224e-01,-3.098840797466955621e+00,7.332450141123781906e-01,1.319841123661785742e+00,3.134597530599257720e+00,3.235363453300183156e+00,1.753623895751913908e+00,1.218948192663079411e+00,-2.197907828330528446e+00,7.490115772924061943e-01
2.431999999999953754e+00,1.242668750687441426e+00,-2.241868528744788147e+00,7.174131341156970709e-01,-3.741540598268647821e-01,2.407132249935573842e+00,-4.778536767719173683e-01,9.863074202004016300e-01,-1.245846276540242686e-01,-1.080471512402184919e-01,-1.468509043116943830e-03,-7.313967165316584973e-01,-2.990225518776559177e+00,7.029501543257625773e-01,1.351718830957411965e+00,3.193166646336252690e+00,3.194626046747809145e+00,1.688664825004723147e+00,1.218219546378010776e+00,-2.193725954764829567e+00,7.482494905548042752e-01
2.433999999999953534e+00,1.241920442567787664e+00,-2.237054264244917157e+00,7.164574267621531822e-01,-3.789860030874697139e-01,2.412720548726285941e+00,-4.759791292777835192e-01,9.858893314458934132e-01,-1.253857275180625674e-01,-1.109072291110531627e-01,-4.816708874130578200e-04,-9.094040662166138489e-01,-2.872912413709028723e+00,6.720518430020253620e-01,1.386125897426295994e+00,3.249954561114559493e+00,3.151857874257567804e+00,1.625254904490330388e+00,1.217487311502539526e+00,-2.189528362170733544e+00,7.474884153621266236e-01
2.435999999999953314e+00,1.241162470561612663e+00,-2.232228823147464514e+00,7.155054685035976414e-01,-3.839417763125247962e-01,2.418328797374291295e+00,-4.741756138257735009e-01,9.854523053080339601e-01,-1.263576162533046054e-01,-1.136543573750289499e-01,4.402584844114475443e-04,-1.079108407369584910e+00,-2.747166211453373474e+00,6.406730959309037132e-01,1.422959648268394606e+00,3.304836119414907625e+00,3.107139741601604221e+00,1.563550272468949176e+00,1.216751537175840170e+00,-2.185315274412630515e+00,7.467283661245778248e-01
2.437999999999953094e+00,1.240394587008987637e+00,-2.227392165552716019e+00,7.145571172759460632e-01,-3.890155810331706876e-01,2.423964640178039698e+00,-4.724439539746719818e-01,9.849989497692651641e-01,-1.274920504658586529e-01,-1.162805494664140710e-01,1.296085353758130634e-03,-1.240094104211198811e+00,-2.613271246739148346e+00,6.089348839140277247e-01,1.462112141125235798e+00,3.357690717576014006e+00,3.060557430628340736e+00,1.503703033556745172e+00,1.216012272500565317e+00,-2.181086915466323717e+00,7.459693572120320582e-01
2.439999999999952873e+00,1.239616555846921209e+00,-2.222544236272359974e+00,7.136122293679967310e-01,-3.942013241834994575e-01,2.429635376004925629e+00,-4.707847297088267879e-01,9.845318844584577400e-01,-1.287803994875693636e-01,-1.187780728810925862e-01,2.084848952234523694e-03,-1.391967377764548486e+00,-2.471530752417837817e+00,5.769553094572629215e-01,1.503470600016233005e+00,3.408402419753227441e+00,3.012201634855823595e+00,1.445860748830681386e+00,1.215269566541623547e+00,-2.176843509406751309e+00,7.452114029525267469e-01
2.441999999999952653e+00,1.238828153198554105e+00,-2.217684965520350104e+00,7.126706599085790295e-01,-3.994926302966558818e-01,2.435347943585923769e+00,-4.691982772574336824e-01,9.840537371763546926e-01,-1.302136671011277780e-01,-1.211394677091776617e-01,2.805817610471930332e-03,-1.534357138860625414e+00,-2.322266112407639582e+00,5.448488342564391518e-01,1.546917856304637295e+00,3.456860062029305514e+00,2.962167881041166240e+00,1.390165941782291359e+00,1.214523468322314059e+00,-2.172585280380246786e+00,7.444545176318930757e-01
2.443999999999952433e+00,1.238029167937960695e+00,-2.212814269633178288e+00,7.117322633540641430e-01,-4.048828542916607653e-01,2.441108907675743733e+00,-4.676846891403649287e-01,9.835671401646617351e-01,-1.317825137900845156e-01,-1.233575645722677222e-01,3.458483811372870410e-03,-1.666915752515887084e+00,-2.165816077422298314e+00,5.127255642063621721e-01,1.592332793962360826e+00,3.502957346582066922e+00,2.910556435429824340e+00,1.336755622215672679e+00,1.213774026825150898e+00,-2.168312452633188059e+00,7.436987154937204636e-01
2.445999999999952212e+00,1.237219402229377430e+00,-2.207932051817826924e+00,7.107968939757833837e-01,-4.103650948276390542e-01,2.446924446087308969e+00,-4.662438144766485881e-01,9.830747260819907574e-01,-1.334772794475570235e-01,-1.254255019250307968e-01,4.042558218745708962e-03,-1.789319734133239637e+00,-2.002535945900527192e+00,4.806905979995999556e-01,1.639590796155328656e+00,3.546592927360665115e+00,2.857472194049949454e+00,1.285760830715628966e+00,1.213021290987514433e+00,-2.164025250451061311e+00,7.429440107383333824e-01
2.447999999999951992e+00,1.236398672039722202e+00,-2.203038202925652111e+00,7.098644063468301235e-01,-4.159322081976778440e-01,2.452800337606525272e+00,-4.648752595950858546e-01,9.825791236541024931e-01,-1.352880064812621574e-01,-1.273367426823484028e-01,4.557962758850492464e-03,-1.901270378165124120e+00,-1.832796712407140260e+00,4.488434446416603718e-01,1.688564190846901791e+00,3.587670489509537042e+00,2.803024555426691933e+00,1.237306205169410589e+00,1.212265309702077687e+00,-2.159723898183926849e+00,7.421904175218960731e-01
2.449999999999951772e+00,1.235566807623326824e+00,-2.198132602250439049e+00,7.089346558276399257e-01,-4.215768227307443161e-01,2.458741950790807262e+00,-4.635783889874847130e-01,9.820829529707660877e-01,-1.372044632564717315e-01,-1.290850901346970170e-01,5.004822838083413349e-03,-2.002494320188370924e+00,-1.656984185757792272e+00,4.172775144459892616e-01,1.739122692591319019e+00,3.626098823936538817e+00,2.747327275307137384e+00,1.191509571733439632e+00,1.211506131813566256e+00,-2.155408620222772242e+00,7.414379499568104492e-01
2.451999999999951552e+00,1.234723653977865432e+00,-2.193215118348857295e+00,7.080074990496649789e-01,-4.272913536663273670e-01,2.464754233651904602e+00,-4.623523266465376924e-01,9.815888204069502798e-01,-1.392161678226712662e-01,-1.306647031159274830e-01,5.383458784847937328e-03,-2.092744033468753262e+00,-1.475498078999327722e+00,3.860796872521851109e-01,1.791133838273757828e+00,3.661791898945681023e+00,2.690498302231566718e+00,1.148481561739095991e+00,1.210743806116456156e+00,-2.151079640992691111e+00,7.406866221100889547e-01
2.453999999999951331e+00,1.233869071270532691e+00,-2.188285609881553295e+00,7.070827943963718942e-01,-4.330680184633630136e-01,2.470841704220868795e+00,-4.611959578303130858e-01,9.810993131519676336e-01,-1.413124118738919577e-01,-1.320701103890348782e-01,5.694376607554918826e-03,-2.171798261261735252e+00,-1.288751073319740481e+00,3.553299607769237478e-01,1.844463414377529809e+00,3.694668930392092765e+00,2.632659593500624062e+00,1.108325256375326529e+00,1.209978381354263277e+00,-2.146737184923892983e+00,7.399364480032692981e-01
2.455999999999951111e+00,1.233002935233606046e+00,-2.183343926473111374e+00,7.061604024807112134e-01,-4.388988525021759179e-01,2.477008441990050880e+00,-4.601079312954715617e-01,9.806169933364666802e-01,-1.434822848968877740e-01,-1.332962242169605238e-01,5.938258163655719263e-03,-2.239462386114210890e+00,-1.097167857846226724e+00,3.251011811329361234e-01,1.898975873866008968e+00,3.724654452083490774e+00,2.573936910546382961e+00,1.071135860380526772e+00,1.209209906218093877e+00,-2.142381476479442881e+00,7.391874416123576097e-01
2.457999999999950891e+00,1.232125137528601755e+00,-2.178389909589131257e+00,7.052401866181202683e-01,-4.447757251362298159e-01,2.483258080224466813e+00,-4.590866620396547026e-01,9.801443917537929762e-01,-1.457146984653699684e-01,-1.343383530868886566e-01,6.115950836618888088e-03,-2.295568737557803107e+00,-9.011841472769624994e-01,2.954588566992305543e-01,1.954534740389218150e+00,3.751678387378608814e+00,2.514459593847878871e+00,1.037000406529579033e+00,1.208438429343916098e+00,-2.138012740103647502e+00,7.384396168661515603e-01
2.459999999999950671e+00,1.231235586078329280e+00,-2.173423393428682182e+00,7.043220132940409828e-01,-4.506903560488188520e-01,2.489593799132075791e+00,-4.581303345924624959e-01,9.796840011790775016e-01,-1.479984106424707124e-01,-1.351922135579992634e-01,6.228456818840890329e-03,-2.339976839497009742e+00,-7.012456791798324929e-01,2.664610556342886794e-01,2.011002998319280088e+00,3.775676123493311387e+00,2.454360316572873124e+00,1.005997491768411578e+00,1.207663999309291469e+00,-2.133631200227966929e+00,7.376929876464677349e-01
2.461999999999950450e+00,1.230334205366231615e+00,-2.168444205830418081e+00,7.034057526248560510e-01,-4.566343318690382902e-01,2.496018319880118685e+00,-4.572369068920649759e-01,9.792382692963983448e-01,-1.503220504572424510e-01,-1.358539412041204764e-01,6.276922098617489926e-03,-2.372573598598905154e+00,-4.978071927642351291e-01,2.381583864669619688e-01,2.068243466834820410e+00,3.796588589337730468e+00,2.393774817096236074e+00,9.781970462145541667e-01,1.206886664634938100e+00,-2.129237081272037813e+00,7.369475677874879338e-01
2.463999999999950230e+00,1.229420936702493528e+00,-2.163452169190657859e+00,7.024912788110718731e-01,-4.625991230012344579e-01,2.502533899442500598e+00,-4.564041147816838562e-01,9.788095912514144237e-01,-1.526741424243854284e-01,-1.363201006242809321e-01,6.262625248537432784e-03,-2.393273434935107247e+00,-2.913313909199510832e-01,2.105940603544000922e-01,2.126119156596208981e+00,3.814362337499308531e+00,2.332841610555933087e+00,9.536601361011132205e-01,1.206106473780041100e+00,-2.124830607610931565e+00,7.362033710748212556e-01
2.465999999999950010e+00,1.228495738456490960e+00,-2.158447101391772982e+00,7.015784705815084621e-01,-4.685761006225134806e-01,2.509142326261150746e+00,-4.556294771574315727e-01,9.784003018538702801e-01,-1.550431310794450623e-01,-1.365876944958028805e-01,6.186966111024413961e-03,-2.402018355992063370e+00,-8.228788726301861089e-02,1.838040327579454347e-01,2.184493607921039526e+00,3.828949631154701994e+00,2.271701679411383790e+00,9.324388011803499410e-01,1.205323475142423106e+00,-2.120412003581520821e+00,7.354604112456462062e-01
2.467999999999949789e+00,1.227558586255245832e+00,-2.153428816739250795e+00,7.006672116271935868e-01,-4.745565538041192077e-01,2.515844916702826950e+00,-4.549103017951760530e-01,9.780126674612663606e-01,-1.574174055043384979e-01,-1.366541716462665035e-01,6.051454474268082653e-03,-2.398777975111923588e+00,1.288478600263452400e-01,1.578172215100259734e-01,2.243231209239271440e+00,3.840308535879789709e+00,2.210498143816194805e+00,9.145759275114174747e-01,1.204537717054650514e+00,-2.115981493461561058e+00,7.347187019873180347e-01
2.469999999999949569e+00,1.226609473147637575e+00,-2.148397126905845056e+00,6.997573910236032368e-01,-4.805317067141683385e-01,2.522642512291571659e+00,-4.542436918805331514e-01,9.776488775816591925e-01,-1.597853238203196524e-01,-1.365174341225031673e-01,5.857698828522652987e-03,-2.383549475274910456e+00,3.415956258021711212e-01,1.326557974803923567e-01,2.302197495109306935e+00,3.848403016616548378e+00,2.149375912237619701e+00,9.001051558818820020e-01,1.203749247784687171e+00,-2.111539301462869389e+00,7.339782569374539989e-01
2.471999999999949349e+00,1.225648409734209299e+00,-2.143351841881262043e+00,6.988489036398422005e-01,-4.864927358615820374e-01,2.529535477696316370e+00,-4.536265532619057628e-01,9.773110362399501927e-01,-1.621352376272631457e-01,-1.361758432366823313e-01,5.607395288739741579e-03,-2.356357519025369829e+00,5.554715051592333808e-01,1.083355433463455142e-01,2.361259423131478741e+00,3.853203039433659605e+00,2.088481313273325313e+00,8.890508263125940225e-01,1.202958115531034267e+00,-2.107085651716317898e+00,7.332390896829101834e-01
2.473999999999949129e+00,1.224675424262486212e+00,-2.138292770925869224e+00,6.979416505333183585e-01,-4.924307873438609762e-01,2.536523699452861713e+00,-4.530556024422677797e-01,9.770011531580358177e-01,-1.644555163694673972e-01,-1.356282245716048662e-01,5.302316764813911482e-03,-2.317254105227690708e+00,7.699890083813103470e-01,8.486627531566132143e-02,2.420285629318331466e+00,3.854684677702766127e+00,2.027961709735507156e+00,8.814279586783145826e-01,1.202164368424094576e+00,-2.102620768274562124e+00,7.325012137597530781e-01
2.475999999999948908e+00,1.223690562687798522e+00,-2.133219723526963651e+00,6.970355393284338730e-01,-4.983369940646685259e-01,2.543606585399778908e+00,-4.525273753207608718e-01,9.767211348047768471e-01,-1.667345716090360974e-01,-1.348738719294795274e-01,4.944302455408506290e-03,-2.266318373246006157e+00,9.846601616736050389e-01,6.225232206114274941e-02,2.479146661661806306e+00,3.852830221804643962e+00,1.967965096399615366e+00,8.772422695731705300e-01,1.201368054522790274e+00,-2.098144875081572991e+00,7.317646426521227099e-01
2.477999999999948688e+00,1.222693888699669218e+00,-2.128132510356163909e+00,6.961304845777923633e-01,-5.042024928907472558e-01,2.550783064808506584e+00,-4.520382366907934046e-01,9.764727753768118745e-01,-1.689608811883078765e-01,-1.339125502107804677e-01,4.535247735473010681e-03,-2.203656355019712798e+00,1.198996611672315860e+00,4.049305458131912533e-02,2.537715191966518180e+00,3.847628291632635644e+00,1.908639682696344098e+00,8.764902250005579543e-01,1.200569221811578657e+00,-2.093658195974455793e+00,7.310293897920550066e-01
2.479999999999948468e+00,1.221685483713887743e+00,-2.123030944226546701e+00,6.952264081044108313e-01,-5.100184417216310218e-01,2.558051589189322073e+00,-4.515843904964886857e-01,9.762577477757525823e-01,-1.711230132627385159e-01,-1.327444972122145683e-01,4.077094501209280533e-03,-2.129400675458178238e+00,1.412510731615553405e+00,1.958346024595855606e-02,2.595866206050417180e+00,3.839073950581279426e+00,1.850133462189496480e+00,8.791591286038921149e-01,1.199767918202015338e+00,-2.089160954677083737e+00,7.302954685591691586e-01
2.481999999999948248e+00,1.220665446830444534e+00,-2.117914841048167851e+00,6.943232393234178845e-01,-5.157760364496822847e-01,2.565410133756786504e+00,-4.511618908445529930e-01,9.760775946511908163e-01,-1.732096501851705106e-01,-1.313704243354117673e-01,3.571822029483379818e-03,-2.043710201528411208e+00,1.624716726958157054e+00,-4.852461072461997094e-04,2.653477172694401531e+00,3.827168819614627182e+00,1.792593770702612499e+00,8.852272448723031983e-01,1.198964191527240430e+00,-2.084653374769743550e+00,7.295628922793744309e-01
2.483999999999948027e+00,1.219633894757545134e+00,-2.112784020780654082e+00,6.934209155417287995e-01,-5.214665277920732533e-01,2.572856199540651367e+00,-4.507666537639737347e-01,9.759337195821689015e-01,-1.752096122215580365e-01,-1.297915162006709477e-01,3.021438401576878076e-03,-1.946769640365015652e+00,1.835131738137284696e+00,-1.972498148668106605e-02,2.710428191972710898e+00,3.811921190049754493e+00,1.736166834967735717e+00,8.946639563651245242e-01,1.198158089542404880e+00,-2.080135679699139928e+00,7.288316742250122715e-01
2.485999999999947807e+00,1.218590961701961017e+00,-2.107638308381572845e+00,6.925193822342008421e-01,-5.270812379804614700e-01,2.580386816131225558e+00,-4.503944697010119902e-01,9.758273784723097144e-01,-1.771118810769619634e-01,-1.280094291629133019e-01,2.427972533785167572e-03,-1.838789086763685132e+00,2.043276938068055770e+00,-3.815013216349716352e-02,2.766602123633202126e+00,3.793346133148729926e+00,1.680997314150977973e+00,9.074299541252891510e-01,1.197349659922709364e+00,-2.075608092762706747e+00,7.281018276140249768e-01
2.487999999999947587e+00,1.217536799225999999e+00,-2.102477534749310539e+00,6.916185932947988002e-01,-5.326115772980632990e-01,2.587998545051640953e+00,-4.500410167321297616e-01,9.757596712355892654e-01,-1.789056232090794341e-01,-1.260262887299472834e-01,1.793466849794633604e-03,-1.720003520452934476e+00,2.248678621856686100e+00,-5.577687704726744244e-02,2.821884696465191134e+00,3.771465604734116184e+00,1.627227836545417361e+00,9.234774600474158213e-01,1.196538950260476852e+00,-2.071070837086324445e+00,7.273733656093304134e-01
2.489999999999947367e+00,1.216471576071403771e+00,-2.097301537659207238e+00,6.907185112613345446e-01,-5.380490604574923452e-01,2.595687483753271074e+00,-4.497018744728334960e-01,9.757315338507995817e-01,-1.805802129047440752e-01,-1.238446858861894789e-01,1.119970622061809912e-03,-1.590672253587755103e+00,2.450869286143977810e+00,-7.262250496905252317e-02,2.876164599794291288e+00,3.746308543021427795e+00,1.574998533716927440e+00,9.427504796958836586e-01,1.195726008064925239e+00,-2.066524135630800174e+00,7.266463013186514885e-01
2.491999999999947146e+00,1.215395477950488745e+00,-2.092110162691700914e+00,6.898191075123888405e-01,-5.433853228161655835e-01,2.603449270234870827e+00,-4.493725386553726886e-01,9.757437308630260153e-01,-1.821252550927557612e-01,-1.214676723280839338e-01,4.095340016374533288e-04,-1.451078329044681814e+00,2.649388695376054592e+00,-8.870473380691420995e-02,2.929333558234538337e+00,3.717910957406983741e+00,1.524446574882517114e+00,9.651850841983491414e-01,1.194910880759239902e+00,-2.061968211162309217e+00,7.259206477936350765e-01
2.493999999999946926e+00,1.214308707304856405e+00,-2.086903264151231063e+00,6.889203624350781485e-01,-5.486121364289290314e-01,2.611279088290443529e+00,-4.490484363437457493e-01,9.757968484099885931e-01,-1.835306078641901206e-01,-1.188987546206433099e-01,-3.357972518786252539e-04,-1.301527870178883495e+00,2.843784932273348165e+00,-1.040410393363300212e-01,2.981286391209478026e+00,3.686316006498356224e+00,1.475705703766973853e+00,9.907097191714715478e-01,1.194093615679294729e+00,-2.057403286266037412e+00,7.251964180291983197e-01
2.495999999999946706e+00,1.213211483031998439e+00,-2.081680705974650269e+00,6.880222655623906558e-01,-5.537214259400627947e-01,2.619171673395705113e+00,-4.487249417493498482e-01,9.758912878498369192e-01,-1.847864046689577933e-01,-1.161418872877030134e-01,-1.113986336277017703e-03,-1.142349382926409751e+00,3.033615429666012719e+00,-1.186480015041470187e-01,3.031921058533545654e+00,3.651574062940226906e+00,1.428905781029583988e+00,1.019245539018193369e+00,1.193274260071577331e+00,-2.052829583308891870e+00,7.244736249636138936e-01
2.497999999999946485e+00,1.212104040180118414e+00,-2.076442362627858973e+00,6.871248156788919426e-01,-5.587052843185519313e-01,2.627121319247771591e+00,-4.483973926061943227e-01,9.760272600649642083e-01,-1.858830761550118726e-01,-1.132014648516892347e-01,-1.923009272144467815e-03,-9.738930112508871195e-01,3.218447980876231185e+00,-1.325406756271074182e-01,3.081138693847545795e+00,3.613742763381678991e+00,1.384172334453686704e+00,1.050706764201249754e+00,1.192452861091995331e+00,-2.048247324452688645e+00,7.237522814774868252e-01
2.499999999999946265e+00,1.210986629611481291e+00,-2.071188119989363585e+00,6.862280208936795134e-01,-5.635559884417309373e-01,2.635121884977666529e+00,-4.480611070596356993e-01,9.762047805136467860e-01,-1.868113716141570069e-01,-1.100823128418427915e-01,-2.760858078692155805e-03,-7.965297471894370318e-01,3.397861725781400555e+00,-1.457319956899753854e-01,3.128843627420375917e+00,3.572887041334094960e+00,1.341626119904679726e+00,1.085001059398170709e+00,1.191629465803346832e+00,-2.043656731622775169e+00,7.230324003929871068e-01
2.501999999999946045e+00,1.209859517634597870e+00,-2.065917876219408367e+00,6.853318986795602363e-01,-5.682660145328261025e-01,2.643166803060014836e+00,-4.477114010179940595e-01,9.764236650978034282e-01,-1.875623799960691174e-01,-1.067896777929467356e-01,-3.625543278072378660e-03,-6.106505969324520500e-01,3.571448109730539056e+00,-1.582322165671717906e-01,3.174943400189790488e+00,3.529079141270439202e+00,1.301382695394640798e+00,1.122029929965253858e+00,1.190804121173927754e+00,-2.039058026515760957e+00,7.223139944741054919e-01
2.503999999999945825e+00,1.208722985605532152e+00,-2.060631542613288403e+00,6.844364758775242086e-01,-5.728280534576354333e-01,2.651249087948930772e+00,-4.473436059116496777e-01,9.766835269109727102e-01,-1.881275504498514939e-01,-1.033292162595977060e-01,-4.515095753072902000e-03,-4.166657046392610031e-01,3.738811812496462661e+00,-1.700484015389085446e-01,3.219348770709372864e+00,3.482398611978491321e+00,1.263552011038715062e+00,1.161689134296648440e+00,1.189976874076650759e+00,-2.034451430576780240e+00,7.215970764254597825e-01
2.505999999999945604e+00,1.207577329498616958e+00,-2.055329044437390618e+00,6.835417886657009223e-01,-5.772350258844960447e-01,2.659361345473377547e+00,-4.469530867996237555e-01,9.769837739257242193e-01,-1.884987123503561457e-01,-9.970698287395095283e-02,-5.427567989526895648e-03,-2.150034359001726236e-01,3.899571644532124459e+00,-1.811839609922037686e-01,3.261973716911763965e+00,3.432932277746986838e+00,1.228238017160865336e+00,1.203869109296962003e+00,1.189147771285407273e+00,-2.029837164994034993e+00,7.208816588921527213e-01
2.507999999999945384e+00,1.206422859446848017e+00,-2.050010321746444042e+00,6.826478824921016209e-01,-5.814800973098410708e-01,2.667495783029171008e+00,-4.465352607589755385e-01,9.773236076742159995e-01,-1.886680947645673900e-01,-9.592941747758571003e-02,-6.361034740834972147e-03,-6.109423009015430006e-03,4.053361407880150757e+00,-1.916382476395062373e-01,3.302735434458488939e+00,3.380774185859474645e+00,1.195538292993381990e+00,1.248455406272986012e+00,1.188316859475550658e+00,-2.025215450688790497e+00,7.201677544589477620e-01
2.509999999999945164e+00,1.205259899252228317e+00,-2.044675330180385497e+00,6.817548119705836296e-01,-5.855566929490182426e-01,2.675644220608132340e+00,-4.460856154877813062e-01,9.777020229694974862e-01,-1.886283453116598396e-01,-9.200333136067602446e-02,-7.313593157596189748e-03,2.095544255591868521e-01,4.199830719196808282e+00,-2.014062129900086595e-01,3.341554333490146966e+00,3.326025529115949730e+00,1.165543698154057894e+00,1.295329134478735433e+00,1.187484185219092936e+00,-2.020586508300368678e+00,7.194553756498995867e-01
2.511999999999944944e+00,1.204088785866330280e+00,-2.039324041739169147e+00,6.808626407396081159e-01,-5.894585124886462246e-01,2.683798102707535271e+00,-4.455997280480201717e-01,9.781178087085145023e-01,-1.883725483689285274e-01,-8.793589264398836425e-02,-8.283362430452318598e-03,4.315109488548116712e-01,4.338645792510940957e+00,-2.104781291708821001e-01,3.378354035560448665e+00,3.268794542458379304e+00,1.138338048892663990e+00,1.344367409370066602e+00,1.186649794987632234e+00,-2.015950558181259566e+00,7.187445349280627838e-01
2.513999999999944723e+00,1.202909868841353092e+00,-2.033956445533754209e+00,6.799714412835120569e-01,-5.931795446927007331e-01,2.691948511164927726e+00,-4.450732836702534501e-01,9.785695497906357065e-01,-1.878942425746651379e-01,-8.373461084131188226e-02,-9.268482998831088782e-03,6.592687875251176388e-01,4.469490179491121040e+00,-2.188393795164453315e-01,3.413061372462247611e+00,3.209196372777249451e+00,1.113997820992156162e+00,1.395443802832547320e+00,1.185813735145702097e+00,-2.011307820385752620e+00,7.180352446946391964e-01
2.515999999999944503e+00,1.201723509751967622e+00,-2.028572548511424323e+00,6.790812947161715130e-01,-5.967140818497594923e-01,2.700086178964408834e+00,-4.445020945377738952e-01,9.790556301779326231e-01,-1.871874375782541233e-01,-7.940732064177237481e-02,-1.026711538228368241e-02,8.923234652416958124e-01,4.592065465196091267e+00,-2.264703206344594044e-01,3.445606388556825550e+00,3.147352921378662849e+00,1.092591881016511168e+00,1.448428792474400595e+00,1.184976051951425191e+00,-2.006658514654247938e+00,7.173275172884805428e-01
2.517999999999944283e+00,1.200530081588268017e+00,-2.023172376153495655e+00,6.781922905270959534e-01,-6.000567340434949104e-01,2.708201505060520375e+00,-4.438821184638252482e-01,9.795742371154999573e-01,-1.862466299873107023e-01,-7.496216495304565408e-02,-1.127743869452192335e-02,1.130158494336189534e+00,4.706091917501113109e+00,-2.333462179397357839e-01,3.475922348215051638e+00,3.083392658835386158e+00,1.074181247235007186e+00,1.503190207199449180e+00,1.184136791556257506e+00,-2.002002860413256258e+00,7.166213649859463075e-01
2.519999999999944063e+00,1.199329968120181000e+00,-2.017755973143374515e+00,6.773045262901683516e-01,-6.032024432226558153e-01,2.716284570264919207e+00,-4.432094773716659941e-01,9.801233665218238578e-01,-1.850668184615597567e-01,-7.040757724776353088e-02,-1.229764890305135722e-02,1.372246502349674824e+00,4.811309088610082441e+00,-2.394372558921337157e-01,3.503945749725096981e+00,3.017450412000631133e+00,1.058818881579932203e+00,1.559593666418104485e+00,1.183295999999446124e+00,-1.997341076748227806e+00,7.159167999998450327e-01
2.521999999999943842e+00,1.198123563233735700e+00,-2.012323404002844818e+00,6.764181073354250673e-01,-6.061464970405250341e-01,2.724325154238885105e+00,-4.424804754836983434e-01,9.807008295507012585e-01,-1.836435179034129617e-01,-6.575226325640746994e-02,-1.332595689942464405e-02,1.618050376140831137e+00,4.907476367343746482e+00,-2.447086234412089445e-01,3.529616347079939320e+00,2.949667123614922559e+00,1.046549513427969869e+00,1.617503010098384042e+00,1.182453723210871388e+00,-1.992673382416739969e+00,7.152138344796616920e-01
2.523999999999943622e+00,1.196911270239654712e+00,-2.006874753694367186e+00,6.755331463844577167e-01,-6.088845424272943951e-01,2.732312753631449542e+00,-4.416916171226776267e-01,9.813042603175045064e-01,-1.819727726957801328e-01,-6.100518205066296495e-02,-1.436058644661465655e-02,1.867024420112981087e+00,4.994373481110775614e+00,-2.491206744144940921e-01,3.552877180689804515e+00,2.880189584558556337e+00,1.037409496159821476e+00,1.676780717420663258e+00,1.181610007004140428e+00,-1.987999995812572251e+00,7.145124805099092313e-01
2.525999999999943402e+00,1.195693501154800220e+00,-2.001410128187104398e+00,6.746497631502124115e-01,-6.114125988520801025e-01,2.740236601398443383e+00,-4.408396240251714060e-01,9.819311247737939619e-01,-1.800511689386173897e-01,-5.617552656163998098e-02,-1.539977207077461094e-02,2.118615525145141287e+00,5.071800946790117948e+00,-2.526291618615653101e-01,3.573674618169028427e+00,2.809170139808135680e+00,1.031426696767582252e+00,1.737288311380180028e+00,1.180764897080083031e+00,-1.983321134981622436e+00,7.138127501111233286e-01
2.527999999999943181e+00,1.194470675957095995e+00,-1.995929654984307522e+00,6.737680839021620294e-01,-6.137270712245250781e-01,2.748085687332022520e+00,-4.399214520651765770e-01,9.825787307054331121e-01,-1.778758456369767260e-01,-5.127270357746599450e-02,-1.644175696474751980e-02,2.372264344804462244e+00,5.139580469973772381e+00,-2.551855446207271227e-01,3.591958405897448081e+00,2.736766368530562765e+00,1.028620419000233710e+00,1.798886747469488956e+00,1.179918439021493626e+00,-1.978637017585072044e+00,7.131146552381286696e-01
2.529999999999942961e+00,1.193243221814646926e+00,-1.990433483609643561e+00,6.728882409980316837e-01,-6.158247623792723058e-01,2.755848779823298678e+00,-4.389343072839496651e-01,9.832442388205610007e-01,-1.754445047949504954e-01,-4.630631326464561964e-02,-1.748479097005649352e-02,2.627406475534498576e+00,5.197555292344660849e+00,-2.567373636890827315e-01,3.607681732200741731e+00,2.663140739805355928e+00,1.029001359786639203e+00,1.861436784170616310e+00,1.179070678293870245e+00,-1.973947860911209773e+00,7.124182077801242130e-01
2.531999999999942741e+00,1.192011572289888299e+00,-1.984921786049997028e+00,6.720103723834638387e-01,-6.177028850801477011e-01,2.763514448872541163e+00,-4.378756611209569383e-01,9.839246748850895008e-01,-1.727554203717867609e-01,-4.128612825717484919e-02,-1.852712870280191770e-02,2.883473637589040184e+00,5.245590487193648066e+00,-2.572286852788342459e-01,3.620801302499702334e+00,2.588460244888328265e+00,1.032571598966132598e+00,1.924799333715559779e+00,1.178221660240838631e+00,-1.969253881852694121e+00,7.117234195600294910e-01
2.533999999999942521e+00,1.190776166519728063e+00,-1.979394757152251882e+00,6.711346210612219032e-01,-6.193590734748305460e-01,2.771071090352087207e+00,-4.367432647403711732e-01,9.846169428548793290e-01,-1.698074460586567191e-01,-3.622207235680963144e-02,-1.956702788686767724e-02,3.139894853658996343e+00,5.283573203370191429e+00,-2.566006068065044277e-01,3.631277426822701049e+00,2.512896007661912456e+00,1.039324621738674459e+00,1.988835791412547405e+00,1.177371430085260684e+00,-1.964555296900641679e+00,7.110303023342003925e-01
2.535999999999942300e+00,1.189537448372778305e+00,-1.973852614971547625e+00,6.702611345317411873e-01,-6.207913939252525104e-01,2.778506951516689139e+00,-4.355351623478196932e-01,9.853178389455087283e-01,-1.666000218369927954e-01,-3.112419888708476898e-02,-2.060274795514512036e-02,3.396097622321644582e+00,5.311412858195710740e+00,-2.547918214491436961e-01,3.639074119761142256e+00,2.436622874715380416e+00,1.049245373248231417e+00,2.053408342340736326e+00,1.176520032926221759e+00,-1.959852322130529956e+00,7.103388677914059812e-01
2.537999999999942080e+00,1.188295865584927835e+00,-1.968295601068514200e+00,6.693900642070454987e-01,-6.219983551340918515e-01,2.785810157744606830e+00,-4.342497033931529971e-01,9.860240665726174303e-01,-1.631331792819901427e-01,-2.600266874273313503e-02,-2.163254897611756669e-02,3.651509083679324252e+00,5.329041280115650814e+00,-2.517392363407590650e-01,3.644159212843243179e+00,2.359818986844540056e+00,1.062310344386925509e+00,2.118380244308266658e+00,1.175667513737979064e+00,-1.955145173206744857e+00,7.096491275530558696e-01
2.539999999999941860e+00,1.187051868874659633e+00,-1.962723980753025010e+00,6.685215648002591493e-01,-6.229789174836495302e-01,2.792968740480413548e+00,-4.328855535570682034e-01,9.867322520882957360e-01,-1.594075455777312078e-01,-2.086772817508067077e-02,-2.265469095914736733e-02,3.905557174779787921e+00,5.336412802058855043e+00,-2.473786389500730876e-01,3.646504478936617666e+00,2.282665333550176090e+00,1.078487687984268639e+00,2.183616086408642687e+00,1.174813917366977378e+00,-1.950434065349497814e+00,7.089610931724044107e-01
2.541999999999941640e+00,1.185805911039692351e+00,-1.957138043272064198e+00,6.676557936931449833e-01,-6.237325015002532780e-01,2.799970666337423086e+00,-4.314417044222887965e-01,9.874389612319108833e-01,-1.554243462134610454e-01,-1.572968635285783290e-02,-2.366743358717845330e-02,4.157671772735568538e+00,5.333504306698053199e+00,-2.416454057319689097e-01,3.646085768395002091e+00,2.205345292682083347e+00,1.097737363928730225e+00,2.248982022511162526e+00,1.173959288532104850e+00,-1.945719213343920728e+00,7.082747761336127823e-01
2.543999999999941419e+00,1.184558446036691803e+00,-1.951538101939389369e+00,6.667929102843004330e-01,-6.242589953552272197e-01,2.806803867303943711e+00,-4.299174817339646015e-01,9.881407162072395334e-01,-1.511854063337129683e-01,-1.059889273667018531e-02,-2.466903642038701869e-02,4.407285823717283613e+00,5.320315224936000398e+00,-2.344752467123545070e-01,3.642883156137838530e+00,2.128044156825072974e+00,1.120011312162800143e+00,2.314345979651553531e+00,1.173103671821964511e+00,-1.941000831514827496e+00,7.075901878520616251e-01
2.545999999999941199e+00,1.183309928045981341e+00,-1.945924494204781530e+00,6.659330753208324571e-01,-6.245587613125137549e-01,2.813456271983434398e+00,-4.283125521588987961e-01,9.888340132918034264e-01,-1.466931507183155403e-01,-5.485714304211456414e-03,-2.565775960857713880e-02,4.653836456344433437e+00,5.296867489106302784e+00,-2.258049793221657553e-01,3.636881098965969450e+00,2.050948648578644118e+00,1.145253651890048907e+00,2.379577841237568769e+00,1.172247111692628962e+00,-1.936279133733080471e+00,7.069073396735197079e-01
2.547999999999940979e+00,1.182060810523356320e+00,-1.940297581660814563e+00,6.650764502165146252e-01,-6.246326410333139512e-01,2.819915837784260582e+00,-4.266269284592534849e-01,9.895153408789951754e-01,-1.419506023717046206e-01,-4.005126621728131130e-04,-2.663186514391722298e-02,4.896766078284538359e+00,5.263205442463181782e+00,-2.155733244809038551e-01,3.628068601975442231e+00,1.974246426453076797e+00,1.173400905653387838e+00,2.444549605508786527e+00,1.171389652466816145e+00,-1.931554333391147793e+00,7.062262428733765418e-01
2.549999999999940758e+00,1.180811545241289728e+00,-1.934657749985245978e+00,6.642231963595961464e-01,-6.244819596497036551e-01,2.826170583960340821e+00,-4.248609730033878762e-01,9.901811978489241106e-01,-1.369613797044593462e-01,4.646378920212663501e-03,-2.758961867896530737e-02,5.135523455220388556e+00,5.219395706626372977e+00,-2.037217176998085133e-01,3.616439393002171432e+00,1.898125583441037989e+00,1.204382246487378127e+00,2.509135519782053070e+00,1.170531338333633542e+00,-1.926826643406286621e+00,7.055469086568271209e-01
2.551999999999940538e+00,1.179562581321990322e+00,-1.929005408817325407e+00,6.633734744135894035e-01,-6.241085285221242840e-01,2.832208625389692980e+00,-4.230153995447141768e-01,9.908281121600051033e-01,-1.317296922934995951e-01,9.644678521940817234e-03,-2.852929192792834703e-02,5.369564771636700762e+00,5.165527008671709552e+00,-1.901951277834294241e-01,3.601992103654266586e+00,1.822774139965527507e+00,1.238119766581179837e+00,2.573212191441261343e+00,1.169672213344087552e+00,-1.922096276196441522e+00,7.048693481577350539e-01
2.553999999999940318e+00,1.178314364264946068e+00,-1.923340991566546032e+00,6.625274436145000001e-01,-6.235146465999766852e-01,2.838018206964066259e+00,-4.210912732085464460e-01,9.914526595501367279e-01,-1.262603352109565313e-01,1.458417859196766558e-02,-2.944916566178143805e-02,5.598354673192943665e+00,5.101709969580516812e+00,-1.749428755900578614e-01,3.584730455501591972e+00,1.748379533127763619e+00,1.274528765635923211e+00,2.636658676726252981e+00,1.168812321410827693e+00,-1.917363443680699220e+00,7.041935724385401940e-01
2.555999999999940098e+00,1.177067334971746204e+00,-1.917664955152617923e+00,6.616852610680828972e-01,-6.227031003102621032e-01,2.843587738449579128e+00,-4.190900086371365241e-01,9.920514822339461247e-01,-1.205586819153059985e-01,1.945476894903683598e-02,-3.034753330032529534e-02,5.821367290723033605e+00,5.028076855734300743e+00,-1.579194452440902674e-01,3.564663449752115021e+00,1.675128103959519832e+00,1.313518057190731891e+00,2.699356548693480740e+00,1.167951706307322368e+00,-1.912628357266555668e+00,7.035195924898607345e-01
2.557999999999939877e+00,1.175821928771125791e+00,-1.911977779675718692e+00,6.608470810508085824e-01,-6.216771619062974041e-01,2.848905829665899336e+00,-4.170133662542424569e-01,9.926213074809936421e-01,-1.146306757019464745e-01,2.424645972697860377e-02,-3.122270509654540005e-02,6.038087246152656462e+00,4.944781295075396876e+00,-1.390852801885832657e-01,3.541805558614915750e+00,1.603204584271886946e+00,1.354990291156331850e+00,2.761189946012077012e+00,1.167090411664931437e+00,-1.907891227836273629e+00,7.028474192294700273e-01
2.559999999999939657e+00,1.174578574447313173e+00,-1.906279968016386883e+00,6.600130543183001519e-01,-6.204405862169386499e-01,2.853961325820189021e+00,-4.148634466225305517e-01,9.931589659590894792e-01,-1.084828197140009914e-01,2.894940423280908254e-02,-3.207301290083432871e-02,6.248010640851375364e+00,4.851997959481557210e+00,-1.184075565172141020e-01,3.516176916485985515e+00,1.532791584775298199e+00,1.398842290764884533e+00,2.822045604309094013e+00,1.166228480971883030e+00,-1.903152265746427929e+00,7.021770635029218610e-01
2.561999999999939437e+00,1.173337693274879356e+00,-1.900572045364746554e+00,6.591833274250551433e-01,-6.189976057464089410e-01,2.858743342821977507e+00,-4.126426828800127122e-01,9.936614097269315105e-01,-1.021221655177088211e-01,3.355392168462569685e-02,-3.289681548482834700e-02,6.450646027112676428e+00,4.749922214780395002e+00,-9.586092613117558336e-02,3.487803508909050887e+00,1.464069085895083777e+00,1.444965402207273542e+00,2.881812872095315559e+00,1.165365957572960909e+00,-1.898411680813808289e+00,7.015085360819872662e-01
2.563999999999939217e+00,1.172099698063386430e+00,-1.894854558679102574e+00,6.583580420592951565e-01,-6.173529240856501232e-01,2.863241302396591692e+00,-4.103538312552173495e-01,9.941257297611860722e-01,-9.555630025036467023e-02,3.805051979564140485e-02,-3.369250439686799492e-02,6.645515363584456381e+00,4.638769739678792803e+00,-7.142822242788160469e-02,3.456717357158308968e+00,1.397213932610132936e+00,1.493245855280615597e+00,2.940383713505247076e+00,1.164502884664132765e+00,-1.893669682291317713e+00,7.008418476645976725e-01
2.565999999999938996e+00,1.170864992215215228e+00,-1.889128076074309437e+00,6.575373343967847450e-01,-6.155117076079655858e-01,2.867444966807935813e+00,-4.079999596747126422e-01,9.945491729048436813e-01,-8.879333235236269717e-02,4.242991716971303978e-02,-3.445851031349956434e-02,6.832154955594511136e+00,4.518776114756392737e+00,-4.510112144649508492e-02,3.422956696412571720e+00,1.332399334914312838e+00,1.543565133205656803e+00,2.997652699929721276e+00,1.163639305295591342e+00,-1.888926478886617133e+00,7.001770088746743781e-01
2.567999999999938776e+00,1.169633968799999257e+00,-1.883393186140693620e+00,6.567213344774353034e-01,-6.134795754345051533e-01,2.871344472996328889e+00,-4.055844344914245059e-01,9.949291581262116324e-01,-8.184187589847666255e-02,4.668306547244337190e-02,-3.519330984408181040e-02,7.010116381303333810e+00,4.390196382442210776e+00,-1.688075165123030172e-02,3.386566144993259364e+00,1.269794374742539533e+00,1.595800350224674924e+00,3.053516993242659350e+00,1.162775262367377493e+00,-1.884182278729838345e+00,6.995140302613611638e-01
2.569999999999938556e+00,1.168407009649130357e+00,-1.877650497194701007e+00,6.559101656084525001e-01,-6.112625876686250681e-01,2.874930365934142973e+00,-4.031109053767438222e-01,9.952632919812155476e-01,-7.471103354714903055e-02,5.080117134029726866e-02,-3.589543273850377691e-02,7.178967404642722983e+00,4.253304578734953267e+00,1.322175414422702491e-02,3.347596862554719888e+00,1.209563520845351237e+00,1.649824635184145905e+00,3.107876322930725799e+00,1.161910798628101205e+00,-1.879437289372788200e+00,6.988529222986263889e-01
2.571999999999938336e+00,1.167184484473793082e+00,-1.871900636462832779e+00,6.551039437976989843e-01,-6.088672319122344634e-01,2.878193631001022990e+00,-4.005832884345527645e-01,9.955493831757546985e-01,-6.741037813018670166e-02,5.477571798826614408e-02,-3.656346944136257965e-02,7.338292875897678869e+00,4.108393237203866732e+00,4.518477085526391435e-02,3.306106694718948358e+00,1.151866152557892597e+00,1.705507519722628818e+00,3.160632959784051454e+00,1.161045956674913171e+00,-1.874691717774851440e+00,6.981936953850071959e-01
2.573999999999938115e+00,1.165966750009968633e+00,-1.866144249200830663e+00,6.543027772208298565e-01,-6.063004080916596372e-01,2.881125725181765684e+00,-3.980057476101310776e-01,9.957854561296685114e-01,-5.994993290895590105e-02,5.859848647441425612e-02,-3.719607892974435837e-02,7.487695620680621111e+00,3.955772865602446231e+00,7.897576293964954364e-02,3.262160301854849731e+00,1.096856093607803562e+00,1.762715329480890603e+00,3.211691688743270934e+00,1.160180778949099434e+00,-1.869945770299125343e+00,6.975363598428137024e-01
2.575999999999937895e+00,1.164754149193785393e+00,-1.860381997750467198e+00,6.535067657256096174e-01,-6.035694116351554284e-01,2.883718606893446168e+00,-3.953826744817177108e-01,9.959697634493608343e-01,-5.234015052689536956e-02,6.226157657719710858e-02,-3.779199676608641784e-02,7.626797317839137946e+00,3.795771395209754040e+00,1.145509412369511704e-01,3.215829269503036159e+00,1.044681156924301524e+00,1.821311577051075714e+00,3.260959783528232236e+00,1.159315307737331935e+00,-1.865199652705598510e+00,6.968809259182142668e-01
2.577999999999937675e+00,1.163547010370515000e+00,-1.854614560536680390e+00,6.527160003766462326e-01,-6.006819150587416889e-01,2.885964764254157267e+00,-3.927186665369484797e-01,9.961007972223048235e-01,-4.459189069198519345e-02,6.575742723878809370e-02,-3.835004329252419963e-02,7.755239366594193662e+00,3.628733602798801527e+00,1.518549996332588248e-01,3.167192198019005200e+00,9.954827014084077774e-01,1.881157355316355417e+00,3.308346985695520992e+00,1.158449585169423202e+00,-1.860453570123979716e+00,6.962274037800417759e-01
2.579999999999937454e+00,1.162345646540397626e+00,-1.848842631008172033e+00,6.519305630435723309e-01,-5.976459480312704686e-01,2.887857241613805748e+00,-3.900185040499337674e-01,9.961772990534085714e-01,-3.671639662671030702e-02,6.907883652482545156e-02,-3.886913188871439495e-02,7.872683742946444241e+00,3.455020504957740268e+00,1.908209358172617554e-01,3.116334769257555148e+00,9.493952018852587216e-01,1.942111729733147385e+00,3.353765490537675031e+00,1.157583653214887320e+00,-1.855707727070523561e+00,6.955758035204970824e-01
2.581999999999937234e+00,1.161150354644335136e+00,-1.843066916524944476e+00,6.511505260354724101e-01,-5.944698760034614615e-01,2.889389664177579586e+00,-3.872871256883339552e-01,9.961982687705835948e-01,-2.872527032701986324e-02,7.221898104808485708e-02,-3.934827721143825674e-02,7.978813844974308900e+00,3.275008724263867688e+00,2.313699598386765588e-01,3.063349787604919605e+00,9.065458328811109023e-01,2.004032128659490652e+00,3.397129942486683429e+00,1.156717553684389443e+00,-1.850962327411650676e+00,6.949261351533015940e-01
2.583999999999937014e+00,1.159961414892328291e+00,-1.837288137196589233e+00,6.503759517840957960e-01,-5.911623774986306534e-01,2.890556260565101176e+00,-3.845296029914549440e-01,9.961629717347090240e-01,-2.063044667591967460e-02,7.517143480059054750e-02,-3.978660333134945853e-02,8.073335326329246442e+00,3.089089826689481288e+00,2.734114935666331903e-01,3.008337193481506411e+00,8.670540676605726915e-01,2.066774730222111334e+00,3.438357442155042687e+00,1.155851328225596220e+00,-1.846217574373042680e+00,6.942784086143651834e-01
2.585999999999936794e+00,1.158779090137330936e+00,-1.831507024675459006e+00,6.496068925781128822e-01,-5.877324201750309118e-01,2.891351883162546876e+00,-3.817511138719831276e-01,9.960709446975378745e-01,-1.244416646151297323e-02,7.793018733574731682e-02,-4.018335168011862024e-02,8.155976916741945359e+00,2.897669629444460160e+00,3.168432635200324476e-01,2.951404046815028437e+00,8.310312932919992068e-01,2.130194844901352802e+00,3.477367567371716817e+00,1.154985018324397927e+00,-1.841473670536458940e+00,6.936326337613030191e-01
2.587999999999936573e+00,1.157603625296980798e+00,-1.825724320909133835e+00,6.488433903503688649e-01,-5.841892357807442204e-01,2.891772026141153695e+00,-3.789569153039325511e-01,9.959220001598444449e-01,-4.178948353660422166e-03,8.048966123920500704e-02,-4.053788871994149640e-02,8.226491227898389269e+00,2.701167478346218953e+00,3.615514888673288518e-01,2.892664478442575238e+00,7.985804428716463121e-01,2.194147292705238339e+00,3.514082410277422408e+00,1.154118665299423085e+00,-1.836730817797445070e+00,6.929888203722063267e-01
2.589999999999936353e+00,1.156435246825419316e+00,-1.819940776856851627e+00,6.480854765197610057e-01,-5.805422941317240904e-01,2.891812841033297499e+00,-3.761523153676129549e-01,9.957162291912490248e-01,4.152440102105147551e-03,8.284472882446168585e-02,-4.084971324697218853e-02,8.284655542585289467e+00,2.500015493768983799e+00,4.074111657014821142e-01,2.832239607716417584e+00,7.697956463933965932e-01,2.258486773821222648e+00,3.548426632048003793e+00,1.153252310305250106e+00,-1.831989217388070301e+00,6.923469781458129191e-01
2.591999999999936133e+00,1.155274162237155844e+00,-1.814157151174784932e+00,6.473331718890257269e-01,-5.768012762519053593e-01,2.891471149776441152e+00,-3.733426448300517508e-01,9.954540026826060872e-01,1.253701241023215569e-02,8.499072798679024876e-02,-4.111846324072520459e-02,8.330272584449284423e+00,2.294657784135099909e+00,4.542864479665578714e-01,2.770257424236854948e+00,7.447619011503745501e-01,2.323068231951983087e+00,3.580327537127444781e+00,1.152385994327291385e+00,-1.827249069863739805e+00,6.917071167015356181e-01
2.593999999999935913e+00,1.154120559684651992e+00,-1.808374208875232148e+00,6.465864865993655730e-01,-5.729760468209295077e-01,2.890744455155557446e+00,-3.705332284447700464e-01,9.951359710115579293e-01,2.096159390250574781e-02,8.692347714693232641e-02,-4.134392217287425481e-02,8.363171265201865268e+00,2.085549625928110995e+00,5.020311246660985605e-01,2.706852632158814664e+00,7.235547631251086909e-01,2.387747209409047500e+00,3.609715168176061972e+00,1.151519758181708042e+00,-1.822510575074545613e+00,6.910692455780695909e-01
2.595999999999935692e+00,1.152974607591010114e+00,-1.802592719964920986e+00,6.458454201424760344e-01,-5.690766260799372533e-01,2.889630948595777848e+00,-3.677293561586509330e-01,9.947630621117837801e-01,2.941285329447700103e-02,8.863928921428582131e-02,-4.152602469116279532e-02,8.383207405595600292e+00,1.873156609259464034e+00,5.504891922120005443e-01,2.642166455740931230e+00,7.062400608492330756e-01,2.452380193040611722e+00,3.636522422715962932e+00,1.150653642514130937e+00,-1.817773932179818530e+00,6.904333742335628799e-01
2.597999999999935472e+00,1.151836454338850180e+00,-1.796813458067729519e+00,6.451099614301587515e-01,-5.651131613490332217e-01,2.888129515278770487e+00,-3.649362544160628663e-01,9.943364779465649894e-01,3.787733494353272973e-02,9.013498449809109747e-02,-4.166486159732821909e-02,8.390264425963835038e+00,1.657953748087995782e+00,5.994955199807373569e-01,2.576346404809622737e+00,6.928736330521209075e-01,2.516824950262964045e+00,3.660685192329627302e+00,1.149787687798609070e+00,-1.813039339623685464e+00,6.897995120451048123e-01
2.599999999999935252e+00,1.150706228016152188e+00,-1.791037199037172067e+00,6.443800889213265881e-01,-5.610958983112500631e-01,2.886239736578354531e+00,-3.621590577507101116e-01,9.938576893974757631e-01,4.634149172631978758e-02,9.140790249444036286e-02,-4.176068404201393330e-02,8.384254001646274546e+00,1.440424554344980290e+00,6.488766063425790431e-01,2.509545999331832533e+00,6.835010917829934529e-01,2.580940854344721647e+00,3.682142524686422558e+00,1.148921934332891581e+00,-1.808306995127338723e+00,6.891676683084702049e-01
2.601999999999935032e+00,1.149584036219529759e+00,-1.785264719564015445e+00,6.436557708058251448e-01,-5.570351522172497516e-01,2.883961889832868053e+00,-3.594027808546402802e-01,9.933284295892531590e-01,5.479171844842147671e-02,9.245591247690744530e-02,-4.181390686457665817e-02,8.365116678134230099e+00,1.221060075383205712e+00,6.984514216158332900e-01,2.441924452263502410e+00,6.781576124672150652e-01,2.644589198338175073e+00,3.700836808530211464e+00,1.148056422242378360e+00,-1.803577095684715914e+00,6.885378522374940857e-01
2.603999999999934811e+00,1.148469965915095203e+00,-1.779496795784349716e+00,6.429369652441158101e-01,-5.529412791624280787e-01,2.881296945493421635e+00,-3.566722913104521941e-01,9.927506856821390890e-01,6.321438569440017419e-02,9.327742281925203993e-02,-4.182511101145862387e-02,8.332822440390222241e+00,1.000357894416270543e+00,7.480323335801292162e-01,2.373646310541753124e+00,6.768677527054238752e-01,2.707633496821037600e+00,3.716713981217032003e+00,1.147191191473838856e+00,-1.798849837553404996e+00,6.879100729635885259e-01
2.605999999999934591e+00,1.147364083356770426e+00,-1.773734201893362838e+00,6.422236206614948539e-01,-5.488246475837897931e-01,2.878246561708182050e+00,-3.539722831682631798e-01,9.921266891731597148e-01,7.159587402169194370e-02,9.387138898008415278e-02,-4.179504497335033431e-02,8.287371230396695765e+00,7.788210938751728429e-01,7.974261103682669383e-01,2.304881053980824213e+00,6.796453013498056084e-01,2.769939774970558766e+00,3.729723758170387704e+00,1.146326281797373170e+00,-1.794125416249755745e+00,6.872843395359131691e-01
2.607999999999934371e+00,1.146266434061602890e+00,-1.767977708769946421e+00,6.415156760951583603e-01,-5.446956101178292986e-01,2.874813076422878311e+00,-3.513072515424331410e-01,9.914589047578659109e-01,7.992260839735261524e-02,9.423732008159994844e-02,-4.172462518866599385e-02,8.228793406704930646e+00,5.569571819311198713e-01,8.464349947459113288e-01,2.235802652472913543e+00,6.864931595697301159e-01,2.831376844307800233e+00,3.739819883175436566e+00,1.145461732802546706e+00,-1.789404026524778146e+00,6.866606609202952072e-01
2.609999999999934150e+00,1.145177042841367232e+00,-1.762228082617100622e+00,6.408130615920735185e-01,-5.405644759528505094e-01,2.870999497096502484e+00,-3.486814683948161186e-01,9.907500178139334590e-01,8.818109277242916488e-02,9.437528401757326602e-02,-4.161493536884209449e-02,8.157150139538416056e+00,3.352769828102105665e-01,8.948578430023604868e-01,2.166589082257736720e+00,6.974032556777691738e-01,2.891816564569864134e+00,3.746960397933337461e+00,1.144597583897054349e+00,-1.784685862364142395e+00,6.860390459990588496e-01
2.611999999999933930e+00,1.144095913889461524e+00,-1.756486083622907701e+00,6.401156986552838379e-01,-5.364414837998309205e-01,2.866809488148455376e+00,-3.460989596615922093e-01,9.900029205776571528e-01,9.635794468483233066e-02,9.428591102974621940e-02,-4.146722470957860812e-02,8.072533734868175159e+00,1.142934919334702704e-01,9.424913209119638591e-01,2.097421802386745249e+00,7.123564954015582096e-01,2.951134091236069068e+00,3.751107928957802873e+00,1.143733874308852094e+00,-1.779971116992726365e+00,6.854195035713663842e-01
2.613999999999933710e+00,1.143023030921861860e+00,-1.750752464646610829e+00,6.394235007359606593e-01,-5.323367755953735125e-01,2.862247356269047138e+00,-3.435634838702619764e-01,9.892206970936902044e-01,1.044399297780862074e-01,9.397039569661470859e-02,-4.128290496130153364e-02,7.975067880793138109e+00,-1.054793026959215396e-01,9.891311484782351338e-01,2.028485192591683806e+00,7.313227488307687540e-01,3.009208108376071777e+00,3.752229989858382631e+00,1.142870643079421100e+00,-1.775259982836871586e+00,6.848020423514205035e-01
2.615999999999933490e+00,1.141958357370671084e+00,-1.745027969934072720e+00,6.387363737682201226e-01,-5.282603710382736129e-01,2.857318033738708518e+00,-3.410785123801886032e-01,9.884066070273496152e-01,1.124139961202651333e-01,9.343049728430168066e-02,-4.106354634177798030e-02,7.864907809673700179e+00,-3.235276309019505803e-01,1.034573384504704929e+00,1.959965954944139721e+00,7.542608760347933039e-01,3.065921046314575626e+00,3.750299295912538966e+00,1.142007929066894079e+00,-1.770552651548484846e+00,6.841866709694590654e-01
2.617999999999933269e+00,1.140901836628594568e+00,-1.739313333866595368e+00,6.380542167434597456e-01,-5.242221430485787259e-01,2.852027059912911167e+00,-3.386472113675155216e-01,9.875640684373000466e-01,1.202673082049794256e-01,9.266853841584346552e-02,-4.081087228383801363e-02,7.742240369559140412e+00,-5.393391801726633572e-01,1.078615741377243253e+00,1.892052481153949639e+00,7.811187921573095050e-01,3.121159284006867374e+00,3.745294088404074184e+00,1.141145770940342530e+00,-1.765849313959108713e+00,6.835733979702913743e-01
2.619999999999933049e+00,1.139853392342497385e+00,-1.733609279746769483e+00,6.373769223207247370e-01,-5.202317942242995485e-01,2.846380561038823309e+00,-3.362724256600183592e-01,9.866966396144299933e-01,1.279872805143831282e-01,9.168740202262186390e-02,-4.052675302150793302e-02,7.607283998782763845e+00,-7.524043619913262093e-01,1.121058919889611927e+00,1.824934188744510521e+00,8.118335736370403399e-01,3.174813335750394039e+00,3.737198464984760271e+00,1.140284207183841048e+00,-1.761150160113572838e+00,6.829622318139803028e-01
2.621999999999932829e+00,1.138812928754048714e+00,-1.727916518624691866e+00,6.367043774694046698e-01,-5.162988343570060756e-01,2.840385228576709942e+00,-3.339566645129731226e-01,9.858080001001404691e-01,1.355616105230597057e-01,9.049052654993408606e-02,-4.021319802839915664e-02,7.460288597927061893e+00,-9.622176012850270910e-01,1.161707953423642747e+00,1.758800828882218337e+00,8.463316060634284987e-01,3.226778022239972010e+00,3.726002712843774045e+00,1.139423276089901904e+00,-1.756455379226338209e+00,6.823531808743572569e-01
2.623999999999932609e+00,1.137780331085334717e+00,-1.722235748167538549e+00,6.360364641403787322e-01,-5.124325590531002561e-01,2.834048296203329542e+00,-3.317020894006211251e-01,9.849019310039925923e-01,1.429783110212376196e-01,8.908189939762266307e-02,-3.987234733286880439e-02,7.301535293896113998e+00,-1.168278645064051879e+00,1.200373550395402278e+00,1.693841769769809824e+00,8.845287747315473403e-01,3.276952625846254907e+00,3.711703640499720791e+00,1.138563015761407726e+00,-1.751765159690137352e+00,6.817462534399600926e-01
2.625999999999932388e+00,1.136755465967228540e+00,-1.716567651575131803e+00,6.353730599615774466e-01,-5.086420294933069464e-01,2.827377515676605668e+00,-3.295105038819227117e-01,9.839822947466653202e-01,1.502257416362601794e-01,8.746604858631143453e-02,-3.950646174513285785e-02,7.131336091424503643e+00,-1.370093885862642358e+00,1.236873423547191875e+00,1.630245259442611117e+00,9.263306981170489340e-01,3.325241030173567758e+00,3.694304904294975600e+00,1.137703464107888252e+00,-1.747079689059262364e+00,6.811414577121288616e-01
2.627999999999932168e+00,1.135738181908241939e+00,-1.710912896543778539e+00,6.347140389538136196e-01,-5.049360533487678993e-01,2.820381131740232750e+00,-3.273833455823105254e-01,9.830530143593451120e-01,1.572926394325747934e-01,8.564803264994537424e-02,-3.911791204209360412e-02,6.950033408079004715e+00,-1.567177695101619639e+00,1.271033594454215487e+00,1.568197672448674140e+00,9.716330045555339190e-01,3.371551844048716884e+00,3.673817325210100293e+00,1.136844658846742462e+00,-1.742399154058205113e+00,6.805388018062279443e-01
2.629999999999931948e+00,1.134728309801544377e+00,-1.705272134280298113e+00,6.340592722626490207e-01,-5.013231668586279888e-01,2.813067856244160225e+00,-3.253216803170412841e-01,9.821180524749473228e-01,1.641681484727816887e-01,8.363342876594688502e-02,-3.870916716601347646e-02,6.757999489604002541e+00,-1.759053761087762346e+00,1.302689661496704510e+00,1.507882744899041061e+00,1.020321651645021754e+00,3.415798510198669646e+00,3.650259191829766880e+00,1.135986637499572183e+00,-1.737723740538228867e+00,6.799382937498554824e-01
2.631999999999931728e+00,1.133725663467827216e+00,-1.699645998567809846e+00,6.334086289020149918e-01,-4.978116180609788444e-01,2.805446841651475953e+00,-3.233261983642903847e-01,9.811813901498844803e-01,1.708418482254875914e-01,8.142831914521231340e-02,-3.828278150324620349e-02,6.555635703432615813e+00,-1.945256425904773767e+00,1.331688019586626082e+00,1.449480803352859004e+00,1.072273288226472499e+00,3.457899398818069958e+00,3.623656544636583376e+00,1.135129437392352614e+00,-1.733053633516476566e+00,6.793399414838097172e-01
2.633999999999931507e+00,1.132730040231705315e+00,-1.694035104884506815e+00,6.327619765052864276e-01,-4.944093511572744126e-01,2.797527654095278482e+00,-3.213972128808624817e-01,9.802470056573684420e-01,1.773037807099404617e-01,7.903927571532891327e-02,-3.784138131887326839e-02,6.343371709102287426e+00,-2.125332015171749855e+00,1.357887020050929205e+00,1.393167992206840289e+00,1.127355657429867097e+00,3.497777886650800472e+00,3.594043437674320884e+00,1.134273095652675423e+00,-1.728389017118786342e+00,6.787437528607247472e-01
2.635999999999931287e+00,1.131741221529390717e+00,-1.688440049576316326e+00,6.321191820795246663e-01,-4.911239919793777831e-01,2.789320246139567860e+00,-3.195346604365037479e-01,9.793188533944163776e-01,1.835444762725321755e-01,7.647334314154018153e-02,-3.738765043224609452e-02,6.121664505464186945e+00,-2.298840154275393566e+00,1.381158059377824987e+00,1.339115505686145680e+00,1.185428039943124290e+00,3.535362421882107142e+00,3.561462172719846997e+00,1.133417649210516132e+00,-1.723730074610614338e+00,6.781497356451842151e-01
2.637999999999931067e+00,1.130758973545431978e+00,-1.682861409084037252e+00,6.314801127586516793e-01,-4.879628345190474836e-01,2.780834929387493659e+00,-3.177381036282094229e-01,9.784008430447315163e-01,1.895549778963952214e-01,7.373802024110737152e-02,-3.692431522693088303e-02,5.890997355640351429e+00,-2.465355064505626359e+00,1.401386585919988548e+00,1.287488829633063325e+00,1.246341735318814203e+00,3.570586575601532253e+00,3.525963502090157853e+00,1.132563134795079307e+00,-1.719076988365202396e+00,6.775578975132381387e-01
2.639999999999930846e+00,1.129783047876393942e+00,-1.677299739225262210e+00,6.308446365513952214e-01,-4.849328284716177828e-01,2.772082347067738706e+00,-3.160067357210419314e-01,9.774968191384703076e-01,1.953268639523082217e-01,7.084123985755071129e-02,-3.645412909635905446e-02,5.651878591871390078e+00,-2.624466832333746336e+00,1.418473014206037108e+00,1.238446999017796646e+00,1.309940579320944432e+00,3.603389080465820626e+00,3.487606795834345075e+00,1.131709588932411137e+00,-1.714429939864942298e+00,6.769682460521186940e-01
2.641999999999930626e+00,1.128813182219450706e+00,-1.671755574531126776e+00,6.302126230799531825e-01,-4.820405677391982890e-01,2.763073446716123538e+00,-3.143393872481602402e-01,9.766105411474652609e-01,2.008522693069873799e-01,6.779134727172408947e-02,-3.597985643346634371e-02,5.404840303584367511e+00,-2.775782644982904390e+00,1.432333537194182327e+00,1.192141876951310575e+00,1.376061494741008362e+00,3.633713857338193520e+00,3.446460169499502069e+00,1.130857047949975325e+00,-1.709789109694554554e+00,6.763807887603823232e-01
2.643999999999930406e+00,1.127849101083972405e+00,-1.666229427637694549e+00,6.295839443054568330e-01,-4.792922798340327750e-01,2.753819453055059707e+00,-3.127345344904305935e-01,9.757456642508054445e-01,2.061239047134942326e-01,6.459707723662111434e-02,-3.550425627868726564e-02,5.150436913180026721e+00,-2.918927985465700647e+00,1.442900827605834158e+00,1.148717460749550057e+00,1.444535072455706226e+00,3.661510030762276990e+00,3.402600569189322854e+00,1.130005547967074975e+00,-1.705154677521534268e+00,6.757955330465454935e-01
2.645999999999930186e+00,1.126890516524304386e+00,-1.660721788731584381e+00,6.289584752364759668e-01,-4.766938161195584112e-01,2.744331841158008878e+00,-3.111903097437915822e-01,9.749057209007242486e-01,2.111350744178152050e-01,6.126752973205205899e-02,-3.503006574579477228e-02,4.889243645228520840e+00,-3.053547780300810199e+00,1.450124620429471323e+00,1.108309220845516530e+00,1.515186179658723820e+00,3.686731934172358560e+00,3.356113810561287991e+00,1.129155124900167451e+00,-1.700526822107065072e+00,6.752124862296815522e-01
2.647999999999929965e+00,1.125937128892065209e+00,-1.655233125049268450e+00,6.283360946169883610e-01,-4.742506428254966711e-01,2.734622309970723197e+00,-3.097045132725509964e-01,9.740941033125372073e-01,2.158796919256131264e-01,5.781214454380542711e-02,-3.455998334913707587e-02,4.621854895865427970e+00,-3.179307493324399214e+00,1.453972169727624442e+00,1.071043477709541891e+00,1.587834591246941152e+00,3.709339105844558837e+00,3.307094569374647186e+00,1.128305814456782130e+00,-1.695905721272822575e+00,6.746316555384543889e-01
2.649999999999929745e+00,1.124988627606414271e+00,-1.649763880429327090e+00,6.277166855904432463e-01,-4.719678327736758217e-01,2.724702756245153346e+00,-3.082746268369795928e-01,9.733140469949338458e-01,2.203522938835436318e-01,5.424067477942060705e-02,-3.409665235880585815e-02,4.348882510286659731e+00,-3.295894159219809438e+00,1.454428574059157375e+00,1.037036822193746044e+00,1.662295640620746306e+00,3.729296276525104759e+00,3.255646321158313317e+00,1.127457652139243649e+00,-1.691291551919618996e+00,6.740530481115376560e-01
2.651999999999929525e+00,1.124044691940866869e+00,-1.644314474916836799e+00,6.271001363367693093e-01,-4.698500577534558409e-01,2.714585248926771666e+00,-3.068978286760826180e-01,9.725686154282976448e-01,2.245480520403135005e-01,5.056315943921260020e-02,-3.364264431208396910e-02,4.070953977196635876e+00,-3.403017350759202309e+00,1.451496966070502381e+00,1.006395583801962479e+00,1.738380885308575152e+00,3.746573349855315982e+00,3.201881228620231390e+00,1.126610673238504390e+00,-1.686684490001937320e+00,6.734766709963642128e-01
2.653999999999929305e+00,1.123104991825359944e+00,-1.638885304418983280e+00,6.264863406794171086e-01,-4.679015814892461544e-01,2.704282004020987618e+00,-3.055710098192371271e-01,9.718606859889697969e-01,2.284627832636222655e-01,4.678989516654724623e-02,-3.320044281017461157e-02,3.788710549986894716e+00,-3.500410074127820792e+00,1.445198563157094940e+00,9.792153514985830753e-01,1.815898783144053841e+00,3.761145376603240109e+00,3.145919975515265143e+00,1.125764912837015075e+00,-1.682084710526112303e+00,6.729025311497940365e-01
2.655999999999929084e+00,1.122169188662381467e+00,-1.633476740410941375e+00,6.258751986597785866e-01,-4.661262531477804449e-01,2.693805359950455447e+00,-3.042907915953101949e-01,9.711929372065711830e-01,2.320929576002000727e-01,4.293140730555609907e-02,-3.277242772864726733e-02,3.502805305194678809e+00,-3.587829587206615489e+00,1.435572577488042123e+00,9.555805508757067024e-01,1.894655374142675042e+00,3.772992523754293615e+00,3.087891546608904303e+00,1.124920405804404666e+00,-1.677492387537256491e+00,6.723306354371478832e-01
2.657999999999928864e+00,1.121236936156085884e+00,-1.628089129691040471e+00,6.252666170765879272e-01,-4.645275013392133889e-01,2.683167753401932032e+00,-3.030535442034284488e-01,9.705678374297459499e-01,2.354357043771568014e-01,3.899842039740346322e-02,-3.236085996826688904e-02,3.213901149454763573e+00,-3.665058136214494056e+00,1.422675985132446641e+00,9.355640811856684724e-01,1.974454963493436743e+00,3.782100039507462430e+00,3.027932953699809637e+00,1.124077186797622474e+00,-1.672907694127900413e+00,6.717609906320012314e-01
2.659999999999928644e+00,1.120307881153407514e+00,-1.622722794184236594e+00,6.246605099881811229e-01,-4.631083285737129795e-01,2.672381695649894695e+00,-3.018554062072318911e-01,9.699876349631079142e-01,2.384888163536632577e-01,3.500182824788440616e-02,-3.196786686988595944e-02,2.922668786648597194e+00,-3.731903606755563541e+00,1.406583155479461889e+00,9.192270148775458782e-01,2.055100800576176390e+00,3.788458215214542957e+00,2.966188908632850563e+00,1.123235290259318120e+00,-1.668330802397292700e+00,6.711936034159000641e-01
2.661999999999928423e+00,1.119381664496260198e+00,-1.617378030792936849e+00,6.240567991757666189e-01,-4.618713061436554024e-01,2.661459749333545233e+00,-3.006923048121881714e-01,9.694543497248967467e-01,2.412507519424313962e-01,3.095266369947907020e-02,-3.159542841292097698e-02,2.629784657364337530e+00,-3.788200085919292803e+00,1.387385343628585899e+00,9.066183622352261828e-01,2.136395749627792995e+00,3.792062345122339195e+00,2.902811444258599938e+00,1.122394750418267861e+00,-1.663761883487325122e+00,6.706284803783324477e-01
2.663999999999928203e+00,1.118457921883972972e+00,-1.612055111294269816e+00,6.234554145661422853e-01,-4.608185694108030694e-01,2.650414505655690256e+00,-2.995599767860644413e-01,9.689697664610168459e-01,2.437206355304821492e-01,2.686206824010510877e-02,-3.124536431159162173e-02,2.335928862926944571e+00,-3.833808332841044830e+00,1.365190049851336074e+00,8.977749022376908528e-01,2.218142946894839262e+00,3.792912684946013968e+00,2.837959485635324519e+00,1.121555601285338710e+00,-1.659201107531714570e+00,6.700656280163022060e-01
2.665999999999927983e+00,1.117536284745151320e+00,-1.606754282282958357e+00,6.228562946125701938e-01,-4.599518134874733821e-01,2.639258561964734628e+00,-2.984539898826689130e-01,9.685354295369262845e-01,2.458982559380589183e-01,2.274126157862905659e-02,-3.091932211668196526e-02,2.041783086364644006e+00,-3.868616155789859512e+00,1.340120251657214379e+00,8.927210810499988103e-01,2.300146440214531296e+00,3.791014409936680707e+00,2.771798373500617529e+00,1.120717876654028444e+00,-1.654648643684197395e+00,6.695050527336752211e-01
2.667999999999927763e+00,1.116616381118176404e+00,-1.601475765159028786e+00,6.222593866328048895e-01,-4.592722893106828685e-01,2.628004499676347638e+00,-2.973697646315182630e-01,9.681526393143921050e-01,2.477840630632755503e-01,1.860151131387995094e-02,-3.061876642307647181e-02,1.748028522508807470e+00,-3.892538694633985052e+00,1.312313515325399083e+00,8.914689780127966756e-01,2.382211806399445742e+00,3.786377573296140220e+00,2.704499343270542866e+00,1.119881610099527691e+00,-1.650104660085332853e+00,6.689467608415489153e-01
2.669999999999927542e+00,1.115697836539555121e+00,-1.596219756159676040e+00,6.216646471035418564e-01,-4.587808001181692408e-01,2.616664862488069954e+00,-2.963025963587032630e-01,9.678224501056681417e-01,2.493791627679710354e-01,1.445410281943663305e-02,-3.034496927486450557e-02,1.455343829186723115e+00,-3.905518608248901291e+00,1.281920995046426759e+00,8.940183389944836856e-01,2.464146742607590923e+00,3.779017065442417334e+00,2.636238962807780251e+00,1.119046834976275662e+00,-1.645569323865686329e+00,6.683907585572859134e-01
2.671999999999927322e+00,1.114780274939318749e+00,-1.590986426434700007e+00,6.210720419108244350e-01,-4.584776983449107557e-01,2.605252134838890843e+00,-2.952476773081595396e-01,9.675456696832952508e-01,2.506853100672841173e-01,1.031030946098234098e-02,-3.009900185042959850e-02,1.164403111028091020e+00,-3.907526167165142450e+00,1.249106328984010750e+00,9.003566759700831756e-01,2.545761628052045644e+00,3.768952574656405208e+00,2.567198532822003720e+00,1.118213584418727535e+00,-1.641042801144010355e+00,6.678370520047698378e-01
2.673999999999927102e+00,1.113863319542628849e+00,-1.585775922165022278e+00,6.204815465562081300e-01,-4.583628829680214678e-01,2.593778720566575213e+00,-2.942001187376035998e-01,9.673228603097177025e-01,2.517049006915563769e-01,6.181363256622396558e-03,-2.988172749976110779e-02,8.758739468247402904e-01,-3.898559252481630821e+00,1.214044442621124320e+00,9.104594310360832887e-01,2.626870052651936405e+00,3.756208549486281356e+00,2.497563454205341316e+00,1.117381891337688060e+00,-1.636525257013147439e+00,6.672856472137231876e-01
2.675999999999926882e+00,1.112946593776692916e+00,-1.580588364723889194e+00,6.198931463187329349e-01,-4.584357973364670547e-01,2.582256921717721809e+00,-2.931549728686586587e-01,9.671543412373878601e-01,2.524409610942714433e-01,2.078426083343881681e-03,-2.969379619534925560e-02,5.904154706951252329e-01,-3.878643262729572605e+00,1.176920270686286019e+00,9.242902026782126024e-01,2.707289309977099379e+00,3.740814163113682866e+00,2.427522566694364503e+00,1.116551788421476843e+00,-1.632016855522294918e+00,6.667365501200768207e-01
2.677999999999926661e+00,1.112029722182019897e+00,-1.575423850880453669e+00,6.193068363729956616e-01,-4.586954275297606132e-01,2.570698917469547595e+00,-2.921072545769781148e-01,9.670401926171919849e-01,2.528971369838426408e-01,-1.987438475077721312e-03,-2.953564044654452894e-02,3.086765165016377432e-01,-3.847830931006900990e+00,1.137927409747929275e+00,9.418010315167981705e-01,2.786840852154758075e+00,3.722803279702940671e+00,2.357267463563416321e+00,1.115723308132858804e+00,-1.627517759691102128e+00,6.661897665647762423e-01
2.679999999999926441e+00,1.111112331326960412e+00,-1.570282453045514615e+00,6.187226218638417485e-01,-4.591403012964564434e-01,2.559116743128075466e+00,-2.910519627153118072e-01,9.669802607410187267e-01,2.530776804601653773e-01,-6.005292551832751985e-03,-2.940747271529812329e-02,3.129383401439084222e-02,-3.806202055311499688e+00,1.097266714189442549e+00,9.629327419065646376e-01,2.865350704763934164e+00,3.702214422786556547e+00,2.286991787407984145e+00,1.114896482709868408e+00,-1.623028131487842529e+00,6.656453022941510866e-01
2.681999999999926221e+00,1.110194050724367498e+00,-1.565164219559258552e+00,6.181405179384110715e-01,-4.597684876287217448e-01,2.547522269174061549e+00,-2.899841009695109384e-01,9.669741645332895486e-01,2.529874358389144762e-01,-9.964350614430269107e-03,-2.930928435889496378e-02,-2.411096156445080574e-01,-3.753863145502696508e+00,1.055144848769844712e+00,9.876153358378747527e-01,2.942649840599581346e+00,3.679090745355149572e+00,2.216890511839224587e+00,1.114071344163734878e+00,-1.618548131827594716e+00,6.651031629599719608e-01
2.683999999999926001e+00,1.109274513749110014e+00,-1.560069175020910359e+00,6.175605497364720087e-01,-4.605775970334094471e-01,2.535927180336167375e+00,-2.888986981555793365e-01,9.670213031963817985e-01,2.526318242476924825e-01,-1.385400520665553900e-02,-2.924084611273318826e-02,-5.079262788244953697e-01,-3.690946990799523597e+00,1.011772811287028784e+00,1.015768434753208549e+00,3.018574511404541916e+00,3.653480001349420636e+00,2.147159214220473622e+00,1.113247924277375844e+00,-1.614077920562806412e+00,6.645633541179369885e-01
2.685999999999925780e+00,1.108353358555043133e+00,-1.554997320660238103e+00,6.169827523401608671e-01,-4.615647825627988143e-01,2.524342954679619222e+00,-2.877908278737212333e-01,9.671208649062389417e-01,2.520168270783086362e-01,-1.766385175533952481e-02,-2.920171011354884272e-02,-7.685655370700490430e-01,-3.617612152101251421e+00,9.673644390211740829e-01,1.047301764867872187e+00,3.092966537460448695e+00,3.625434518015528074e+00,2.077993344361868111e+00,1.112426254604089948e+00,-1.609617656474654268e+00,6.640258812289223656e-01
2.687999999999925560e+00,1.107430228989917609e+00,-1.549948634750878851e+00,6.164071706844134191e-01,-4.627267416694366697e-01,2.512780842708382867e+00,-2.866556274440564822e-01,9.672718364471816210e-01,2.511489683787884175e-01,-2.138371239132039539e-02,-2.919121345083999092e-02,-1.022455139513417599e+00,-3.534042383742496796e+00,9.221349126259706930e-01,1.082115681055856538e+00,3.165673555245476667e+00,3.595011168511881738e+00,2.009587494110295136e+00,1.111606366468210538e+00,-1.605167497275090227e+00,6.634907496576607500e-01
2.689999999999925340e+00,1.106504775506578664e+00,-1.544923073065462171e+00,6.158338594295252877e-01,-4.640597189492909891e-01,2.501251846488913966e+00,-2.854883160571924372e-01,9.674730136690704585e-01,2.500352962672163226e-01,-2.500365874301069616e-02,-2.920848322174948372e-02,-1.269042536818957512e+00,-3.440445989540315885e+00,8.762992709787488232e-01,1.120101724365886842e+00,3.236549223931714181e+00,3.562271343982053029e+00,1.942134672591156130e+00,1.110788290962007707e+00,-1.600727599580920923e+00,6.629579646729402143e-01
2.691999999999925119e+00,1.105576656068680164e+00,-1.539920569372484449e+00,6.152628827974109260e-01,-4.655595098357509509e-01,2.489766698813667745e+00,-2.842842120812428819e-01,9.677230126456007886e-01,2.486833634473098742e-01,-2.851403366975491585e-02,-2.925244305243109022e-02,-1.507796114645436170e+00,-3.337055118133696485e+00,8.300709501882831409e-01,1.161143208167422225e+00,3.305453392201213259e+00,3.527280924154155173e+00,1.875825591513228918e+00,1.109972058946739892e+00,-1.596298118939841970e+00,6.624275314477392484e-01
2.693999999999924899e+00,1.104645537049008697e+00,-1.534941035974857204e+00,6.146943143732483961e-01,-4.672214653038185839e-01,2.478335842433282199e+00,-2.830387494764339262e-01,9.680202814096469099e-01,2.471012069028080405e-01,-3.190547191053406950e-02,-2.932182103706438767e-02,-1.738206325708888444e+00,-3.224125002756218272e+00,7.836603594963854613e-01,1.205115827357770897e+00,3.372252226703083000e+00,3.490110245618884832e+00,1.810847965089015688e+00,1.109157701049015898e+00,-1.591879209774504034e+00,6.618994550577204095e-01
2.695999999999924679e+00,1.103711094118400959e+00,-1.529984364289990628e+00,6.141282368742955189e-01,-4.690404976394077496e-01,2.466969409395719737e+00,-2.817474932759173600e-01,9.683631121402485054e-01,2.452973268443609245e-01,-3.516891963151287659e-02,-2.941515903433864973e-02,-1.959786720451692776e+00,-3.101933150535125083e+00,7.372735062377724358e-01,1.251888286069422263e+00,3.436818304863730411e+00,3.450834066462459493e+00,1.747385828206721614e+00,1.108345247661732813e+00,-1.587471025433899285e+00,6.613737404824808763e-01
2.697999999999924459e+00,1.102773013123122148e+00,-1.525050425471199178e+00,6.135647418877436809e-01,-4.710110873227868478e-01,2.455677200541047434e+00,-2.804061541015156478e-01,9.687496536759998556e-01,2.432806649788659958e-01,-3.829565286324369128e-02,-2.953082325044537396e-02,-2.172074877370039125e+00,-2.970778486447682276e+00,6.911106812968718094e-01,1.301322937984369821e+00,3.499030673846556638e+00,3.409531526404780077e+00,1.685618877012047268e+00,1.107534728942455970e+00,-1.583073718130151519e+00,6.608503926045008470e-01
2.699999999999924238e+00,1.101830990948476474e+00,-1.520139071070117032e+00,6.130039295795406407e-01,-4.731272910683941291e-01,2.444468665208642921e+00,-2.790106016900607000e-01,9.691779242312716924e-01,2.410605821670237514e-01,-4.127729482510179154e-02,-2.966701602757544284e-02,-2.374633234789202074e+00,-2.830980456873373186e+00,6.453652157080215224e-01,1.353276435093769159e+00,3.558774879172302619e+00,3.366286100875454768e+00,1.625721834797041465e+00,1.106726174812367347e+00,-1.578687438983081393e+00,6.603294162092572250e-01
2.701999999999924018e+00,1.100884736366339656e+00,-1.515250133739699745e+00,6.124459083761605305e-01,-4.753827510552178226e-01,2.433352881222509811e+00,-2.775568774156905727e-01,9.696458241947489842e-01,2.386468355306027300e-01,-4.410583214052635204e-02,-2.982178874761050313e-02,-2.567049826754094877e+00,-2.682878097600879475e+00,6.002223181189558776e-01,1.407600379254912770e+00,3.615942965372834994e+00,3.321185548124534481e+00,1.567863846681353923e+00,1.105919614955185537e+00,-1.574312337962453512e+00,6.598108159842857035e-01
2.703999999999923798e+00,1.099933970864229282e+00,-1.510383427977254778e+00,6.118907946213291149e-01,-4.777707053732956344e-01,2.422338535226797429e+00,-2.760412058001647240e-01,9.701511488941896300e-01,2.360495550663851694e-01,-4.677362995198563328e-02,-2.999305575229550477e-02,-2.748938926257756599e+00,-2.526829070868105376e+00,5.558580018706851256e-01,1.464141972656016089e+00,3.670433452524029860e+00,3.274321847772205807e+00,1.512207905371183214e+00,1.105115078816341523e+00,-1.569948563931632179e+00,6.592945965204313197e-01
2.705999999999923578e+00,1.098978429453482786e+00,-1.505538750906801226e+00,6.113387122097287962e-01,-4.802839997023830021e-01,2.411433903450226346e+00,-2.744600050120005741e-01,9.706916012169525265e-01,2.332792198193219535e-01,-4.927344594911513970e-02,-3.017860917366615645e-02,-2.919941599665875742e+00,-2.363208675820066329e+00,5.124381093856458236e-01,1.522744662231823698e+00,3.722151291573719600e+00,3.225791129774808752e+00,1.458910310625053164e+00,1.104312595602040759e+00,-1.565596264604835142e+00,6.587807623100010446e-01
2.707999999999923357e+00,1.098017861454078092e+00,-1.500715883099900783e+00,6.107897921997047508e-01,-4.829151002290508754e-01,2.400646832982472834e+00,-2.728098963617334727e-01,9.712648039826273783e-01,2.303466336629631517e-01,-5.159844332729269373e-02,-3.037613456200503881e-02,-3.079726176571492058e+00,-2.192408836447181208e+00,4.701174404705063536e-01,1.583248774393298364e+00,3.771007802285682775e+00,3.175693592353272976e+00,1.408120164189954560e+00,1.103512194277586289e+00,-1.561255586556683284e+00,6.582693177475311685e-01
2.709999999999923137e+00,1.097052031253620052e+00,-1.495914589433935848e+00,6.102441724069812556e-01,-4.856561077982572971e-01,2.389984723649459131e+00,-2.710877128081795040e-01,9.718683119718821706e-01,2.272629007309835136e-01,-5.374220269693398555e-02,-3.058322719310577545e-02,-3.227988639692863870e+00,-2.014837070791511309e+00,4.290389900025297631e-01,1.645492135935231914e+00,3.816920597032984031e+00,3.124133407817483388e+00,1.359978902006807600e+00,1.102713903567719811e+00,-1.556926675209922450e+00,6.577602671292188674e-01
2.711999999999922917e+00,1.096080719038023510e+00,-1.491134619986636878e+00,6.097019969813648466e-01,-4.884987732852780762e-01,2.379454510576413995e+00,-2.692905064964820627e-01,9.724996235243037468e-01,2.240394005395517918e-01,-5.569873296609337276e-02,-3.079740893220851358e-02,-3.364452939599149150e+00,-1.830915444861278329e+00,3.893332993264404518e-01,1.709310677986792593e+00,3.859813494137582790e+00,3.071218614983688866e+00,1.314619864870154808e+00,1.101917751953807922e+00,-1.552609674835878195e+00,6.572536146534622148e-01
2.713999999999922697e+00,1.095103721491452964e+00,-1.486375710965484043e+00,6.091634159683718686e-01,-4.914345141637121994e-01,2.369062647528692445e+00,-2.674155553551709197e-01,9.731561916273879786e-01,2.206877628365644939e-01,-5.746248122051693386e-02,-3.101614552862121815e-02,-3.488871239191530638e+00,-1.641079514380505699e+00,3.511179245269173688e-01,1.774539019655115180e+00,3.899616424005083903e+00,3.017060997192489324e+00,1.272167908628322630e+00,1.101123767676087439e+00,-1.548304728540472297e+00,6.567493644192685665e-01
2.715999999999922476e+00,1.094120852463125626e+00,-1.481637585670426693e+00,6.086285848576615809e-01,-4.944544322354677557e-01,2.358815091119860430e+00,-2.654603687847945648e-01,9.738354344287947217e-01,2.172198422103595594e-01,-5.902834162619112479e-02,-3.123686421279635306e-02,-3.601024092861626613e+00,-1.445777257172323083e+00,3.144970236006461861e-01,1.841011028710467734e+00,3.936265331304560799e+00,2.961775944906383629e+00,1.232739054651504906e+00,1.100331978728293691e+00,-1.544011978256037310e+00,6.562475204273345852e-01
2.717999999999922256e+00,1.093131943598654621e+00,-1.476919955488186886e+00,6.080976641200920296e-01,-4.975493324792971128e-01,2.348717285974765812e+00,-2.634226924754077270e-01,9.745347451143744344e-01,2.136476924875436167e-01,-6.039166337970047760e-02,-3.145697146647132014e-02,-3.700720565145215080e+00,-1.245467998628247530e+00,2.795610634146282192e-01,1.908560356998911800e+00,3.969702076489528331e+00,2.905482301926294308e+00,1.196440180906145789e+00,1.099542412860786911e+00,-1.539731564752457871e+00,6.557480865791296409e-01
2.719999999999922036e+00,1.092136844933696116e+00,-1.472222520916237398e+00,6.075708187351411826e-01,-5.007097429656156562e-01,2.338774150932743989e+00,-2.613005123951446240e-01,9.752515011051305915e-01,2.099835409470476033e-01,-6.154825773137922312e-02,-3.167387083639917889e-02,-3.787798293554446971e+00,-1.040621332444482183e+00,2.463866462423831838e-01,1.977020948292584013e+00,3.999874339182080796e+00,2.848302194616726180e+00,1.163368754025478236e+00,1.098755097576431083e+00,-1.535463627608066872e+00,6.552510666770379189e-01
2.721999999999921815e+00,1.091135425447764984e+00,-1.467544972614371890e+00,6.070482177103508903e-01,-5.039259357774138470e-01,2.328990066371837031e+00,-2.590920579952764036e-01,9.759830725370864934e-01,2.062397623754522180e-01,-6.249440410544072899e-02,-3.188498066317570212e-02,-3.862123499978174390e+00,-8.317160384750316160e-01,2.150364546008608491e-01,2.046227517156446574e+00,4.026735526410719856e+00,2.790360843359412257e+00,1.133612602168065475e+00,1.097970060132498205e+00,-1.531208305220673083e+00,6.547564644242873655e-01
2.723999999999921595e+00,1.090127573576210152e+00,-1.462886992481628123e+00,6.065300335943603072e-01,-5.071879488698610716e-01,2.319368862730191605e+00,-2.567958046808028749e-01,9.767268299987917901e-01,2.024288529870932607e-01,-6.322685533998385898e-02,-3.208775159866731480e-02,-3.923590954752173676e+00,-6.192389993125929637e-01,1.855593120994309120e-01,2.116015997299808049e+00,4.050244687777075470e+00,2.731786355870690741e+00,1.107249728570976810e+00,1.097187327538081902e+00,-1.526965734792099738e+00,6.542642834245233630e-01
2.725999999999921375e+00,1.089113197678470479e+00,-1.458248254756167706e+00,6.060164419849987105e-01,-5.104856087950524479e-01,2.309913810294836001e+00,-2.544104755978796595e-01,9.774801515118450856e-01,1.985634042314143310e-01,-6.374284206814827269e-02,-3.227968378853114662e-02,-3.972123897117370461e+00,-4.036841169510515526e-01,1.579903570443743077e-01,2.186223958484712071e+00,4.070366439758648980e+00,2.672709502032668549e+00,1.084348165321073143e+00,1.096406926553756378e+00,-1.522736052324546563e+00,6.537745271814889847e-01
2.727999999999921155e+00,1.088092226460880330e+00,-1.453628427135577939e+00,6.055076210338029563e-01,-5.138085542131557437e-01,2.300627610321575478e+00,-2.519350427914845980e-01,9.782404287501584861e-01,1.946560765095212420e-01,-6.404007625974673934e-02,-3.245834360024212745e-02,-4.007673915374073914e+00,-1.855512306868330741e-01,1.323513246454771641e-01,2.256690991281268488e+00,4.087070900733130507e+00,2.613263470117225484e+00,1.064965866819290286e+00,1.095628883690581645e+00,-1.518519392626046738e+00,6.532871990996218514e-01
2.729999999999920934e+00,1.087064609352454081e+00,-1.449027171914934797e+00,6.050037509482200093e-01,-5.171462601071143972e-01,2.291512387542619322e+00,-2.493687277880485553e-01,9.790050725036583135e-01,1.907195728218865072e-01,-6.411675394054897059e-02,-3.262137978184492110e-02,-4.030220789612717347e+00,3.465496276152441046e-02,1.086509328269606167e-01,2.327259059182990697e+00,4.100333638120866375e+00,2.553583604506981963e+00,1.049150642216813978e+00,1.094853225208028746e+00,-1.514315889278634586e+00,6.528023024826614673e-01
2.731999999999920714e+00,1.086030316832239828e+00,-1.444444147139849477e+00,6.045050134926439611e-01,-5.204880626151452416e-01,2.282569684110728581e+00,-2.467110016578133724e-01,9.797715174015814155e-01,1.867666123696249680e-01,-6.397155710408386486e-02,-3.276653894227931491e-02,-4.039772299395674615e+00,2.564259860974595351e-01,8.688536587755849028e-02,2.397772818283817386e+00,4.110135628863587520e+00,2.493807124996539670e+00,1.036940125893081488e+00,1.094079977116225066e+00,-1.510125674656535466e+00,6.523198405348145101e-01
2.733999999999920494e+00,1.084989340707009475e+00,-1.439879007771627917e+00,6.040115914893283700e-01,-5.238231843932300569e-01,2.273800455021141698e+00,-2.439615846124892351e-01,9.805372259194132800e-01,1.828099041327534147e-01,-6.360365482842494922e-02,-3.289168025050679539e-02,-4.036363998355702698e+00,4.792506545040453592e-01,6.703884948167684876e-02,2.468079904319155471e+00,4.116463233531373334e+00,2.434072828313039505e+00,1.028361785160505359e+00,1.093309165171350017e+00,-1.505948879908885374e+00,6.518398163595611194e-01
2.735999999999920274e+00,1.083941694338222961e+00,-1.435331406861585668e+00,6.035236683201034014e-01,-5.271407604190851970e-01,2.265205065044126886e+00,-2.411204451921969416e-01,9.812996917017221543e-01,1.788621204502129358e-01,-6.301270360804825388e-02,-3.299478925773847299e-02,-4.020058957157990775e+00,7.026161442767896448e-01,4.908431004276760101e-02,2.538031187866860883e+00,4.119308184773517567e+00,2.374520772276545344e+00,1.023432963962104258e+00,1.092540814879471966e+00,-1.501785634967916394e+00,6.513622329604507044e-01
2.737999999999920053e+00,1.082887412817384876e+00,-1.430800996731497410e+00,6.030414274297190014e-01,-5.304298641491717037e-01,2.256783287193190546e+00,-2.381877990949435586e-01,9.820564422406381500e-01,1.749358706282627407e-01,-6.219884690849535741e-02,-3.307399075474917044e-02,-3.990947475861274629e+00,9.260090563976556277e-01,3.298411067212050213e-02,2.607480998161439523e+00,4.118667589754842595e+00,2.315291943554984133e+00,1.022160961519955613e+00,1.091774951490153356e+00,-1.497636068519852870e+00,6.508870932397661235e-01
2.739999999999919833e+00,1.081826553089086485e+00,-1.426287430157111125e+00,6.025650518315290860e-01,-5.336795339415131290e-01,2.248534302745799796e+00,-2.351641076993473412e-01,9.828050409564185186e-01,1.710436746059954272e-01,-6.116271394936562827e-02,-3.312756058448686203e-02,-3.949146766263202046e+00,1.148916474447966074e+00,1.869085573690952573e-02,2.676287316593293664e+00,4.114543946476161729e+00,2.256527909917586783e+00,1.024543144575433162e+00,1.091011599999548665e+00,-1.493500308021282308e+00,6.504144000000300352e-01
2.741999999999919613e+00,1.080759194021203351e+00,-1.421790361551619419e+00,6.020947236161303673e-01,-5.368787996590353995e-01,2.240456702825852187e+00,-2.320500763289937707e-01,9.835430887324272398e-01,1.671979367092035484e-01,-5.990541771909810992e-02,-3.315393633887930153e-02,-3.894800604428556579e+00,1.370827016220728334e+00,6.148255474459419709e-03,2.744311940967827379e+00,4.106945173149086692e+00,2.198370458181470699e+00,1.030567091910976618e+00,1.090250785149267543e+00,-1.489378479676531697e+00,6.499441559416743175e-01
2.743999999999919392e+00,1.079685436421885303e+00,-1.417309448145967821e+00,6.016306234634724026e-01,-5.400167093709525856e-01,2.232548491549589453e+00,-2.288466523032393063e-01,9.842682249618804891e-01,1.634109195265469328e-01,-5.842855222317164254e-02,-3.315172687781818561e-02,-3.828078953240256155e+00,1.591231878349522511e+00,-4.707958140127178892e-03,2.811420621891435268e+00,4.095884649734719218e+00,2.140961219201920063e+00,1.040210769720410156e+00,1.089492531423333688e+00,-1.485270708454493160e+00,6.494763636651432748e-01
2.745999999999919172e+00,1.078605403003143337e+00,-1.412844351162868550e+00,6.011729301588659702e-01,-5.430823560730717592e-01,2.224807090729825187e+00,-2.255550228159460269e-01,9.849781281678812173e-01,1.596947179448931220e-01,-5.673418896577032272e-02,-3.311972061769532377e-02,-3.749177554526004208e+00,1.809625873183959177e+00,-1.394907332203466389e-02,2.877483172626658536e+00,4.081381270224316182e+00,2.084441281481575814e+00,1.053442736348125797e+00,1.088736863049975412e+00,-1.481177118051107300e+00,6.490110256694441304e-01
2.747999999999918952e+00,1.077519238290997272e+00,-1.408394736981408935e+00,6.007218201132340507e-01,-5.460649043519585355e-01,2.217229346126547540e+00,-2.221766126784385231e-01,9.856705162615589932e-01,1.560612333837329002e-01,-5.482487266368431256e-02,-3.305689254649783054e-02,-3.658317490010788653e+00,2.025508457079618907e+00,-2.165240742411137301e-02,2.942373554354468901e+00,4.063459504482226592e+00,2.028950794898143783e+00,1.070222374719894454e+00,1.087983803999664545e+00,-1.477097830915283794e+00,6.485481443523175571e-01
2.749999999999918732e+00,1.076427108482293393e+00,-1.403960278289155816e+00,6.002774668878771980e-01,-5.489536169221563844e-01,2.209811535226251955e+00,-2.187130819588477548e-01,9.863431465055707559e-01,1.525221482717204757e-01,-5.270361619022404659e-02,-3.296240993226891292e-02,-3.555744710187593416e+00,2.238384749128237150e+00,-2.790029220743308475e-02,3.005969938350404824e+00,4.042149467566463983e+00,1.974628566527440565e+00,1.090500150929732515e+00,1.087233377984945903e+00,-1.473032968232644180e+00,6.480877220102092551e-01
2.751999999999918511e+00,1.075329201248448996e+00,-1.399540655218703300e+00,5.998400407239594667e-01,-5.517378809703268328e-01,2.202549376526861558e+00,-2.151663235443659894e-01,9.869938152518025198e-01,1.490889008114887615e-01,-5.037389474630001029e-02,-3.283563670163093529e-02,-3.441729530037666684e+00,2.447766539250537665e+00,-3.277904476479863438e-02,3.068154747068009502e+00,4.017486994765667063e+00,1.921611650424736917e+00,1.114217897199440976e+00,1.086485608458930940e+00,-1.468982649910969940e+00,6.476297608384617988e-01
2.753999999999918291e+00,1.074225725486508409e+00,-1.395135556465649573e+00,5.994097080768707730e-01,-5.544072342449576363e-01,2.195438040300248694e+00,-2.115384606470555318e-01,9.876203575228710285e-01,1.457726600819458374e-01,-4.783963925551980301e-02,-3.267613647498444907e-02,-3.316566090429285296e+00,2.653173284452851721e+00,-3.637793337686880124e-02,3.128814676218268698e+00,3.989513720319985524e+00,1.870034933332635596e+00,1.141309117400472584e+00,1.085740518615155636e+00,-1.464946994591116436e+00,6.471742629301493466e-01
2.755999999999918071e+00,1.073116911018018538e+00,-1.390744680385049170e+00,5.989866311555767098e-01,-5.569513908350207654e-01,2.188472160800291277e+00,-2.078318442680240630e-01,9.882206465069898194e-01,1.425843015302011019e-01,-4.510522898019283383e-02,-3.248367425486903964e-02,-3.180571784019483150e+00,2.854133091905600939e+00,-3.878814745790008789e-02,3.187840699784805665e+00,3.958277157477550823e+00,1.820030718540613046e+00,1.171699313338124604e+00,1.084998131386244680e+00,-1.460926119627004027e+00,6.467212302773139854e-01
2.757999999999917851e+00,1.072003008236348531e+00,-1.386367736063448541e+00,5.985709674670406377e-01,-5.593602665856229894e-01,2.181645849880744059e+00,-2.040490506282480465e-01,9.887925930349562575e-01,1.395343829079927211e-01,-4.217548335552261107e-02,-3.225821677373448548e-02,-3.034086644494225382e+00,3.050183687385625397e+00,-4.010178056769323623e-02,3.245128060207003173e+00,3.923830777692447036e+00,1.771728310002869788e+00,1.205306329830591272e+00,1.084258469443911466e+00,-1.456920141088346554e+00,6.462706647699141271e-01
2.759999999999917630e+00,1.070884287703177229e+00,-1.382004444363686968e+00,5.981628693657841112e-01,-5.616240041030732266e-01,2.174952711984219356e+00,-2.001928785678248890e-01,9.893341451064870951e-01,1.366331207099782952e-01,-3.905565303997113324e-02,-3.199993151696334248e-02,-2.877472698070637325e+00,3.240873367493827040e+00,-4.041083521454511690e-02,3.300576245890384008e+00,3.886234086523966624e+00,1.725253598978779168e+00,1.242040716646089393e+00,1.083521555198077024e+00,-1.452929173759741843e+00,6.458225681963858378e-01
2.761999999999917410e+00,1.069761039694971050e+00,-1.377654538939718565e+00,5.977624836086484761e-01,-5.637329973058170518e-01,2.168385860461096826e+00,-1.962663469087970458e-01,9.898432875309095547e-01,1.338903671734199829e-01,-3.575141018079970590e-02,-3.170918444634333866e-02,-2.711113276327620891e+00,3.425761933948396454e+00,-3.980625786787939102e-02,3.354088958192553704e+00,3.845552693861856053e+00,1.680728655485319134e+00,1.281806105259455153e+00,1.082787410797296346e+00,-1.448953331133395750e+00,6.453769422433017766e-01
2.763999999999917190e+00,1.068633573700359385e+00,-1.373317767218796392e+00,5.973699509148309161e-01,-5.656779154812611177e-01,2.161937935175151537e+00,-1.922726917699200122e-01,9.903180417443557815e-01,1.313155879005959703e-01,-3.226883789509246703e-02,-3.138653645825795896e-02,-2.535412289599378699e+00,3.604421608149242839e+00,-3.837701222845865678e-02,3.405574070174370416e+00,3.801858376058407707e+00,1.638271326776777892e+00,1.324499598376605913e+00,1.082056058124864606e+00,-1.444992725394570243e+00,6.449337884945185451e-01
2.765999999999916970e+00,1.067502217869396919e+00,-1.368993891348446068e+00,5.969854055312910912e-01,-5.674497268115384907e-01,2.155601121351074401e+00,-1.882153638150086405e-01,9.907564658621446085e-01,1.289178401666653817e-01,-2.861441896813066155e-02,-3.103273861958216404e-02,-2.350793460402852197e+00,3.776437924129305568e+00,-3.620919838765577353e-02,3.454943579231972706e+00,3.755229127678589407e+00,1.597994845157302723e+00,1.370012170103203308e+00,1.081327518802284615e+00,-1.441047467429768858e+00,6.444931084325977722e-01
2.767999999999916749e+00,1.066367318415773813e+00,-1.364682689105743973e+00,5.966089748036610407e-01,-5.690397213336652049e-01,2.149367169617789397e+00,-1.840980254099685853e-01,9.911566550210215709e-01,1.267057519766444651e-01,-2.479502377276550373e-02,-3.064872623259441708e-02,-2.157699516614572044e+00,3.941410597935754101e+00,-3.338522502873635112e-02,3.502113555854169835e+00,3.705749200535147558e+00,1.560007447275453041e+00,1.418229074643939658e+00,1.080601814185259357e+00,-1.437117666813094274e+00,6.440549034375555593e-01
2.769999999999916529e+00,1.065229238973106396e+00,-1.360383954766508419e+00,5.962407787528410941e-01,-5.704395333012798330e-01,2.143227417200433749e+00,-1.799245476571915969e-01,9.915167420614040550e-01,1.246875019356025044e-01,-2.081789741541259162e-02,-3.023561178808385416e-02,-1.956591344410421929e+00,4.098954371443940481e+00,-2.998304130644584981e-02,3.547004090561049150e+00,3.653509127901272358e+00,1.524412007096184185e+00,1.469030261360809053e+00,1.079878965364914123e+00,-1.433203431818981244e+00,6.436191747876582880e-01
2.771999999999916309e+00,1.064088359906503856e+00,-1.356097499932107597e+00,5.958809296575267034e-01,-5.716411629161584074e-01,2.137172810213133545e+00,-1.756990072704543160e-01,9.918348985947984531e-01,1.228707999961094061e-01,-1.669064611641131457e-02,-2.979467687320368555e-02,-1.747947101308028106e+00,4.248699828560401848e+00,-2.607543446293446310e-02,3.589539240970501588e+00,3.598605731611058900e+00,1.491305684684133270e+00,1.522290794100927158e+00,1.079158993167142810e+00,-1.429304869385930488e+00,6.431859236580868000e-01
2.773999999999916088e+00,1.062945077580671471e+00,-1.351823154311681430e+00,5.955295316429858321e-01,-5.726369973980756090e-01,2.131193927003669053e+00,-1.714256832468090963e-01,9.921093364961612870e-01,1.212628691463327330e-01,-1.242122283475029405e-02,-2.932736310743894875e-02,-1.532261289927956405e+00,4.390294181809867524e+00,-2.172939864938156634e-02,3.629646981254418758e+00,3.541142110589255765e+00,1.460779592583218545e+00,1.577881272534588764e+00,1.078441918151925805e+00,-1.425422085145157780e+00,6.427551511227269643e-01
2.775999999999915868e+00,1.061799803585875335e+00,-1.347560766457674086e+00,5.951866802764922415e-01,-5.734198313610973097e-01,2.125281002500685190e+00,-1.671090532881528423e-01,9.923383098552042147e-01,1.198704281010457701e-01,-8.017912149453959927e-03,-2.883526218629489310e-02,-1.310043793481537877e+00,4.523402027276421933e+00,-1.700557975606330902e-02,3.667259155474986265e+00,3.481227608545469643e+00,1.432918481871229277e+00,1.635668253499358293e+00,1.077727760610743601e+00,-1.421555183396719713e+00,6.423268581520664711e-01
2.777999999999915648e+00,1.060652963923153225e+00,-1.343310204452672796e+00,5.948524621699159409e-01,-5.739828864633589323e-01,2.119423953512980408e+00,-1.627537899196591920e-01,9.925201174145688032e-01,1.186996750560575659e-01,-3.489314412307874778e-03,-2.832010511790413257e-02,-1.081818874290291888e+00,4.647706065950686138e+00,-1.195780039323525272e-02,3.702311436783981335e+00,3.418977759688663465e+00,1.407800449494354122e+00,1.695514670168875027e+00,1.077016540569390557e+00,-1.417704267111787431e+00,6.419010456148432908e-01
2.779999999999915428e+00,1.059504998150226474e+00,-1.339071356545646907e+00,5.945269545900766506e-01,-5.743198302956168400e-01,2.113612404929491539e+00,-1.583647562488800231e-01,9.926531055164263817e-01,1.177562725643082620e-01,1.155670811048578476e-03,-2.778375074268195355e-02,-8.481241369675417419e-01,4.762907789591725560e+00,-6.632668452735231666e-03,3.734743294076577236e+00,3.354514210961536680e+00,1.385496668436346557e+00,1.757280247026864473e+00,1.076308277785672729e+00,-1.413869437926393857e+00,6.414777142768519624e-01
2.781999999999915207e+00,1.058356358489635163e+00,-1.334844131735787975e+00,5.942102250775789241e-01,-5.744247944715411558e-01,2.107835716767342493e+00,-1.539470013063378717e-01,9.927356715724772185e-01,1.170453335890692947e-01,5.907861992295612361e-03,-2.722817363037920851e-02,-6.095094582190352384e-01,4.868728129299062957e+00,-1.069271949652705542e-03,3.764497967499974340e+00,3.287964619615388884e+00,1.366071142218952872e+00,1.820821908697382252e+00,1.075602991747190984e+00,-1.410050796142343188e+00,6.410568648019099314e-01
2.783999999999914987e+00,1.057207508900692039e+00,-1.330628460302253346e+00,5.939023310749662610e-01,-5.742923918799019978e-01,2.102083012013741925e+00,-1.495057549061867830e-01,9.927662680655485739e-01,1.165714087863514575e-01,1.075781356221986590e-02,-2.665545145236238034e-02,-3.665358855062079702e-01,4.964908065114431501e+00,4.701037898498060599e-03,3.791522454147895793e+00,3.219462525315300194e+00,1.349580484959976179e+00,1.885994180681828114e+00,1.074900701675405301e+00,-1.406248440715387460e+00,6.406384977510333201e-01
2.785999999999914767e+00,1.056058924116932252e+00,-1.326424294278225835e+00,5.936033195651538863e-01,-5.739177330555745860e-01,2.096343205205551286e+00,-1.450464219640410501e-01,9.927434070840907010e-01,1.163384750648046168e-01,1.569583447926929318e-02,-2.606775192966740567e-02,-1.197745070461817829e-01,5.051209195106149075e+00,1.065477415837495431e-02,3.815767505289096029e+00,3.149147196122912273e+00,1.336073727923489329e+00,1.952649580220336523e+00,1.074201426519694635e+00,-1.402462469262502509e+00,6.402226135824582443e-01
2.787999999999914547e+00,1.054911088650821060e+00,-1.322231607867814684e+00,5.933132267212257727e-01,-5.732964416227768201e-01,2.090605031688220983e+00,-1.405745762094787465e-01,9.926656653838806799e-01,1.163499254671570282e-01,2.071200741894175731e-02,-2.546731945930082175e-02,1.301947040855938320e-01,5.127414262521032384e+00,1.677635181078857701e-02,3.837187635755352932e+00,3.077163447694081011e+00,1.325592153705825726e+00,2.020638995618845524e+00,1.073505184961819126e+00,-1.398692978038241108e+00,6.398092126521808254e-01
2.789999999999914326e+00,1.053764495767575582e+00,-1.318050397804438223e+00,5.930320775688068258e-01,-5.724246687602724259e-01,2.084857077492874744e+00,-1.360959532306674213e-01,9.925316899642212531e-01,1.166085604125383368e-01,2.579620855608816266e-02,-2.485646152237455664e-02,3.827840688665242741e-01,5.193327639780258131e+00,2.305803586009797651e-02,3.855741146729219970e+00,3.003661435784143574e+00,1.318169158430782861e+00,2.089812052409896204e+00,1.072811995409326258e+00,-1.394940061951103871e+00,6.393982952131755937e-01
2.791999999999914106e+00,1.052619646430055012e+00,-1.313880683649452541e+00,5.927598856623454981e-01,-5.712991066345759483e-01,2.079087809767401041e+00,-1.316164427911546420e-01,9.923402041389086659e-01,1.171165803340482037e-01,3.093812791038585280e-02,-2.423753497796050926e-02,6.373994011515311531e-01,5.248775768245987017e+00,2.949980103568994316e-02,3.871390162177145378e+00,2.928796421781624026e+00,1.313830142736430950e+00,2.160017464985933167e+00,1.072121876004446861e+00,-1.391203814559901275e+00,6.389898614163049828e-01
2.793999999999913886e+00,1.051477048216785892e+00,-1.309722508029917742e+00,5.924966527767632218e-01,-5.699170007436055174e-01,2.073285607693793331e+00,-1.271420803615069262e-01,9.920900140753096119e-01,1.178755797405862255e-01,3.612729022352900027e-02,-2.361293234601322122e-02,8.934412232497761508e-01,5.293607552875824851e+00,3.610910495204006782e-02,3.884100679616244278e+00,2.852728511581202220e+00,1.312592431654788339e+00,2.231103372430045972e+00,1.071434844612470627e+00,-1.387484328051925786e+00,6.385839113095732600e-01
2.795999999999913666e+00,1.050337214215298687e+00,-1.305575936814530102e+00,5.922423686160401823e-01,-5.682761611099159671e-01,2.067438793820123966e+00,-1.226790378126789705e-01,9.917800157680531914e-01,1.188865427264199914e-01,4.135307633512193271e-02,-2.298506818134338908e-02,1.150305994992594005e+00,5.327694711070032341e+00,4.290057733584146105e-02,3.893842635247897199e+00,2.775622368206835500e+00,1.314465223680622685e+00,2.302917657427202780e+00,1.070750918830812637e+00,-1.383781693251137312e+00,6.381804448380696826e-01
2.797999999999913445e+00,1.049200661893078923e+00,-1.301441059226889907e+00,5.919970105404148697e-01,-5.663749722597106739e-01,2.061535665731200950e+00,-1.182336132228181402e-01,9.914092024072070908e-01,1.201498399462184313e-01,4.660474502284170373e-02,-2.235636563843379498e-02,1.407387353062030444e+00,5.350932075206367600e+00,4.989562864984184443e-02,3.900589983762872581e+00,2.697646898850497355e+00,1.319449568772548709e+00,2.375308247361566316e+00,1.070070115981566872e+00,-1.380095999621801184e+00,6.377794618449632580e-01
2.799999999999913225e+00,1.048067911948559416e+00,-1.297317987895427516e+00,5.917605433139692117e-01,-5.642124019215387642e-01,2.055564527977642886e+00,-1.138122197563090215e-01,9.909766720943771201e-01,1.216652270674640351e-01,5.187145527114894739e-02,-2.172924332388708607e-02,1.664077357311094518e+00,5.363237848522205198e+00,5.712198214678179675e-02,3.904320792247133909e+00,2.618974916860468127e+00,1.327538375325330255e+00,2.448123396897090132e+00,1.069392453116480013e+00,-1.376427335249502448e+00,6.373809620698827061e-01
2.801999999999913005e+00,1.046939487144716407e+00,-1.293206858839472284e+00,5.915329188744565814e-01,-5.617880083768884703e-01,2.049513724178142926e+00,-1.094213735801894266e-01,9.904816358540342591e-01,1.234318447062342783e-01,5.714228893163959822e-02,-2.110610252949196922e-02,1.919767740943242318e+00,5.364553814201324933e+00,6.461313404371792080e-02,3.905017348220874318e+00,2.539782779887846509e+00,1.338716445476550332e+00,2.521211951503729232e+00,1.068717947013739789e+00,-1.372775786845238599e+00,6.369849451503659665e-01
2.803999999999912784e+00,1.045815911127962572e+00,-1.289107831391115955e+00,5.913140761272962509e-01,-5.591019463941123702e-01,2.043371669204989693e+00,-1.050676807919025679e-01,9.899234258815774457e-01,1.254482198465063092e-01,6.240627373706672532e-02,-2.048931493433367793e-02,2.173851161497077467e+00,5.354845497675064792e+00,7.240774714132512668e-02,3.902666281023388972e+00,2.460250005093423287e+00,1.352960538332256490e+00,2.594423591639769544e+00,1.068046614176070719e+00,-1.369141439748830180e+00,6.365914106216044033e-01
2.805999999999912564e+00,1.044697707235174411e+00,-1.285021088052705984e+00,5.911039407657124878e-01,-5.561549716772891117e-01,2.037126881358044983e+00,-1.007578233415089564e-01,9.893015039642334418e-01,1.277122687373561383e-01,6.765240663006845401e-02,-1.988121085907736119e-02,2.425722449726652297e+00,5.334102282301382836e+00,8.054898379995614754e-02,3.897258695744224344e+00,2.380558862624868599e+00,1.370239460454898861e+00,2.667609057489211732e+00,1.067378470835167903e+00,-1.365524377914823617e+00,6.362003579157606836e-01
2.807999999999912344e+00,1.043585397291819872e+00,-1.280946834289989900e+00,5.909024251190294619e-01,-5.529484437628046090e-01,2.030768014427517087e+00,-9.649854394106033295e-02,9.886154700059394118e-01,1.302213012567836892e-01,7.286967736670803275e-02,-1.928406814956661747e-02,2.674779853677939467e+00,5.302337478726308007e+00,8.908378472417076421e-02,3.888790318907991761e+00,2.300893948751779217e+00,1.390514182700171242e+00,2.740620354392017788e+00,1.066713532947291654e+00,-1.361924683915333389e+00,6.358117863625940558e-01
2.809999999999912124e+00,1.042479500404294157e+00,-1.276885298261134949e+00,5.907094280311473433e-01,-5.494843272988506611e-01,2.024283889541421910e+00,-9.229662996490320404e-02,9.878650705828960765e-01,1.329720267254928256e-01,7.804709235404540257e-02,-1.870010176025638585e-02,2.920426275446705855e+00,5.259588348340393793e+00,9.806210050186178750e-02,3.877261654590742346e+00,2.221441739942314531e+00,1.413737982569486240e+00,2.813310939320734505e+00,1.066051816193125390e+00,-1.358342438930947083e+00,6.354256951894319272e-01
2.811999999999911903e+00,1.041380531749696470e+00,-1.272836730482052037e+00,5.905248347712175327e-01,-5.457651916465806607e-01,2.017663526689314590e+00,-8.815889635549598036e-02,9.870502074525758784e-01,1.359605611487882670e-01,8.317369868007874756e-02,-1.813145410079071082e-02,3.162070498352105741e+00,5.205916081349793778e+00,1.075360832783381904e-01,3.862678149744565470e+00,2.142390129485588712e+00,1.439856610997570341e+00,2.885535888942643457e+00,1.065393335979566203e+00,-1.354777722762548819e+00,6.350420835209993342e-01
2.813999999999911683e+00,1.040289001366403232e+00,-1.268801403428673424e+00,5.903485169785065434e-01,-5.417942087465672518e-01,2.010896175810251041e+00,-8.409216756137802284e-02,9.861709459356686747e-01,1.391824358599156874e-01,8.823860829351452828e-02,-1.758018620131145821e-02,3.399128402487372469e+00,5.141405730038640876e+00,1.175592463294578838e-01,3.845050367074856368e+00,2.063927948028326131e+00,1.468808482526203996e+00,2.957152050101579110e+00,1.064738107438531145e+00,-1.351230613809491388e+00,6.346609503800442198e-01
2.815999999999911463e+00,1.039205412948910112e+00,-1.264779611077052834e+00,5.901803326433837649e-01,-5.375751492002472931e-01,2.003971347329657871e+00,-8.010325854525626732e-02,9.852275230877725054e-01,1.426326075336668275e-01,9.323102228989375850e-02,-1.704826974390702757e-02,3.631024166897165006e+00,5.066166097869517770e+00,1.281855996115182084e-01,3.824394163990418427e+00,1.986244469835826143e+00,1.500524887554972153e+00,3.028018173643997279e+00,1.064086145424655072e+00,-1.347701189076872197e+00,6.342822946862005651e-01
2.817999999999911243e+00,1.038130262650509561e+00,-1.260771668382393518e+00,5.900201261262932872e-01,-5.331123765234720979e-01,1.996878842027485224e+00,-7.619895491253231290e-02,9.842203555756673383e-01,1.463054695349931544e-01,9.814025525963648855e-02,-1.653757999906543125e-02,3.857191456856249090e+00,4.980329585080413679e+00,1.394687696245265340e-01,3.800730875589705349e+00,1.909528906264287507e+00,1.534930225546282667e+00,3.097995032827382200e+00,1.063437464519354947e+00,-1.344189524180990247e+00,6.339061152572105229e-01
2.819999999999911022e+00,1.037064037897462709e+00,-1.256777910698338552e+00,5.898677282164682678e-01,-5.284108395379425449e-01,1.989608780118535369e+00,-7.238599222273908729e-02,9.831500471717339318e-01,1.501948645636778656e-01,1.029557596525091795e-01,-1.604988969715402669e-02,4.077074594982117439e+00,4.884051991431483941e+00,1.514611121149741502e-01,3.774087499696160641e+00,1.833969888043036400e+00,1.571942257819983313e+00,3.166945527715605557e+00,1.062792079025543401e+00,-1.340695693325699267e+00,6.335324108090096829e-01
2.821999999999910802e+00,1.036007216218386873e+00,-1.252798693138101438e+00,5.897229562320227547e-01,-5.234760628759503875e-01,1.982151629425074058e+00,-6.867103455732730122e-02,9.820173957795681474e-01,1.542940985528691022e-01,1.076671501118631746e-01,-1.558686385589941846e-02,4.290129715174059832e+00,4.777512276761821219e+00,1.642128262612522205e-01,3.744496881983462533e+00,1.759754938355624354e+00,1.611472378545832473e+00,3.234734777017745255e+00,1.062150002971351981e+00,-1.337219769315140638e+00,6.331611799541851937e-01
2.823999999999910582e+00,1.034960264092634974e+00,-1.248834389879251328e+00,5.895856141629081115e-01,-5.183141355848210896e-01,1.974498232522536423e+00,-6.506065242929169601e-02,9.808233999040846252e-01,1.585959557765042049e-01,1.122642277307568937e-01,-1.515005557567439612e-02,4.495825898557798794e+00,4.660912279941273439e+00,1.777710790426613174e-01,3.711997898706296706e+00,1.687069938125592028e+00,1.653425902644603429e+00,3.301230199214277850e+00,1.061511250107146864e+00,-1.333761823554652892e+00,6.327924212044484520e-01
2.825999999999910361e+00,1.033923635821465403e+00,-1.244885393414206343e+00,5.894554928580495456e-01,-5.129316978292370877e-01,1.966639832740759042e+00,-6.156130013071763746e-02,9.795692644804373517e-01,1.630927151183035884e-01,1.167370041806911340e-01,-1.474090280519750780e-02,4.693646290816735345e+00,4.534476396752232574e+00,1.921791484726224353e-01,3.676635634724600088e+00,1.616098585370163043e+00,1.697702369146916190e+00,3.366301584768481625e+00,1.060875833906807841e+00,-1.330321926033491309e+00,6.324261329686313715e-01
2.827999999999910141e+00,1.032897772425806826e+00,-1.240952113748724717e+00,5.893323702577880630e-01,-5.073359257021284874e-01,1.958568098905904442e+00,-5.817929262393685408e-02,9.782564059779133014e-01,1.677761674531238478e-01,1.210757256621973199e-01,-1.436072607111145601e-02,4.883089200458306856e+00,4.398451217165595395e+00,2.074755942882492155e-01,3.638461554441535739e+00,1.547021850510111651e+00,1.744195858586990333e+00,3.429821161388048267e+00,1.060243767567500939e+00,-1.326900145330398573e+00,6.320623135539085169e-01
2.829999999999909921e+00,1.031883100574402468e+00,-1.237034977550912851e+00,5.892160116725402297e-01,-5.015345141682212571e-01,1.950275148712628637e+00,-5.492078209182721382e-02,9.768864566975797858e-01,1.726376340900161732e-01,1.252708966249208855e-01,-1.401072715591713570e-02,5.063669177667121879e+00,4.253105122356952705e+00,2.236934645319772208e-01,3.597533662947950628e+00,1.480017429190036982e+00,1.792795323012180475e+00,3.491663654499594927e+00,1.059615064008001539e+00,-1.323496548618606994e+00,6.317009611654205159e-01
2.831999999999909701e+00,1.030880031546066000e+00,-1.233134427253487653e+00,5.891061701083565305e-01,-4.955356581779667979e-01,1.941753570621385316e+00,-5.179173427056599915e-02,9.754612681858726431e-01,1.776679862252903974e-01,1.293133032031075769e-01,-1.369198869998968990e-02,5.234918073471321875e+00,4.098727841717216158e+00,2.408595462300377743e-01,3.553916654781381634e+00,1.415259194582403346e+00,1.843384927214245961e+00,3.551706345046416136e+00,1.058989735870826010e+00,-1.320111201649240229e+00,6.313420739069561805e-01
2.833999999999909480e+00,1.029888960229710104e+00,-1.229250920112244794e+00,5.890025866398154175e-01,-4.893480320035219489e-01,1.932996444182485618e+00,-4.879790469507832434e-02,9.739829136905143736e-01,1.828576653532268670e-01,1.331940363105862390e-01,-1.340547469497851280e-02,5.396386078998036240e+00,3.935629970001061739e+00,2.589936680756241283e-01,3.507682047749488330e+00,1.352916651059326014e+00,1.895844399656457124e+00,3.609829126809516175e+00,1.058367795520839039e+00,-1.316744168768138934e+00,6.309856497800998554e-01
2.835999999999909260e+00,1.028910264165703081e+00,-1.225384927223879927e+00,5.889049908304252456e-01,-4.829807668626393546e-01,1.923997358696838633e+00,-4.594481499385388162e-02,9.724536895900911526e-01,1.881967045817886097e-01,1.369045143374465479e-01,-1.315203182787816859e-02,5.547642744534466708e+00,3.764142444612912808e+00,2.781080626571031944e-01,3.458908298855319696e+00,1.293154390870514980e+00,1.950049391777051166e+00,3.665914565602086839e+00,1.057749255043605174e+00,-1.313395512887780114e+00,6.306316866851409131e-01
2.837999999999909040e+00,1.027944302631977891e+00,-1.221536932506486206e+00,5.888131012004375053e-01,-4.764434269099278585e-01,1.914750430132230674e+00,-4.323772937329740940e-02,9.708761157342982173e-01,1.936747508006680107e-01,1.404365053886365289e-01,-1.293239162753116907e-02,5.688277978082388664e+00,3.584615982953360813e+00,2.982067953391744908e-01,3.407680899958571707e+00,1.236131556143553967e+00,2.005871844128182424e+00,3.719847962405787190e+00,1.057134126248543637e+00,-1.310065295514561967e+00,6.302801824206474279e-01
2.839999999999908820e+00,1.026991415778158112e+00,-1.217707431646221750e+00,5.887266257416908788e-01,-4.697459836887298845e-01,1.905250316224947005e+00,-4.068163143605622867e-02,9.692529346382395827e-01,1.992810876492913108e-01,1.437821490027465787e-01,-1.274717335835647697e-02,5.817903022921025347e+00,3.397420479590588904e+00,3.192852664047148292e-01,3.354092450107043710e+00,1.182001307724984240e+00,2.063180358019794269e+00,3.771517422843954304e+00,1.056522420664011364e+00,-1.306753576717881060e+00,6.299311346839777670e-01
2.841999999999908599e+00,1.026051923810780586e+00,-1.213896931013771940e+00,5.886452624788187649e-01,-4.628987891493148710e-01,1.895492229707531839e+00,-3.828120147801495482e-02,9.675871094811924200e-01,2.050046592328544637e-01,1.469339772872545191e-01,-1.259688759976243001e-02,5.936151413567060331e+00,3.202944362971441805e+00,3.413297925074739725e-01,3.298242702320108855e+00,1.130910303397794081e+00,2.121840571162543654e+00,3.820813934924946587e+00,1.055914149544380010e+00,-1.303460415156507679e+00,6.295845410716216506e-01
2.843999999999908379e+00,1.025126126232482004e+00,-1.210105946554356882e+00,5.885687000758627052e-01,-4.559125473514948901e-01,1.885471949616559062e+00,-3.604079441020884012e-02,9.658818208678838779e-01,2.108340945351236950e-01,1.498849354046184468e-01,-1.248194044404957528e-02,6.042679909248498404e+00,3.001593911250323377e+00,3.643172728615819422e-01,3.240238581851514699e+00,1.082998187062535367e+00,2.181715535955283336e+00,3.867631457292202590e+00,1.055309323862532622e+00,-1.300185868062214922e+00,6.292403990786032963e-01
2.845999999999908159e+00,1.024214301137779115e+00,-1.206335002655123834e+00,5.884966184870422667e-01,-4.487982849804940111e-01,1.875185830647263296e+00,-3.396441844976090529e-02,9.641404623185151346e-01,2.167577324774489778e-01,1.526284013417711360e-01,-1.240263824070163973e-02,6.137169403759145325e+00,2.793792526777629792e+00,3.882149449179367329e-01,3.180194173671276658e+00,1.038397091332271760e+00,2.242666098998991497e+00,3.911867019776186893e+00,1.054707954312847917e+00,-1.296929991222498302e+00,6.288987060984529975e-01
2.847999999999907939e+00,1.023316704567818203e+00,-1.202584630993829284e+00,5.884286896501427222e-01,-4.415673208145590167e-01,1.864630810535749195e+00,-3.205571472102860392e-02,9.623666344624532965e-01,2.227636475742217625e-01,1.551582048939186553e-01,-1.235919281083436988e-02,6.219325810258866660e+00,2.579979968751993979e+00,4.129802335501626120e-01,3.118230676912505217e+00,9.972311557995811038e-01,2.304551280407542535e+00,3.953420837973747659e+00,1.054110051312763474e+00,-1.293692839022412500e+00,6.285594594248840039e-01
2.849999999999907718e+00,1.022433569926189056e+00,-1.198855369372757718e+00,5.883645782207006514e-01,-4.342312342914022572e-01,1.853804415464345157e+00,-3.031793790488698445e-02,9.605641379196327989e-01,2.288396761358003351e-01,1.574686457921109228e-01,-1.235172705225858793e-02,6.288880919201187858e+00,2.360611543494843811e+00,4.385606969879842221e-01,3.054476323801627480e+00,9.596160629379529849e-01,2.367228651574996956e+00,3.992196443536657036e+00,1.053515625000359890e+00,-1.290474464400006127e+00,6.282226562499166889e-01
2.851999999999907498e+00,1.021565107457606203e+00,-1.195147760541829030e+00,5.883039423448909178e-01,-4.268018333270678921e-01,1.842704763500027765e+00,-2.875393806779211886e-02,9.587369648631905994e-01,2.349734429706180627e-01,1.595545109028518871e-01,-1.238028085314982207e-02,6.345593227214138210e+00,2.136157251847523586e+00,4.648940719159216917e-01,2.989066261290834081e+00,9.256585942155790558e-01,2.430554710011069375e+00,4.028100831414385574e+00,1.052924685234303936e+00,-1.287274918864511619e+00,6.278882936660385994e-01
2.853999999999907278e+00,1.020711503790951991e+00,-1.191462351014829002e+00,5.882464344687553526e-01,-4.192911215459009244e-01,1.831330566090664469e+00,-2.736614379564125329e-02,9.568892892666501782e-01,2.411523885388047739e-01,1.614110904271718328e-01,-1.244481723070717423e-02,6.389248734358904613e+00,1.907100893244515927e+00,4.919084192931720834e-01,2.922142393592921827e+00,8.954562087862583120e-01,2.494385249881331035e+00,4.061044625106682737e+00,1.052337241596434936e+00,-1.284094252498164224e+00,6.275563686642149364e-01
2.855999999999907057e+00,1.019872921547860134e+00,-1.187799689882647725e+00,5.881917021811641222e-01,-4.117112650837066457e-01,1.819681127658668851e+00,-2.615654674993325018e-02,9.550254558489716938e-01,2.473637965101103953e-01,1.630341930261257899e-01,-1.254522861043889936e-02,6.419661706758933661e+00,1.673939126082322204e+00,5.195223715489837302e-01,2.853853183926049031e+00,8.690966469703665931e-01,2.558575726949064766e+00,4.090942260856301971e+00,1.051753303389007854e+00,-1.280932513945288065e+00,6.272268781362688728e-01
2.857999999999906837e+00,1.019049499017692817e+00,-1.184160327627330478e+00,5.881393890876642772e-01,-4.040745591274369497e-01,1.807756343345704675e+00,-2.512668775431973339e-02,9.531499677409516202e-01,2.535948216791741316e-01,1.644201597996499120e-01,-1.268134316183882129e-02,6.436675401192379908e+00,1.437180484157947413e+00,5.476454808883416403e-01,2.784353414365326351e+00,8.466575611786628652e-01,2.622981616598459631e+00,4.117712191146388534e+00,1.051172879633925916e+00,-1.277789750415138315e+00,6.268998188730909860e-01
2.859999999999906617e+00,1.018241349899438042e+00,-1.180544814940639009e+00,5.880891357121555973e-01,-3.963933943543294647e-01,1.795556694975878109e+00,-2.427764450998755666e-02,9.512674729066870061e-01,2.598325181912358728e-01,1.655658770462084262e-01,-1.285293110719077161e-02,6.440162747814047073e+00,1.197344349108508510e+00,5.761786674933940811e-01,2.713803902728386230e+00,8.282061766221604504e-01,2.687458763717263110e+00,4.141277107744766539e+00,1.050595979078083886e+00,-1.274666007687812908e+00,6.265751875660745540e-01
2.861999999999906397e+00,1.017448563110729287e+00,-1.176953701550687237e+00,5.880405804231356726e-01,-3.886802234311090287e-01,1.783083245317862220e+00,-2.361002102783107959e-02,9.493827493640543125e-01,2.660638680311841475e-01,1.664687877317135301e-01,-1.305971092205069663e-02,6.430026986783317966e+00,9.549598789883669836e-01,6.050147654468811531e-01,2.642371175874133726e+00,8.137989841749220243e-01,2.751863723178940901e+00,4.161564184144680212e+00,1.050022610186234218e+00,-1.271561330099473253e+00,6.262529808068597603e-01
2.863999999999906176e+00,1.016671202663867124e+00,-1.173387535060051556e+00,5.879933603810799658e-01,-3.809475277295495954e-01,1.770337630738203272e+00,-2.312393885390835388e-02,9.475006892582964468e-01,2.722758097283785594e-01,1.671269015978576467e-01,-1.330135534857996432e-02,6.406202254205553004e+00,7.105648933859204375e-01,6.340391632388605592e-01,2.570227099162064377e+00,8.034814679027140194e-01,2.816054089800755111e+00,4.178505336796431102e+00,1.049452781146188229e+00,-1.268475760550074938e+00,6.259331950873550099e-01
2.865999999999905956e+00,1.015909307608408030e+00,-1.169846859798575167e+00,5.879471125033721712e-01,-3.732077844086414964e-01,1.757322052348743169e+00,-2.281903015288487199e-02,9.456262818528073932e-01,2.784552672289730690e-01,1.675388038423288317e-01,-1.357749714629895819e-02,6.368654112470446549e+00,4.647047157703924625e-01,6.631305347556585295e-01,2.497548462217307197e+00,7.972878695696976603e-01,2.879888816671019924e+00,4.192037504253112168e+00,1.048886499866968691e+00,-1.265409340506209901e+00,6.256158268002769418e-01
2.867999999999905736e+00,1.015162892039590758e+00,-1.166332215693877572e+00,5.879014744430663963e-01,-3.654734340060122877e-01,1.744039265760666257e+00,-2.269443270244967184e-02,9.437645955109447149e-01,2.845891788864987060e-01,1.677036623064022125e-01,-1.388773450896192696e-02,6.317380019782951273e+00,2.179309740815931484e-01,6.921616556945308085e-01,2.424516521418895287e+00,7.952409922831467082e-01,2.943228520817996241e+00,4.202102942957909981e+00,1.048323773978752982e+00,-1.262362109996558956e+00,6.253008722391788510e-01
2.869999999999905516e+00,1.014431945171578642e+00,-1.162844137162356351e+00,5.878560855776614469e-01,-3.577568486719536200e-01,1.730492569565528660e+00,-2.274878683943072979e-02,9.419207587521282177e-01,2.906645265202489892e-01,1.676212331091442853e-01,-1.423163608107957598e-02,6.252409733452932272e+00,-2.919963905788588998e-02,7.210002994118209774e-01,2.351316499984515751e+00,7.973520454253817391e-01,3.005935775330032200e+00,4.208649538003520263e+00,1.047764610833867849e+00,-1.259334107600977859e+00,6.249883275983370012e-01
2.871999999999905295e+00,1.013716431474234625e+00,-1.159383152023225394e+00,5.878105880039825593e-01,-3.500703011684737076e-01,1.716685792669411681e+00,-2.298023438547838748e-02,9.400999404745190580e-01,2.966683644895712901e-01,1.672918646719638580e-01,-1.460874551308233293e-02,6.173805641399941813e+00,-2.761266447128732926e-01,7.495102053256091912e-01,2.278137047340744292e+00,8.036205330171861672e-01,3.067875387014129096e+00,4.211631126711439244e+00,1.047209017507897855e+00,-1.256325370482329618e+00,6.246781889741717109e-01
2.873999999999905075e+00,1.013016290871897596e+00,-1.155949780437886654e+00,5.877646275352116367e-01,-3.424259347443693868e-01,1.702623280611613721e+00,-2.338641956928924626e-02,9.383073294451094171e-01,3.025878487305800335e-01,1.667165000825087118e-01,-1.501858550015419506e-02,6.081663016193424198e+00,-5.222870924125810888e-01,7.775521121060792185e-01,2.205169659017254258e+00,8.140341869196225932e-01,3.128914658952086647e+00,4.211007832811395346e+00,1.046657000794484205e+00,-1.253335934332824309e+00,6.243704523630304593e-01
2.875999999999904855e+00,1.012331439002408962e+00,-1.152544533876663335e+00,5.877178546960730721e-01,-3.348357339837555458e-01,1.688309881000786827e+00,-2.396449194885253570e-02,9.365481131660634562e-01,3.084102657000133418e-01,1.658966777529005399e-01,-1.546066125635502456e-02,5.976110186031148963e+00,-7.671169086588709440e-01,8.049848471042040376e-01,2.132608059944152590e+00,8.285689469586705602e-01,3.188923637300201008e+00,4.206746408178931418e+00,1.046108567213169138e+00,-1.250365833428588758e+00,6.240651136645700703e-01
2.877999999999904635e+00,1.011661767534441481e+00,-1.149167914114661793e+00,5.876699257121753561e-01,-3.273114967123615937e-01,1.673750928203137978e+00,-2.471111132714473926e-02,9.348274562334935034e-01,3.141230611691323560e-01,1.648345303340770229e-01,-1.593446338266760187e-02,5.857308617114459715e+00,-1.010052276088439616e+00,8.316664626947529726e-01,2.060647553309851610e+00,8.471889887693493382e-01,3.247775341847304098e+00,4.198820579279995080e+00,1.045563723002716827e+00,-1.247415100602381699e+00,6.237621686793124454e-01
2.879999999999904414e+00,1.011007144541016700e+00,-1.145820412258255594e+00,5.876205034895211066e-01,-3.198648070313113712e-01,1.658952227415515956e+00,-2.562245464278581700e-02,9.331504783115204260e-01,3.197138688086423319e-01,1.635327818554571100e-01,-1.643947009505307769e-02,5.725452902098611574e+00,-1.250531039713560055e+00,8.574554095376657470e-01,1.989484338298120658e+00,8.698468006977442268e-01,3.305345980047689203e+00,4.187211394768281636e+00,1.045022474126428236e+00,-1.244483767233589333e+00,6.234616131100088054e-01
2.881999999999904194e+00,1.010367414926954144e+00,-1.142502507803424550e+00,5.875692585802355650e-01,-3.125070095334652742e-01,1.643920038252877802e+00,-2.669422480644704013e-02,9.315222318503381116e-01,3.251705385037317320e-01,1.619947430672945832e-01,-1.697514878636365715e-02,5.580770649633770120e+00,-1.487994136201368667e+00,8.822117361771072419e-01,1.919314800457708969e+00,8.964833104500993244e-01,3.361515144242032793e+00,4.171907570540218657e+00,1.044484826268815780e+00,-1.241571863271872189e+00,6.231634425619523299e-01
2.883999999999903974e+00,1.009742400907887250e+00,-1.139214667726918817e+00,5.875158701306226749e-01,-3.052491847430270910e-01,1.628661057975040682e+00,-2.792166144445331136e-02,9.299476796820068669e-01,3.304811643365377360e-01,1.602243049718441448e-01,-1.754095690398286764e-02,5.423522270372729714e+00,-1.721887041712129252e+00,9.057983038686340249e-01,1.850334778246273792e+00,9.270280617105421950e-01,3.416165992118196826e+00,4.152905828436663782e+00,1.043950784837933909e+00,-1.238679417234436642e+00,6.228676525433760602e-01
2.885999999999903753e+00,1.009131902538401127e+00,-1.135957345610968838e+00,5.874600268077337928e-01,-2.981021258045343791e-01,1.613182404470439923e+00,-2.929955350129553882e-02,9.284316726318119217e-01,3.356341121716636677e-01,1.582259305387679338e-01,-1.813634213329896189e-02,5.254000655366353634e+00,-1.951661233364165637e+00,9.280820051346795330e-01,1.782738810328179824e+00,9.613994408128305746e-01,3.469185410455672525e+00,4.130211224422287941e+00,1.043420354965236996e+00,-1.235806456194325165e+00,6.225742384647423577e-01
2.887999999999903533e+00,1.008535698286792126e+00,-1.132730980802028053e+00,5.874014277007312268e-01,-2.910763164335039566e-01,1.597491599106251714e+00,-3.082225364443115165e-02,9.269789272861265195e-01,3.406180467789131083e-01,1.560046446099837003e-01,-1.876074188546417165e-02,5.072530743358361960e+00,-2.176775658990124818e+00,9.489349742423563994e-01,1.716719368104280941e+00,9.995049529638473373e-01,3.520464162453133206e+00,4.103837462089883203e+00,1.042893541502822430e+00,-1.232953005766319166e+00,6.222831956394534458e-01
2.889999999999903313e+00,1.007953545653925032e+00,-1.129535997603815511e+00,5.873397831934423774e-01,-2.841819101274550841e-01,1.581596549543445640e+00,-3.248369440610378300e-02,9.255940040597944174e-01,3.454219584261936649e-01,1.535660220092990857e-01,-1.941358209630490717e-02,4.879468974232902490e+00,-2.396698209436629146e+00,9.682357776389446391e-01,1.652466078769383451e+00,1.041241547458974237e+00,3.569897019041465391e+00,4.073807187017007614e+00,1.042370349029257071e+00,-1.230119090149457861e+00,6.219945192849811733e-01
2.891999999999903093e+00,1.007385181833670096e+00,-1.126372804504728542e+00,5.872748158046301459e-01,-2.774287106241532519e-01,1.565505532604693384e+00,-3.427740599085640771e-02,9.242812857070035193e-01,3.500351888746852658e-01,1.509161738826062804e-01,-2.009427535162089731e-02,4.675202626609220147e+00,-2.610907187365075544e+00,9.858705722970101393e-01,1.590164943595533398e+00,1.086495990250757604e+00,3.617382874772903101e+00,4.040152257889920939e+00,1.041850781845598206e+00,-1.227304732092932227e+00,6.217082045224691100e-01
2.893999999999902872e+00,1.006830324412421707e+00,-1.123241793439519132e+00,5.872062609926483878e-01,-2.708261535823564548e-01,1.549227177269450362e+00,-3.619653566998159988e-02,9.230449564194636025e-01,3.544474567078248484e-01,1.480617323049645551e-01,-2.080221836243119349e-02,4.460149038493232077e+00,-2.818892766184399878e+00,1.001734220021123445e+00,1.529997557278949039e+00,1.135145282507775022e+00,3.662824848990646309e+00,4.002913989918777560e+00,1.041334843977127278e+00,-1.224509952917117062e+00,6.214242463762067459e-01
2.895999999999902652e+00,1.006288672105257076e+00,-1.120143339084980205e+00,5.871338679213083944e-01,-2.643832894507100462e-01,1.532770447857175533e+00,-3.823386867891834934e-02,9.218889816543255344e-01,3.586488819255749250e-01,1.450098332015051228e-01,-2.153678882185814519e-02,4.234754710803877664e+00,-3.020158432535723136e+00,1.015731345959438814e+00,1.472140333625513442e+00,1.187057122866829184e+00,3.706130373158417868e+00,3.962143366489375929e+00,1.040822539172411965e+00,-1.221734772499019073e+00,6.211426397750789974e-01
2.897999999999902432e+00,1.005759905526355746e+00,-1.117077798189265891e+00,5.870574001839505840e-01,-2.581087674819597111e-01,1.516144627444786508e+00,-4.038185052816874177e-02,9.208170888317284142e-01,3.626300097357809671e-01,1.417680976395888914e-01,-2.229734168326419699e-02,3.999494294595106414e+00,-3.214222405567967122e+00,1.027777329913558635e+00,1.416763743333917080e+00,1.242090410940169143e+00,3.747211265340348874e+00,3.917901214986763581e+00,1.040313870906915739e+00,-1.218979209277733844e+00,6.208633795523317289e-01
2.899999999999902212e+00,1.005243687991391743e+00,-1.114045508934376372e+00,5.869766364828942207e-01,-2.520108208429036600e-01,1.499359301549246348e+00,-4.263261063372655174e-02,9.198327490380425742e-01,3.663818334752426131e-01,1.383446115599169246e-01,-2.308320490687267718e-02,3.754869463839099808e+00,-3.400619026142194024e+00,1.037799219528320549e+00,1.364031569645757447e+00,1.300095789112881928e+00,3.785983792894637379e+00,3.870258342986918176e+00,1.039808842378734610e+00,-1.216243280262631288e+00,6.205864604460264999e-01
2.901999999999901991e+00,1.004739666349705907e+00,-1.111046790331277956e+00,5.868913712616267153e-01,-2.460972527656264397e-01,1.482424342091089198e+00,-4.497798716937816133e-02,9.189391598658395166e-01,3.698958165944554177e-01,1.347479040241967019e-01,-2.389367472934557021e-02,3.501407676649883172e+00,-3.578900109088970716e+00,1.045736555032837467e+00,1.314100187165560651e+00,1.360916219209914235e+00,3.822368724660865080e+00,3.819295631439713734e+00,1.039307456512434058e+00,-1.213527001020622720e+00,6.203118770995237341e-01
2.903999999999901771e+00,1.004247471844174733e+00,-1.108081941647095725e+00,5.868014152872879086e-01,-2.403754236822189805e-01,1.465349891638971336e+00,-4.740955303942499116e-02,9.181392295153458782e-01,3.731639136417660985e-01,1.309869240663662782e-01,-2.472801051761657279e-02,3.239660828919549651e+00,-3.748636251681718434e+00,1.051542095969426827e+00,1.267117869649197592e+00,1.424387590385059799e+00,3.856291373863829808e+00,3.765104081612071774e+00,1.038809715959247981e+00,-1.210830385693441258e+00,6.200396240609142851e-01
2.905999999999901551e+00,1.003766720996810191e+00,-1.105151241863817857e+00,5.867065961812090169e-01,-2.348522392838073014e-01,1.448146347920172605e+00,-4.991864286732267814e-02,9.174355622746446226e-01,3.761785901850001057e-01,1.270710162431525625e-01,-2.558542927457958804e-02,2.970203805373138550e+00,-3.909418091618976465e+00,1.055182441208573740e+00,1.223224132020961363e+00,1.490339354201945410e+00,3.887681633126005565e+00,3.707784813086566267e+00,1.038315623093923890e+00,-1.208153446987637381e+00,6.197696957843268351e-01
2.907999999999901330e+00,1.003297016518242657e+00,-1.102254949167977616e+00,5.866067588954744227e-01,-2.295341394453059014e-01,1.430824348567873328e+00,-5.249638089355498916e-02,9.168304454872121534e-01,3.789328416114030595e-01,1.230098949877618392e-01,-2.646509986996905747e-02,2.693632934035216309e+00,-4.060857508034316332e+00,1.056638534516238348e+00,1.182549111454229251e+00,1.558595182422993330e+00,3.916474002999926540e+00,3.647449010630844590e+00,1.037825180020293558e+00,-1.205496196172759937e+00,6.195020866300700035e-01
2.909999999999901110e+00,1.002837948239352128e+00,-1.099393300470841828e+00,5.865017661336873189e-01,-2.244270879592794310e-01,1.413394756061565838e+00,-5.513370967300357944e-02,9.163258381055793267e-01,3.814202107499418126e-01,1.188136178776495605e-01,-2.736613707488885425e-02,2.410564351111685877e+00,-4.202588759311633559e+00,1.055906049061076102e+00,1.145212992727247192e+00,1.628973643132621163e+00,3.942607615405092414e+00,3.584217817978480269e+00,1.037338388567549785e+00,-1.202858643101365033e+00,6.192367908639502261e-01
2.911999999999900890e+00,1.002389094063433461e+00,-1.096566510958718599e+00,5.863914987143412638e-01,-2.195365630264623780e-01,1.395868642805085269e+00,-5.782141946079322886e-02,9.159233609190278180e-01,3.836348042636817945e-01,1.144925579335098614e-01,-2.828759548284084935e-02,2.121632284130302804e+00,-4.334269551881941851e+00,1.052995645399767533e+00,1.111325481763831391e+00,1.701288890147727662e+00,3.966026253456313988e+00,3.518222177494675584e+00,1.036855250292378017e+00,-1.200240796184459668e+00,6.189738026593465392e-01
2.913999999999900670e+00,1.001950020937380614e+00,-1.093774773673108491e+00,5.862758558754196381e-01,-2.148675484557907300e-01,1.378257276274863719e+00,-6.055017817319660600e-02,9.156242885313713442e-01,3.855713077639361108e-01,1.100573750717410287e-01,-2.922846340378494265e-02,1.827487262035887738e+00,-4.455582034581340167e+00,1.047933098771749005e+00,1.080985331713555153e+00,1.775351361010109486e+00,3.986678369044865722e+00,3.449602614813634283e+00,1.036375766480633231e+00,-1.197642662416058101e+00,6.187131160957610732e-01
2.915999999999900449e+00,1.001520285840469038e+00,-1.091018259120558831e+00,5.861547555190732561e-01,-2.104245255338383913e-01,1.360572104161636320e+00,-6.331056180890105856e-02,9.154295431521211057e-01,3.872249996022302243e-01,1.055189868366485789e-01,-3.018765682060853620e-02,1.528794261623018125e+00,-4.566233713675747374e+00,1.040759292852980744e+00,1.054279924864673701e+00,1.850968478361473935e+00,4.004517099563043914e+00,3.378508968470748108e+00,1.035899938145464105e+00,-1.195064247359653109e+00,6.184547251609791019e-01
2.917999999999900229e+00,1.001099436789401276e+00,-1.088297114912235575e+00,5.860281343954554245e-01,-2.062114655317056067e-01,1.342824739420818370e+00,-6.609308521441180362e-02,9.153396902507994204e-01,3.885917633007048844e-01,1.008885385414476643e-01,-3.116401349939631679e-02,1.226230800287737566e+00,-4.665958284205816931e+00,1.031530078499922398e+00,1.031284913398335057e+00,1.927945349759021099e+00,4.019500285071686108e+00,3.305100064889274769e+00,1.035427766027170904e+00,-1.192505555154127705e+00,6.181986237490511016e-01
2.919999999999900009e+00,1.000687013858337915e+00,-1.085611465433393930e+00,5.858959482250265527e-01,-2.022318228266066498e-01,1.325026945140666434e+00,-6.888823307595071110e-02,9.153549361099732051e-01,3.896680985863633651e-01,9.617737294871421538e-02,-3.215628734600552152e-02,9.204849855520405022e-01,-4.754516373920884220e+00,1.020315997428864918e+00,1.012063921443332237e+00,2.006085460918007435e+00,4.031590487137765244e+00,3.229543339769287424e+00,1.034959250598975089e+00,-1.189966588528079683e+00,6.179448056634475606e-01
2.921999999999899789e+00,1.000282550212684640e+00,-1.082961411543112540e+00,5.857581717588746795e-01,-1.984885286255344550e-01,1.307190619133830278e+00,-7.168649101940359480e-02,9.154751272978773891e-01,3.904511309994934121e-01,9.139699962127843802e-02,-3.316314310163803042e-02,6.122535321417983400e-01,-4.831696196737093274e+00,1.007201872197335479e+00,9.966683101708309067e-01,2.085191357353715969e+00,4.040755010428706662e+00,3.152014407491638970e+00,1.034494392061363399e+00,-1.187447348776629497e+00,6.176932646148989292e-01
2.923999999999899568e+00,9.998855731554335824e-01,-1.080347030304844802e+00,5.856147987768358654e-01,-1.949839852888377023e-01,1.289327778155590964e+00,-7.447837669826974649e-02,9.156997520664140744e-01,3.909386200515703735e-01,8.655906407364777344e-02,-3.418315146933755683e-02,3.022397576111853779e-01,-4.897314113313574246e+00,9.922862652820076956e-01,9.851370073846634767e-01,2.165065309943027927e+00,4.046965928069358398e+00,3.072696580522380927e+00,1.034033190344816333e+00,-1.184947835779723846e+00,6.174439942229517087e-01
2.925999999999899348e+00,9.994956051848559175e-01,-1.077768374748533597e+00,5.854658420234393201e-01,-1.917200612625957201e-01,1.271450541653268873e+00,-7.725447074929056579e-02,9.160279436650314855e-01,3.911289659129618124e-01,8.167531685194868996e-02,-3.521478476158702159e-02,-8.848432473925638142e-03,-4.951215097075992055e+00,9.756808114244310826e-01,9.774964019626126710e-01,2.245509959666213362e+00,4.050200111613500020e+00,2.991780341594131976e+00,1.033575645113929298e+00,-1.182468048012140116e+00,6.171969880171337408e-01
2.927999999999899128e+00,9.991121650623306927e-01,-1.075225473665227138e+00,5.853113330819407212e-01,-1.886980866395347456e-01,1.253571114953861310e+00,-8.000544749450241855e-02,9.164584855456471280e-01,3.910212146156676338e-01,7.675758266708526678e-02,-3.625641315646788154e-02,-3.203005588495689282e-01,-4.993273104719072819e+00,9.575094287865172360e-01,9.737603034277900749e-01,2.326328937394308571e+00,4.050439266272835681e+00,2.909462771631401878e+00,1.033121755759085048e+00,-1.180007982524386989e+00,6.169522394354620687e-01
2.929999999999898908e+00,9.987347688890516606e-01,-1.072718331435319472e+00,5.851513221869517611e-01,-1.859188493789412366e-01,1.235701771802253823e+00,-8.272210526817361242e-02,9.169898184185792944e-01,3.906150617611710563e-01,7.181772970141776791e-02,-3.730630164612686733e-02,-6.314055716971533894e-01,-5.023391350936032396e+00,9.379074157173113990e-01,9.739299657990864167e-01,2.407327454901101671e+00,4.047669971994673155e+00,2.825946936998157799e+00,1.032671521408817128e+00,-1.177567634960894338e+00,6.167097418262335040e-01
2.931999999999898687e+00,9.983629311902937342e-01,-1.070246927891715050e+00,5.849858779764154360e-01,-1.833825922261426711e-01,1.217854836169401267e+00,-8.539539624666556139e-02,9.176200491045379826e-01,3.899108547281030512e-01,6.686763920384944382e-02,-3.836260775663200007e-02,-9.414538322783587709e-01,-5.041502487820309852e+00,9.170204411825899626e-01,9.779941749908579451e-01,2.488312863571910949e+00,4.041883730630942750e+00,2.741441239836424959e+00,1.032224940921681267e+00,-1.175146999567289186e+00,6.164694884481596304e-01
2.933999999999898467e+00,9.979961660058414008e-01,-1.067811218219376190e+00,5.848150871839220555e-01,-1.810890103816348573e-01,1.200042663260115106e+00,-8.801645566019737632e-02,9.183469611132833998e-01,3.889095933788961346e-01,6.191917548184910913e-02,-3.942338011265589248e-02,-1.249739063300169706e+00,-5.047568690083995335e+00,8.950034379764897352e-01,9.859293974750124034e-01,2.569095177642030325e+00,4.033077019433389587e+00,2.656158735856001041e+00,1.031782012888159628e+00,-1.172746069151287429e+00,6.162314724697699475e-01
2.935999999999898247e+00,9.976339879850781855e-01,-1.065411132892855939e+00,5.846390542726016548e-01,-1.790372499780887028e-01,1.182277619660164758e+00,-9.057663026483249447e-02,9.191680268657652642e-01,3.876129292687477967e-01,5.698415639175453962e-02,-4.048655791391354147e-02,-1.555560258789410844e+00,-5.041581647826332890e+00,8.720194088964052792e-01,9.976999887892636920e-01,2.649487559796988023e+00,4.021251350738552333e+00,2.570316423667176498e+00,1.031342735634611429e+00,-1.170364835158181904e+00,6.159956869714013905e-01
2.937999999999898026e+00,9.972759134851220120e-01,-1.063046577653535607e+00,5.844579010120719564e-01,-1.772259074308513982e-01,1.164572062577504896e+00,-9.306750595589123598e-02,9.200804214635353029e-01,3.860231633641701410e-01,5.207432442084430901e-02,-4.154997138284100000e-02,-1.858223545097971607e+00,-5.023562469263432639e+00,8.482381568896303348e-01,1.013258458221369063e+00,2.729306766416834673e+00,4.006413337686790754e+00,2.484134510726478062e+00,1.030907107221937125e+00,-1.168003287607177754e+00,6.157621249447720047e-01
2.939999999999897806e+00,9.969214616702603005e-01,-1.060717433528380660e+00,5.842717660001601754e-01,-1.756530297329767232e-01,1.146938318145592328e+00,-9.548093440411165034e-02,9.210810378972000834e-01,3.841432422819398562e-01,4.720131844619566280e-02,-4.261134323482973496e-02,-2.157043985390868723e+00,-4.993561496302384661e+00,8.238349509918101443e-01,1.032545787423484684e+00,2.808373551496323728e+00,3.988574765447959969e+00,2.397835660194878482e+00,1.030475125445464712e+00,-1.165661415127772216e+00,6.155307792929525235e-01
2.941999999999897586e+00,9.965701556107943171e-01,-1.058423556892089445e+00,5.840808041313519938e-01,-1.743161157699873454e-01,1.129388658773732956e+00,-9.780905859899352572e-02,9.221665035746954286e-01,3.819767530625752805e-01,4.237664624648884715e-02,-4.366829121334726838e-02,-2.451347320922529605e+00,-4.951658036365143012e+00,7.989891404654835272e-01,1.055491798981458063e+00,2.886513027934780595e+00,3.967752667364511154e+00,2.311644223722566061e+00,1.030046787838388767e+00,-1.163339204949750183e+00,6.153016428321285147e-01
2.943999999999897366e+00,9.962215233792542923e-01,-1.056164779574541912e+00,5.838851860141539563e-01,-1.732121187318313993e-01,1.111935279546388600e+00,-1.000443371865973180e-01,9.233331980404448913e-01,3.795279164954036277e-01,3.761165783375728516e-02,-4.471833172266981293e-02,-2.740471643343353136e+00,-4.897960014275932750e+00,7.738827300367346895e-01,1.082015571286336852e+00,2.963554985775019190e+00,3.943969405148094243e+00,2.225785464857362062e+00,1.029622091668217720e+00,-1.161036642920578288e+00,6.150747082902645602e-01
2.945999999999897145e+00,9.958750991417906206e-01,-1.053940909015449234e+00,5.836850973397808007e-01,-1.723374496999454386e-01,1.094590273691461002e+00,-1.021795674930194714e-01,9.245772717480394975e-01,3.768015790149064070e-01,3.291751966278255725e-02,-4.575888458075944715e-02,-3.023768993294869922e+00,-4.832603548383523240e+00,7.486989294439768683e-01,1.112025895445969415e+00,3.039334167395091324e+00,3.917252752164239737e+00,2.140484777879114286e+00,1.029201033940497112e+00,-1.158753713485850767e+00,6.148499683088379797e-01
2.947999999999896925e+00,9.955304242423906880e-01,-1.051751728468066416e+00,5.834807382047947355e-01,-1.716879824858391357e-01,1.077365607155482685e+00,-1.042079071289284120e-01,9.258946657421005533e-01,3.738032031903262276e-01,2.830518976653256108e-02,-4.678727890416770757e-02,-3.300606881526471525e+00,-4.755752455338541296e+00,7.236206907150742884e-01,1.145421770254234195e+00,3.113690500413799800e+00,3.887635978556101435e+00,2.055966906496727642e+00,1.028783611401367537e+00,-1.156490399722713391e+00,6.146274154435777959e-01
2.949999999999896705e+00,9.951870482774189952e-01,-1.049596997253755548e+00,5.832723223905368348e-01,-1.712590597942749981e-01,1.060273092342754797e+00,-1.061228940766616030e-01,9.272811320994818196e-01,3.705388568325475585e-01,2.378539385689439067e-02,-4.780076012580219275e-02,-3.570369729816433413e+00,-4.667597688175724180e+00,6.988292466076484466e-01,1.182092930432632194e+00,3.186469289135590799e+00,3.855157936911175920e+00,1.972455167021578193e+00,1.028369820531851886e+00,-1.154246683310304888e+00,6.144070421631289136e-01
2.951999999999896485e+00,9.948445301578304756e-01,-1.047476451069069947e+00,5.830600766023834591e-01,-1.710455007787971826e-01,1.043324361093079133e+00,-1.079184651671139250e-01,9.287322549760282930e-01,3.670152007439825836e-01,1.936860242105862412e-02,-4.879649813511902773e-02,-3.832460229942600716e+00,-4.568356712440610146e+00,6.745026635483373223e-01,1.221920403865626614e+00,3.257521366403153262e+00,3.819863146954419975e+00,1.890170680092976729e+00,1.027959657556580808e+00,-1.152022544558974460e+00,6.141888408515532305e-01
2.953999999999896264e+00,9.945024391562728994e-01,-1.045389802346883723e+00,5.828442396720492358e-01,-1.710416100502858971e-01,1.026530836990943607e+00,-1.095889728614543451e-01,9.302434721027167397e-01,3.632394751386920917e-01,1.506500883543920866e-02,-4.977159651887370223e-02,-4.086300619916869437e+00,-4.458272825171854414e+00,6.508144221614904357e-01,1.264777093095595273e+00,3.326703207640718141e+00,3.781801877645152299e+00,1.809331615035031371e+00,1.027553118439529456e+00,-1.149817962397548854e+00,6.139728038072496119e-01
2.955999999999896044e+00,9.941603559361723574e-01,-1.043336740672901941e+00,5.826250617263263321e-01,-1.712411881903769251e-01,1.009903707115592519e+00,-1.111292002606379947e-01,9.318100965742250885e-01,3.592194847612454334e-01,1.088450851102951145e-02,-5.072310286912627697e-02,-4.331333877587383085e+00,-4.337614421513451113e+00,6.279320381032849063e-01,1.310528376599604083e+00,3.393877009651192100e+00,3.741030224938613813e+00,1.730152450507406181e+00,1.027150198885466992e+00,-1.147632914391522263e+00,6.137589232444602416e-01
2.957999999999895824e+00,9.938178735597915647e-01,-1.041316933258670696e+00,5.824028033258050741e-01,-1.716375438111941709e-01,9.934538933572568675e-01,-1.125343742749579101e-01,9.334273387737332950e-01,3.549635827339278626e-01,6.836679076732038278e-03,-5.164802011386005615e-02,-4.567024832552705860e+00,-4.206674213646026672e+00,6.060157354139033004e-01,1.359032725245390649e+00,3.458910736921603224e+00,3.697610183394081318e+00,1.652843254906390946e+00,1.026750894342315590e+00,-1.145467376734870868e+00,6.135471912932350946e-01
2.959999999999895604e+00,9.934745984721691237e-01,-1.039330025471956187e+00,5.821777345772551904e-01,-1.722235071910520887e-01,9.771920234390079063e-01,-1.138001768957846438e-01,9.350903282800726579e-01,3.504806531628631427e-01,2.930761600530166003e-03,-5.254331881447461133e-02,-4.792861198066251660e+00,-4.065768406569420179e+00,5.852171839987416746e-01,1.410142329622313007e+00,3.521678138573160144e+00,3.651609709692936079e+00,1.577608989589816435e+00,1.026355199999814616e+00,-1.143321324257328797e+00,6.133376000000003714e-01
2.961999999999895383e+00,9.931301514577870471e-01,-1.037375641425078099e+00,5.819501342234636443e-01,-1.729914455028093434e-01,9.611284017963708237e-01,-1.149227545225526004e-01,9.367941356071068926e-01,3.457800925344963749e-01,-8.243571575324990441e-04,-5.340595036365664017e-02,-5.008354525276153879e+00,-3.915235835066975145e+00,5.656783121300028583e-01,1.463703733877092850e+00,3.582058739307254935e+00,3.603102776134221585e+00,1.504648837777943227e+00,1.025963110793158606e+00,-1.141194730421659642e+00,6.131301413278853474e-01
2.963999999999895163e+00,9.927841685667814220e-01,-1.035453384621485284e+00,5.817202887144184986e-01,-1.739332796376425738e-01,9.452729804772627142e-01,-1.158987253092980119e-01,9.385337936304120054e-01,3.408717899346948021e-01,-4.420161471682909453e-03,-5.423286100685489886e-02,-5.213041082669990445e+00,-3.755437065909525085e+00,5.475302040676930382e-01,1.519558472169672214e+00,3.639937808073040681e+00,3.552169412048454156e+00,1.434155561515216393e+00,1.025574621401888820e+00,-1.139087567347303320e+00,6.129248071576034462e-01
2.965999999999894943e+00,9.924363020075060993e-01,-1.033562838660530669e+00,5.814884912637998671e-01,-1.750405026123648122e-01,9.296353302340147895e-01,-1.167251845079240180e-01,9.403043185627937284e-01,3.357661061235521216e-01,-7.848522371390978872e-03,-5.502100660087504147e-02,-5.406482664082416179e+00,-3.586753469095595559e+00,5.308920920019373213e-01,1.577543703488724303e+00,3.695206307927842104e+00,3.498895731217189109e+00,1.366314889064342619e+00,1.025189726251115374e+00,-1.136999805801281127e+00,6.127215892877861947e-01
2.967999999999894722e+00,9.920862210022813876e-01,-1.031703568000062576e+00,5.812550408947839697e-01,-1.763041995333826661e-01,9.142246119850556685e-01,-1.173997077974777842e-01,9.421007303478733386e-01,3.304738514997963006e-01,-1.110171237567229331e-02,-5.576736801411744104e-02,-5.588267328913036458e+00,-3.409586261561750486e+00,5.158704505789851735e-01,1.637492841479986083e+00,3.747760831253752922e+00,3.443373943216395894e+00,1.301304934431770421e+00,1.024808419514444680e+00,-1.134931415197286242e+00,6.125204794355232352e-01
2.969999999999894502e+00,9.917336126032145760e-01,-1.029875118776092391e+00,5.810202414791889591e-01,-1.777150690751802820e-01,8.990495488281805558e-01,-1.179203526021999487e-01,9.439180723497263559e-01,3.250062629896264821e-01,-1.417241926185409603e-02,-5.646896706475727779e-02,-5.758010078422361566e+00,-3.224355526467408861e+00,5.025582012765417161e-01,1.699236175815675765e+00,3.797503524026581978e+00,3.385702346727179624e+00,1.239295650702620932e+00,1.024430695110170930e+00,-1.132882363608416654e+00,6.123214692367602296e-01
2.971999999999894282e+00,9.913781824650642616e-01,-1.028077019678436121e+00,5.807844007739845216e-01,-1.792634464161335373e-01,8.841183987891219065e-01,-1.182856574146965156e-01,9.457514302262616246e-01,3.193749798958311903e-01,-1.705375889152910274e-02,-5.712288288582326179e-02,-5.915353472098535903e+00,-3.031499210792728771e+00,4.910340328257745690e-01,1.762601481742730458e+00,3.844342003082304338e+00,3.325985302948697875e+00,1.180448318551299725e+00,1.024056546707500459e+00,-1.130852617765469859e+00,6.121245502463841248e-01
2.973999999999894062e+00,9.910196555722320388e-01,-1.026308782880857917e+00,5.805478294591551736e-01,-1.809393275598052686e-01,8.694389284882162450e-01,-1.184946391539057897e-01,9.475959498845473172e-01,3.135920187441895712e-01,-1.973928711715633444e-02,-5.772626859976876662e-02,-6.059968188044483561e+00,-2.831472103614541158e+00,4.813618428190987175e-01,1.827414615176819579e+00,3.888189270209945647e+00,3.264333187218883658e+00,1.124915070961483465e+00,1.023685967725159074e+00,-1.128842143066492554e+00,6.119297139397295027e-01
2.975999999999893841e+00,9.906577769171124315e-01,-1.024569905023881455e+00,5.803108401808473316e-01,-1.827323949558677108e-01,8.550183879050216040e-01,-1.185467886012357142e-01,9.494468544274574651e-01,3.076697471655105987e-01,-2.222301079270201998e-02,-5.827636817977514816e-02,-6.191553531228088936e+00,-2.624744797059084256e+00,4.735903045308247350e-01,1.893500090621013765e+00,3.928963626793555708e+00,3.200862317110857891e+00,1.072838455036275507e+00,1.023318951333466842e+00,-1.126850903599290632e+00,6.117369517132038581e-01
2.977999999999893621e+00,9.902923121272007023e-01,-1.022859868248071402e+00,5.800737466036448575e-01,-1.846320443216541984e-01,8.408634864158621713e-01,-1.184420639722847252e-01,9.512994600126988276e-01,3.016208568532128265e-01,-2.449939791089184721e-02,-5.877053337077174644e-02,-6.309837893254361951e+00,-2.411802631608452430e+00,4.677525618653418649e-01,1.960681639315896563e+00,3.966588592233466048e+00,3.135694855475334109e+00,1.024351031712486204e+00,1.022955490451950666e+00,-1.124878862103685151e+00,6.115462548830654654e-01
2.979999999999893401e+00,9.899230480385573516e-01,-1.021178141275239648e+00,5.798368624757003209e-01,-1.866274125534944928e-01,8.269803702709525028e-01,-1.181808826935643736e-01,9.531491905573411527e-01,2.954583356380875991e-01,-2.656338688816878638e-02,-5.920624054004704900e-02,-6.414579166955283185e+00,-2.193144627054959273e+00,4.638660542374090645e-01,2.028782745981106306e+00,4.000992829923347038e+00,3.068958686827249593e+00,9.795750136707864764e-01,1.022595577755057050e+00,-1.122925980009824798e+00,6.113576146881802842e-01
2.981999999999893181e+00,9.895497932134503793e-01,-1.019524180534697733e+00,5.796005007103132156e-01,-1.887074066063314792e-01,8.133746016688802039e-01,-1.177641114670774231e-01,9.549915912332300749e-01,2.891954387239241697e-01,-2.841039501632573391e-02,-5.958110732536288368e-02,-6.505565118740932462e+00,-1.969282400128990806e+00,4.619324720832835296e-01,2.097627162055792471e+00,4.032110083446644566e+00,3.000787265834974349e+00,9.386219419468183611e-01,1.022239205670077311e+00,-1.120992217425452964e+00,6.111710222889419342e-01
2.983999999999892960e+00,9.891723784002377506e-01,-1.017897431331360014e+00,5.793649724873790596e-01,-1.908607332111129651e-01,8.000511395744194232e-01,-1.171930547169281328e-01,9.568223407110203471e-01,2.828456591299366440e-01,-3.003632609717252905e-02,-5.989290894772210383e-02,-6.582613721172976717e+00,-1.740739069526257676e+00,4.619378426067232701e-01,2.167039394096679672e+00,4.059879125995279558e+00,2.931319436721770533e+00,9.015924013762965927e-01,1.021886366380870825e+00,-1.119077533173197025e+00,6.109864687689485763e-01
2.985999999999892740e+00,9.887906569338155149e-01,-1.016297329052211262e+00,5.791305863779452334e-01,-1.930759292919660697e-01,7.870143224132939430e-01,-1.164694415242107234e-01,9.586372621228457236e-01,2.764226973884735816e-01,-3.143757727353693743e-02,-6.013959405637013533e-02,-6.645573447758863495e+00,-1.508048148873510685e+00,4.638527442980601156e-01,2.236845165686568659e+00,4.084243724941521769e+00,2.860699222792643326e+00,8.685757751981838526e-01,1.021537051825193387e+00,-1.117181884736908160e+00,6.108039451345197435e-01
2.987999999999892520e+00,9.884045050752315875e-01,-1.014723300407384565e+00,5.788976474948968054e-01,-1.953413929397288251e-01,7.742678527619611950e-01,-1.155954111649001026e-01,9.604323327257616727e-01,2.699404305492509315e-01,-3.261104506655648771e-02,-6.031929997524815290e-02,-6.694323531314907427e+00,-1.271752427898285243e+00,4.676326477217134792e-01,2.306871852494915665e+00,4.105152624368732184e+00,2.789075585107031685e+00,8.396500384976783860e-01,1.021191253699784696e+00,-1.115305228335330412e+00,6.106234423165721736e-01
2.989999999999892299e+00,9.880138222893520838e-01,-1.013174764701860742e+00,5.786664566725669978e-01,-1.976454147944920192e-01,7.618147841360404238e-01,-1.145734973761789732e-01,9.622036922598778963e-01,2.634128805444492794e-01,-3.355413062557645321e-02,-6.043036722290704571e-02,-6.728774186751188324e+00,-1.032402842005371468e+00,4.732183790652872424e-01,2.376948889042767910e+00,4.122559546398967711e+00,2.716602150073804900e+00,8.148815907984570117e-01,1.020848963459544123e+00,-1.113447518876625963e+00,6.104449511701366404e-01
2.991999999999892079e+00,9.876185314597630827e-01,-1.011651135133588619e+00,5.784373096778145928e-01,-1.999762096880900175e-01,7.496575099636282324e-01,-1.134066114830968308e-01,9.639476500065115028e-01,2.568541819722772734e-01,-3.426474419328061349e-02,-6.047135318186157293e-02,-6.748866798457018312e+00,-7.905573303075397185e-01,4.805367019785404814e-01,2.446908147151388491e+00,4.136423213103606500e+00,2.643436905544068516e+00,7.943251274543843277e-01,1.020510172317559139e+00,-1.111608709987478960e+00,6.102684624753171860e-01
2.993999999999891859e+00,9.872185790403869010e-01,-1.010151820113661447e+00,5.782104964548483439e-01,-2.023219483974451338e-01,7.377977548130775221e-01,-1.120980245246178120e-01,9.656606905625624293e-01,2.502785493601481503e-01,-3.474130878492034946e-02,-6.044104479842999506e-02,-6.754574071901574328e+00,-5.467796821388954953e-01,4.895010123052029316e-01,2.516584285446677782e+00,4.146707389522166665e+00,2.569741865526367075e+00,7.780235497900569452e-01,1.020174871249198034e+00,-1.109788754003091071e+00,6.100939669380016639e-01
2.995999999999891639e+00,9.868139351435920581e-01,-1.008676224604035276e+00,5.779863004057991249e-01,-2.046707893616580565e-01,7.262365679268319996e-01,-1.106513485223248744e-01,9.673394783576387823e-01,2.437002439723294778e-01,-3.498276307684952680e-02,-6.033847020025729507e-02,-6.745900148418530584e+00,-3.016383720547901048e-01,5.000121394480208092e-01,2.585815070206063382e+00,4.153380948410752893e+00,2.495682703673959946e+00,7.660079136448738613e-01,1.019843050992593092e+00,-1.107987602002651784e+00,6.099214551899612147e-01
2.997999999999891418e+00,9.864045935648687591e-01,-1.007223751468181661e+00,5.777649977087544464e-01,-2.070109102193282147e-01,7.149743190958102179e-01,-1.090705170394169476e-01,9.689808609500919490e-01,2.371335402308427653e-01,-3.498856349606710436e-02,-6.016290912587023143e-02,-6.722880681637818157e+00,-5.570538341894981649e-02,5.119592472867464661e-01,2.654441667231770996e+00,4.156417956238699141e+00,2.421428356311912555e+00,7.582974162485313085e-01,1.019514702045315246e+00,-1.106205203774777601e+00,6.097509177906124123e-01
2.999999999999891198e+00,9.859905717444300555e-01,-1.005793802829989980e+00,5.775468566746756460e-01,-2.093305390280866540e-01,7.040106968907271501e-01,-1.073597651784379964e-01,9.705818711470820537e-01,2.305926918223780431e-01,-3.475868549926571655e-02,-5.991390206873323243e-02,-6.685582873426880290e+00,1.904449792801997665e-01,5.252208267997030555e-01,2.722308905530993250e+00,4.155797780488907911e+00,2.347150595612617963e+00,7.548994208386808902e-01,1.019189814674009043e+00,-1.104441507863896277e+00,6.095823452260438202e-01
