0.000000000000000000e+00,0.000000000000000000e+00,0.000000000000000000e+00,1.000000000000000000e+00,0.000000000000000000e+00,0.000000000000000000e+00,0.000000000000000000e+00,1.000000000000000000e+00,0.000000000000000000e+00,0.000000000000000000e+00,0.000000000000000000e+00,0.000000000000000000e+00,0.000000000000000000e+00,0.000000000000000000e+00,0.000000000000000000e+00,0.000000000000000000e+00,0.000000000000000000e+00,0.000000000000000000e+00,0.000000000000000000e+00,0.000000000000000000e+00
0.000000000000000000e+00,0.000000000000000000e+00,0.000000000000000000e+00,1.000000000000000000e+00,-1.996496381163762393e-02,0.000000000000000000e+00,-1.960000000000000284e-02,1.000000000000000000e+00,0.000000000000000000e+00,0.000000000000000000e+00,0.000000000000000000e+00,0.000000000000000000e+00,-1.105862348220657404e-01,0.000000000000000000e+00,-1.355285052985229868e+02,0.000000000000000000e+00,4.991240952909405948e+00,4.991240952909405948e+00,-3.490658503988658956e-01,-3.490658503988658956e-01
2.000000000000000042e-03,-3.992992762327524786e-05,0.000000000000000000e+00,9.999607999999999830e-01,-3.981310292298656517e-02,0.000000000000000000e+00,-3.919997295228321021e-02,9.999999938853423309e-01,0.000000000000000000e+00,-1.105862341458687786e-04,0.000000000000000000e+00,0.000000000000000000e+00,-2.205255920666042146e-01,0.000000000000000000e+00,-1.354572702365363739e+02,0.000000000000000000e+00,4.962044535636787046e+00,4.962044535636787046e+00,-3.490658503988658956e-01,-3.490658503988658956e-01
4.000000000000000083e-03,-1.195561334692483811e-04,0.000000000000000000e+00,9.998824000540954549e-01,-5.954490271446709337e-02,0.000000000000000000e+00,-5.880423000663492772e-02,9.999999451824808094e-01,0.000000000000000000e+00,-3.311118168127963638e-04,0.000000000000000000e+00,0.000000000000000000e+00,-3.298209930380655575e-01,0.000000000000000000e+00,-1.353965161485443218e+02,0.000000000000000000e+00,4.932979969624234684e+00,4.932979969624234684e+00,-3.490658503988658956e-01,-3.490658503988658956e-01
6.000000000000000125e-03,-2.386459388981825654e-04,0.000000000000000000e+00,9.997647915940821584e-01,-7.916085037478616526e-02,0.000000000000000000e+00,-7.841699611133726155e-02,9.999997815839222204e-01,0.000000000000000000e+00,-6.609327558221379838e-04,0.000000000000000000e+00,0.000000000000000000e+00,-4.384751808443618226e-01,0.000000000000000000e+00,-1.353462029616807740e+02,0.000000000000000000e+00,4.904039212081796606e+00,4.904039212081796606e+00,-3.490658503988658956e-01,-3.490658503988658956e-01
8.000000000000000167e-03,-3.969676396477549250e-04,0.000000000000000000e+00,9.996079576018594981e-01,-9.866142172593299342e-02,0.000000000000000000e+00,-9.804241612636452330e-02,9.999993956511332716e-01,0.000000000000000000e+00,-1.099407735210144229e-03,0.000000000000000000e+00,0.000000000000000000e+00,-5.464907851167072339e-01,0.000000000000000000e+00,-1.353062858677000406e+02,0.000000000000000000e+00,4.875217141309268420e+00,4.875217141309268420e+00,-3.490658503988658956e-01,-3.490658503988658956e-01
1.000000000000000021e-02,-5.942904830996208849e-04,0.000000000000000000e+00,9.994118727696067461e-01,-1.180470752410660157e-01,0.000000000000000000e+00,-1.176845490700954983e-01,9.999986455090612569e-01,0.000000000000000000e+00,-1.645897944280279952e-03,0.000000000000000000e+00,0.000000000000000000e+00,-6.538703900887665732e-01,0.000000000000000000e+00,-1.352767198710775460e+02,0.000000000000000000e+00,4.846511708316481482e+00,4.846511708316481482e+00,-3.490658503988658956e-01,-3.490658503988658956e-01
1.200000000000000025e-02,-8.303846335817529093e-04,0.000000000000000000e+00,9.991765036714665982e-01,-1.373182534629759366e-01,0.000000000000000000e+00,-1.373473569088097535e-01,9.999973555324750407e-01,0.000000000000000000e+00,-2.299766957078938634e-03,0.000000000000000000e+00,0.000000000000000000e+00,-7.606166035337389442e-01,0.000000000000000000e+00,-1.352574630780363236e+02,0.000000000000000000e+00,4.817923975545675752e+00,4.817923975545675752e+00,-3.490658503988658956e-01,-3.490658503988658956e-01
1.400000000000000029e-02,-1.105021140507704731e-03,0.000000000000000000e+00,9.989018089576490178e-01,-1.564753891748978942e-01,0.000000000000000000e+00,-1.570346921587439937e-01,9.999953170241308031e-01,0.000000000000000000e+00,-3.060380663914228846e-03,0.000000000000000000e+00,0.000000000000000000e+00,-8.667321252514171848e-01,0.000000000000000000e+00,-1.352484785941840357e+02,0.000000000000000000e+00,4.789458096559954470e+00,4.789458096559954470e+00,-3.490658503988658956e-01,-3.490658503988658956e-01
1.600000000000000033e-02,-1.417971918857500579e-03,0.000000000000000000e+00,9.985877395733315787e-01,-1.755189125355223756e-01,0.000000000000000000e+00,-1.767502865974344417e-01,9.999922888845724778e-01,0.000000000000000000e+00,-3.927107255210552338e-03,0.000000000000000000e+00,0.000000000000000000e+00,-9.722198145358253996e-01,0.000000000000000000e+00,-1.352497351405524171e+02,0.000000000000000000e+00,4.761121270032274921e+00,4.761121270032274921e+00,-3.490658503988658956e-01,-3.490658503988658956e-01
1.800000000000000211e-02,-1.769009743928545274e-03,0.000000000000000000e+00,9.982342390001367471e-01,-1.944492552322452938e-01,0.000000000000000000e+00,-1.964977423262855294e-01,9.999879982731848527e-01,0.000000000000000000e+00,-4.899317257402530101e-03,0.000000000000000000e+00,0.000000000000000000e+00,-1.077082756335868474e+00,0.000000000000000000e+00,-1.352612065286805318e+02,0.000000000000000000e+00,4.732923680755379614e+00,4.732923680755379614e+00,-3.490658503988658956e-01,-3.490658503988658956e-01
2.000000000000000389e-02,-2.157908254393035765e-03,0.000000000000000000e+00,9.978412435154841997e-01,-2.132668480174122472e-01,0.000000000000000000e+00,-2.162805265233301300e-01,9.999821412599444459e-01,0.000000000000000000e+00,-5.976383620263380630e-03,0.000000000000000000e+00,0.000000000000000000e+00,-1.181324325642172823e+00,0.000000000000000000e+00,-1.352828700508580368e+02,0.000000000000000000e+00,4.704878419582050775e+00,4.704878419582050775e+00,-3.490658503988658956e-01,-3.490658503988658956e-01
2.200000000000000566e-02,-2.584441950427860367e-03,0.000000000000000000e+00,9.974086824624375236e-01,-2.319721086413523981e-01,0.000000000000000000e+00,-2.361019724336388126e-01,9.999743834671309672e-01,0.000000000000000000e+00,-7.157681854573518659e-03,0.000000000000000000e+00,0.000000000000000000e+00,-1.284948248981194974e+00,0.000000000000000000e+00,-1.353147037289411685e+02,0.000000000000000000e+00,4.677001352863406680e+00,4.677001352863406680e+00,-3.490658503988658956e-01,-3.490658503988658956e-01
2.400000000000000744e-02,-3.048386167710565205e-03,0.000000000000000000e+00,9.969364785175702792e-01,-2.505654184506273530e-01,0.000000000000000000e+00,-2.559652912481397702e-01,9.999643607001266199e-01,0.000000000000000000e+00,-8.442590217891940418e-03,0.000000000000000000e+00,0.000000000000000000e+00,-1.387958660761322127e+00,0.000000000000000000e+00,-1.353566823028265276e+02,0.000000000000000000e+00,4.649310890096797877e+00,4.649310890096797877e+00,-3.490658503988658956e-01,-3.490658503988658956e-01
2.600000000000000921e-02,-3.549517004611819904e-03,0.000000000000000000e+00,9.964245479350739565e-01,-2.690470883740986863e-01,0.000000000000000000e+00,-2.758736020573433478e-01,9.999516795662991564e-01,0.000000000000000000e+00,-9.830489943911242118e-03,0.000000000000000000e+00,0.000000000000000000e+00,-1.490360150607106915e+00,0.000000000000000000e+00,-1.354087719058892958e+02,0.000000000000000000e+00,4.621827577180827262e+00,4.621827577180827262e+00,-3.490658503988658956e-01,-3.490658503988658956e-01
2.800000000000001099e-02,-4.087611181360016957e-03,0.000000000000000000e+00,9.958728007309592956e-01,-2.874173194182372826e-01,0.000000000000000000e+00,-2.958299891231545575e-01,9.999359180809216374e-01,0.000000000000000000e+00,-1.132076550698499738e-02,0.000000000000000000e+00,0.000000000000000000e+00,-1.592157795814728605e+00,0.000000000000000000e+00,-1.354709236504503451e+02,0.000000000000000000e+00,4.594573424871143175e+00,4.594573424871143175e+00,-3.490658503988658956e-01,-3.490658503988658956e-01
3.000000000000001277e-02,-4.662445820196491758e-03,0.000000000000000000e+00,9.952811407527130116e-01,-3.056761696658519822e-01,0.000000000000000000e+00,-3.158375956846290467e-01,9.999166262591198118e-01,0.000000000000000000e+00,-1.291280490751947965e-02,0.000000000000000000e+00,0.000000000000000000e+00,-1.693357170869979278e+00,0.000000000000000000e+00,-1.355430669008996745e+02,0.000000000000000000e+00,4.567570873511816565e+00,4.567570873511816565e+00,-3.490658503988658956e-01,-3.490658503988658956e-01
3.200000000000001454e-02,-5.273798159528195889e-03,0.000000000000000000e+00,9.946494655613437041e-01,-3.238235487796480294e-01,0.000000000000000000e+00,-3.358997590162559610e-01,9.998933266930479791e-01,0.000000000000000000e+00,-1.460599995583306866e-02,0.000000000000000000e+00,0.000000000000000000e+00,-1.793964323992240484e+00,0.000000000000000000e+00,-1.356251038593192675e+02,0.000000000000000000e+00,4.540841304773863385e+00,4.540841304773863385e+00,-3.490658503988658956e-01,-3.490658503988658956e-01
3.400000000000001632e-02,-5.921445257087491927e-03,0.000000000000000000e+00,9.939776660433111699e-01,-3.418592700314568300e-01,0.000000000000000000e+00,-3.560201797284693326e-01,9.998655151139143049e-01,0.000000000000000000e+00,-1.639974652202186647e-02,0.000000000000000000e+00,0.000000000000000000e+00,-1.893985709539445450e+00,0.000000000000000000e+00,-1.357169081108657736e+02,0.000000000000000000e+00,4.514403049468290519e+00,4.514403049468290519e+00,-3.490658503988658956e-01,-3.490658503988658956e-01
3.600000000000001810e-02,-6.605163797150405414e-03,0.000000000000000000e+00,9.932656256838542363e-01,-3.597831941721594817e-01,0.000000000000000000e+00,-3.762030974879997935e-01,9.998326609391737785e-01,0.000000000000000000e+00,-1.829344470818176568e-02,0.000000000000000000e+00,0.000000000000000000e+00,-1.993428065625602263e+00,0.000000000000000000e+00,-1.358183306380677209e+02,0.000000000000000000e+00,4.488268914749129479e+00,4.488268914749129479e+00,-3.490658503988658956e-01,-3.490658503988658956e-01
3.800000000000001987e-02,-7.324730185494724398e-03,0.000000000000000000e+00,9.925132194888782733e-01,-3.775954917286230561e-01,0.000000000000000000e+00,-3.964534167721949220e-01,9.997942078062064253e-01,0.000000000000000000e+00,-2.028649888867429391e-02,0.000000000000000000e+00,0.000000000000000000e+00,-2.092298229150922229e+00,0.000000000000000000e+00,-1.359292169248143409e+02,0.000000000000000000e+00,4.462443359270237053e+00,4.462443359270237053e+00,-3.490658503988658956e-01,-3.490658503988658956e-01
4.000000000000002165e-02,-8.079921168951970795e-03,0.000000000000000000e+00,9.917203126553338910e-01,-3.952970226841281409e-01,0.000000000000000000e+00,-4.167766970096122847e-01,9.997495740951072296e-01,0.000000000000000000e+00,-2.237831755632286798e-02,0.000000000000000000e+00,0.000000000000000000e+00,-2.190602885713577308e+00,0.000000000000000000e+00,-1.360494373983156038e+02,0.000000000000000000e+00,4.436919554108134101e+00,4.436919554108134101e+00,-3.490658503988658956e-01,-3.490658503988658956e-01
4.200000000000002343e-02,-8.870515214320227187e-03,0.000000000000000000e+00,9.908867592613146424e-01,-4.128897807669436038e-01,0.000000000000000000e+00,-4.371789052612495841e-01,9.996981534447090256e-01,0.000000000000000000e+00,-2.456831290991198791e-02,0.000000000000000000e+00,0.000000000000000000e+00,-2.288348258513322797e+00,0.000000000000000000e+00,-1.361789300358333605e+02,0.000000000000000000e+00,4.411676629197788913e+00,4.411676629197788913e+00,-3.490658503988658956e-01,-3.490658503988658956e-01
4.400000000000002520e-02,-9.696294775854114728e-03,0.000000000000000000e+00,9.900124014507921677e-01,-4.303772782408913367e-01,0.000000000000000000e+00,-4.576658444304139706e-01,9.996393152675666638e-01,0.000000000000000000e+00,-2.685590012251078823e-02,0.000000000000000000e+00,0.000000000000000000e+00,-2.385539746044205156e+00,0.000000000000000000e+00,-1.363177485174273045e+02,0.000000000000000000e+00,4.386677361959769428e+00,4.386677361959769428e+00,-3.490658503988658956e-01,-3.490658503988658956e-01
4.600000000000002698e-02,-1.055704933233589729e-02,0.000000000000000000e+00,9.890970697619313468e-01,-4.477646720853005191e-01,0.000000000000000000e+00,-4.782422323220970051e-01,9.995724052711931762e-01,0.000000000000000000e+00,-2.924049624000210970e-02,0.000000000000000000e+00,0.000000000000000000e+00,-2.482181520326405710e+00,0.000000000000000000e+00,-1.364661027040481542e+02,0.000000000000000000e+00,4.361866396258736955e+00,4.361866396258736955e+00,-3.490658503988658956e-01,-3.490658503988658956e-01
4.800000000000002875e-02,-1.145257867650649811e-02,0.000000000000000000e+00,9.881405852972870996e-01,-4.650583803282060114e-01,0.000000000000000000e+00,-4.989105265116836052e-01,9.994967459943043808e-01,0.000000000000000000e+00,-3.172151867103648049e-02,0.000000000000000000e+00,0.000000000000000000e+00,-2.578276094429131859e+00,0.000000000000000000e+00,-1.366243720533729515e+02,0.000000000000000000e+00,4.337168856373893711e+00,4.337168856373893711e+00,-3.490658503988658956e-01,-3.490658503988658956e-01
5.000000000000003053e-02,-1.238269543716291089e-02,0.000000000000000000e+00,9.871427642442637262e-01,-4.822649459005042827e-01,0.000000000000000000e+00,-5.196697682261919304e-01,9.994116373683191723e-01,0.000000000000000000e+00,-3.429838323850079723e-02,0.000000000000000000e+00,0.000000000000000000e+00,-2.673823863053894190e+00,0.000000000000000000e+00,-1.367930689988502024e+02,0.000000000000000000e+00,4.312489131096334027e+00,4.312489131096334027e+00,-3.490658503988658956e-01,-3.490658503988658956e-01
5.200000000000003231e-02,-1.334722532896391936e-02,0.000000000000000000e+00,9.861034247078113157e-01,-4.993890335262810565e-01,0.000000000000000000e+00,-5.405149410208208716e-01,9.993163573159064006e-01,0.000000000000000000e+00,-3.697050176651260622e-02,0.000000000000000000e+00,0.000000000000000000e+00,-2.768822621952881313e+00,0.000000000000000000e+00,-1.369727316845528833e+02,0.000000000000000000e+00,4.287709918464291725e+00,4.287709918464291725e+00,-3.490658503988658956e-01,-3.490658503988658956e-01
5.400000000000003408e-02,-1.434600339601648129e-02,0.000000000000000000e+00,9.850223948257696982e-01,-5.164307819786423392e-01,0.000000000000000000e+00,-5.614375405990058576e-01,9.992101623998522753e-01,0.000000000000000000e+00,-3.973727918291277555e-02,0.000000000000000000e+00,0.000000000000000000e+00,-2.863267095003574791e+00,0.000000000000000000e+00,-1.371637401766653852e+02,0.000000000000000000e+00,4.262692571322730828e+00,4.262692571322730828e+00,-3.490658503988658956e-01,-3.490658503988658956e-01
5.600000000000003586e-02,-1.537886495997376618e-02,0.000000000000000000e+00,9.838995197445716823e-01,-5.333833518647665972e-01,0.000000000000000000e+00,-5.824280330485859247e-01,9.990922885359326822e-01,0.000000000000000000e+00,-4.259811014625298348e-02,0.000000000000000000e+00,0.000000000000000000e+00,-2.957148554359813719e+00,0.000000000000000000e+00,-1.373660868166613511e+02,0.000000000000000000e+00,4.237281298271144969e+00,4.237281298271144969e+00,-3.490658503988658956e-01,-3.490658503988658956e-01
5.800000000000003764e-02,-1.644563166370329940e-02,0.000000000000000000e+00,9.827346636784745071e-01,-5.502322662268983589e-01,0.000000000000000000e+00,-6.034802715539914209e-01,9.989619517805824467e-01,0.000000000000000000e+00,-4.555237529184838485e-02,0.000000000000000000e+00,0.000000000000000000e+00,-3.050454703951120283e+00,0.000000000000000000e+00,-1.375791924982548551e+02,0.000000000000000000e+00,4.211315049723491022e+00,4.211315049723491022e+00,-3.490658503988658956e-01,-3.490658503988658956e-01
6.000000000000003941e-02,-1.754609619615709465e-02,0.000000000000000000e+00,9.815277031353665249e-01,-5.669583744392024949e-01,0.000000000000000000e+00,-6.245964713253395750e-01,9.988183491947496551e-01,0.000000000000000000e+00,-4.859943736171362660e-02,0.000000000000000000e+00,0.000000000000000000e+00,-3.143170063613373255e+00,0.000000000000000000e+00,-1.378019171912677336e+02,0.000000000000000000e+00,4.184650113592841336e+00,4.184650113592841336e+00,-3.490658503988658956e-01,-3.490658503988658956e-01
6.200000000000004119e-02,-1.868001294503550055e-02,0.000000000000000000e+00,9.802785101927158351e-01,-5.835449069424211155e-01,0.000000000000000000e+00,-6.457895891208209616e-01,9.986606597673036712e-01,0.000000000000000000e+00,-5.173863772011894763e-02,0.000000000000000000e+00,0.000000000000000000e+00,-3.235277054289629195e+00,0.000000000000000000e+00,-1.380328874381232254e+02,0.000000000000000000e+00,4.157191757656649500e+00,4.157191757656649500e+00,-3.490658503988658956e-01,-3.490658503988658956e-01
6.400000000000004297e-02,-1.984710275892034165e-02,0.000000000000000000e+00,9.789869310144742043e-01,-5.999859553485372698e-01,0.000000000000000000e+00,-6.670798093995333744e-01,9.984880453575604164e-01,0.000000000000000000e+00,-5.496929395615448438e-02,0.000000000000000000e+00,0.000000000000000000e+00,-3.326757797179452414e+00,0.000000000000000000e+00,-1.382710899059254643e+02,0.000000000000000000e+00,4.128926453178734413e+00,4.128926453178734413e+00,-3.490658503988658956e-01,-3.490658503988658956e-01
6.600000000000004474e-02,-2.104707466961741602e-02,0.000000000000000000e+00,9.776527713956751908e-01,-6.162910594394578334e-01,0.000000000000000000e+00,-6.884848616442084124e-01,9.982996515959980943e-01,0.000000000000000000e+00,-5.829069928649424637e-02,0.000000000000000000e+00,0.000000000000000000e+00,-3.417596420743545416e+00,0.000000000000000000e+00,-1.385164401381206005e+02,0.000000000000000000e+00,4.099944796642584599e+00,4.099944796642584599e+00,-3.490658503988658956e-01,-3.490658503988658956e-01
6.800000000000004652e-02,-2.227965678849633258e-02,0.000000000000000000e+00,9.762758016723868115e-01,-6.324814819055203374e-01,0.000000000000000000e+00,-7.100084709805721817e-01,9.980946086725790423e-01,0.000000000000000000e+00,-6.170212426433543257e-02,0.000000000000000000e+00,0.000000000000000000e+00,-3.507781662269474854e+00,0.000000000000000000e+00,-1.387699533423601395e+02,0.000000000000000000e+00,4.070454804583222952e+00,4.070454804583222952e+00,-3.490658503988658956e-01,-3.490658503988658956e-01
7.000000000000004829e-02,-2.354461975230737192e-02,0.000000000000000000e+00,9.748557847304256674e-01,-6.485780244988548215e-01,0.000000000000000000e+00,-7.316337069684453187e-01,9.978720319371768843e-01,0.000000000000000000e+00,-6.520282108597562354e-02,0.000000000000000000e+00,0.000000000000000000e+00,-3.597309803404561190e+00,0.000000000000000000e+00,-1.390333166000738174e+02,0.000000000000000000e+00,4.040796986987514217e+00,4.040796986987514217e+00,-3.490658503988658956e-01,-3.490658503988658956e-01
7.200000000000005007e-02,-2.484177580130508128e-02,0.000000000000000000e+00,9.733925173164887923e-01,-6.645850032027176280e-01,0.000000000000000000e+00,-7.533272178552163911e-01,9.976310222196884681e-01,0.000000000000000000e+00,-6.879203082406849801e-02,0.000000000000000000e+00,0.000000000000000000e+00,-3.686188141801824081e+00,0.000000000000000000e+00,-1.393079436192519722e+02,0.000000000000000000e+00,4.011468544423600235e+00,4.011468544423600235e+00,-3.490658503988658956e-01,-3.490658503988658956e-01
7.400000000000005185e-02,-2.617094580771051754e-02,0.000000000000000000e+00,9.718858628807783839e-01,-6.804793415885798114e-01,0.000000000000000000e+00,-7.750570823812018562e-01,9.973706657465988279e-01,0.000000000000000000e+00,-7.246899411601021024e-02,0.000000000000000000e+00,0.000000000000000000e+00,-3.774438791173165608e+00,0.000000000000000000e+00,-1.395938863180880958e+02,0.000000000000000000e+00,3.983138190497451436e+00,3.983138190497451436e+00,-3.490658503988658956e-01,-3.490658503988658956e-01
7.600000000000005362e-02,-2.753190449088767713e-02,0.000000000000000000e+00,9.703357487160160222e-01,-6.962168221938013213e-01,0.000000000000000000e+00,-7.968189937072823747e-01,9.970900335235077794e-01,0.000000000000000000e+00,-7.623296562570587576e-02,0.000000000000000000e+00,0.000000000000000000e+00,-3.862101511336339943e+00,0.000000000000000000e+00,-1.398893205179420818e+02,0.000000000000000000e+00,3.956602371225396819e+00,3.956602371225396819e+00,-3.490658503988658956e-01,-3.490658503988658956e-01
7.800000000000005540e-02,-2.892433813527528139e-02,0.000000000000000000e+00,9.687421107286015021e-01,-7.117612729758687751e-01,0.000000000000000000e+00,-8.186521549411835963e-01,9.967881801389063545e-01,0.000000000000000000e+00,-8.008323129948730079e-02,0.000000000000000000e+00,0.000000000000000000e+00,-3.949233360434605267e+00,0.000000000000000000e+00,-1.401913959130616263e+02,0.000000000000000000e+00,3.932641835774013828e+00,3.932641835774013828e+00,-3.490658503988658956e-01,-3.490658503988658956e-01
8.000000000000005718e-02,-3.034786068122702005e-02,0.000000000000000000e+00,9.671048064187190985e-01,-7.271201408749000672e-01,0.000000000000000000e+00,-8.406231808697295360e-01,9.964641421518825037e-01,0.000000000000000000e+00,-8.401912523653691511e-02,0.000000000000000000e+00,0.000000000000000000e+00,-4.035904092597942139e+00,0.000000000000000000e+00,-1.404983143804712711e+02,0.000000000000000000e+00,3.911829609610418590e+00,3.911829609610418590e+00,-3.490658503988658956e-01,-3.490658503988658956e-01
8.200000000000005895e-02,-3.180210096297682310e-02,0.000000000000000000e+00,9.654235600569796016e-01,-7.423530038482841764e-01,0.000000000000000000e+00,-8.627820097706285773e-01,9.961169364172800522e-01,0.000000000000000000e+00,-8.804004192782151350e-02,0.000000000000000000e+00,0.000000000000000000e+00,-4.122189599891731504e+00,0.000000000000000000e+00,-1.408110133909183048e+02,0.000000000000000000e+00,3.894442724632774411e+00,3.894442724632774411e+00,-3.490658503988658956e-01,-3.490658503988658956e-01
8.400000000000006073e-02,-3.328680697067339100e-02,0.000000000000000000e+00,9.636979960374383314e-01,-7.575387185105662002e-01,0.000000000000000000e+00,-8.851249158419570717e-01,9.957455586311463325e-01,0.000000000000000000e+00,-9.214544191844906140e-02,0.000000000000000000e+00,0.000000000000000000e+00,-4.208167039245413577e+00,0.000000000000000000e+00,-1.411328252193583808e+02,0.000000000000000000e+00,3.880538269693898812e+00,3.880538269693898812e+00,-3.490658503988658956e-01,-3.490658503988658956e-01
8.600000000000006251e-02,-3.480188440769452218e-02,0.000000000000000000e+00,9.619277462057543859e-01,-7.727219779471845573e-01,0.000000000000000000e+00,-9.075969461010346961e-01,9.953489821054204434e-01,0.000000000000000000e+00,-9.633485258048318789e-02,0.000000000000000000e+00,0.000000000000000000e+00,-4.293911316851985127e+00,0.000000000000000000e+00,-1.414671582571318140e+02,0.000000000000000000e+00,3.870014659203861562e+00,3.870014659203861562e+00,-3.490658503988658956e-01,-3.490658503988658956e-01
8.800000000000006428e-02,-3.634732836358889330e-02,0.000000000000000000e+00,9.601125523135523032e-01,-7.878769896646015125e-01,0.000000000000000000e+00,-9.301405621969770499e-01,9.949261567717315735e-01,0.000000000000000000e+00,-1.006078653557063024e-01,0.000000000000000000e+00,0.000000000000000000e+00,-4.379487781032183946e+00,0.000000000000000000e+00,-1.418146687398435688e+02,0.000000000000000000e+00,3.862440504540666453e+00,3.862440504540666453e+00,-3.490658503988658956e-01,-3.490658503988658956e-01
9.000000000000006606e-02,-3.792308234291809355e-02,0.000000000000000000e+00,9.582522711891583445e-01,-8.029284335649607973e-01,0.000000000000000000e+00,-9.527637133773931843e-01,9.944760089186823748e-01,0.000000000000000000e+00,-1.049641257057326443e-01,0.000000000000000000e+00,0.000000000000000000e+00,-4.464937023178880082e+00,0.000000000000000000e+00,-1.421722500144424828e+02,0.000000000000000000e+00,3.856698417157462533e+00,3.856698417157462533e+00,-3.490658503988658956e-01,-3.490658503988658956e-01
9.200000000000006783e-02,-3.952893921004801275e-02,0.000000000000000000e+00,9.563467437624035838e-01,-8.178357266489749700e-01,0.000000000000000000e+00,-9.755571903243560605e-01,9.939974427582607408e-01,0.000000000000000000e+00,-1.094033079483333615e-01,0.000000000000000000e+00,0.000000000000000000e+00,-4.550256579878951158e+00,0.000000000000000000e+00,-1.425358452635980200e+02,0.000000000000000000e+00,3.850845145154522697e+00,3.850845145154522697e+00,-3.490658503988658956e-01,-3.490658503988658956e-01
9.400000000000006961e-02,-4.116461066334596575e-02,0.000000000000000000e+00,9.543956293817548175e-01,-8.326586008821988960e-01,0.000000000000000000e+00,-9.986115417906009650e-01,9.934893446731959399e-01,0.000000000000000000e+00,-1.139250719588263960e-01,0.000000000000000000e+00,0.000000000000000000e+00,-4.635392894594306590e+00,0.000000000000000000e+00,-1.429051563552058042e+02,0.000000000000000000e+00,3.842574632103079590e+00,3.842574632103079590e+00,-3.490658503988658956e-01,-3.490658503988658956e-01
9.600000000000007139e-02,-4.282992786511036210e-02,0.000000000000000000e+00,9.523984062981736276e-01,-8.475094723533606045e-01,0.000000000000000000e+00,-1.021908345476826074e+00,9.929505895626548062e-01,0.000000000000000000e+00,-1.185290120062446606e-01,0.000000000000000000e+00,0.000000000000000000e+00,-4.720249074395553635e+00,0.000000000000000000e+00,-1.432847061886289168e+02,0.000000000000000000e+00,3.829930916925651907e+00,3.829930916925651907e+00,-3.490658503988658956e-01,-3.490658503988658956e-01
9.800000000000007316e-02,-4.452494680981708419e-02,0.000000000000000000e+00,9.503545896072199684e-01,-8.624260235042745526e-01,0.000000000000000000e+00,-1.045311025614940048e+00,9.923800476784929714e-01,0.000000000000000000e+00,-1.232146134581131730e-01,0.000000000000000000e+00,0.000000000000000000e+00,-4.804697714859061719e+00,0.000000000000000000e+00,-1.436794074577582023e+02,0.000000000000000000e+00,3.811536882299915163e+00,3.811536882299915163e+00,-3.490658503988658956e-01,-3.490658503988658956e-01
1.000000000000000749e-01,-4.624979885682563296e-02,0.000000000000000000e+00,9.482639675559900727e-01,-8.772915896503474809e-01,0.000000000000000000e+00,-1.068686711855072025e+00,9.917765911319653682e-01,0.000000000000000000e+00,-1.279812223830445184e-01,0.000000000000000000e+00,0.000000000000000000e+00,-4.888592381372570905e+00,0.000000000000000000e+00,-1.440886870641622011e+02,0.000000000000000000e+00,3.786533612493962586e+00,3.786533612493962586e+00,-3.490658503988658956e-01,-3.490658503988658956e-01
1.020000000000000767e-01,-4.800438203612632931e-02,0.000000000000000000e+00,9.461265941322799522e-01,-8.919239057559723571e-01,0.000000000000000000e+00,-1.092058384795992154e+00,9.911390998866690394e-01,0.000000000000000000e+00,-1.328280266955876032e-01,0.000000000000000000e+00,0.000000000000000000e+00,-4.971788514000415660e+00,0.000000000000000000e+00,-1.445058539326342668e+02,0.000000000000000000e+00,3.755005719870323055e+00,3.755005719870323055e+00,-3.490658503988658956e-01,-3.490658503988658956e-01
1.040000000000000785e-01,-4.978822984763827536e-02,0.000000000000000000e+00,9.439424773626879928e-01,-9.062852597380506303e-01,0.000000000000000000e+00,-1.115576078804348281e+00,9.904664655925381478e-01,0.000000000000000000e+00,-1.377540581493900407e-01,0.000000000000000000e+00,0.000000000000000000e+00,-5.054180328331557170e+00,0.000000000000000000e+00,-1.449259449508118394e+02,0.000000000000000000e+00,3.718703313624743156e+00,3.718703313624743156e+00,-3.490658503988658956e-01,-3.490658503988658956e-01
1.060000000000000803e-01,-5.160080036711437584e-02,0.000000000000000000e+00,9.417113252050792749e-01,-9.205206191536901006e-01,0.000000000000000000e+00,-1.139288585446384561e+00,9.897575902728666941e-01,0.000000000000000000e+00,-1.427582309264444349e-01,0.000000000000000000e+00,0.000000000000000000e+00,-5.135734773825074484e+00,0.000000000000000000e+00,-1.453524335481458820e+02,0.000000000000000000e+00,3.680909191763531485e+00,3.680909191763531485e+00,-3.490658503988658956e-01,-3.490658503988658956e-01
1.080000000000000820e-01,-5.344184160542175821e-02,0.000000000000000000e+00,9.394327480341865266e-01,-9.347331793819538825e-01,0.000000000000000000e+00,-1.163041822628309241e+00,9.890113789788974596e-01,0.000000000000000000e+00,-1.478394137240121864e-01,0.000000000000000000e+00,0.000000000000000000e+00,-5.216507884963103692e+00,0.000000000000000000e+00,-1.457922104939278256e+02,0.000000000000000000e+00,3.645644151414676237e+00,3.645644151414676237e+00,-3.490658503988658956e-01,-3.490658503988658956e-01
1.100000000000000838e-01,-5.531130796418566586e-02,0.000000000000000000e+00,9.371066643889298664e-01,-9.488012179085011377e-01,0.000000000000000000e+00,-1.186677659271858420e+00,9.882267278125848042e-01,0.000000000000000000e+00,-1.529965177277946009e-01,0.000000000000000000e+00,0.000000000000000000e+00,-5.296654965623817546e+00,0.000000000000000000e+00,-1.462451186202411009e+02,0.000000000000000000e+00,3.617388655048683788e+00,3.617388655048683788e+00,-3.490658503988658956e-01,-3.490658503988658956e-01
1.120000000000000856e-01,-5.720891040000267158e-02,0.000000000000000000e+00,9.347333090703860980e-01,-9.625258495223890653e-01,0.000000000000000000e+00,-1.210309211941193563e+00,9.874025075759825798e-01,0.000000000000000000e+00,-1.582285942320852401e-01,0.000000000000000000e+00,0.000000000000000000e+00,-5.376425519213703375e+00,0.000000000000000000e+00,-1.467024560276413467e+02,0.000000000000000000e+00,3.600394339808453026e+00,3.600394339808453026e+00,-3.490658503988658956e-01,-3.490658503988658956e-01
1.140000000000000874e-01,-5.913396209904744905e-02,0.000000000000000000e+00,9.323126906465036834e-01,-9.759768805637916156e-01,0.000000000000000000e+00,-1.234230564471229252e+00,9.865375450239730615e-01,0.000000000000000000e+00,-1.635349267223133451e-01,0.000000000000000000e+00,0.000000000000000000e+00,-5.456112263301181819e+00,0.000000000000000000e+00,-1.471597155057350790e+02,0.000000000000000000e+00,3.596611650024944762e+00,3.596611650024944762e+00,-3.490658503988658956e-01,-3.490658503988658956e-01
1.160000000000000892e-01,-6.108591586017503294e-02,0.000000000000000000e+00,9.298442295175611827e-01,-9.894604382809136789e-01,0.000000000000000000e+00,-1.258512929163946303e+00,9.856306095158220426e-01,0.000000000000000000e+00,-1.689150721086460361e-01,0.000000000000000000e+00,0.000000000000000000e+00,-5.535982535980294550e+00,0.000000000000000000e+00,-1.476244138819019724e+02,0.000000000000000000e+00,3.604895098901442996e+00,3.604895098901442996e+00,-3.490658503988658956e-01,-3.490658503988658956e-01
1.180000000000000909e-01,-6.306483673673686507e-02,0.000000000000000000e+00,9.273272036592332679e-01,-1.003105983220847763e+00,0.000000000000000000e+00,-1.282942315937489752e+00,9.846804099413750677e-01,0.000000000000000000e+00,-1.743688340205482024e-01,0.000000000000000000e+00,0.000000000000000000e+00,-5.616243550007770757e+00,0.000000000000000000e+00,-1.481049748236704602e+02,0.000000000000000000e+00,3.622530966720639345e+00,3.622530966720639345e+00,-3.490658503988658956e-01,-3.490658503988658956e-01
1.200000000000000927e-01,-6.507104870317856338e-02,0.000000000000000000e+00,9.247613190273582529e-01,-1.016701973440828910e+00,0.000000000000000000e+00,-1.307416361600810761e+00,9.836855984245015394e-01,0.000000000000000000e+00,-1.798962018838375643e-01,0.000000000000000000e+00,0.000000000000000000e+00,-5.697000577525112242e+00,0.000000000000000000e+00,-1.485975666556900592e+02,0.000000000000000000e+00,3.644918227194770655e+00,3.644918227194770655e+00,-3.490658503988658956e-01,-3.490658503988658956e-01
1.220000000000000945e-01,-6.710445265006022286e-02,0.000000000000000000e+00,9.221464863041566318e-01,-1.030094568009275013e+00,0.000000000000000000e+00,-1.332197850203091782e+00,9.826447835189224822e-01,0.000000000000000000e+00,-1.854972490983358979e-01,0.000000000000000000e+00,0.000000000000000000e+00,-5.778181954776843376e+00,0.000000000000000000e+00,-1.490924993545350787e+02,0.000000000000000000e+00,3.664070988621628722e+00,3.664070988621628722e+00,-3.490658503988658956e-01,-3.490658503988658956e-01
1.240000000000000963e-01,-6.916464178607877045e-02,0.000000000000000000e+00,9.194820906037504127e-01,-1.043533121158463306e+00,0.000000000000000000e+00,-1.357472877831774172e+00,9.815565609940529734e-01,0.000000000000000000e+00,-1.911719581150117808e-01,0.000000000000000000e+00,0.000000000000000000e+00,-5.859525194440402984e+00,0.000000000000000000e+00,-1.495930138010995734e+02,0.000000000000000000e+00,3.671376547943304924e+00,3.671376547943304924e+00,-3.490658503988658956e-01,-3.490658503988658956e-01
1.260000000000000842e-01,-7.125170802839569939e-02,0.000000000000000000e+00,9.167671448480868568e-01,-1.057237648360047189e+00,0.000000000000000000e+00,-1.382936812050914899e+00,9.804195533535960960e-01,0.000000000000000000e+00,-1.969200330132385157e-01,0.000000000000000000e+00,0.000000000000000000e+00,-5.940658706700681968e+00,0.000000000000000000e+00,-1.501112705950133375e+02,0.000000000000000000e+00,3.661910631991973641e+00,3.661910631991973641e+00,-3.490658503988658956e-01,-3.490658503988658956e-01
1.280000000000000859e-01,-7.336618332511579688e-02,0.000000000000000000e+00,9.140012712239850012e-01,-1.070911828641906371e+00,0.000000000000000000e+00,-1.408216133613041654e+00,9.792324395428774197e-01,0.000000000000000000e+00,-2.027407934948092516e-01,0.000000000000000000e+00,0.000000000000000000e+00,-6.021181014641427964e+00,0.000000000000000000e+00,-1.506466050477194756e+02,0.000000000000000000e+00,3.634324305039447367e+00,3.634324305039447367e+00,-3.490658503988658956e-01,-3.490658503988658956e-01
1.300000000000000877e-01,-7.550800698239960862e-02,0.000000000000000000e+00,9.111848389567589468e-01,-1.084153867557912987e+00,0.000000000000000000e+00,-1.433481607236385846e+00,9.779939722865639284e-01,0.000000000000000000e+00,-2.086331473451607521e-01,0.000000000000000000e+00,0.000000000000000000e+00,-6.100757934045991426e+00,0.000000000000000000e+00,-1.511850411197382584e+02,0.000000000000000000e+00,3.591654781243852845e+00,3.591654781243852845e+00,-3.490658503988658956e-01,-3.490658503988658956e-01
1.320000000000000895e-01,-7.767631471751543226e-02,0.000000000000000000e+00,9.083178757422861738e-01,-1.097170112508329964e+00,0.000000000000000000e+00,-1.459022427543987366e+00,9.767029760518785020e-01,0.000000000000000000e+00,-2.145956583237498549e-01,0.000000000000000000e+00,0.000000000000000000e+00,-6.179265508931477413e+00,0.000000000000000000e+00,-1.517264089040162105e+02,0.000000000000000000e+00,3.543390581228562652e+00,3.543390581228562652e+00,-3.490658503988658956e-01,-3.490658503988658956e-01
1.340000000000000913e-01,-7.987065494253209330e-02,0.000000000000000000e+00,9.053998308871982204e-01,-1.110264650851292112e+00,0.000000000000000000e+00,-1.484537419238484368e+00,9.753583114694353018e-01,0.000000000000000000e+00,-2.206267532451396396e-01,0.000000000000000000e+00,0.000000000000000000e+00,-6.256855382748147676e+00,0.000000000000000000e+00,-1.522839933123684659e+02,0.000000000000000000e+00,3.501970714058195711e+00,3.501970714058195711e+00,-3.490658503988658956e-01,-3.490658503988658956e-01
1.360000000000000930e-01,-8.209118424423467175e-02,0.000000000000000000e+00,9.024307560487212498e-01,-1.123105342209280266e+00,0.000000000000000000e+00,-1.509728568485481759e+00,9.739588175809759107e-01,0.000000000000000000e+00,-2.267249912476947682e-01,0.000000000000000000e+00,0.000000000000000000e+00,-6.333947366843412752e+00,0.000000000000000000e+00,-1.528546745411325674e+02,0.000000000000000000e+00,3.479498771040077543e+00,3.479498771040077543e+00,-3.490658503988658956e-01,-3.490658503988658956e-01
1.380000000000000948e-01,-8.433739492865323373e-02,0.000000000000000000e+00,8.994112989117503121e-01,-1.135399950815203063e+00,0.000000000000000000e+00,-1.535094164331377575e+00,9.725032457403161024e-01,0.000000000000000000e+00,-2.328893235520908822e-01,0.000000000000000000e+00,0.000000000000000000e+00,-6.411156133926708023e+00,0.000000000000000000e+00,-1.534221747298259402e+02,0.000000000000000000e+00,3.484769698596295040e+00,3.484769698596295040e+00,-3.490658503988658956e-01,-3.490658503988658956e-01
1.400000000000000966e-01,-8.660819483028364685e-02,0.000000000000000000e+00,8.963411105830875192e-01,-1.147684963093799304e+00,0.000000000000000000e+00,-1.561065622564429489e+00,9.709902008624325953e-01,0.000000000000000000e+00,-2.391192795011155836e-01,0.000000000000000000e+00,0.000000000000000000e+00,-6.489072021231139686e+00,0.000000000000000000e+00,-1.539922066211898368e+02,0.000000000000000000e+00,3.516685130132989556e+00,3.516685130132989556e+00,-3.490658503988658956e-01,-3.490658503988658956e-01
1.420000000000000984e-01,-8.890356475647125112e-02,0.000000000000000000e+00,8.932189793379586851e-01,-1.160311183985537342e+00,0.000000000000000000e+00,-1.587256082743857322e+00,9.694181286946601528e-01,0.000000000000000000e+00,-2.454149379278756926e-01,0.000000000000000000e+00,0.000000000000000000e+00,-6.568097078605990014e+00,0.000000000000000000e+00,-1.545801518018304535e+02,0.000000000000000000e+00,3.566746831646950167e+00,3.566746831646950167e+00,-3.490658503988658956e-01,-3.490658503988658956e-01
1.440000000000001001e-01,-9.122418712444232969e-02,0.000000000000000000e+00,8.900444671724709877e-01,-1.172807989552536956e+00,0.000000000000000000e+00,-1.613530242783010937e+00,9.677853447018169852e-01,0.000000000000000000e+00,-2.517767395538857977e-01,0.000000000000000000e+00,0.000000000000000000e+00,-6.648342360490727465e+00,0.000000000000000000e+00,-1.551771939505817670e+02,0.000000000000000000e+00,3.621820906239423987e+00,3.621820906239423987e+00,-3.490658503988658956e-01,-3.490658503988658956e-01
1.460000000000001019e-01,-9.356980310354739983e-02,0.000000000000000000e+00,8.868174066869050076e-01,-1.185108568274611196e+00,0.000000000000000000e+00,-1.640482002399662242e+00,9.660900961633158701e-01,0.000000000000000000e+00,-2.582052015261410705e-01,0.000000000000000000e+00,0.000000000000000000e+00,-6.729470901332213373e+00,0.000000000000000000e+00,-1.557720893845386172e+02,0.000000000000000000e+00,3.661686250095676609e+00,3.661686250095676609e+00,-3.490658503988658956e-01,-3.490658503988658956e-01
1.480000000000001037e-01,-9.594002024009662399e-02,0.000000000000000000e+00,8.835364426821057382e-01,-1.197829381175659957e+00,0.000000000000000000e+00,-1.667968177387537665e+00,9.643306767875051699e-01,0.000000000000000000e+00,-2.647004832004515307e-01,0.000000000000000000e+00,2.572726550175844992e-03,-6.810796085717177206e+00,-8.639230275368652706e-03,-1.563818321733793084e+02,0.000000000000000000e+00,3.706568711781531800e+00,3.634554556557565430e+00,-3.490658503988658956e-01,-3.490658503988658956e-01
1.500000000000001055e-01,-9.833567900244793991e-02,0.000000000000000000e+00,8.802005063273307117e-01,-1.210719004451282776e+00,0.000000000000000000e+00,-1.695164024247396650e+00,9.625055321476271297e-01,4.767656986261735440e-06,-2.712620513524909849e-01,-7.649895391509953777e-06,8.996425087608297955e-03,-6.891551364083506215e+00,-2.997662455263913617e-02,-1.570139213102454505e+02,-1.025672447431893661e-03,3.733837574699142348e+00,3.555841482163609069e+00,-3.490658503988658956e-01,-3.490658503988658956e-01
1.520000000000001072e-01,-1.007571170113505110e-01,0.000000000000000000e+00,8.768101782788358944e-01,-1.223015390656931434e+00,2.490430203787522201e-07,-1.722249761802164825e+00,9.606133038813060576e-01,2.150505624493786054e-05,-2.778886085850915122e-01,-3.409422055376150882e-05,1.202136837087122191e-03,-6.971124943253530937e+00,-2.983386352159313193e-03,-1.576480358648145170e+02,-4.585007088722205248e-03,3.479239554398799061e+00,3.703774509400483250e+00,-3.490658503988658956e-01,-3.490658503988658956e-01
1.540000000000001090e-01,-1.032031477926643737e-01,4.980860407575044212e-10,8.733656787552315226e-01,-1.235165176099270123e+00,1.370824238081298338e-06,-1.749667775858110286e+00,9.586528141955019677e-01,2.325065395025602337e-05,-2.845782492427111343e-01,-3.677506191476357159e-05,-1.179128671531131170e-02,-7.049385903338133197e+00,4.073310963766951093e-02,-1.582871806201592904e+02,-4.922242352346947909e-03,3.350087670131884021e+00,3.714431960969783564e+00,-3.490658503988658956e-01,-3.490658503988658956e-01
1.560000000000001108e-01,-1.056734781448629146e-01,3.239734516920101156e-09,8.698663432035153020e-01,-1.247460083927863561e+00,2.563388789450296460e-06,-1.776722650877036846e+00,9.566229443696697698e-01,9.590274473655727850e-08,-2.913289245920205328e-01,-1.245567342391715358e-06,-3.107922961230341619e-02,-7.126786873774760167e+00,1.043652031371281874e-01,-1.589482593058393434e+02,-5.160076243207500809e-05,3.227923514367696534e+00,3.758976562186878034e+00,-3.490658503988658956e-01,-3.490658503988658956e-01
1.580000000000001126e-01,-1.081683983127186416e-01,8.366512095820694500e-09,8.663128979017612474e-01,-1.259077822351927445e+00,2.596932613429107001e-06,-1.803479343897021359e+00,9.545224593768614207e-01,-6.004715541655954153e-05,-2.981389993323734777e-01,8.953534425297730978e-05,-1.602003972570023582e-02,-7.204259904100791090e+00,5.084571018290888478e-02,-1.596120875506528307e+02,1.239296116045366866e-02,3.718950014738577892e+00,3.274516503532707290e+00,-3.490658503988658956e-01,-3.490658503988658956e-01
1.600000000000001144e-01,-1.106865539574224955e-01,1.356037732267890829e-08,8.627059392139672100e-01,-1.270372410683422881e+00,-2.662532164581715674e-07,-1.831036913396388632e+00,9.523498678640891502e-01,-8.985036462301280167e-05,-3.050077101069515462e-01,1.337216429739679618e-04,5.826592299695891597e-03,-7.282870929859691422e+00,-2.397434978763077207e-02,-1.602701478563210742e+02,1.841810014508709140e-02,3.859467968709772823e+00,3.236669758683119458e+00,-3.490658503988658956e-01,-3.490658503988658956e-01
1.620000000000001161e-01,-1.132272987787893426e-01,1.302787088976256571e-08,8.590438653871744767e-01,-1.282189525841936906e+00,-4.750042793501178340e-06,-1.859032586406021759e+00,9.501033430131831103e-01,-7.601315534673575198e-05,-3.119352801081682336e-01,1.133181931002355915e-04,-2.139997118283982688e-02,-7.363337672294878899e+00,6.813650985704500229e-02,-1.609461339820853141e+02,1.548853726211119747e-02,3.248074901946166992e+00,4.015560997317015435e+00,-3.490658503988658956e-01,-3.490658503988658956e-01
1.640000000000001179e-01,-1.157916778304732136e-01,3.527785302760208673e-09,8.553258002143624417e-01,-1.293816917498940677e+00,-8.533625035036375187e-06,-1.887144749349229711e+00,9.477807530573797434e-01,-1.167619550775740638e-04,-3.189225626059378205e-01,1.719345620087013745e-04,-5.785880309823220047e-02,-7.445808436933140761e+00,1.885676789410608012e-01,-1.616298962382481932e+02,2.357412368646099460e-02,3.219742016294719456e+00,4.224823906648968119e+00,-3.490658503988658956e-01,-3.490658503988658956e-01
1.660000000000001197e-01,-1.183793116654710958e-01,-1.353946476731254091e-08,8.515515107156639285e-01,-1.305263920293845414e+00,-1.457672931279580625e-05,-1.916306493579755355e+00,9.453798535870581166e-01,-2.304513181170773375e-04,-3.259705023355761733e-01,3.330630492854684262e-04,-1.053839409639856228e-01,-7.529599403794795975e+00,3.425758484663635750e-01,-1.623089257655057907e+02,4.602204033502396013e-02,3.138447703742644368e+00,4.425502233590198564e+00,-3.490658503988658956e-01,-3.490658503988658956e-01
1.680000000000001215e-01,-1.209898395060587800e-01,-4.269292339290415612e-08,8.477188977285043947e-01,-1.317418112452066747e+00,-2.690713491507983876e-05,-1.945866351420043383e+00,9.428984989655138094e-01,-4.392284838358028061e-04,-3.330793268659286155e-01,6.242927677390471735e-04,-1.662901662659358182e-01,-7.613493660893143833e+00,5.368432445369633044e-01,-1.630109251928267895e+02,8.679133113917189557e-02,2.974212701049710361e+00,4.599623472448691075e+00,-3.490658503988658956e-01,-3.490658503988658956e-01
1.700000000000001232e-01,-1.236246757309629185e-01,-9.650719322306384084e-08,8.438271650256643497e-01,-1.329326153702399704e+00,-4.910299175215559694e-05,-1.974838726531345401e+00,9.403347919430847801e-01,-7.700591298592759145e-04,-3.402480317506478280e-01,1.078406278910656792e-03,-2.432602599451901271e-01,-7.696310985583713737e+00,7.790501613960545413e-01,-1.637297456810681524e+02,1.506568879628973068e-01,2.724591965609975741e+00,4.753217768766489826e+00,-3.490658503988658956e-01,-3.490658503988658956e-01
1.720000000000001250e-01,-1.262833280383677259e-01,-1.947131767273750457e-07,8.398774875726016109e-01,-1.340630760234988283e+00,-8.719820821134760536e-05,-2.004104642353453869e+00,9.376870268445715029e-01,-1.255538147378163980e-03,-3.474743965784163890e-01,1.734080105919048745e-03,-2.350957683894316363e-01,-7.777448669230536460e+00,7.277687090762022804e-01,-1.644461749653449374e+02,2.432560300542471188e-01,3.870806781854093881e+00,3.457621509020170070e+00,-3.490658503988658956e-01,-3.490658503988658956e-01
1.740000000000001268e-01,-1.289645895588376889e-01,-3.691095931500702636e-07,8.358692782878947014e-01,-1.352308017895455405e+00,-1.487154684927819511e-04,-2.033180298103669070e+00,9.349544552873213510e-01,-1.715326293688014319e-03,-3.547558702829061716e-01,2.344502913644532904e-03,-2.185699912476928020e-01,-7.857377248348954346e+00,6.496900485910779288e-01,-1.651858156290038835e+02,3.293815927206319438e-01,3.927882897250004390e+00,3.290989916987791197e+00,-3.490658503988658956e-01,-3.490658503988658956e-01
1.760000000000001286e-01,-1.316692055946286077e-01,-6.665405301356341700e-07,8.318029176916873491e-01,-1.363312680032897628e+00,-2.263912253627734135e-04,-2.061571814291027760e+00,9.321361136383672363e-01,-2.131672692767062720e-03,-3.620902958295111329e-01,2.887782676908841675e-03,-1.924897474577481060e-01,-7.937411625389943381e+00,5.416807289082867793e-01,-1.659341350660821490e+02,4.059788092700973849e-01,4.057503623425122719e+00,3.170270002812119348e+00,-3.490658503988658956e-01,-3.490658503988658956e-01
1.780000000000001303e-01,-1.343958309546944008e-01,-1.119322980861180889e-06,8.276797740631053335e-01,-1.373770677795673079e+00,-3.259745477012299976e-04,-2.090969050509552396e+00,9.292306543290698162e-01,-2.484236487665347250e-03,-3.694767451916544654e-01,3.339818381757913082e-03,-1.557468657035475379e-01,-8.019181095811749316e+00,4.010149111784748199e-01,-1.666721410202070501e+02,4.693221494311147213e-01,4.272225296057689192e+00,3.111330697864669759e+00,-3.490658503988658956e-01,-3.490658503988658956e-01
1.800000000000001321e-01,-1.371433723102857549e-01,-1.771272076263640929e-06,8.234978359620862554e-01,-1.384895975978486460e+00,-4.478074384225529721e-04,-2.120900691661474546e+00,9.262361600846195087e-01,-2.750255641542932554e-03,-3.769157841452228097e-01,3.674711933866474812e-03,-2.507708604280355913e-01,-8.103716313822856065e+00,7.070821266844741215e-01,-1.674296637948912405e+02,5.154864725792160929e-01,2.535733289315504457e+00,5.096549948276385855e+00,-3.490658503988658956e-01,-3.490658503988658956e-01
1.820000000000001339e-01,-1.399131642622427341e-01,-2.666886953108746998e-06,8.192560345787632814e-01,-1.395526544855845374e+00,-5.821247138105107525e-04,-2.151179260633147461e+00,9.231478825359779039e-01,-3.219153666105509931e-03,-3.844079860306226504e-01,4.257263780272728219e-03,-3.682662531647806214e-01,-8.190966381158048648e+00,1.078602951864143566e+00,-1.681873448204338501e+02,5.979437845985482447e-01,2.383759628640088835e+00,5.496153677635936319e+00,-3.490658503988658956e-01,-3.490658503988658956e-01
1.840000000000001357e-01,-1.427042173519544321e-01,-3.831136380729768737e-06,8.149536760574970229e-01,-1.406304454793384284e+00,-7.520947558201114937e-04,-2.182922489057866233e+00,9.199619742510481979e-01,-3.938735677272550174e-03,-3.919541520930058809e-01,5.137601622451247983e-03,-5.124914947880780947e-01,-8.279547412053100075e+00,1.527511198826484895e+00,-1.689444391931835412e+02,7.239774475620280869e-01,2.119992184445843808e+00,5.884974325488494529e+00,-3.490658503988658956e-01,-3.490658503988658956e-01
1.860000000000001374e-01,-1.455168262615411934e-01,-5.335325892369991494e-06,8.105878310793812602e-01,-1.417813095880043894e+00,-9.592376066676590795e-04,-2.214396382367111560e+00,9.166742962916077930e-01,-4.966209043229715021e-03,-3.995534241607462955e-01,6.374364866167093330e-03,-6.885393157085252236e-01,-8.367553172391149374e+00,2.068072543329421364e+00,-1.697329126107794650e+02,9.027004266255933551e-01,1.711655688990917135e+00,6.249990146870173291e+00,-3.490658503988658956e-01,-3.490658503988658956e-01
1.880000000000001392e-01,-1.483524524533012812e-01,-7.253801105705309931e-06,8.061590383146470806e-01,-1.428400641950688055e+00,-1.204366269339303581e-03,-2.245503370397252674e+00,9.132802687356621485e-01,-6.370104832843621022e-03,-4.072026412304269316e-01,8.036260168735272214e-03,-9.018809748656226866e-01,-8.453527754523566529e+00,2.715269780806479183e+00,-1.705232179913903394e+02,1.144912795687156093e+00,1.176901528348496928e+00,6.615703956534291663e+00,-3.490658503988658956e-01,-3.490658503988658956e-01
1.900000000000001410e-01,-1.512092537372026479e-01,-9.662533644383917568e-06,8.016680315738525797e-01,-1.438648604986694002e+00,-1.504506556609295402e-03,-2.276259220962914220e+00,9.097741739943829842e-01,-8.231177417205045796e-03,-4.148965099734985840e-01,1.020225773910543414e-02,-1.143000378056250099e+00,-8.532657689531438550e+00,3.433170178173657217e+00,-1.713257898188359718e+02,1.462735340794663719e+00,5.776265947303111936e-01,6.620000000000000107e+00,-3.490658503988658956e-01,-3.490658503988658956e-01
1.920000000000001428e-01,-1.540865509471760486e-01,-1.267154675760250875e-05,7.971155131319267451e-01,-1.449230277827719737e+00,-1.878675187476152447e-03,-2.306518439837348389e+00,9.061506517299495744e-01,-1.060795199581636948e-02,-4.226245525282207871e-01,1.292111930767701582e-02,-1.228487030028093230e+00,-8.615923975649902644e+00,3.603081791084036034e+00,-1.721536783999116267e+02,1.863851710709375720e+00,3.056603708958168131e+00,4.547338535650939484e+00,-3.490658503988658956e-01,-3.490658503988658956e-01
1.940000000000001446e-01,-1.569850115028314785e-01,-1.642889713255481476e-05,7.925024762522520083e-01,-1.457357999353785738e+00,-2.295577299890175227e-03,-2.336043967581060699e+00,9.024097306335038260e-01,-1.313198720845609214e-02,-4.303904368776395040e-01,1.575756371393577382e-02,-1.495570804007802845e+00,-8.689273725297013584e+00,4.375571679418236215e+00,-1.729602605093185446e+02,2.284045848041107440e+00,1.000000000000000056e-01,6.620000000000000107e+00,-3.490658503988658956e-01,-3.490658503988658956e-01
1.960000000000001463e-01,-1.598997275015390518e-01,-2.102005173233516369e-05,7.878303883170898470e-01,-1.465871752656221272e+00,-2.824037879976129019e-03,-2.365898342544817456e+00,8.985378354114678112e-01,-1.622710120807866960e-02,-4.381766026009664139e-01,1.917562133365344201e-02,-1.770330392909347239e+00,-8.762099793211548970e+00,5.145855215896544266e+00,-1.737840970168525985e+02,2.792567577218874497e+00,1.000000000000000056e-01,6.620000000000000107e+00,-3.490658503988658956e-01,-3.490658503988658956e-01
1.980000000000001481e-01,-1.628314710068514970e-01,-2.666812749228742103e-05,7.830985916320002405e-01,-1.473313771847318154e+00,-3.442742085364000962e-03,-2.395664598859136074e+00,8.945235038441755604e-01,-1.990352597266988044e-02,-4.459764029525289941e-01,2.316460087543196697e-02,-2.052866241423527693e+00,-8.834291329656128511e+00,5.913835837356388403e+00,-1.746049334572942087e+02,3.389262324216771649e+00,1.000000000000000056e-01,6.620000000000000107e+00,-3.490658503988658956e-01,-3.490658503988658956e-01
2.000000000000001499e-01,-1.657780985505461213e-01,-3.355361166301542588e-05,7.783072624342819434e-01,-1.480926894789175385e+00,-4.282669955541044959e-03,-2.426958372267655761e+00,8.903535798291882797e-01,-2.417123469298325389e-02,-4.537821336199279743e-01,2.771334527103688078e-02,-2.343275272662163289e+00,-8.905733450320401090e+00,6.679415237106769432e+00,-1.754284113562349319e+02,4.070749959083119762e+00,1.000000000000000056e-01,6.620000000000000107e+00,-3.490658503988658956e-01,-3.490658503988658956e-01
2.020000000000001517e-01,-1.687399523401244827e-01,-4.211895157409751905e-05,7.734533456897466630e-01,-1.489308847516426670e+00,-5.270669338479708199e-03,-2.457637983263850412e+00,8.860132373001575745e-01,-2.903989077623986975e-02,-4.615850079126639915e-01,3.281018961945393608e-02,-2.641650445073593367e+00,-8.976307219921149994e+00,7.442493515806313908e+00,-1.762887168675186444e+02,4.837170699922609174e+00,1.000000000000000056e-01,6.620000000000000107e+00,-3.490658503988658956e-01,-3.490658503988658956e-01
2.040000000000001534e-01,-1.717185700351573363e-01,-5.266029025105693409e-05,7.685380697232189195e-01,-1.496936333225275417e+00,-6.444219010438885162e-03,-2.488615038363824805e+00,8.814860066691869722e-01,-3.451879010172279744e-02,-4.693751330109993125e-01,3.844291465576221700e-02,-2.948080296701281355e+00,-9.045889642938274022e+00,8.202969351240692930e+00,-1.771514381155334661e+02,5.687168869450771602e+00,1.000000000000000056e-01,6.620000000000000107e+00,-3.490658503988658956e-01,-3.490658503988658956e-01
2.060000000000001552e-01,-1.747124427016078785e-01,-6.554872827193470458e-05,7.635608396464912406e-01,-1.505534167047537064e+00,-7.840085719884044846e-03,-2.519400010185125272e+00,8.767538041447240360e-01,-4.061679639525923174e-02,-4.771414874836527042e-01,4.459869605973321854e-02,-3.262648477461675522e+00,-9.114353661996114297e+00,8.960740187885072316e+00,-1.780526877532878700e+02,6.618189282382457073e+00,1.000000000000000056e-01,6.620000000000000107e+00,-3.490658503988658956e-01,-3.490658503988658956e-01
2.080000000000001570e-01,-1.777235110357029413e-01,-8.122889971170279286e-05,7.585220396261209697e-01,-1.512716221711565501e+00,-9.290640264526726227e-03,-2.549166039150448704e+00,8.717969643130911717e-01,-4.734226960992674732e-02,-4.848719003058746813e-01,5.126404994174766500e-02,-3.585433270203642220e+00,-9.181568164389450004e+00,9.715702447112967377e+00,-1.789624480882847877e+02,7.632658910878139302e+00,1.000000000000000056e-01,6.620000000000000107e+00,-3.490658503988658956e-01,-3.490658503988658956e-01
2.100000000000001588e-01,-1.807489434791260674e-01,-9.981018024075624770e-05,7.534237075478200651e-01,-1.519622579274536367e+00,-1.110248589433632249e-02,-2.580061744020778924e+00,8.665942764063455650e-01,-5.470298722403735270e-02,-4.925530316322969671e-01,5.842477486788352076e-02,-3.916507101399601787e+00,-9.247397997239330536e+00,1.046775175888061682e+01,-1.798809742852413081e+02,8.723489006429909765e+00,1.000000000000000056e-01,6.620000000000000107e+00,-3.490658503988658956e-01,-3.490658503988658956e-01
2.120000000000001605e-01,-1.837881886376751539e-01,-1.220151520294288983e-04,7.482635840597785526e-01,-1.525913326107778412e+00,-1.304813901152658377e-02,-2.610311912445817395e+00,8.611230247120387205e-01,-6.270605839484903743e-02,-5.001703556015727470e-01,6.606589081188156409e-02,-4.255936042407225450e+00,-9.311703991745577724e+00,1.121678321567530290e+01,1.791766162970412779e+02,9.893003687290901738e+00,1.000000000000000056e-01,6.620000000000000107e+00,-3.490658503988658956e-01,-3.490658503988658956e-01
2.140000000000001623e-01,-1.868400152898907207e-01,-1.481114300524820750e-04,7.430429602348869178e-01,-1.532365411455682169e+00,-1.541159488574054930e-02,-2.641370949817316571e+00,8.553590336113501280e-01,-7.135783093782434305e-02,-5.077081454720833165e-01,7.417157544911669176e-02,-4.603779302329414236e+00,-9.374342996979956766e+00,1.196269164946634334e+01,1.782083632295613711e+02,1.113415698890379524e+01,1.000000000000000056e-01,6.620000000000000107e+00,-3.490658503988658956e-01,-3.490658503988658956e-01
2.160000000000001641e-01,-1.899047461128020864e-01,-1.789346198239631831e-04,7.377602183352522935e-01,-1.538095581999521011e+00,-1.790267529837650043e-02,-2.671743716488232057e+00,8.492767177607229989e-01,-8.066379113688264269e-02,-5.151494614097325009e-01,8.272509823663518058e-02,-4.960088713588389098e+00,-9.435167923636653242e+00,1.270537193233842643e+01,1.772102191878405506e+02,1.245023495858250762e+01,1.000000000000000056e-01,6.620000000000000107e+00,-3.490658503988658956e-01,-3.490658503988658956e-01
2.180000000000001659e-01,-1.929809372768011289e-01,-2.147399704207162015e-04,7.324167309022758809e-01,-1.543566580080700801e+00,-2.111997780883487913e-02,-2.704020525280359522e+00,8.428491379582321308e-01,-9.062845643124493866e-02,-5.224761412699352459e-01,9.170875275367011692e-02,-5.324908211416080839e+00,-9.494027798124553996e+00,1.344471930141811633e+01,1.761951854793692007e+02,1.382934905302120221e+01,1.000000000000000056e-01,6.620000000000000107e+00,-3.490658503988658956e-01,-3.490658503988658956e-01
2.200000000000001676e-01,-1.960680704369625327e-01,-2.569799260383859546e-04,7.270086898517151841e-01,-1.549798498730319274e+00,-2.451143959146864781e-02,-2.735307678856318869e+00,8.360480632590898686e-01,-1.012552610693913113e-01,-5.296687947361361504e-01,1.011037878086819969e-01,-5.698273308546617955e+00,-9.550767827348831673e+00,1.418062970862531635e+01,1.751133604172182743e+02,1.527592366513580657e+01,1.000000000000000056e-01,6.620000000000000107e+00,-3.490658503988658956e-01,-3.490658503988658956e-01
2.220000000000001694e-01,-1.991676674344231845e-01,-3.060028052213232554e-04,7.215380744940025348e-01,-1.555939370663968369e+00,-2.850002440317891961e-02,-2.767373872586808670e+00,8.288440399246193024e-01,-1.125464348705647460e-01,-5.367068011964187813e-01,1.108903378517245436e-01,-6.080210566476372591e+00,-9.605229474487487096e+00,1.491300019569215074e+01,1.739900637855290313e+02,1.678149181272777213e+01,1.000000000000000056e-01,6.620000000000000107e+00,-3.490658503988658956e-01,-3.490658503988658956e-01
2.240000000000001712e-01,-2.022795461757511126e-01,-3.630028540276811124e-04,7.160033267488289388e-01,-1.561870847694446507e+00,-3.225809063656651793e-02,-2.797434277868188435e+00,8.212064678052330979e-01,-1.245028752893433815e-01,-5.435683117577556622e-01,1.210473532645883893e-01,-6.470737064731601151e+00,-9.657250546021650450e+00,1.564172929479170904e+01,1.727933934413503323e+02,1.835474719910677521e+01,1.000000000000000056e-01,6.620000000000000107e+00,-3.490658503988658956e-01,-3.490658503988658956e-01
2.260000000000001730e-01,-2.054032878711400112e-01,-4.275190353008141491e-04,7.104084581930925069e-01,-1.566945512808674890e+00,-3.673028147861558124e-02,-2.828580507313313230e+00,8.131036847700833237e-01,-1.371240130392249179e-01,-5.502302558140359512e-01,1.315525311354823756e-01,-6.869859869651898876e+00,-9.706665290226824894e+00,1.636671745500846598e+01,1.715564421603307039e+02,1.997929277020720207e+01,1.000000000000000056e-01,6.620000000000000107e+00,-3.490658503988658956e-01,-3.490658503988658956e-01
2.280000000000001747e-01,-2.085371788967573525e-01,-5.009795982580453463e-04,7.047512971784658520e-01,-1.570446531787407007e+00,-4.140464577208650965e-02,-2.859372884863368380e+00,8.045030598035628477e-01,-1.504076715970200373e-01,-5.566683525989507553e-01,1.423822471596731531e-01,-7.277575504258161132e+00,-9.753304507275823099e+00,1.708786749476085376e+01,1.702680616887980705e+02,2.166025856546493600e+01,1.000000000000000056e-01,6.620000000000000107e+00,-3.490658503988658956e-01,-3.490658503988658956e-01
2.300000000000001765e-01,-2.116780719603321703e-01,-5.837888898022183587e-04,6.990325514087391001e-01,-1.575522010094058567e+00,-4.705138166783336823e-02,-2.891080581813203931e+00,7.953710953913156745e-01,-1.643499209812030459e-01,-5.628571281679158878e-01,1.535114893421896942e-01,-7.693869420825160788e+00,-9.796995671043143616e+00,1.780508508015457636e+01,1.688805166298663210e+02,2.337455369894520629e+01,1.000000000000000056e-01,6.620000000000000107e+00,-3.490658503988658956e-01,-3.490658503988658956e-01
2.320000000000001783e-01,-2.148291159805202910e-01,-6.778916531378850491e-04,6.932503902451127020e-01,-1.580155222178306396e+00,-5.327777273526663332e-02,-2.922937042520696416e+00,7.856735398152865368e-01,-1.789449262742107416e-01,-5.687699382642308343e-01,1.649137942130303458e-01,-8.118715477819806736e+00,-9.837563062635252820e+00,1.851827922910296209e+01,1.674081204945633203e+02,2.512660340202754838e+01,1.000000000000000056e-01,6.620000000000000107e+00,-3.490658503988658956e-01,-3.490658503988658956e-01
2.340000000000001801e-01,-2.179894264248768976e-01,-7.844471986084183054e-04,6.874045161600712550e-01,-1.584124737422243578e+00,-5.891624459971608885e-02,-2.952669822246694942e+00,7.753755099681153284e-01,-1.941847914409575437e-01,-5.743789975333808417e-01,1.765611862988736014e-01,-8.552075422895217827e+00,-9.874827915601947836e+00,1.922736284089842940e+01,1.658175868338464056e+02,2.692578455801285386e+01,1.000000000000000056e-01,6.620000000000000107e+00,-3.490658503988658956e-01,-3.490658503988658956e-01
2.360000000000001819e-01,-2.211576758997213787e-01,-9.022796878078504683e-04,6.814991765155778980e-01,-1.587724266299831211e+00,-6.508229736273803134e-02,-2.982457151844885690e+00,7.644416252812787915e-01,-2.100593990834144775e-01,-5.796554155555562193e-01,1.884241216276384134e-01,-8.993898383646561356e+00,-9.908608572711127493e+00,1.993225325075733423e+01,1.641131877838554374e+02,2.874829374545285177e+01,1.000000000000000056e-01,6.620000000000000107e+00,-3.490658503988658956e-01,-3.490658503988658956e-01
2.380000000000001836e-01,-2.243331244323210349e-01,-1.032444282533326579e-03,6.755342622118881701e-01,-1.591491423154713702e+00,-7.281176520127918828e-02,-3.013789304776323785e+00,7.528361533382498250e-01,-2.265562468637697391e-01,-5.845692401698440177e-01,2.004714360728751810e-01,-9.444120367835736829e+00,-9.938720654093399887e+00,2.063287280868973994e+01,1.622889669243781725e+02,3.057021911488710231e+01,1.000000000000000056e-01,6.620000000000000107e+00,-3.490658503988658956e-01,-3.490658503988658956e-01
2.400000000000001854e-01,-2.275161072786304750e-01,-1.178067812935884931e-03,6.695066836023355616e-01,-1.595741978105400971e+00,-8.102014357169454173e-02,-3.044768723289815515e+00,7.405231677129976431e-01,-2.436602814261620842e-01,-5.890895085639101802e-01,2.126702993733775582e-01,-9.902663774777153094e+00,-9.964977236484614309e+00,2.132914948186677151e+01,1.603014135829896247e+02,3.239342008087632507e+01,1.000000000000000056e-01,6.620000000000000107e+00,-3.490658503988658956e-01,-3.490658503988658956e-01
2.420000000000001872e-01,-2.307075912348412750e-01,-1.340108100079274089e-03,6.634171461557559768e-01,-1.598500223803262177e+00,-8.907247052683824051e-02,-3.074657363958202883e+00,7.274667185348276943e-01,-2.613537307488735806e-01,-5.931843066000951348e-01,2.249861756890401687e-01,-1.036943691954471269e+01,-9.987189043214282691e+00,2.202101747947195065e+01,1.581542945518475278e+02,3.422178554824149899e+01,1.000000000000000056e-01,6.620000000000000107e+00,-3.490658503988658956e-01,-3.490658503988658956e-01
2.440000000000001890e-01,-2.339045916824477878e-01,-1.518253041132950568e-03,6.572678314278396217e-01,-1.600532003927821911e+00,-9.852420104885978303e-02,-3.105334133244270323e+00,7.136310162322631045e-01,-2.796159359647076292e-01,-5.968208368424670063e-01,2.373827915762758145e-01,-1.084433357160952660e+01,-1.000516464450674725e+01,2.270841789883038686e+01,1.558411536553089718e+02,3.601997587097032039e+01,1.000000000000000056e-01,6.620000000000000107e+00,-3.490658503988658956e-01,-3.490658503988658956e-01
2.460000000000001907e-01,-2.371056556903034240e-01,-1.715301443230670070e-03,6.510571631613510934e-01,-1.604340027004853786e+00,-1.080803650820789524e-01,-3.135141194995801239e+00,6.989806288508529919e-01,-2.984231837964855805e-01,-5.999654957392694943e-01,2.498221122846571440e-01,-1.132723250944783189e+01,-1.001871066758076445e+01,2.339129939141197312e+01,1.532759986514095090e+02,3.777268196912827136e+01,1.000000000000000056e-01,6.620000000000000107e+00,-3.490658503988658956e-01,-3.490658503988658956e-01
2.480000000000001925e-01,-2.403143357443131289e-01,-1.931462173394827902e-03,6.447868807713594830e-01,-1.606469594223366659e+00,-1.168096816815509115e-01,-3.163254634092606654e+00,6.834806932719047490e-01,-3.177485408664928457e-01,-6.025839604011682393e-01,2.622643272902642764e-01,-1.181799709256797470e+01,-1.002763201595278453e+01,2.406961884710299415e+01,1.504783741112662483e+02,3.948881037886459922e+01,1.000000000000000056e-01,6.620000000000000107e+00,-3.490658503988658956e-01,-3.490658503988658956e-01
2.500000000000001665e-01,-2.435272749327598574e-01,-2.165081536757929893e-03,6.384603715031742510e-01,-1.607947559619880673e+00,-1.271099953514743253e-01,-3.191968884835502784e+00,6.670971405806567223e-01,-3.375616912524908586e-01,-6.046412853975028368e-01,2.746678459898881375e-01,-1.231647485229362893e+01,-1.003173209727079396e+01,2.474334209493629189e+01,1.474504881575286390e+02,4.111475630022691519e+01,1.000000000000000056e-01,6.620000000000000107e+00,-3.490658503988658956e-01,-3.490658503988658956e-01
2.520000000000001683e-01,-2.467431700519996107e-01,-2.419301527460878364e-03,6.320764337335031957e-01,-1.609814952737830263e+00,-1.373209556447733404e-01,-3.219774646338120494e+00,6.497969357428596826e-01,-3.578287787776954776e-01,-6.061020099702071340e-01,2.869893044831600126e-01,-1.282249710250682995e+01,-1.003081305893014452e+01,2.541244461826461176e+01,1.441278804777860216e+02,4.263556316305709259e+01,1.000000000000000056e-01,6.620000000000000107e+00,-3.490658503988658956e-01,-3.490658503988658956e-01
2.540000000000001701e-01,-2.499627999574752790e-01,-2.693943438750425173e-03,6.256368844408269903e-01,-1.610773867272044635e+00,-1.486446243867049488e-01,-3.247514256973871749e+00,6.315483316476684372e-01,-3.785122556368666902e-01,-6.069302760379509110e-01,2.991835843662462024e-01,-1.333587857139877642e+01,-1.002467603065160873e+01,2.607691228215661994e+01,1.405381482373122992e+02,4.402009438574743427e+01,1.000000000000000056e-01,6.620000000000000107e+00,-3.490658503988658956e-01,-3.490658503988658956e-01
2.560000000000001719e-01,-2.531843476920193625e-01,-2.991232687523835091e-03,6.191418559268792032e-01,-1.611608993537045231e+00,-1.587711870350863586e-01,-3.273628387657984362e+00,6.123211374618047209e-01,-3.995707390742467835e-01,-6.070899573312289466e-01,3.112038444503996137e-01,-1.385641705509841870e+01,-1.001312137313621520e+01,2.673674207059173114e+01,1.366189255604891741e+02,4.525158998966482926e+01,1.000000000000000056e-01,6.620000000000000107e+00,-3.490658503988658956e-01,-3.490658503988658956e-01
2.580000000000001736e-01,-2.564075656790934521e-01,-3.308775061594007583e-03,6.125945991515632238e-01,-1.614399285256014505e+00,-1.700741309483216335e-01,-3.299910583026275379e+00,5.920870011147938428e-01,-4.209588779402504422e-01,-6.065447999623670983e-01,3.230015663008271587e-01,-1.438389309384887937e+01,-9.995948931852572272e+00,2.739194283083010362e+01,1.323905030129799627e+02,4.625424746776733542e+01,1.000000000000000056e-01,6.620000000000000107e+00,-3.490658503988658956e-01,-3.490658503988658956e-01
2.600000000000001754e-01,-2.596363642496054558e-01,-3.648923323490651030e-03,6.059947779855107131e-01,-1.615645674487333761e+00,-1.826378793428401481e-01,-3.325855722437851103e+00,5.708197055974922884e-01,-4.426272310612072713e-01,-6.052585746926004706e-01,3.345266144655197893e-01,-1.491806967118007243e+01,-9.972958294961690839e+00,2.804253602213923813e+01,1.279257756138329967e+02,4.702492179574593933e+01,1.000000000000000056e-01,6.620000000000000107e+00,-3.490658503988658956e-01,-3.490658503988658956e-01
2.620000000000001772e-01,-2.628676555985801078e-01,-4.014199082176331257e-03,5.993430665406349611e-01,-1.615841888153500605e+00,-1.936627196645864524e-01,-3.350143944522780082e+00,5.484954786059571541e-01,-4.645221594586010361e-01,-6.031952411113357115e-01,3.457273122294178269e-01,-1.545869193628337079e+01,-9.943949054343237393e+00,2.868855646587042330e+01,1.231953983692796868e+02,4.754496512109785300e+01,1.000000000000000056e-01,6.620000000000000107e+00,-3.490658503988658956e-01,-3.490658503988658956e-01
2.640000000000001790e-01,-2.660993393748871116e-01,-4.401524521505504120e-03,5.926427786515894303e-01,-1.616039314002443605e+00,-2.051739401369459537e-01,-3.373874232832267062e+00,5.250933148999162858e-01,-4.865857345495635533e-01,-6.003191238902920723e-01,3.565505336861402585e-01,-1.600548694953175044e+01,-9.908721068657035502e+00,2.933005309369788804e+01,1.182820383429708784e+02,4.775610833258633647e+01,1.000000000000000056e-01,6.620000000000000107e+00,-3.490658503988658956e-01,-3.490658503988658956e-01
2.660000000000001807e-01,-2.693314180028920091e-01,-4.811872401779396236e-03,5.858950301859249254e-01,-1.617455201950789290e+00,-2.193272207882477620e-01,-3.397893069449535730e+00,5.005953105697580341e-01,-5.087556645471941197e-01,-5.965951012173033030e-01,3.669418128671443347e-01,-1.609230567451447413e+01,-9.718186003085662605e+00,2.996708969066274975e+01,1.132972378529752859e+02,4.760905270019215862e+01,1.000000000000000056e-01,6.620000000000000107e+00,3.490658503988658956e-01,3.490658503988658956e-01
2.680000000000001825e-01,-2.725663284067935677e-01,-5.250526843355892218e-03,5.790992440470258407e-01,-1.618041106280405206e+00,-2.326220914345847601e-01,-3.420631602524309756e+00,4.753169381217670630e-01,-5.307915865011664236e-01,-5.917488418230615332e-01,3.770509358630321217e-01,-1.617978720815421312e+01,-9.524486106489256088e+00,3.060614504189894802e+01,1.083042780568972177e+02,4.717486253317861866e+01,1.000000000000000056e-01,6.620000000000000107e+00,3.490658503988658956e-01,3.490658503988658956e-01
2.700000000000001843e-01,-2.758024106193543989e-01,-5.715771026225061752e-03,5.722579808419772096e-01,-1.616319048920912937e+00,-2.463153344321132587e-01,-3.441934736253495331e+00,4.492631537838672751e-01,-5.526459167348950485e-01,-5.857536448716672561e-01,3.868304239430727098e-01,-1.626757905873661869e+01,-9.327580930990322372e+00,3.124729050784069884e+01,1.034024156749992187e+02,4.645845198082377436e+01,1.000000000000000056e-01,6.620000000000000107e+00,3.490658503988658956e-01,3.490658503988658956e-01
2.720000000000001861e-01,-2.790350487171961991e-01,-6.208401695089288755e-03,5.653741113694702447e-01,-1.616919814918017062e+00,-2.593203032612824699e-01,-3.462955280321925677e+00,4.224414608582363062e-01,-5.742681663664468417e-01,-5.785842288496580998e-01,3.962317192912811481e-01,-1.635532011012163522e+01,-9.127432020179419681e+00,3.189060217269355135e+01,9.861120671924703629e+01,4.540906633644912205e+01,1.000000000000000056e-01,6.620000000000000107e+00,3.490658503988658956e-01,3.490658503988658956e-01
2.740000000000001878e-01,-2.822688883470322319e-01,-6.727042301611853466e-03,5.584482008088264005e-01,-1.618553461051191356e+00,-2.714754859940749498e-01,-3.483466592491216485e+00,3.948621075496002719e-01,-5.956049529709872559e-01,-5.702169305909630115e-01,4.052052666061201625e-01,-1.644264051954746719e+01,-8.924003174077922651e+00,3.253616065306921712e+01,9.399881286090105448e+01,4.404414844545664209e+01,1.000000000000000056e-01,6.620000000000000107e+00,3.490658503988658956e-01,3.490658503988658956e-01
2.760000000000001896e-01,-2.855059952691346159e-01,-7.269993273600003532e-03,5.514812676238439737e-01,-1.618458184741530026e+00,-2.852278914840656321e-01,-3.502471321377200297e+00,3.665382859938940419e-01,-6.166000266548997688e-01,-5.606299146893237717e-01,4.137006052512813281e-01,-1.652916162134781786e+01,-8.717260723904534103e+00,3.318405088428827554e+01,8.966647062745231267e+01,4.240482182230097408e+01,1.000000000000000056e-01,6.620000000000000107e+00,3.490658503988658956e-01,3.490658503988658956e-01
2.780000000000001914e-01,-2.887429116386176497e-01,-7.840449056568134928e-03,5.444763249810895545e-01,-1.616957357791668048e+00,-2.980395638660610635e-01,-3.519998931478492299e+00,3.374863315393643037e-01,-6.371943116810927510e-01,-5.498033931567569699e-01,4.216664725333010844e-01,-1.661449583787433681e+01,-8.507173817023195639e+00,3.383436188328047223e+01,8.558906989534543186e+01,4.050188249606306812e+01,1.000000000000000056e-01,6.620000000000000107e+00,3.490658503988658956e-01,3.490658503988658956e-01
2.800000000000001932e-01,-2.919768263542009690e-01,-8.436528184300257777e-03,5.374363271181326063e-01,-1.617437346375175000e+00,-3.098173845281668726e-01,-3.537613248766332763e+00,3.077259212276406419e-01,-6.573259648064961880e-01,-5.377198551103754554e-01,4.290509186750283144e-01,-1.669824659903468245e+01,-8.293714712461618177e+00,3.448718648701200351e+01,8.178995806400719459e+01,3.831284529578852016e+01,1.000000000000000056e-01,6.620000000000000107e+00,3.490658503988658956e-01,3.490658503988658956e-01
2.820000000000001950e-01,-2.952117010469513247e-01,-9.056162953356591133e-03,5.303611006205999345e-01,-1.618352222311018940e+00,-3.230096641738552932e-01,-3.554141864287973185e+00,2.772802703130909374e-01,-6.769304515082089635e-01,-5.243643061855973730e-01,4.358014340436349165e-01,-1.678000827198538758e+01,-8.076859087398000625e+00,3.514262106537695729e+01,7.832642600370891728e+01,3.587806258390342151e+01,1.000000000000000056e-01,6.620000000000000107e+00,3.490658503988658956e-01,3.490658503988658956e-01
2.840000000000001967e-01,-2.984484054915733653e-01,-9.702182281704302413e-03,5.232528168920239642e-01,-1.619616314843708382e+00,-3.355749418215171476e-01,-3.569980147612744847e+00,2.461763255452601440e-01,-6.959406412833437638e-01,-5.097245172809519165e-01,4.418650891775259826e-01,-1.685936610265813229e+01,-7.856586355018339241e+00,3.580076520750679947e+01,7.516092668821887912e+01,3.321341785781858391e+01,1.000000000000000056e-01,6.620000000000000107e+00,3.490658503988658956e-01,3.490658503988658956e-01
2.860000000000001985e-01,-3.016876381212607594e-01,-1.037333216534733725e-02,5.161128565967985082e-01,-1.620488242578769000e+00,-3.482781068382893586e-01,-3.584368367153174084e+00,2.144449538218212714e-01,-7.142869232084907427e-01,-4.937912821378740436e-01,4.471886881377247214e-01,-1.693589617094871613e+01,-7.632879994147206304e+00,3.646172138047818123e+01,7.229997115227219240e+01,3.034605106881376102e+01,1.000000000000000056e-01,6.620000000000000107e+00,3.490658503988658956e-01,3.490658503988658956e-01
2.880000000000002003e-01,-3.049286146064182912e-01,-1.106988837902391637e-02,5.089441198624921059e-01,-1.621913116501872754e+00,-3.602382488274629146e-01,-3.598225210000700169e+00,1.821211246987899379e-01,-7.318973429369313166e-01,-4.765586831476122942e-01,4.517189356855890736e-01,-1.700916536155984105e+01,-7.405727891050372769e+00,3.712559455943731734e+01,6.972252878817428723e+01,2.728091077923785690e+01,1.000000000000000056e-01,6.620000000000000107e+00,3.490658503988658956e-01,3.490658503988658956e-01
2.900000000000002021e-01,-3.081724408394220238e-01,-1.179036487667884173e-02,5.017476694424907180e-01,-1.624244040352505358e+00,-3.729367714592082828e-01,-3.610874162308391089e+00,1.492440851214292541e-01,-7.486977622943218336e-01,-4.580243646561991677e-01,4.554026187595190400e-01,-1.707873135266241604e+01,-7.175122693797407969e+00,3.779249182820898767e+01,6.744470643380897457e+01,2.403805276880896002e+01,1.000000000000000056e-01,6.620000000000000107e+00,3.490658503988658956e-01,3.490658503988658956e-01
2.920000000000002038e-01,-3.114209289201270159e-01,-1.253623841959725788e-02,4.945259211178739123e-01,-1.628192189093072395e+00,-3.840500596239098119e-01,-3.624567249186782192e+00,1.158575246140818998e-01,-7.646120426054966446e-01,-4.381898129069624614e-01,4.581868026880618339e-01,-1.714414262472507389e+01,-6.941062179555515854e+00,3.846252194952207759e+01,6.541982952883518010e+01,2.061742623476616032e+01,1.000000000000000056e-01,6.620000000000000107e+00,3.490658503988658956e-01,3.490658503988658956e-01
2.940000000000002056e-01,-3.146773132983131660e-01,-1.330433853884507682e-02,4.872767866195003572e-01,-1.630983863222885466e+00,-3.937345421075827412e-01,-3.637028765090837723e+00,8.200972904103119576e-02,-7.795622528452463840e-01,-4.170606416179222231e-01,4.600190425348801293e-01,-1.720493849205810832e+01,-6.703549635161523135e+00,3.913579490406228700e+01,6.363170797987468319e+01,1.705285221629397796e+01,1.000000000000000056e-01,6.620000000000000107e+00,3.490658503988658956e-01,3.490658503988658956e-01
2.960000000000002074e-01,-3.179392810247589352e-01,-1.409180762306024189e-02,4.800027290893186804e-01,-1.634346355067089362e+00,-4.046428885901850458e-01,-3.646788413661377515e+00,4.775372092447263683e-02,-7.934689036532736051e-01,-3.946468820383183251e-01,4.608476099217323485e-01,-1.726064915982575698e+01,-6.462594251286116531e+00,3.981242139765807764e+01,6.212310264659988945e+01,1.335788758970247336e+01,1.000000000000000056e-01,6.620000000000000107e+00,3.490658503988658956e-01,3.490658503988658956e-01
2.980000000000002092e-01,-3.212079737348931263e-01,-1.490109340024061216e-02,4.727091522619959463e-01,-1.638160195592201829e+00,-4.146002168860365988e-01,-3.655946229720134610e+00,1.314738418099525331e-02,-8.062512081868716818e-01,-3.709632761642267518e-01,4.606217356181868672e-01,-1.731079580949906571e+01,-6.218211530462104619e+00,4.049251233601964373e+01,6.085147916721012251e+01,9.535342384825149509e+00,1.000000000000000056e-01,6.620000000000000107e+00,3.490658503988658956e-01,3.490658503988658956e-01
3.000000000000002109e-01,-3.244842941260775437e-01,-1.573029383401268466e-02,4.653972598025556962e-01,-1.642847192180499460e+00,-4.223471111921847099e-01,-3.667652082061893637e+00,-2.174642898397946555e-02,-8.178273707030030426e-01,-3.460295716176131631e-01,4.592918681204671283e-01,-1.735489071594994570e+01,-5.970423709195596729e+00,4.117617826658418778e+01,5.979054847540328410e+01,5.588188265794165943e+00,1.000000000000000056e-01,6.620000000000000107e+00,3.490658503988658956e-01,3.490658503988658956e-01
3.020000000000002127e-01,-3.277699885104385369e-01,-1.657498805639705253e-02,4.580619556384318836e-01,-1.647198260687613880e+00,-4.295370286995494613e-01,-3.676937169018645868e+00,-5.685981140200032508e-02,-8.281149036631572091e-01,-3.198708165062278952e-01,4.568099483657596660e-01,-1.739243739962423163e+01,-5.719260194314354173e+00,4.186352878717624293e+01,5.897304900000737149e+01,1.540404214860552568e+00,1.000000000000000056e-01,6.620000000000000107e+00,3.490658503988658956e-01,3.490658503988658956e-01
3.040000000000002145e-01,-3.310643850318137904e-01,-1.743406211379615323e-02,4.507080813003945807e-01,-1.651801488314804667e+00,-4.352831347070675316e-01,-3.687170292966231777e+00,-9.211973697740313827e-02,-8.370309740383901076e-01,-2.925176523835756326e-01,4.531297006416147299e-01,-1.742293081747660466e+01,-5.464758013630011568e+00,4.255467192137067656e+01,5.838398420832945845e+01,-2.602659179972510284e+00,1.000000000000000056e-01,6.620000000000000107e+00,3.490658503988658956e-01,3.490658503988658956e-01
3.060000000000002163e-01,-3.343679880084434175e-01,-1.830462838321028976e-02,4.433337407144621323e-01,-1.655568987372086243e+00,-4.394634813618533697e-01,-3.695636389861109983e+00,-1.274480220264388175e-01,-8.444927793570661256e-01,-2.640066032191000778e-01,4.482069396518072457e-01,-1.744585759660116508e+01,-5.206962280899146478e+00,4.324971346065044031e+01,5.803709382894582802e+01,-6.829091897992174864e+00,1.000000000000000056e-01,6.620000000000000107e+00,3.490658503988658956e-01,3.490658503988658956e-01
3.080000000000002180e-01,-3.376791259831876113e-01,-1.918355534593399817e-02,4.359424679347398968e-01,-1.660311172200415131e+00,-4.429993760190795715e-01,-3.702536470316167616e+00,-1.627613146063003613e-01,-8.504179538827583151e-01,-2.343803580691597999e-01,4.419998935892001102e-01,-1.746069631474660611e+01,-4.945926674961021341e+00,4.394875627368303839e+01,5.797439239866508132e+01,-1.112702670351641210e+01,1.000000000000000056e-01,6.620000000000000107e+00,3.490658503988658956e-01,3.490658503988658956e-01
3.100000000000002198e-01,-3.409997483275884478e-01,-2.006955409797215803e-02,4.285373949941075344e-01,-1.665833940817438075e+00,-4.455035588983620731e-01,-3.709214563851319202e+00,-1.979711146012813339e-01,-8.547250051333494802e-01,-2.036880449100596790e-01,4.344695429417803068e-01,-1.746691783216157745e+01,-4.681713932805948275e+00,4.465189958330101661e+01,5.820839524271558929e+01,-1.548015463077483211e+01,1.000000000000000056e-01,6.620000000000000107e+00,3.490658503988658956e-01,3.490658503988658956e-01
3.120000000000002216e-01,-3.443314162092233066e-01,-2.096056121576888101e-02,4.211189658664049040e-01,-1.671321411411062829e+00,-4.465985119811852755e-01,-3.716819089532621412e+00,-2.329838273986608588e-01,-8.573337807533897292e-01,-1.719854928562822016e-01,4.255799746190500610e-01,-1.746398567947149871e+01,-4.414396356186367498e+00,4.535923821206424833e+01,5.875439859165435763e+01,-1.986867971736104010e+01,1.000000000000000056e-01,6.620000000000000107e+00,3.490658503988658956e-01,3.490658503988658956e-01
3.140000000000002234e-01,-3.476740590320454571e-01,-2.185375823973125312e-02,4.136853276873396767e-01,-1.677641539571818496e+00,-4.473809554853014903e-01,-3.726676386302488098e+00,-2.677008540341216936e-01,-8.581659655291469235e-01,-1.393354797413959012e-01,4.152987508313306098e-01,-1.745135650653899972e+01,-4.144056331221617206e+00,4.607086179760768374e+01,5.966519089339090698e+01,-2.426116848677277815e+01,1.000000000000000056e-01,6.620000000000000107e+00,3.490658503988658956e-01,3.490658503988658956e-01
3.160000000000002252e-01,-3.510293421111890799e-01,-2.274852015070185501e-02,4.062319749147347281e-01,-1.685897972832333780e+00,-4.476367876976958815e-01,-3.735799924509480174e+00,-3.020187207124745976e-01,-8.571456080884937156e-01,-1.058079617874828071e-01,4.035972919832160333e-01,-1.742848059750286538e+01,-3.870786860265815754e+00,4.678685397933875123e+01,6.103288989392491004e+01,-2.863729753958052626e+01,1.000000000000000056e-01,6.620000000000000107e+00,3.490658503988658956e-01,3.490658503988658956e-01
3.180000000000002269e-01,-3.544011380568537484e-01,-2.364379372609724805e-02,3.987603750657157664e-01,-1.695327021291005432e+00,-4.481395672125541574e-01,-3.747051914313558107e+00,-3.358292506108546127e-01,-8.541996765549276782e-01,-7.148028183327879981e-02,3.904512726533796441e-01,-1.739480245742020870e+01,-3.594692105105114166e+00,4.750729155844567941e+01,6.290968277585628243e+01,-3.294355605823393773e+01,1.000000000000000056e-01,6.620000000000000107e+00,3.490658503988658956e-01,3.490658503988658956e-01
3.200000000000002287e-01,-3.577917920994357348e-01,-2.454007286052235781e-02,3.912662712370886253e-01,-1.704723545356247483e+00,-4.463466645459165938e-01,-3.757032736565602882e+00,-3.690197808448463235e-01,-8.492586421259017415e-01,-3.643735233393624595e-02,3.758410295252286315e-01,-1.734976147614858277e+01,-3.315887940324845573e+00,4.823224363361288169e+01,6.539364197023350300e+01,-3.716150069998418104e+01,1.000000000000000056e-01,6.620000000000000107e+00,3.490658503988658956e-01,3.490658503988658956e-01
3.220000000000002305e-01,-3.612012391901482378e-01,-2.543276618961419142e-02,3.837522057639574102e-01,-1.713711625738103317e+00,-4.440229496876797466e-01,-3.768734619227953608e+00,-4.014734274194393104e-01,-8.422570892196813430e-01,-7.718090892183944278e-04,3.597519799056122514e-01,-1.729279267529339492e+01,-3.034502515437883741e+00,4.896177071531312208e+01,6.858503199124173477e+01,-4.120666970533216755e+01,1.000000000000000056e-01,6.620000000000000107e+00,3.490658503988658956e-01,3.490658503988658956e-01
3.240000000000002323e-01,-3.646286624416244515e-01,-2.632081208898955083e-02,3.762147365255015252e-01,-1.724184455646667669e+00,-4.394727488882226307e-01,-3.779274523347965431e+00,-4.330694008924101390e-01,-8.331343504818887746e-01,3.541586859464125603e-02,3.421750492211519390e-01,-1.722332754420482459e+01,-2.750676824092191275e+00,4.969592382205911463e+01,7.268407408980976925e+01,-4.501494556872087571e+01,1.000000000000000056e-01,6.620000000000000107e+00,3.490658503988658956e-01,3.490658503988658956e-01
3.260000000000002340e-01,-3.680770313529178051e-01,-2.719975758676599492e-02,3.686561874788055748e-01,-1.733443276470526540e+00,-4.345702698450552015e-01,-3.791836977008396836e+00,-4.636833753436130356e-01,-8.218351645626877922e-01,7.201727584736868082e-02,3.231071056131355479e-01,-1.714079497113086248e+01,-2.464565278377654600e+00,5.043474356254973401e+01,7.777514116789237164e+01,-4.845644683845507217e+01,1.000000000000000056e-01,6.620000000000000107e+00,3.490658503988658956e-01,3.490658503988658956e-01
3.280000000000002358e-01,-3.715439179058588337e-01,-2.806889812645610438e-02,3.610725135247888073e-01,-1.742588258240177490e+00,-4.296741776334827012e-01,-3.805998939466622488e+00,-4.931879130655802967e-01,-8.083103541685511262e-01,1.089160430496611126e-01,3.025513994618654889e-01,-1.704462227571118760e+01,-2.176336285929751035e+00,5.117825920823743502e+01,8.400325139357592263e+01,-5.138918458362813624e+01,1.000000000000000056e-01,6.620000000000000107e+00,3.490658503988658956e-01,3.490658503988658956e-01
3.300000000000002376e-01,-3.750290944223391709e-01,-2.892824648172306889e-02,3.534605156458555664e-01,-1.751683047494321244e+00,-4.240218319885388221e-01,-3.821102510958550358e+00,-5.214529471645731329e-01,-7.925175214594383233e-01,1.459878445014919923e-01,2.805180053596877388e-01,-1.693423634902253738e+01,-1.886172827180613076e+00,5.192648776147272116e+01,9.141800983502878353e+01,-5.365581263668511269e+01,1.000000000000000056e-01,6.620000000000000107e+00,3.490658503988658956e-01,3.490658503988658956e-01
3.320000000000002394e-01,-3.785324605173278067e-01,-2.977629014570014679e-02,3.458183106239384741e-01,-1.761666381369502155e+00,-4.168309626254139699e-01,-3.836756853841903681e+00,-5.483463239825830948e-01,-7.744217574041623031e-01,1.831004601131968335e-01,2.570242637187636903e-01,-1.680906490735111802e+01,-1.594273029737302672e+00,5.267943302504665581e+01,9.991418220791858573e+01,-5.507748050472465451e+01,1.000000000000000056e-01,6.620000000000000107e+00,3.490658503988658956e-01,3.490658503988658956e-01
3.340000000000002411e-01,-3.820557932800668355e-01,-3.060995207095097356e-02,3.381447969162546530e-01,-1.773322358380626351e+00,-4.081173622054490857e-01,-3.853315544694480455e+00,-5.737344069156419257e-01,-7.539963612253944847e-01,2.201138954475674314e-01,2.320952188454527831e-01,-1.666853786576201912e+01,-1.300850736473760927e+00,5.343708467965008424e+01,1.091200287057037457e+02,-5.548601502714282674e+01,1.000000000000000056e-01,6.620000000000000107e+00,3.490658503988658956e-01,3.490658503988658956e-01
3.360000000000002429e-01,-3.856024379968280846e-01,-3.142618679536186843e-02,3.304381658268656929e-01,-1.782347710132830887e+00,-4.010114979618230602e-01,-3.871729766887338720e+00,-5.974827428082036818e-01,-7.312235655634126141e-01,2.568805655628078055e-01,2.057640499388734834e-01,-1.651208883735009181e+01,-1.006136063508651590e+00,5.419941737649481439e+01,1.183278800941281474e+02,-5.482237894812513446e+01,1.000000000000000056e-01,6.620000000000000107e+00,3.490658503988658956e-01,3.490658503988658956e-01
3.380000000000002447e-01,-3.891671334170937468e-01,-3.222820979128551699e-02,3.226947062930909937e-01,-1.795105084022667219e+00,-3.923836732356227319e-01,-3.891663278935686421e+00,-6.194567916436519717e-01,-7.060952624672025557e-01,2.932455481829553401e-01,1.780724910782221782e-01,-1.633915676378099491e+01,-7.103759438085512912e-01,5.496638985309171943e+01,1.270586099855755577e+02,-5.305891183580435921e+01,1.000000000000000056e-01,6.620000000000000107e+00,3.490658503988658956e-01,3.490658503988658956e-01
3.400000000000002465e-01,-3.927573435851390848e-01,-3.301297713775676324e-02,3.149113797352195987e-01,-1.804552404813398514e+00,-3.814214528036823371e-01,-3.912452171087482000e+00,-6.395227197238577688e-01,-6.786137247864773014e-01,3.290469117458081350e-01,1.490712358537677473e-01,-1.614918768235477842e+01,-4.138346517077168829e-01,5.573794408094708075e+01,1.348394986141303491e+02,-5.036469087883966722e+01,1.000000000000000056e-01,6.620000000000000107e+00,3.490658503988658956e-01,3.490658503988658956e-01
3.420000000000002482e-01,-3.963664483947658690e-01,-3.377582004336412980e-02,3.070864753930446223e-01,-1.814514526290282426e+00,-3.735181194927480464e-01,-3.934973639290089142e+00,-6.575482559334330235e-01,-6.487923169929397105e-01,3.641161238394642896e-01,1.188203218728052235e-01,-1.594163663433729994e+01,-1.167943031758365557e-01,5.651400445471301026e+01,1.413964183306618168e+02,-4.684208749392431059e+01,1.000000000000000056e-01,6.620000000000000107e+00,3.490658503988658956e-01,3.490658503988658956e-01
3.440000000000002500e-01,-3.999954774473464258e-01,-3.452285628234962739e-02,2.992165281144644196e-01,-1.823894545935833111e+00,-3.650906428928791247e-01,-3.958894775231764473e+00,-6.734036100147654524e-01,-6.166561889088464365e-01,3.982785454276062120e-01,8.738948993768570761e-02,-1.571596971869651682e+01,1.804446738015569873e-01,5.729447703310079021e+01,1.468139492064337617e+02,-4.266066667490731845e+01,1.000000000000000056e-01,6.620000000000000107e+00,3.490658503988658956e-01,3.490658503988658956e-01
3.460000000000002518e-01,-4.036432665392181152e-01,-3.525303756813538691e-02,2.912987385640009030e-01,-1.831337695726948489e+00,-3.579013183734612302e-01,-3.983373944045924375e+00,-6.869624510368563808e-01,-5.822429452717280407e-01,4.313540160705151560e-01,5.485851225266497044e-02,-1.547166629464157950e+01,4.775631048333336959e-01,5.807924884262552467e+01,1.511839616097309715e+02,-3.796901984755998427e+01,1.000000000000000056e-01,6.620000000000000107e+00,3.490658503988658956e-01,3.490658503988658956e-01
3.480000000000002536e-01,-4.073059419306719886e-01,-3.596884020488230749e-02,2.833319906759090290e-01,-1.840631977719141554e+00,-3.501802968109981040e-01,-4.010536497493271568e+00,-6.981029434241294851e-01,-5.456032835229540634e-01,4.631575350629297261e-01,2.131748357496743643e-02,-1.520822133548353250e+01,7.742226772897249365e-01,5.886818725598294577e+01,1.546785793645238982e+02,-3.283523271948863709e+01,1.000000000000000056e-01,6.620000000000000107e+00,3.490658503988658956e-01,3.490658503988658956e-01
3.500000000000002554e-01,-4.109872058861102628e-01,-3.666920079850430336e-02,2.753109176809224734e-01,-1.847166368375251277e+00,-3.439275693775198928e-01,-4.037343443858499192e+00,-7.067088370216747517e-01,-5.068015916826644762e-01,4.935000430204725119e-01,-1.313293121057369436e-02,-1.492514793530911632e+01,1.070065598041913368e+00,5.966113945754955949e+01,1.574261538654626520e+02,-2.738902444862207020e+01,1.000000000000000056e-01,6.620000000000000107e+00,3.490658503988658956e-01,3.490658503988658956e-01
3.520000000000002571e-01,-4.146815386228607792e-01,-3.735705593725933971e-02,2.672362307932054648e-01,-1.854866855092420330e+00,-3.376077407966682209e-01,-4.066989512187236144e+00,-7.126706067131624023e-01,-4.659164976733670138e-01,5.221893079426062068e-01,-4.838130003728801504e-02,-1.462197996877701023e+01,1.364714308218610173e+00,6.045793200912723364e+01,1.595609806147903384e+02,-2.165663935648007765e+01,1.000000000000000056e-01,6.620000000000000107e+00,3.490658503988658956e-01,3.490658503988658956e-01
3.540000000000002589e-01,-4.183912723330456274e-01,-3.803227141885267421e-02,2.591022517688310045e-01,-1.860383658654481298e+00,-3.329589468926728579e-01,-4.095836512724970291e+00,-7.158866360807726315e-01,-4.230413609891290894e-01,5.490309191512167120e-01,-8.430528446894972050e-02,-1.429827490300378656e+01,1.657771262821422731e+00,6.125837052960432771e+01,1.611676638232528944e+02,-1.571769730719531566e+01,1.000000000000000056e-01,6.620000000000000107e+00,3.490658503988658956e-01,3.490658503988658956e-01
3.560000000000002607e-01,-4.221120396503545980e-01,-3.869818931263802053e-02,2.509105787433810741e-01,-1.865263098377720086e+00,-3.296573021874865117e-01,-4.125041474071815983e+00,-7.162644385086452958e-01,-3.782846971876843156e-01,5.738293917396483090e-01,-1.207715660957599385e-01,-1.395361675900209875e+01,1.948818783396713217e+00,6.206223950265538747e+01,1.623188896232406080e+02,-9.597900655055283892e+00,1.000000000000000056e-01,6.620000000000000107e+00,3.490658503988658956e-01,3.490658503988658956e-01
3.580000000000002625e-01,-4.258425658471100550e-01,-3.935750391701299533e-02,2.426604957952374353e-01,-1.871087160638694957e+00,-3.264665437610740351e-01,-4.158825907701611868e+00,-7.137219079901755414e-01,-3.317705253207148819e-01,5.963893832577096266e-01,-1.576358465602576697e-01,-1.358761921846613241e+01,2.237418992264580186e+00,6.286930222692782166e+01,1.630812773505276425e+02,-3.316452044750165307e+00,1.000000000000000056e-01,6.620000000000000107e+00,3.490658503988658956e-01,3.490658503988658956e-01
3.600000000000002642e-01,-4.295847401683874356e-01,-4.001043700453514596e-02,2.343428439798342089e-01,-1.873951702805071839e+00,-3.236597644847504784e-01,-4.191829593790432185e+00,-7.081885907147803527e-01,-2.836386281257263775e-01,6.165170232952718044e-01,-1.947429295340566968e-01,-1.319992886987203562e+01,2.523113837043347463e+00,6.367930092334204062e+01,1.634885980303484700e+02,3.085781367805425557e+00,1.000000000000000056e-01,6.620000000000000107e+00,3.490658503988658956e-01,3.490658503988658956e-01
3.620000000000002660e-01,-4.333326435739975890e-01,-4.065775653350464647e-02,2.259591847922533536e-01,-1.876445718622087089e+00,-3.228664049623689580e-01,-4.224829996053998116e+00,-6.996069672936323647e-01,-2.340447145946857876e-01,6.340213554034257459e-01,-2.319268931730457950e-01,-1.278308352796199188e+01,2.803209608351754145e+00,6.449195701413533754e+01,1.635194389712127077e+02,9.589967034073584529e+00,1.000000000000000056e-01,6.620000000000000107e+00,-3.490658503988658956e-01,3.490658503988658956e-01
3.640000000000002678e-01,-4.370855350112417548e-01,-4.130348934342938094e-02,2.175095248001453485e-01,-1.877980820550711805e+00,-3.235044494976875851e-01,-4.258036124677027523e+00,-6.879307307226631973e-01,-1.831659929121711161e-01,6.487158455812200852e-01,-2.690153907487896068e-01,-1.234410811418077714e+01,3.079310036407520101e+00,6.530692732401082878e+01,1.631720286543486509e+02,1.617470558297408800e+01,1.000000000000000056e-01,6.620000000000000107e+00,-3.490658503988658956e-01,3.490658503988658956e-01
3.660000000000002696e-01,-4.408414966523431788e-01,-4.195049824242475661e-02,2.089934525507912977e-01,-1.877772362754101421e+00,-3.250292854098369433e-01,-4.291329581086404943e+00,-6.731324958576188067e-01,-1.311900223488355610e-01,6.604200794402846908e-01,-3.058220720103319579e-01,-1.188278098516023995e+01,3.350897252246682889e+00,6.612389056895936790e+01,1.624186194007374695e+02,2.281883233852606807e+01,1.000000000000000056e-01,6.620000000000000107e+00,-3.490658503988658956e-01,3.490658503988658956e-01
3.680000000000002713e-01,-4.445970413778513874e-01,-4.260055681324442789e-02,2.004107933886185022e-01,-1.877529515773839419e+00,-3.293024308064833594e-01,-4.326188806776539053e+00,-6.552015983837178315e-01,-7.832002177462285553e-02,6.689615432604254508e-01,-3.421509802751901974e-01,-1.139892799555726022e+01,3.617434684599010630e+00,6.694250719335231281e+01,1.611636790521139062e+02,2.948387625071539020e+01,1.000000000000000056e-01,6.620000000000000107e+00,-3.490658503988658956e-01,3.490658503988658956e-01
3.700000000000002731e-01,-4.483521004093990459e-01,-4.325916167485739650e-02,1.917584157750654161e-01,-1.876816730905851660e+00,-3.335735224457383463e-01,-4.355962106120854216e+00,-6.341452885125528072e-01,-2.477453755462885251e-02,6.741774788095423743e-01,-3.777971709956212676e-01,-1.089242625406342668e+01,3.878367692795900545e+00,6.776242051740395311e+01,1.592627065247158669e+02,3.616876997060438015e+01,1.000000000000000056e-01,6.620000000000000107e+00,-3.490658503988658956e-01,3.490658503988658956e-01
3.720000000000002749e-01,-4.521057338712107243e-01,-4.392630871974887580e-02,1.830464915628237099e-01,-1.873875023602303624e+00,-3.379553018725490188e-01,-4.385255701483873558e+00,-6.099898664039806739e-01,2.921303663373604059e-02,6.759168232488190764e-01,-4.125474632382490903e-01,-1.036320793149379149e+01,4.133124342153485564e+00,6.858325812048651926e+01,1.565466770786210589e+02,4.280696736160476945e+01,1.000000000000000056e-01,6.620000000000000107e+00,-3.490658503988658956e-01,3.490658503988658956e-01
3.740000000000002767e-01,-4.558534839184153475e-01,-4.460221932349397317e-02,1.742759801598559588e-01,-1.869485881953470763e+00,-3.456975570033999912e-01,-4.416871460682344264e+00,-5.827817422815144699e-01,8.339509710320391900e-02,6.740422227257123478e-01,-4.461813315519274070e-01,-9.811264098565690261e+00,4.381116329066372828e+00,6.940463346924234145e+01,1.526667997332441189e+02,4.928595397037867087e+01,1.000000000000000056e-01,6.620000000000000107e+00,-3.490658503988658956e-01,3.490658503988658956e-01
3.760000000000002784e-01,-4.595924556823222651e-01,-4.529361443750077459e-02,1.654422372384912743e-01,-1.863649160551250406e+00,-3.517832830354171159e-01,-4.444997713760164615e+00,-5.525884033301525777e-01,1.375106328519316301e-01,6.684321059289304312e-01,-4.784719449676323455e-01,-9.236648568554560512e+00,4.621740062281325834e+00,7.022614779745731539e+01,1.470230620475477110e+02,5.553151651706571812e+01,1.000000000000000056e-01,6.620000000000000107e+00,-3.490658503988658956e-01,3.490658503988658956e-01
3.780000000000002802e-01,-4.633197540034247885e-01,-4.599718100357160638e-02,1.565522418109709379e-01,-1.860018911827958865e+00,-3.602472990834252875e-01,-4.471571713734774356e+00,-5.194992687391805086e-01,1.912862009669488439e-01,6.589828014421551527e-01,-5.091873589382770460e-01,-8.668217336826311126e+00,4.849898509861747087e+00,7.104739224232807260e+01,1.385869381452315565e+02,6.124635208881099402e+01,1.000000000000000056e-01,6.620000000000000107e+00,3.490658503988658956e-01,3.171991169553782797e-01
3.800000000000002820e-01,-4.670397918270807192e-01,-4.671767560173845785e-02,1.476090983835013914e-01,-1.855188944012635011e+00,-3.717966597623136304e-01,-4.498130388192388196e+00,-4.836178776030202742e-01,2.444496405685998575e-01,6.456274498359285685e-01,-5.380737102916181014e-01,-8.056185073090929905e+00,5.076640674079423654e+00,7.186804236452215378e+01,1.260878358694863550e+02,6.596182049932717462e+01,1.000000000000000056e-01,6.620000000000000107e+00,3.490658503988658956e-01,3.490658503988658956e-01
3.820000000000002838e-01,-4.707501697151059705e-01,-4.746126892126308755e-02,1.386128376071166235e-01,-1.849912073258072276e+00,-3.843532163880151731e-01,-4.522955477698470617e+00,-4.450877715348088848e-01,2.966986871001314197e-01,6.282901145763962747e-01,-5.649055643457718823e-01,-7.421845342407615398e+00,5.294264572568032179e+00,7.268764771592208263e+01,1.084974238130300961e+02,6.894174262386702878e+01,1.000000000000000056e-01,6.620000000000000107e+00,3.490658503988658956e-01,3.490658503988658956e-01
3.840000000000002855e-01,-4.744499938616221213e-01,-4.822997535403911878e-02,1.295669266517196772e-01,-1.841522810745159111e+00,-3.940000546081287580e-01,-4.545514915710707093e+00,-4.040676119149834156e-01,3.477299332584630198e-01,6.069336062778349916e-01,-5.894445318161576353e-01,-6.765523999477260908e+00,5.502118883303108277e+00,7.350578409238637789e+01,8.752953915328863843e+01,6.937005588581168070e+01,1.000000000000000056e-01,6.620000000000000107e+00,3.490658503988658956e-01,3.490658503988658956e-01
3.860000000000002873e-01,-4.781330394831124209e-01,-4.901797546325537686e-02,1.204758968202982589e-01,-1.834454577136503728e+00,-4.067775468955575069e-01,-4.566311085597936525e+00,-3.607399516820544716e-01,3.972332240943868276e-01,5.815471036221451229e-01,-6.114535298816270448e-01,-6.087627558353217339e+00,5.699544425377029100e+00,7.432202744982679121e+01,6.835753161371924591e+01,6.695129451136121190e+01,1.000000000000000056e-01,6.620000000000000107e+00,3.490658503988658956e-01,3.490658503988658956e-01
3.880000000000002891e-01,-4.818019486373854021e-01,-4.983153055704649115e-02,1.113432746491023889e-01,-1.827715767044593376e+00,-4.210514848775394059e-01,-4.584864026315808694e+00,-3.153112444930516456e-01,4.448935625778456249e-01,5.521481589520034206e-01,-6.306987772613394938e-01,-5.388646483057335956e+00,5.885876224296406001e+00,7.513595725236881151e+01,5.421160720816753553e+01,6.238067583688506090e+01,1.000000000000000056e-01,6.620000000000000107e+00,3.490658503988658956e-01,3.490658503988658956e-01
3.900000000000002909e-01,-4.854573801714746062e-01,-5.067363352680157029e-02,1.021735465964707656e-01,-1.823458309259782473e+00,-4.308543915781224976e-01,-4.602135733982558818e+00,-2.680116268794341394e-01,4.903932008730074732e-01,5.187845978827566595e-01,-6.469519436516064648e-01,-4.669158261646532360e+00,6.060445745454515531e+00,7.594716004229034922e+01,4.459298426989629149e+01,5.643731795616864844e+01,1.000000000000000056e-01,6.620000000000000107e+00,3.490658503988658956e-01,3.490658503988658956e-01
3.920000000000002927e-01,-4.891042967899941751e-01,-5.153534230995781423e-02,9.296927512850564068e-02,-1.818219273133171665e+00,-4.442393124775817492e-01,-4.616269431535084955e+00,-2.190944564983032528e-01,5.334139122023446866e-01,4.815362796898493558e-01,-6.599924459743169436e-01,-3.929830226876857679e+00,6.222583290837893522e+00,7.675523321159927548e+01,3.825729680467178895e+01,4.972615350446416471e+01,1.000000000000000056e-01,6.620000000000000107e+00,3.490658503988658956e-01,3.490658503988658956e-01
3.940000000000002944e-01,-4.927407353362605047e-01,-5.242382093491297634e-02,8.373673626543547133e-02,-1.813789836443955306e+00,-4.567039897782878000e-01,-4.628413418248363165e+00,-1.688355911698658784e-01,5.736394356296982133e-01,4.405166833872490306e-01,-6.696098809771713345e-01,-3.171422086832230036e+00,6.371620552026124429e+00,7.755978895044003707e+01,3.401346182041586985e+01,4.252054320798343667e+01,1.000000000000000056e-01,6.620000000000000107e+00,3.490658503988658956e-01,3.490658503988658956e-01
3.960000000000002962e-01,-4.963683150091484086e-01,-5.333722891446954911e-02,7.447990942893874255e-02,-1.811119951666777528e+00,-4.656024273472222919e-01,-4.640761172712418947e+00,-1.175323953754947442e-01,6.107580833941365084e-01,3.958742829125958540e-01,-6.756065805884793329e-01,-2.394788129669875865e+00,6.506893310508091055e+00,7.836045834274651156e+01,3.115745121936404516e+01,3.496476619262325158e+01,1.000000000000000056e-01,6.620000000000000107e+00,3.490658503988658956e-01,3.490658503988658956e-01
3.980000000000002980e-01,-4.999905549124819548e-01,-5.426843376916399425e-02,6.519838708351390066e-02,-1.807287021351519085e+00,-4.743186469969302155e-01,-4.650061320831199829e+00,-6.550246327188084805e-02,6.444654976050666617e-01,3.477936737489256691e-01,-6.778002730909714613e-01,-1.600879068016588302e+00,6.627744274306219374e+00,7.915689557475985794e+01,2.931647467838343601e+01,2.720067153591852716e+01,1.000000000000000056e-01,6.620000000000000107e+00,3.490658503988658956e-01,3.490658503988658956e-01
4.000000000000002998e-01,-5.036051289551849441e-01,-5.521707106315785346e-02,5.589826444185150289e-02,-1.806998925756963859e+00,-4.807255810713271238e-01,-4.660836760277888402e+00,-1.308205005322404628e-02,6.744675401947741733e-01,2.964964127138164929e-01,-6.760268296730935766e-01,-7.907434905491179666e-01,6.733526037916430340e+00,7.994878221729467782e+01,2.826606526184194834e+01,1.925341910572912596e+01,1.000000000000000056e-01,6.620000000000000107e+00,3.490658503988658956e-01,3.490658503988658956e-01
4.020000000000003015e-01,-5.072191268066988945e-01,-5.617852222530050899e-02,4.657659092129572825e-02,-1.805829350409628109e+00,-4.862891391001350483e-01,-4.668417056256192410e+00,3.937579334604256881e-02,7.004832970517891333e-01,2.422415326067446917e-01,-6.701430722839415433e-01,3.447110908610317992e-02,6.823604150682955449e+00,8.073583153805815016e+01,2.787573717970476750e+01,1.121066853093460125e+01,1.000000000000000056e-01,6.620000000000000107e+00,3.490658503988658956e-01,3.490658503988658956e-01
4.040000000000003033e-01,-5.108307855075181481e-01,-5.715110050350077908e-02,3.723975680878334471e-02,-1.806445543185107416e+00,-4.901626545373782839e-01,-4.676272495005263430e+00,9.150338369143662387e-02,7.222481742653792391e-01,1.853256939935237213e-01,-6.600296150091772285e-01,8.735177526252646540e-01,6.897360276983512506e+00,8.151779279600772554e+01,2.810452372809422883e+01,3.100189056803556831e+00,1.000000000000000056e-01,6.620000000000000107e+00,3.490658503988658956e-01,3.490658503988658956e-01
4.060000000000003051e-01,-5.144436765938883438e-01,-5.813142581257553509e-02,2.788721181877281546e-02,-1.807716188363584386e+00,-4.922860788729493398e-01,-4.682994044042112058e+00,1.429208646577986019e-01,7.395170614394307451e-01,1.260829376872680541e-01,-6.455937074581851176e-01,1.725049869607107045e+00,6.954195430052283022e+00,8.229445546577612447e+01,2.896427425135213340e+01,-5.024047897507048610e+00,1.000000000000000056e-01,6.620000000000000107e+00,3.490658503988658956e-01,3.490658503988658956e-01
4.080000000000003069e-01,-5.180591089706154673e-01,-5.911599797032143083e-02,1.852122373068858935e-02,-1.808918781567582235e+00,-4.921855299861901401e-01,-4.691491975438340845e+00,1.932389552842536107e-01,7.520675341268533431e-01,6.488400351565291879e-02,-6.267720449739168087e-01,2.587621680306679828e+00,6.993533259965941440e+00,8.306565333670467055e+01,3.051033387342950931e+01,-1.310452803697448942e+01,1.000000000000000056e-01,6.620000000000000107e+00,3.490658503988658956e-01,3.490658503988658956e-01
4.100000000000003086e-01,-5.216769465337506295e-01,-6.010036903029380984e-02,9.138239779811907146e-03,-1.812953878515848327e+00,-4.901290109565064057e-01,-4.695532945123200186e+00,2.420619767587866011e-01,7.597030646389800745e-01,2.135183792332425497e-03,-6.035335069206543279e-01,3.459689082814757288e+00,7.014823375309640952e+00,8.383126842811097390e+01,3.294867761767601166e+01,-2.106617581876961509e+01,1.000000000000000056e-01,6.620000000000000107e+00,3.490658503988658956e-01,3.490658503988658956e-01
4.120000000000003104e-01,-5.253028542907822729e-01,-6.108062705220682065e-02,-2.528261104344942806e-04,-1.813363186745304168e+00,-4.848280728948812235e-01,-4.701988278438324897e+00,2.889911420411486187e-01,7.622562078445758171e-01,-6.172331642722615058e-02,-5.758817809528131715e-01,4.339611052704173133e+00,7.017544677369544459e+00,8.459123466017335602e+01,3.641349801816799925e+01,-2.879469472592187529e+01,1.000000000000000056e-01,6.620000000000000107e+00,3.490658503988658956e-01,3.490658503988658956e-01
4.140000000000003122e-01,-5.289295806642728692e-01,-6.205028319799658215e-02,-9.656802667311144631e-03,-1.821099620910000549e+00,-4.793936503652878600e-01,-4.709212162637264498e+00,3.336280881426595957e-01,7.595917261362314932e-01,-1.262195357056022926e-01,-5.438578281076004162e-01,5.225651558265588470e+00,7.001208685404363585e+00,8.534554121833359375e+01,4.139832224799916816e+01,-3.609100581144879527e+01,1.000000000000000056e-01,6.620000000000000107e+00,3.490658503988658956e-01,3.490658503988658956e-01
4.160000000000003140e-01,-5.325717799060928348e-01,-6.300907049872715715e-02,-1.907522699258567406e-02,-1.824814578275402832e+00,-4.726586421552117501e-01,-4.720030003555393705e+00,3.755786261519038494e-01,7.516096155532738798e-01,-1.908524472148374895e-01,-5.075421408886321428e-01,6.115981988694179527e+00,6.965362831661025211e+00,8.609423554848112303e+01,4.822582157018691618e+01,-4.269645698068440964e+01,1.000000000000000056e-01,6.620000000000000107e+00,3.490658503988658956e-01,3.490658503988658956e-01
4.180000000000003157e-01,-5.362214090626435947e-01,-6.395438778303758065e-02,-2.851528699969646183e-02,-1.831083133871968638e+00,-4.661515512452635845e-01,-4.733314991615023004e+00,4.144566794075502103e-01,7.382479931530521178e-01,-2.550951961363175369e-01,-4.670567443128642027e-01,7.008684087006788133e+00,6.909593705339931446e+00,8.683742592045238951e+01,5.750818400123715435e+01,-4.818279300450272729e+01,1.000000000000000056e-01,6.620000000000000107e+00,3.490658503988658956e-01,3.490658503988658956e-01
4.200000000000003175e-01,-5.398835753303875551e-01,-6.488669088552810604e-02,-3.798191698292650853e-02,-1.837128167319642014e+00,-4.533263883720096143e-01,-4.744901379500173100e+00,4.498883756587703231e-01,7.194858041570054707e-01,-3.183988881810070337e-01,-4.225668882777720015e-01,7.901753374020040965e+00,6.833530225693236204e+00,8.757528349860756123e+01,6.956102990963593413e+01,-5.203721834123800960e+01,1.000000000000000056e-01,6.620000000000000107e+00,3.490658503988658956e-01,3.490658503988658956e-01
4.220000000000003193e-01,-5.435578316650268027e-01,-6.579334366227213016e-02,-4.747171974192685578e-02,-1.844431594983066081e+00,-4.412859089795228562e-01,-4.759966659258187960e+00,4.815162547070252486e-01,6.953453062012914243e-01,-3.801969260991986954e-01,-3.742823786681280795e-01,8.793103044586150219e+00,6.736846725852271511e+00,8.830804386046487764e+01,8.372174440012155117e+01,-5.357209420479755835e+01,1.000000000000000056e-01,6.620000000000000107e+00,3.490658503988658956e-01,3.490658503988658956e-01
4.240000000000003211e-01,-5.472466948549928878e-01,-6.667591548023117654e-02,-5.699165306044323004e-02,-1.847294877349527686e+00,-4.309076533366609230e-01,-4.777383267388977117e+00,5.090035489769626498e-01,6.658942872270423585e-01,-4.399098824972684230e-01,-3.224584944585665025e-01,9.680568312631116612e+00,6.619265930811302212e+00,8.903600790759169570e+01,9.811900845047865971e+01,-5.248509410432776434e+01,1.000000000000000056e-01,6.620000000000000107e+00,3.490658503988658956e-01,3.490658503988658956e-01
4.260000000000003229e-01,-5.509412846096919392e-01,-6.753773078690450404e-02,-6.654641959522118733e-02,-1.851580494407058186e+00,-4.208378485278554959e-01,-4.797138710669741180e+00,5.320384908025621584e-01,6.312479731814618633e-01,-4.969508881075683226e-01,-2.673964387719613978e-01,1.056191117753525965e+01,6.480561815213299326e+00,8.975954211716133102e+01,1.108227572394920628e+02,-4.889540883062319665e+01,1.000000000000000056e-01,6.620000000000000107e+00,3.490658503988658956e-01,3.490658503988658956e-01
4.280000000000003246e-01,-5.546444455985060085e-01,-6.837940648396020893e-02,-7.614069701656067668e-02,-1.855923362719919423e+00,-4.113875151076143988e-01,-4.818932426916675560e+00,5.503385970159236917e-01,5.915705817927265908e-01,-5.507315049759354819e-01,-2.094432735107548682e-01,1.143482558119775483e+01,6.320562329143757374e+00,9.047907808775656235e+01,1.208383228174837996e+02,-4.333916429579150531e+01,1.000000000000000056e-01,6.620000000000000107e+00,3.490658503988658956e-01,3.490658503988658956e-01
4.300000000000003264e-01,-5.583562923239459019e-01,-6.920218151417543984e-02,-8.577856187039402391e-02,-1.857132844151003326e+00,-3.972465205109448894e-01,-4.842515300960855029e+00,5.636548787609954037e-01,5.470764792499127616e-01,-6.006680439680314176e-01,-1.489912898664434993e-01,1.229694292288216495e+01,6.139151982980644462e+00,9.119511133908488887e+01,1.283247146045354157e+02,-3.639616302648177992e+01,1.000000000000000056e-01,6.620000000000000107e+00,3.490658503988658956e-01,3.490658503988658956e-01
4.320000000000003282e-01,-5.620705580122479228e-01,-6.999667455519732739e-02,-9.546359247231572809e-02,-1.860679076644871088e+00,-3.878173177572635799e-01,-4.868526448727886091e+00,5.717759223840122029e-01,4.980308976814569744e-01,-6.461882756974302033e-01,-8.647677079826834867e-02,1.314583789777858058e+01,5.936274285398294381e+00,9.190819933220089410e+01,1.336247505051105406e+02,-2.848828287860530040e+01,1.000000000000000056e-01,6.620000000000000107e+00,3.490658503988658956e-01,3.490658503988658956e-01
4.340000000000003300e-01,-5.657919161655377005e-01,-7.077230919071185455e-02,-1.052006453697715005e-01,-1.859463446204993486e+00,-3.767081562205333856e-01,-4.895127740427779095e+00,5.745317858256968613e-01,4.447501728970335022e-01,-6.867384736077117857e-01,-2.237810650936847279e-02,1.397903462524625517e+01,5.711934031793632016e+00,9.261895868452589298e+01,1.373437279809372740e+02,-1.995083218033777683e+01,1.000000000000000056e-01,6.620000000000000107e+00,3.490658503988658956e-01,3.490658503988658956e-01
4.360000000000003317e-01,-5.695108430579476355e-01,-7.152572550315292044e-02,-1.149909008506270619e-01,-1.860947632474324820e+00,-3.666138796569048952e-01,-4.927572893196658477e+00,5.717976541934413071e-01,3.876014639517590954e-01,-7.217907176742826003e-01,4.278676992453007977e-02,1.479401303399707857e+01,5.466199443596721608e+00,9.332806156232119577e+01,1.397874084107727128e+02,-1.094644439110070344e+01,1.000000000000000056e-01,6.620000000000000107e+00,3.490658503988658956e-01,3.490658503988658956e-01
4.380000000000003335e-01,-5.732327383228963402e-01,-7.225895326246672967e-02,-1.248460466370203831e-01,-1.857196614291081627e+00,-3.577009254590153842e-01,-4.957448004454608537e+00,5.634971981466901925e-01,3.270019187216750556e-01,-7.508503772169795587e-01,1.084636522817306603e-01,1.559536053200893591e+01,5.196988556021183037e+00,9.403623124220943907e+01,1.412126180786906389e+02,-1.655288372588097134e+00,1.000000000000000056e-01,6.620000000000000107e+00,-3.490658503988658956e-01,3.490658503988658956e-01
4.400000000000003353e-01,-5.769471315514784759e-01,-7.297435511338476455e-02,-1.347609426459296100e-01,-1.855646327011915675e+00,-3.531654103690981539e-01,-4.989243743304276890e+00,5.496015430565716064e-01,2.634214740096859630e-01,-7.734640766321058125e-01,1.740706553674213064e-01,1.637311441899207765e+01,4.906551734571651835e+00,9.474423446748254207e+01,1.416717073554153217e+02,7.835477052076296189e+00,1.000000000000000056e-01,6.620000000000000107e+00,-3.490658503988658956e-01,3.490658503988658956e-01
4.420000000000003371e-01,-5.806584242055022882e-01,-7.368068593412295531e-02,-1.447394301325381494e-01,-1.851715900064586640e+00,-3.499316930615162247e-01,-5.020446913857830928e+00,5.301401954529065819e-01,1.973722397058010336e-01,-7.892259325078724297e-01,2.389937229630711424e-01,1.712464172068861501e+01,4.595161772551540125e+00,9.545289055214951190e+01,1.412110149353680413e+02,1.743477812917436509e+01,1.000000000000000056e-01,6.620000000000000107e+00,-3.490658503988658956e-01,3.490658503988658956e-01
4.440000000000003388e-01,-5.843618560056315081e-01,-7.438054932024598664e-02,-1.547803239602538183e-01,-1.847428952880009190e+00,-3.495045633941042951e-01,-5.052411149617735298e+00,5.051989224773210108e-01,1.294101340633166120e-01,-7.977859248496597111e-01,3.025965697777180941e-01,1.784729281057553862e+01,4.263162633298968274e+00,9.616305211775723194e+01,1.396749835252264802e+02,2.704566742166769089e+01,1.000000000000000056e-01,6.620000000000000107e+00,-3.490658503988658956e-01,3.490658503988658956e-01
4.460000000000003406e-01,-5.880567139113914710e-01,-7.507955844703419201e-02,-1.648851462594893014e-01,-1.837956288684288841e+00,-3.485033120265521034e-01,-5.083565436061576293e+00,4.749213792036874326e-01,6.013155502124132440e-02,-7.988571156349222324e-01,3.642268365530570429e-01,1.853840877142572907e+01,3.910970950789621536e+00,9.687559731585572820e+01,1.367988584501121068e+02,3.656300910775630086e+01,1.000000000000000056e-01,6.620000000000000107e+00,-3.490658503988658956e-01,3.490658503988658956e-01
4.480000000000003424e-01,-5.917326264887600162e-01,-7.577656507108729289e-02,-1.750522771316124493e-01,-1.832911564053145703e+00,-3.546772934511236430e-01,-5.115972169393831592e+00,4.395101806921177245e-01,-9.830621196893655350e-03,-7.922225141426725292e-01,4.232229294831844069e-01,1.919532891327454394e+01,3.539077438465593417e+00,9.759142131388908581e+01,1.317996858658326289e+02,4.574504047600608203e+01,1.000000000000000056e-01,6.620000000000000107e+00,-3.490658503988658956e-01,3.490658503988658956e-01
4.500000000000003442e-01,-5.953984496168662766e-01,-7.648591965798953729e-02,-1.852842214704001067e-01,-1.824076623429869537e+00,-3.596587452196177703e-01,-5.144914033007425225e+00,3.992273764508981748e-01,-7.981172217187922080e-02,-7.777414647646625490e-01,4.789215017952406783e-01,1.965316025961997681e+01,3.102171103048696033e+00,9.831142709721933670e+01,1.235377335093086515e+02,5.428276794427024043e+01,1.000000000000000056e-01,6.620000000000000107e+00,3.490658503988658956e-01,1.201550896282665981e-01
4.520000000000003459e-01,-5.990466028637260187e-01,-7.720523714842877916e-02,-1.955740495364149678e-01,-1.818401255095634994e+00,-3.659961906869461656e-01,-5.170468416777302068e+00,3.543470767525279119e-01,-1.491637216362947382e-01,-7.554534674921236093e-01,5.305453720452899535e-01,2.022163093030848913e+01,2.698808916288976789e+00,9.903780819960309145e+01,1.097424953351274439e+02,6.136977465967279954e+01,1.000000000000000056e-01,6.620000000000000107e+00,3.490658503988658956e-01,3.490658503988658956e-01
4.540000000000003477e-01,-6.026834053739172914e-01,-7.793722952980267071e-02,-2.059149863699695771e-01,-1.809830124007189900e+00,-3.742874198109790163e-01,-5.195078433319816114e+00,3.053013485364025059e-01,-2.171412646621170284e-01,-7.252972735222409373e-01,5.775678512382714791e-01,2.074862934047337859e+01,2.277993678904105757e+00,9.977004010065633111e+01,8.863781489443745443e+01,6.556763907554247339e+01,1.000000000000000056e-01,6.620000000000000107e+00,3.490658503988658956e-01,3.490658503988658956e-01
4.560000000000003495e-01,-6.063030656219317027e-01,-7.868580436942462786e-02,-2.163051432366092097e-01,-1.798578764301160593e+00,-3.853611149736700381e-01,-5.217837290470420442e+00,2.525265324263241129e-01,-2.830188648495477466e-01,-6.873921739971402545e-01,6.193728050919699024e-01,2.123160976098206376e+01,1.840514311497935873e+00,1.005089610233260800e+02,6.365830269634940919e+01,6.523378483216612267e+01,1.000000000000000056e-01,6.620000000000000107e+00,3.490658503988658956e-01,3.490658503988658956e-01
4.580000000000003513e-01,-6.099002231505340488e-01,-7.945652659937196827e-02,-2.267408178175500388e-01,-1.786480155127996960e+00,-3.967541975233712104e-01,-5.237340575053246461e+00,1.965136189600648897e-01,-3.460645859788236689e-01,-6.419517844216829916e-01,6.553774533597724883e-01,2.166806509155475879e+01,1.387238849724821144e+00,1.012553754850471819e+02,4.319970274991673165e+01,6.041970925994718300e+01,1.000000000000000056e-01,6.620000000000000107e+00,3.490658503988658956e-01,3.490658503988658956e-01
4.600000000000003531e-01,-6.134731834607900502e-01,-8.025003499441871191e-02,-2.372154989676565351e-01,-1.775267891148558652e+00,-4.084250607483070339e-01,-5.253621770175049832e+00,1.378052723464107954e-01,-4.055479845052599175e-01,-5.892861623487953837e-01,6.850418659041812575e-01,2.205553585935615857e+01,9.191155291694363960e-01,1.020100431981161506e+02,2.996595494329875464e+01,5.272616285187839225e+01,1.000000000000000056e-01,6.620000000000000107e+00,3.490658503988658956e-01,3.490658503988658956e-01
4.620000000000003548e-01,-6.170237192430871875e-01,-8.106688511591532420e-02,-2.477227425080066325e-01,-1.769152793702540638e+00,-4.210131404464229066e-01,-5.267634392108629271e+00,7.699210742969567201e-02,-4.607486065416283583e-01,-5.298027259274343814e-01,7.078785267002679626e-01,2.239161965508217023e+01,4.371738224896123959e-01,1.027736678310833014e+02,2.192682623388285634e+01,4.346632690127636778e+01,1.000000000000000056e-01,6.620000000000000107e+00,3.490658503988658956e-01,3.490658503988658956e-01
4.640000000000003566e-01,-6.205620248304922759e-01,-8.190891139680817057e-02,-2.582580112922238658e-01,-1.760677221453374131e+00,-4.277651830102874864e-01,-5.279810044501806132e+00,1.470821624951307999e-02,-5.109649805482914253e-01,-4.640058759089893403e-01,7.234618194141093639e-01,2.267398107611585445e+01,-4.787390239770311640e-02,1.035468857539681551e+02,1.692470244320702832e+01,3.336658834698107512e+01,1.000000000000000056e-01,6.620000000000000107e+00,3.490658503988658956e-01,3.490658503988658956e-01
4.660000000000003584e-01,-6.240833792733990748e-01,-8.276444176282873877e-02,-2.688176313812274953e-01,-1.755413982851599108e+00,-4.321007154029937736e-01,-5.292343610936571352e+00,-4.836962244138732353e-02,-5.555309411586276669e-01,-3.924950964081213578e-01,7.314323976526241333e-01,2.290145599443932767e+01,-5.370111002495805419e-01,1.043300556814832163e+02,1.386542402398779927e+01,2.273643476596659241e+01,1.000000000000000056e-01,6.620000000000000107e+00,3.490658503988658956e-01,3.490658503988658956e-01
4.680000000000003602e-01,-6.275942072391023085e-01,-8.362864319363472188e-02,-2.794023186031006634e-01,-1.749473164751802035e+00,-4.384872873613249733e-01,-5.297724430947273078e+00,-1.115338425378632620e-01,-5.938169470101845038e-01,-3.159623027695011577e-01,7.315117624760636428e-01,2.307274389886933363e+01,-1.040786360678287004e+00,1.051234872349831306e+02,1.215657351047489598e+01,1.180865106216534421e+01,1.000000000000000056e-01,6.620000000000000107e+00,3.490658503988658956e-01,3.490658503988658956e-01
4.700000000000003619e-01,-6.310931535686059579e-01,-8.450561776835736894e-02,-2.899977674649952264e-01,-1.748366765008047663e+00,-4.428611041841010176e-01,-5.305233987453616074e+00,-1.740555130189377353e-01,-6.252330091326565586e-01,-2.351858093917539305e-01,7.235164115204183455e-01,2.318529725755389137e+01,-1.556050074200393540e+00,1.059276403929606829e+02,1.148076701061954452e+01,6.473063634409609302e-01,1.000000000000000056e-01,6.620000000000000107e+00,3.490658503988658956e-01,3.490658503988658956e-01
4.720000000000003637e-01,-6.345898870986220741e-01,-8.539133997672557208e-02,-3.006082354399024492e-01,-1.747968244268469196e+00,-4.442394049840882042e-01,-5.313748332634294691e+00,-2.351867157761563798e-01,-6.492487555779901109e-01,-1.510250895384748493e-01,7.073575364925098752e-01,2.323687941702311477e+01,-2.079851621362095671e+00,1.067428338397449181e+02,1.172098650753110682e+01,-1.064930157398167943e+01,1.000000000000000056e-01,6.620000000000000107e+00,3.490658503988658956e-01,3.490658503988658956e-01
4.740000000000003655e-01,-6.380858235871590400e-01,-8.627981878669374605e-02,-3.112357321051710257e-01,-1.749293456481808784e+00,-4.438078717720853050e-01,-5.321739300990918409e+00,-2.941689281158905156e-01,-6.654032967231829909e-01,-6.441315088479269979e-02,6.830476121282911262e-01,2.322555078680809260e+01,-2.609295887220126176e+00,1.075692397104402005e+02,1.299412656355547746e+01,-2.199583807205298314e+01,1.000000000000000056e-01,6.620000000000000107e+00,3.490658503988658956e-01,3.490658503988658956e-01
4.760000000000003673e-01,-6.415844105001226039e-01,-8.716743453023791111e-02,-3.218792107071528630e-01,-1.752520996819977750e+00,-4.403260414994624727e-01,-5.326761984836353214e+00,-3.502419383568868838e-01,-6.733150104952259074e-01,2.365263419999217090e-02,6.507057969260960917e-01,2.314967185623372004e+01,-3.141225394018113182e+00,1.084068774935322352e+02,1.564331826590598595e+01,-3.329148714758267857e+01,1.000000000000000056e-01,6.620000000000000107e+00,3.490658503988658956e-01,3.490658503988658956e-01
4.780000000000003690e-01,-6.450894524937625940e-01,-8.804808661323683394e-02,-3.325327346768255921e-01,-1.751326607126369783e+00,-4.323178367512660047e-01,-5.335359116888934494e+00,-4.026532877275215139e-01,-6.726911944547844247e-01,1.121211103331315184e-01,6.105618260281910903e-01,2.300794465649572373e+01,-3.671961837484890800e+00,1.092556034438498500e+02,2.032613905482961414e+01,-4.434145402050324947e+01,1.000000000000000056e-01,6.620000000000000107e+00,3.490658503988658956e-01,3.490658503988658956e-01
4.800000000000003708e-01,-6.485921057080152874e-01,-8.891272228673936795e-02,-3.432034529106034459e-01,-1.751054846185505998e+00,-4.195082022049752557e-01,-5.342815206521096982e+00,-4.506682734572838855e-01,-6.633373292844854108e-01,1.998992256426021241e-01,5.629582528609425873e-01,2.279948735766884482e+01,-4.204854782030397864e+00,1.101150972114417783e+02,2.877835705527024501e+01,-5.477101648069346851e+01,1.000000000000000056e-01,6.620000000000000107e+00,3.490658503988658956e-01,3.490658503988658956e-01
4.820000000000003726e-01,-6.520942154003862568e-01,-8.975173869114931591e-02,-3.538890833236456590e-01,-1.753396665831183698e+00,-4.102295247933789857e-01,-5.355932123897058972e+00,-4.935789550828628136e-01,-6.451613198043090192e-01,2.858685752636929145e-01,5.083560211154952713e-01,2.252299772890522078e+01,-4.751261799619705073e+00,1.109850094597004784e+02,4.446429932762919179e+01,-6.351626277750963823e+01,1.000000000000000056e-01,6.620000000000000107e+00,3.490658503988658956e-01,3.490658503988658956e-01
4.840000000000003744e-01,-6.556010087320486290e-01,-9.057219774073607677e-02,-3.646009475714397929e-01,-1.759274289687818404e+00,-3.973144085930825908e-01,-5.369825521518678535e+00,-5.307113638962773772e-01,-6.181773846696598795e-01,3.689044418078915588e-01,4.473384424892859479e-01,2.217576346297826007e+01,-5.294985008675501703e+00,1.118651204447179452e+02,7.160731003596916366e+01,-6.830259750860543022e+01,1.000000000000000056e-01,6.620000000000000107e+00,3.490658503988658956e-01,3.490658503988658956e-01
4.860000000000003761e-01,-6.591195573114242423e-01,-9.136682655792224828e-02,-3.753405986144771611e-01,-1.763362753728500154e+00,-3.875038146972391573e-01,-5.387711393140548921e+00,-5.614440580674113779e-01,-5.825262051199157076e-01,4.478778268445930966e-01,3.805906491630500210e-01,2.175700950667681610e+01,-5.834004498346143208e+00,1.127547561926859743e+02,1.026388415876678835e+02,-6.639292754429764898e+01,1.000000000000000056e-01,6.620000000000000107e+00,3.490658503988658956e-01,3.490658503988658956e-01
4.880000000000003779e-01,-6.626462828188812715e-01,-9.214183418731672348e-02,-3.861160214007582359e-01,-1.764608040084446383e+00,-3.773766008097955704e-01,-5.407751489760108221e+00,-5.852146447241313165e-01,-5.384729287577374457e-01,5.216791622534806550e-01,3.089038301251376128e-01,2.126620520613181498e+01,-6.366226300639389102e+00,1.136530953227143641e+02,1.234777023102015363e+02,-5.895353993876065601e+01,1.000000000000000056e-01,6.620000000000000107e+00,3.490658503988658956e-01,3.490658503988658956e-01
4.900000000000003797e-01,-6.661754988990501447e-01,-9.289658738893631640e-02,-3.969315243802784554e-01,-1.768517554539448478e+00,-3.686301563917838142e-01,-5.430278486629407375e+00,-6.015303462400264367e-01,-4.864107440602045140e-01,5.892354882349455369e-01,2.331681153581621757e-01,2.070308436402324048e+01,-6.889487050700822124e+00,1.145591721754916961e+02,1.346973474297775226e+02,-4.880476811507482182e+01,1.000000000000000056e-01,6.620000000000000107e+00,3.490658503988658956e-01,3.490658503988658956e-01
4.920000000000003815e-01,-6.697125340081290235e-01,-9.363384770171988281e-02,-4.077920813535372835e-01,-1.771956264867644792e+00,-3.586788731694586230e-01,-5.455886772679972019e+00,-6.099783487480713307e-01,-4.268626992984315138e-01,6.495279971163840926e-01,1.543633083611891943e-01,2.006766564118300167e+01,-7.401559710197053832e+00,1.154718823028153594e+02,1.407101694028558256e+02,-3.747831853037546068e+01,1.000000000000000056e-01,6.620000000000000107e+00,3.490658503988658956e-01,3.490658503988658956e-01
4.940000000000003832e-01,-6.732564465378643170e-01,-9.435120544805880582e-02,-4.187038548988972209e-01,-1.773628610224515567e+00,-3.509763171593002773e-01,-5.482614243136312737e+00,-6.102357644413454185e-01,-3.604815573417317620e-01,7.016096683901035247e-01,7.354748013831167996e-02,1.936741811952133929e+01,-7.902376054544220985e+00,1.163899904461063954e+02,1.438474941413108468e+02,-2.561647933749495820e+01,1.000000000000000056e-01,6.620000000000000107e+00,-3.490658503988658956e-01,3.490658503988658956e-01
4.960000000000003850e-01,-6.768037037583133353e-01,-9.505315808237740915e-02,-4.296690833851698477e-01,-1.773206692850117339e+00,-3.410756678478875092e-01,-5.515184387554909584e+00,-6.020748302649536754e-01,-2.880516165994002065e-01,7.446244475713790223e-01,-8.160699413544015429e-03,1.859556273441227248e+01,-8.387593631629787438e+00,1.173122320291627005e+02,1.452096417219281079e+02,-1.347505313533090288e+01,1.000000000000000056e-01,6.620000000000000107e+00,-3.490658503988658956e-01,3.490658503988658956e-01
4.980000000000003868e-01,-6.803501171440136108e-01,-9.573530941807317785e-02,-4.406994521602796699e-01,-1.771764473745652380e+00,-3.343097851297517908e-01,-5.549750880559414234e+00,-5.853801477509193996e-01,-2.104755875231958673e-01,7.778199547759321320e-01,-8.958921602650571359e-02,1.775306281603303304e+01,-8.854836150988091958e+00,1.182371490138844905e+02,1.451604438616849393e+02,-1.251589527006516267e+00,1.000000000000000056e-01,6.620000000000000107e+00,-3.490658503988658956e-01,3.490658503988658956e-01
5.000000000000003331e-01,-6.838936460915049365e-01,-9.640392898833267943e-02,-4.517989539213985162e-01,-1.768647717415616771e+00,-3.309353128975734970e-01,-5.584987948638066690e+00,-5.601519815653074330e-01,-1.287718064424409614e-01,8.005659692783865244e-01,-1.695337967703420823e-01,1.684124588780714049e+01,-9.301697727760908307e+00,1.191631902254169120e+02,1.437651548321520636e+02,1.090399905128462343e+01,1.000000000000000056e-01,6.620000000000000107e+00,-3.490658503988658956e-01,3.490658503988658956e-01
5.020000000000003348e-01,-6.874309415263362144e-01,-9.706579961412782620e-02,-4.629689298186746571e-01,-1.762869971868902486e+00,-3.306192906037073720e-01,-5.620323201631986620e+00,-5.265127145928845120e-01,-4.406457105526933454e-02,8.123693171501183974e-01,-2.467767564070759423e-01,1.586182152366293430e+01,-9.725754990154653612e+00,1.200887296656504759e+02,1.407945175361301722e+02,2.281826346514276693e+01,1.000000000000000056e-01,6.620000000000000107e+00,-3.490658503988658956e-01,3.490658503988658956e-01
5.040000000000003366e-01,-6.909566814700740522e-01,-9.772703819533523628e-02,-4.742095762219386557e-01,-1.758834644959683224e+00,-3.330930026638645458e-01,-5.649795938437214282e+00,-4.847118854771294560e-01,4.242815670049521898e-02,8.128872251029852780e-01,-3.201071677744394273e-01,1.481689752113037351e+01,-1.012458057640575149e+01,1.210120873578060952e+02,1.355660220989002767e+02,3.422643761518988725e+01,1.000000000000000056e-01,6.620000000000000107e+00,-3.490658503988658956e-01,3.490658503988658956e-01
5.060000000000003384e-01,-6.944743507599934196e-01,-9.839322420066295982e-02,-4.855091680988130598e-01,-1.751836148468808751e+00,-3.368777614048298341e-01,-5.677738015943527117e+00,-4.351295838340336619e-01,1.294096848251272969e-01,8.019388034111667451e-01,-3.883420326585161342e-01,1.370899393915022024e+01,-1.049575798960924189e+01,1.219315525542058367e+02,1.269397564188550263e+02,4.462011085353079665e+01,1.000000000000000056e-01,6.620000000000000107e+00,-3.490658503988658956e-01,3.490658503988658956e-01
5.080000000000003402e-01,-6.979780230569310184e-01,-9.906697972347261461e-02,-4.968646441307001393e-01,-1.739174630432338997e+00,-3.435852242764088071e-01,-5.705646654499434867e+00,-3.782779825141431851e-01,2.155221052214272293e-01,7.795143338144512324e-01,-4.503480803598098881e-01,1.206090664868478157e+01,-1.098135525638237731e+01,1.228454090665345859e+02,1.130917122972697513e+02,5.300909133075543878e+01,1.000000000000000056e-01,6.620000000000000107e+00,3.490658503988658956e-01,-3.490658503988658956e-01
5.100000000000003419e-01,-7.014563723177956733e-01,-9.975415017202543533e-02,-5.082759374396990104e-01,-1.730683025358849880e+00,-3.528035286956935357e-01,-5.730636083086512400e+00,-3.145876905239564092e-01,2.994832268495506988e-01,7.460540628624928727e-01,-5.047253878030620866e-01,1.033663508098866401e+01,-1.141998327332903429e+01,1.237487949855282920e+02,9.266566039462020399e+01,5.758017899718056753e+01,1.000000000000000056e-01,6.620000000000000107e+00,3.490658503988658956e-01,-3.490658503988658956e-01
5.120000000000003437e-01,-7.049177383685133469e-01,-1.004597572294168156e-01,-5.197372096058719970e-01,-1.726321516866856420e+00,-3.658715233021366808e-01,-5.753955364110044712e+00,-2.448080907547026952e-01,3.798486603600105260e-01,7.019319726627272216e-01,-5.505229329260999949e-01,8.541729725294407771e+00,-1.180853873992181668e+01,1.246390016738820776e+02,6.958081248163691157e+01,5.657992360647807573e+01,1.000000000000000056e-01,6.620000000000000107e+00,3.490658503988658956e-01,-3.490658503988658956e-01
5.140000000000003455e-01,-7.083703814022470624e-01,-1.011915002760210847e-01,-5.312451203340921024e-01,-1.718147015855061355e+00,-3.789583140724250843e-01,-5.772744028077238632e+00,-1.698153928786540756e-01,4.551749196066250946e-01,6.476966116867050038e-01,-5.869136428062757815e-01,6.682357033894394505e+00,-1.214404605320426356e+01,1.255134868409086835e+02,5.096788392484138797e+01,5.039880064519610414e+01,1.000000000000000056e-01,6.620000000000000107e+00,3.490658503988658956e-01,-3.490658503988658956e-01
5.160000000000003473e-01,-7.118066754339571478e-01,-1.019494169041659376e-01,-5.427906083902466206e-01,-1.709597608264574298e+00,-3.924206838490867932e-01,-5.787176639520311028e+00,-9.060626280139676136e-02,5.240456756921401116e-01,5.840680107442756119e-01,-6.132138238451227963e-01,4.765292368683972768e+00,-1.242368771359302038e+01,1.263699299509942762e+02,3.876622107901180669e+01,4.086711895039789511e+01,1.000000000000000056e-01,6.620000000000000107e+00,3.490658503988658956e-01,-3.490658503988658956e-01
5.180000000000003491e-01,-7.152258706504862618e-01,-1.027342582718641095e-01,-5.543649616692872817e-01,-1.700234103566998778e+00,-4.033211165913916929e-01,-5.796945455679695769e+00,-8.288778059782233101e-03,5.850994525815598202e-01,5.119315362574443640e-01,-6.289006510826076202e-01,2.980098277476540325e+00,-1.258833892405952248e+01,1.272062866558286061e+02,3.122318108023367600e+01,2.948426532152584656e+01,1.000000000000000056e-01,6.620000000000000107e+00,3.490658503988658956e-01,-8.015656755691624724e-02
5.200000000000003508e-01,-7.186263388576202837e-01,-1.035409005050468983e-01,-5.659588525806467096e-01,-1.695190128901858717e+00,-4.113194374354681715e-01,-5.806181463063136761e+00,7.579498607208870475e-02,6.370921180964416175e-01,4.322145952659236512e-01,-6.336870653444297563e-01,1.451238299008298593e+00,-1.260764101898706180e+01,1.280227952010468186e+02,2.664090534430100377e+01,1.703689196250590854e+01,1.000000000000000056e-01,6.620000000000000107e+00,3.490658503988658956e-01,3.490658503988658956e-01
5.220000000000003526e-01,-7.220167191154239772e-01,-1.043635393799178385e-01,-5.775712155067729281e-01,-1.688869012713673401e+00,-4.143908235288888409e-01,-5.812534699709256181e+00,1.601263304719915681e-01,6.789505743670326554e-01,3.459261092848896491e-01,-6.274717545605296154e-01,-9.164895181578058825e-02,-1.257914202527030767e+01,1.288217162520574277e+02,2.397466944801631783e+01,3.976539175032141493e+00,1.000000000000000056e-01,6.620000000000000107e+00,3.490658503988658956e-01,3.490658503988658956e-01
5.240000000000003544e-01,-7.253944571408513786e-01,-1.051923210269756215e-01,-5.891962849061914698e-01,-1.691098416893676903e+00,-4.211620049135400001e-01,-5.816867253663052573e+00,2.433420755150743076e-01,7.096855503762158346e-01,2.543837562765097760e-01,-6.102622046414777346e-01,-1.641578910090410126e+00,-1.249882564976472388e+01,1.296028377087723413e+02,2.286188767214173012e+01,-9.470686776620722114e+00,1.000000000000000056e-01,6.620000000000000107e+00,3.490658503988658956e-01,3.490658503988658956e-01
5.260000000000003562e-01,-7.287766539746387551e-01,-1.060346450368026966e-01,-6.008300194135175465e-01,-1.692209098975105297e+00,-4.217535812140991158e-01,-5.828276338897162567e+00,3.240426367558418286e-01,7.284773785678780866e-01,1.590242726853549338e-01,-5.822614182444925124e-01,-3.190867012293624239e+00,-1.236398497960448672e+01,1.303662370064831464e+02,2.305571704314534642e+01,-2.314356803981189259e+01,1.000000000000000056e-01,6.620000000000000107e+00,3.490658503988658956e-01,3.490658503988658956e-01
5.280000000000003579e-01,-7.321610721725889670e-01,-1.068781521992308997e-01,-6.124865720913118539e-01,-1.696051002717680944e+00,-4.219124381312652217e-01,-5.840130719002849524e+00,4.008164547129681177e-01,7.346993995204129657e-01,6.138250538127235784e-02,-5.438705268800561043e-01,-4.731312617189487923e+00,-1.217966107984098123e+01,1.311123085091608402e+02,2.495700785010391698e+01,-3.688513539477136050e+01,1.000000000000000056e-01,6.620000000000000107e+00,3.490658503988658956e-01,3.490658503988658956e-01
5.300000000000003597e-01,-7.355531741780243493e-01,-1.077219770754934275e-01,-6.241668335293175662e-01,-1.701048604967855260e+00,-4.165671104099380462e-01,-5.847824747716015459e+00,4.722663783964403117e-01,7.279351434605706439e-01,-3.693497849652143533e-02,-4.956921444957647638e-01,-6.255318049330916175e+00,-1.195181126001972238e+01,1.318417478086795427e+02,2.969529234014813568e+01,-5.049796257434967117e+01,1.000000000000000056e-01,6.620000000000000107e+00,3.490658503988658956e-01,3.490658503988658956e-01
5.320000000000003615e-01,-7.389552713879600221e-01,-1.085551112963133030e-01,-6.358624830247495696e-01,-1.710868346529740958e+00,-4.135999326204179427e-01,-5.859546744442343247e+00,5.370355471214629528e-01,7.079963389136053609e-01,-1.342768456892801943e-01,-4.385244963791867234e-01,-7.756047596101506514e+00,-1.167341955575834334e+01,1.325555042589071491e+02,4.094659807511508376e+01,-6.330997087684889379e+01,1.000000000000000056e-01,6.620000000000000107e+00,3.490658503988658956e-01,3.490658503988658956e-01
5.340000000000003633e-01,-7.423770080810194738e-01,-1.093823111615541410e-01,-6.475815765136342383e-01,-1.718080487737233764e+00,-4.046045642929081976e-01,-5.872874845968937940e+00,5.938359367326281335e-01,6.749432605262007945e-01,-2.289683528721643269e-01,-3.733416246524773330e-01,-9.225562256078196910e+00,-1.134472930795833001e+01,1.332548219192960062e+02,7.012076135172452496e+01,-7.304354927623876392e+01,1.000000000000000056e-01,6.620000000000000107e+00,3.490658503988658956e-01,3.490658503988658956e-01
5.360000000000003650e-01,-7.458131690564939742e-01,-1.101915202901399549e-01,-6.593273262055721062e-01,-1.727275457766096256e+00,-3.901826523964374571e-01,-5.888389480214293314e+00,6.414764426176444712e-01,6.290907742383949897e-01,-3.193437856344595316e-01,-3.012844468461670644e-01,-1.065586957254929956e+01,-1.096627241895108185e+01,1.339412156734078110e+02,1.206641265423264855e+02,-7.266880700869994314e+01,1.000000000000000056e-01,6.620000000000000107e+00,3.490658503988658956e-01,3.490658503988658956e-01
5.380000000000003668e-01,-7.492677199720261250e-01,-1.109718855949328314e-01,-6.711041051660007195e-01,-1.733787325181401995e+00,-3.747481406115223401e-01,-5.908504972399668986e+00,6.788910218304382571e-01,5.710125790594262618e-01,-4.037765187830899549e-01,-2.236428803099599627e-01,-1.203897331414078664e+01,-1.053887346649642787e+01,1.346164501892109513e+02,1.486212736209349430e+02,-6.241772306641307466e+01,1.000000000000000056e-01,6.620000000000000107e+00,3.490658503988658956e-01,3.490658503988658956e-01
5.400000000000003686e-01,-7.527352946223889729e-01,-1.117213818761558786e-01,-6.829211151108000033e-01,-1.740497574277104054e+00,-3.686189362548699666e-01,-5.930799558857521525e+00,7.051659609341147661e-01,5.015399549926923273e-01,-4.807094890777799390e-01,-1.418345098922497716e-01,-1.336692323044468012e+01,-1.006365164495546871e+01,1.352825128566136073e+02,1.593102204989133668e+02,-4.911270074188723811e+01,1.000000000000000056e-01,6.620000000000000107e+00,3.490658503988658956e-01,3.490658503988658956e-01
5.420000000000003704e-01,-7.562162897709431286e-01,-1.124586197486656253e-01,-6.947827142285150082e-01,-1.744147357864689329e+00,-3.615840508403803666e-01,-5.955428015614441684e+00,7.195655774389223547e-01,4.217547520730109412e-01,-5.486855427440704425e-01,-5.738017124815973646e-02,-1.463186431852452252e+01,-9.542020645719615501e+00,1.359415810460180012e+02,1.639732341336296599e+02,-3.490625311858681101e+01,1.000000000000000056e-01,6.620000000000000107e+00,3.490658503988658956e-01,3.490658503988658956e-01
5.440000000000003721e-01,-7.597045844866725517e-01,-1.131817878503463826e-01,-7.066935702597438862e-01,-1.751347600228365664e+00,-3.531043196509763837e-01,-5.987186104433579459e+00,7.215556475832781702e-01,3.329764905419590471e-01,-6.063771063788507831e-01,2.812310520992766447e-02,-1.582608512002314072e+01,-8.975686634345267478e+00,1.365959841780584441e+02,1.659269344541943383e+02,-2.031016103369031356e+01,1.000000000000000056e-01,6.620000000000000107e+00,3.490658503988658956e-01,3.490658503988658956e-01
5.460000000000003739e-01,-7.632072796871293141e-01,-1.138879964896483410e-01,-7.186679424686110984e-01,-1.755036082304144651e+00,-3.497959419681553328e-01,-6.016213856353927802e+00,7.108238560003616868e-01,2.367435870154353250e-01,-6.526146247742126150e-01,1.130312845129861909e-01,-1.694206467268234206e+01,-8.366644516993980929e+00,1.372481612308669696e+02,1.662325917664202564e+02,-5.619116601293291602e+00,1.000000000000000056e-01,6.620000000000000107e+00,3.490658503988658956e-01,3.490658503988658956e-01
5.480000000000003757e-01,-7.667173518517376163e-01,-1.145875883735846534e-01,-7.307003701813189478e-01,-1.757592209364663871e+00,-3.485130645808322547e-01,-6.048017432983612274e+00,6.872965846486723818e-01,1.347888719851604855e-01,-6.864132121160800848e-01,1.956840998950190036e-01,-1.797251785921563894e+01,-7.717172711574738386e+00,1.379006144336859165e+02,1.651661196565151215e+02,9.057348773348826043e+00,1.000000000000000056e-01,6.620000000000000107e+00,3.490658503988658956e-01,3.490658503988658956e-01
5.500000000000003775e-01,-7.702325362704669498e-01,-1.152846145027463243e-01,-7.427964050472861679e-01,-1.752988185282305489e+00,-3.471984813465509578e-01,-6.078704406760108370e+00,6.511513998947163762e-01,2.900971584539081480e-02,-7.069969732095686688e-01,2.744368245593679090e-01,-1.891043902447269431e+01,-7.029826647873912648e+00,1.385558600017755850e+02,1.625417512879568847e+02,2.356768012540869961e+01,1.000000000000000056e-01,6.620000000000000107e+00,3.490658503988658956e-01,3.490658503988658956e-01
5.520000000000003793e-01,-7.737385126410315506e-01,-1.159790114654394300e-01,-7.549538138608063997e-01,-1.750753420159546492e+00,-3.529554019275712995e-01,-6.114778529060661327e+00,6.028246579534131122e-01,-7.856677046213811355e-02,-7.138204680729541840e-01,3.476924412503222261e-01,-1.974914386182601689e+01,-6.307431215062552887e+00,1.392163768556459615e+02,1.574331118892634436e+02,3.762224054389824346e+01,1.000000000000000056e-01,6.620000000000000107e+00,3.490658503988658956e-01,3.490658503988658956e-01
5.540000000000003810e-01,-7.772400194813506857e-01,-1.166849222692945692e-01,-7.671833709189277428e-01,-1.748125641624775239e+00,-3.614246323265897232e-01,-6.146430198980631587e+00,5.430137296575039407e-01,-1.858228522957445228e-01,-7.065868157610325495e-01,4.139336042903569712e-01,-2.047516463654964980e+01,-5.555287960162665684e+00,1.398845543368932169e+02,1.477631171175082159e+02,5.065929507594591996e+01,1.000000000000000056e-01,6.620000000000000107e+00,-3.490658503988658956e-01,3.490658503988658956e-01
5.560000000000003828e-01,-7.807362707646002820e-01,-1.174077715339477551e-01,-7.794762313168890344e-01,-1.743143447133716828e+00,-3.705229223644747050e-01,-6.174016696507296231e+00,4.726732715510028604e-01,-2.905881554432991343e-01,-6.852603140411851479e-01,4.717592651739964671e-01,-2.157021315393390637e+01,-4.919223849473038257e+00,1.405626347780176957e+02,1.289507432375389158e+02,6.114161689593981919e+01,1.000000000000000056e-01,6.620000000000000107e+00,3.490658503988658956e-01,-3.490658503988658956e-01
5.580000000000003846e-01,-7.842225576588677249e-01,-1.181488173786767043e-01,-7.918242647099036358e-01,-1.737468916363652527e+00,-3.811983748373376502e-01,-6.198383573261319057e+00,3.927662414388704004e-01,-3.908481379248258114e-01,-6.503645333536924866e-01,5.196136896024901031e-01,-2.257103950451508112e+01,-4.241661942559076692e+00,1.412477041018737225e+02,9.699206210182101984e+01,6.531720823895983585e+01,1.000000000000000056e-01,6.620000000000000107e+00,3.490658503988658956e-01,-3.490658503988658956e-01
5.600000000000003864e-01,-7.876974954915950677e-01,-1.189112141283513863e-01,-8.042210318564262383e-01,-1.734294098196081269e+00,-3.924164548699330957e-01,-6.219422979120980521e+00,3.046875852403399532e-01,-4.844366559546009476e-01,-6.024153550572776128e-01,5.564012416944703610e-01,-2.347027870784438619e+01,-3.525486986973698667e+00,1.419422636972630301e+02,6.599746825955647012e+01,6.024606155809390629e+01,1.000000000000000056e-01,6.620000000000000107e+00,3.490658503988658956e-01,-3.490658503988658956e-01
5.620000000000003881e-01,-7.911660836879872427e-01,-1.196960470380912522e-01,-8.166598778146682003e-01,-1.729623074333797694e+00,-4.045434890715123299e-01,-6.236727885931955484e+00,2.100530176512565017e-01,-5.692695439329328311e-01,-5.422004315652007023e-01,5.812302539755667130e-01,-2.426091651625560885e+01,-2.773870428867973636e+00,1.426487154837305695e+02,4.839794160962065206e+01,4.918831271143014305e+01,1.000000000000000056e-01,6.620000000000000107e+00,3.490658503988658956e-01,-3.490658503988658956e-01
5.640000000000003899e-01,-7.946253298366547924e-01,-1.205051340162342777e-01,-8.291333335865320731e-01,-1.731149186932364081e+00,-4.152879862528391919e-01,-6.252981432945976970e+00,1.106732575698467502e-01,-6.433945461460169879e-01,-4.707740815151298386e-01,5.934363084797094068e-01,-2.493633278994507663e+01,-1.990262751601870495e+00,1.433693043351898666e+02,3.961339698973978329e+01,3.559372312003186067e+01,1.000000000000000056e-01,6.620000000000000107e+00,3.490658503988658956e-01,-3.490658503988658956e-01
5.660000000000003917e-01,-7.980876282105194841e-01,-1.213357099887399509e-01,-8.416392964524240794e-01,-1.725850826895981127e+00,-4.207613394483855074e-01,-6.264841590503223756e+00,8.522064157831842415e-03,-7.050403455925868812e-01,-3.894467121747247074e-01,5.926016738800795602e-01,-2.549034442140268908e+01,-1.178385248737417346e+00,1.441060612465808788e+02,3.521594495053751928e+01,2.096311473832995986e+01,1.000000000000000056e-01,6.620000000000000107e+00,3.490658503988658956e-01,-3.490658503988658956e-01
5.680000000000003935e-01,-8.015393298643114228e-01,-1.221772326676367204e-01,-8.541689796334305251e-01,-1.725171015358891280e+00,-4.259248137783893107e-01,-6.276073805793131122e+00,-9.430155716198415639e-02,-7.526634350829153330e-01,-2.997686173840645729e-01,5.785704329099936594e-01,-2.570737926621869462e+01,-2.771431318667477717e-01,1.448607484855103564e+02,3.343921547632910318e+01,5.817577603290779997e+00,1.000000000000000056e-01,6.620000000000000107e+00,3.490658503988658956e-01,-3.930827799048142168e-02
5.700000000000003952e-01,-8.049896718950292351e-01,-1.230290822951934926e-01,-8.667211272450168202e-01,-1.723764224761926478e+00,-4.274040833060103184e-01,-6.286033816764306614e+00,-1.954418837027871447e-01,-7.850525752001763502e-01,-2.033951054794948810e-01,5.514756162635507941e-01,-2.551862081590612874e+01,7.182261643284438835e-01,1.456364047854187902e+02,3.359959466037427234e+01,-9.529823735071330404e+00,1.000000000000000056e-01,6.620000000000000107e+00,3.490658503988658956e-01,3.490658503988658956e-01
5.720000000000003970e-01,-8.084372003445531307e-01,-1.238838904618055070e-01,-8.792931948785454033e-01,-1.725070994162251070e+00,-4.273605292677928325e-01,-6.296720231290509950e+00,-2.924645856386176024e-01,-8.013706888379558135e-01,-1.021654233768439085e-01,5.116949398663643844e-01,-2.517060976097869229e+01,1.711728378880505996e+00,1.464353546181056629e+02,3.586199281461515653e+01,-2.482227710361521744e+01,1.000000000000000056e-01,6.620000000000000107e+00,3.490658503988658956e-01,3.490658503988658956e-01
5.740000000000003988e-01,-8.118873423328776262e-01,-1.247386115203410889e-01,-8.918866353411264436e-01,-1.733725518354785056e+00,-4.288476452277871220e-01,-6.308615987595133312e+00,-3.831837114842962522e-01,-8.010504558161014588e-01,1.783699690420746534e-03,4.598752318894221425e-01,-2.466190412033649793e+01,2.697670030982354916e+00,1.472569613394770727e+02,4.129320758862083807e+01,-3.968010312086517644e+01,1.000000000000000056e-01,6.620000000000000107e+00,3.490658503988658956e-01,3.490658503988658956e-01
5.760000000000004006e-01,-8.153547933695871608e-01,-1.255963068107966707e-01,-9.045038673163167120e-01,-1.739103427507891597e+00,-4.239629231318097768e-01,-6.319556539848118604e+00,-4.655020295177720313e-01,-7.838861674113865030e-01,1.061913432901090554e-01,3.969303914619858320e-01,-2.399191476994483452e+01,3.670200838027860790e+00,1.481000236341375285e+02,5.260104629232728257e+01,-5.331514005542978651e+01,1.000000000000000056e-01,6.620000000000000107e+00,3.490658503988658956e-01,3.490658503988658956e-01
5.780000000000004023e-01,-8.188330002246029249e-01,-1.264442326570602848e-01,-9.171429803960129412e-01,-1.744832974393621283e+00,-4.188938372537148180e-01,-6.334339773038052179e+00,-5.374652214148969431e-01,-7.500482324221522390e-01,2.087159612252686702e-01,3.240315298541993627e-01,-2.316095747087986467e+01,4.623335313166291982e+00,1.489627853270268076e+02,7.611104003643296778e+01,-6.336421195297402420e+01,1.000000000000000056e-01,6.620000000000000107e+00,3.490658503988658956e-01,3.490658503988658956e-01
5.800000000000004041e-01,-8.223226661733901155e-01,-1.272820203315677134e-01,-9.298116599420890305e-01,-1.757378807817983057e+00,-4.076210511325919494e-01,-6.349457865536342283e+00,-5.973150850282578084e-01,-7.000892780952799876e-01,3.069835193133555462e-01,2.425918604646523646e-01,-2.217030634101236686e+01,5.550978002523216048e+00,1.498429587391057112e+02,1.129464172133853737e+02,-6.474924173550728312e+01,1.000000000000000056e-01,6.620000000000000107e+00,3.490658503988658956e-01,3.490658503988658956e-01
5.820000000000004059e-01,-8.258374237890260261e-01,-1.280972624338329036e-01,-9.425105756731617657e-01,-1.766481828651928598e+00,-3.970220627233500554e-01,-6.369297850463746968e+00,-6.435402528546955159e-01,-6.349413758200370683e-01,3.986395337068598388e-01,1.542462783779579849e-01,-2.102224763755306114e+01,6.446952948470327627e+00,1.507377620217442029e+02,1.409837745768364243e+02,-5.620612428487760326e+01,1.000000000000000056e-01,6.620000000000000107e+00,3.490658503988658956e-01,3.490658503988658956e-01
5.840000000000004077e-01,-8.293703874463298487e-01,-1.288913065592796059e-01,-9.552491713740892676e-01,-1.774937185190764932e+00,-3.898819920080458523e-01,-6.392774660458178104e+00,-6.749228890491941746e-01,-5.559041106201620952e-01,4.814041508248496637e-01,6.082562948051671581e-02,-1.972013235749811244e+01,7.305037882241116165e+00,1.516439706279180939e+02,1.549645324150271222e+02,-4.277161618341823157e+01,1.000000000000000056e-01,6.620000000000000107e+00,3.490658503988658956e-01,3.490658503988658956e-01
5.860000000000004095e-01,-8.329202618167114158e-01,-1.296710705432956856e-01,-9.680347206950056238e-01,-1.781432969959737322e+00,-3.862806835980755471e-01,-6.417680606154306133e+00,-6.905798267602473173e-01,-4.646234203086447301e-01,5.531292141904463611e-01,-3.567425656607976087e-02,-1.826842582707842055e+01,8.119003523386854937e+00,1.525579827472501506e+02,1.618326417617467428e+02,-2.749618062158102205e+01,1.000000000000000056e-01,6.620000000000000107e+00,3.490658503988658956e-01,3.490658503988658956e-01
5.880000000000004112e-01,-8.364831277566309176e-01,-1.304436319104918252e-01,-9.808700819073142840e-01,-1.791405949770803918e+00,-3.840870193448048808e-01,-6.448668490931510178e+00,-6.899966549211121736e-01,-3.630613518698265207e-01,6.118560665579821922e-01,-1.331286024576369409e-01,-1.667275216171633545e+01,8.882658195790151368e+00,1.534758981455238711e+02,1.652412074386613767e+02,-1.139573921523169808e+01,1.000000000000000056e-01,6.620000000000000107e+00,3.490658503988658956e-01,3.490658503988658956e-01
5.900000000000004130e-01,-8.400659396561724890e-01,-1.312118059491814426e-01,-9.937674188891773008e-01,-1.789818185417661578e+00,-3.781572303861829853e-01,-6.477612256419984504e+00,-6.730533643405037791e-01,-2.534571154490139477e-01,6.558726472779504713e-01,-2.293245079157644473e-01,-1.493993125785189413e+01,9.589897763508512085e+00,1.543936094111818704e+02,1.666991032064910598e+02,5.082576942976434253e+00,1.000000000000000056e-01,6.620000000000000107e+00,3.490658503988658956e-01,3.490658503988658956e-01
5.920000000000004148e-01,-8.436455760270078486e-01,-1.319681204099538152e-01,-1.006722643402017336e+00,-1.789448532927646163e+00,-3.771771731276532535e-01,-6.509947250548763442e+00,-6.400403204211997377e-01,-1.382800554437172147e-01,6.837682763783869966e-01,-3.220061470222890798e-01,-1.307800585015369421e+01,1.023476065083801423e+01,1.553069041305176938e+02,1.665006476328143208e+02,2.175121992395429515e+01,1.000000000000000056e-01,6.620000000000000107e+00,3.490658503988658956e-01,3.490658503988658956e-01
5.940000000000004166e-01,-8.472244730928631951e-01,-1.327224747562091300e-01,-1.019742537903114865e+00,-1.787588610408169298e+00,-3.801314395094741450e-01,-6.542256821467169914e+00,-5.916635454427776608e-01,-2.017539763560773775e-02,6.944843812706928965e-01,-4.089237661170966875e-01,-1.109625615292714329e+01,1.081148744902587211e+01,1.562115760048312438e+02,1.643172405264517693e+02,3.843024533237128537e+01,1.000000000000000056e-01,6.620000000000000107e+00,3.490658503988658956e-01,3.490658503988658956e-01
5.960000000000004183e-01,-8.507996503136795452e-01,-1.334827376352280826e-01,-1.032827051546049146e+00,-1.780534911134992404e+00,-3.873999503464535810e-01,-6.577373250365191382e+00,-5.290385657539830033e-01,9.809613602262919063e-02,6.873593330291226655e-01,-4.878857359466025057e-01,-9.478202554049458328e+00,1.116791122122864799e+01,1.571035424079583152e+02,1.583786766585949408e+02,5.480841820011426790e+01,1.000000000000000056e-01,6.620000000000000107e+00,3.490658503988658956e-01,-3.490658503988658956e-01
5.980000000000004201e-01,-8.543607201359495473e-01,-1.342575375359209844e-01,-1.045981798046779598e+00,-1.769000174047778984e+00,-3.951442444859281089e-01,-6.607699438236818601e+00,-4.535257809292134179e-01,2.138994613186086247e-01,6.624683701883017362e-01,-5.565043081416455317e-01,-7.787932146804068978e+00,1.146391966990728761e+01,1.579825909443227943e+02,1.407348369873341483e+02,6.982650829038151130e+01,1.000000000000000056e-01,6.620000000000000107e+00,3.490658503988658956e-01,-3.490658503988658956e-01
6.000000000000004219e-01,-8.578987204840451408e-01,-1.350478260248928475e-01,-1.059197196923253204e+00,-1.765034467998302103e+00,-4.032210933494754790e-01,-6.630749184590091438e+00,-3.669505846808883698e-01,3.244153966790119803e-01,6.200617800156070780e-01,-6.128827846854814076e-01,-6.035410225867216205e+00,1.169595247759658818e+01,1.588464737927078829e+02,8.299888020500353036e+01,7.661547031284754894e+01,1.000000000000000056e-01,6.620000000000000107e+00,3.490658503988658956e-01,-3.490658503988658956e-01
6.020000000000004237e-01,-8.614287894200417517e-01,-1.358542682115917999e-01,-1.072458695292433317e+00,-1.751567907200122010e+00,-4.143278948996627631e-01,-6.651415495596816108e+00,-2.714638492221300714e-01,4.269041406166184105e-01,5.608569798302340814e-01,-6.553622520908565230e-01,-4.231441149979355387e+00,1.186080653625856840e+01,1.596932518410584407e+02,3.728914376903908590e+01,6.627651427749707125e+01,1.000000000000000056e-01,6.620000000000000107e+00,3.490658503988658956e-01,-3.490658503988658956e-01
6.040000000000004254e-01,-8.649319252344419562e-01,-1.366829240013911206e-01,-1.085761526283626877e+00,-1.742539724476506402e+00,-4.264942865478810741e-01,-6.667054381381869455e+00,-1.694918661818392847e-01,5.187771387235351472e-01,4.860400952579810863e-01,-6.825744013934540444e-01,-2.387611396982612710e+00,1.195568321376266496e+01,1.605213590472103249e+02,2.416163466384602643e+01,5.041694926496719376e+01,1.000000000000000056e-01,6.620000000000000107e+00,3.490658503988658956e-01,-3.490658503988658956e-01
6.060000000000004272e-01,-8.684170046833949996e-01,-1.375359125744868849e-01,-1.099095635046390518e+00,-1.737353560669828711e+00,-4.411398496949881509e-01,-6.676766207039576351e+00,-6.367656368549516610e-02,5.976673185250215292e-01,3.972539742453605749e-01,-6.934899794161295539e-01,-5.162193746246803716e-01,1.198093750329157459e+01,1.613296594938546207e+02,1.964072672154386368e+01,3.348137555888644101e+01,1.000000000000000056e-01,6.620000000000000107e+00,3.490658503988658956e-01,-3.490658503988658956e-01
6.080000000000004290e-01,-8.718917118047346815e-01,-1.384181922738768611e-01,-1.112449167460469734e+00,-1.733446320078182668e+00,-4.548074891820308996e-01,-6.679218520640672452e+00,4.319145791931168488e-02,6.614975545578719585e-01,2.965718603311818247e-01,-6.874595369448746052e-01,1.843290266180418469e+00,1.209992182412520378e+01,1.621174961330369797e+02,1.829774589394841655e+01,1.622192325058829354e+01,1.000000000000000056e-01,6.620000000000000107e+00,3.490658503988658956e-01,3.490658503988658956e-01
6.100000000000004308e-01,-8.753586044448909975e-01,-1.393278072522409206e-01,-1.125807604501751102e+00,-1.735157190286290563e+00,-4.614425303767099029e-01,-6.685498594338511680e+00,1.478910757044240298e-01,7.086702011370570320e-01,1.861429486788064303e-01,-6.642782386955865537e-01,4.234407340337529746e+00,1.212823021113434585e+01,1.628792610708672157e+02,1.890015529550826656e+01,-1.137785841299828293e+00,1.000000000000000056e-01,6.620000000000000107e+00,3.490658503988658956e-01,3.490658503988658956e-01
6.120000000000004325e-01,-8.788289188254635453e-01,-1.402506923129943350e-01,-1.139178601690428172e+00,-1.740795860170896381e+00,-4.649791126851183787e-01,-6.690737363787619074e+00,2.475475021007306764e-01,7.378878038898404323e-01,6.878406466399451802e-02,-6.241078236351605968e-01,6.640738322816175376e+00,1.205837525311441283e+01,1.636144383922130032e+02,2.151768916426815892e+01,-1.834497615369020096e+01,1.000000000000000056e-01,6.620000000000000107e+00,3.490658503988658956e-01,3.490658503988658956e-01
6.140000000000004343e-01,-8.823105105458053377e-01,-1.411806505383645660e-01,-1.152560076418003510e+00,-1.742039697546190258e+00,-4.619129194387788795e-01,-6.698987243477704467e+00,3.393866395633649002e-01,7.482919042563173084e-01,-5.240287818031173078e-02,-5.675648626093412474e-01,9.044304601580865466e+00,1.188086340934235707e+01,1.643233315219038957e+02,2.711287939899265353e+01,-3.503592652383991179e+01,1.000000000000000056e-01,6.620000000000000107e+00,3.490658503988658956e-01,3.490658503988658956e-01
6.160000000000004361e-01,-8.857945899408977697e-01,-1.421044763772421338e-01,-1.165958050904958965e+00,-1.741312411609456934e+00,-4.558130445828909028e-01,-6.710765631843074175e+00,4.208156901438945274e-01,7.394947496475231530e-01,-1.741115327252415745e-01,-4.957285994821478137e-01,1.142518312149390880e+01,1.158778004018089192e+01,1.650071695427771203e+02,3.866989917561972590e+01,-5.030903903870298421e+01,1.000000000000000056e-01,6.620000000000000107e+00,3.490658503988658956e-01,3.490658503988658956e-01
6.180000000000004379e-01,-8.892772147641166969e-01,-1.430161024664079183e-01,-1.179379582168645024e+00,-1.747737865354588527e+00,-4.422405002821950259e-01,-6.719084140920305259e+00,4.895000766692166327e-01,7.116019667488965306e-01,-2.929217112967927306e-01,-4.101331331542135139e-01,1.376179316407286279e+01,1.119601429328713316e+01,1.656681847959579841e+02,6.318417128258671767e+01,-6.150598902196480111e+01,1.000000000000000056e-01,6.620000000000000107e+00,3.490658503988658956e-01,3.490658503988658956e-01
6.200000000000004396e-01,-8.927726904948258824e-01,-1.439005834669723205e-01,-1.192817750450485548e+00,-1.756628213585169185e+00,-4.305717467993164793e-01,-6.734481278405377580e+00,5.434412112450544008e-01,6.652319748222200735e-01,-4.053868455113861513e-01,-3.127292360508768798e-01,1.603542323835594274e+01,1.070665246240110058e+01,1.663093549032348335e+02,1.011874964601236258e+02,-6.261486219877270543e+01,1.000000000000000056e-01,6.620000000000000107e+00,3.490658503988658956e-01,3.490658503988658956e-01
6.220000000000004414e-01,-8.962859469219962572e-01,-1.447617269605709633e-01,-1.206286713007296285e+00,-1.765724488674131676e+00,-4.155294362168780453e-01,-6.754696555923038304e+00,5.810369504297950849e-01,6.015029702857992433e-01,-5.081448801357333345e-01,-2.058616520006724959e-01,1.822740989947636692e+01,1.012159984911211552e+01,1.669344103175002658e+02,1.288996959393483337e+02,-5.261547620380219570e+01,1.000000000000000056e-01,6.620000000000000107e+00,3.490658503988658956e-01,3.490658503988658956e-01
6.240000000000004432e-01,-8.998173958993445076e-01,-1.455927858330047231e-01,-1.219796106119142465e+00,-1.770432173663488262e+00,-4.041443617696882651e-01,-6.778627441913683604e+00,6.011345038085228465e-01,5.220151125621775856e-01,-5.980241935134703590e-01,-9.222035870750865116e-02,2.031930668522891281e+01,9.443578820660684769e+00,1.675477471584258353e+02,1.421569732411578002e+02,-3.747749994275609708e+01,1.000000000000000056e-01,6.620000000000000107e+00,3.490658503988658956e-01,3.490658503988658956e-01
6.260000000000004450e-01,-9.033582602466714295e-01,-1.464010745565441085e-01,-1.233353361002969883e+00,-1.772867875634476009e+00,-3.979977181053611091e-01,-6.803570781858907068e+00,6.030708423524215878e-01,4.288195741056700649e-01,-6.721481965880088394e-01,2.522169287854946623e-02,2.229304833235561745e+01,8.676118005934931432e+00,1.681543150345929121e+02,1.483228143015338105e+02,-2.047634331682999687e+01,1.000000000000000056e-01,6.620000000000000107e+00,3.490658503988658956e-01,3.490658503988658956e-01
6.280000000000004468e-01,-9.069039959979403598e-01,-1.471970699927548365e-01,-1.246960502566687667e+00,-1.773107697138445848e+00,-3.925611744972375972e-01,-6.830569234836572967e+00,5.866992277052648364e-01,3.243748770275746707e-01,-7.280349157145576955e-01,1.432833446841903224e-01,2.413110764078126635e+01,7.823533676296267281e+00,1.687594825735213817e+02,1.509426377231208676e+02,-2.700912939460381690e+00,1.000000000000000056e-01,6.620000000000000107e+00,3.490658503988658956e-01,3.490658503988658956e-01
6.300000000000004485e-01,-9.104502113922172679e-01,-1.479821923417493079e-01,-1.260621641036360874e+00,-1.772382512169287772e+00,-3.888357196681448968e-01,-6.863682027444225398e+00,5.524009494909267737e-01,2.114912438036485320e-01,-7.636878657258027170e-01,2.586609528689565729e-01,2.581664308644587180e+01,6.890904594379676951e+00,1.693688842105937056e+02,1.511532892189351855e+02,1.539663716225800805e+01,1.000000000000000056e-01,6.620000000000000107e+00,3.490658503988658956e-01,3.490658503988658956e-01
6.320000000000004503e-01,-9.139949764165558044e-01,-1.487598637810856050e-01,-1.274349005091249376e+00,-1.769053326819568062e+00,-3.893436936740865550e-01,-6.898282680153329238e+00,5.010818423199105975e-01,9.326397223347096532e-02,-7.776746709190082152e-01,3.680229951939562594e-01,2.733363612882183347e+01,5.884041745729168937e+00,1.699882524829854447e+02,1.487889715486283251e+02,3.349357357591713225e+01,1.000000000000000056e-01,6.620000000000000107e+00,3.490658503988658956e-01,3.490658503988658956e-01
6.340000000000004521e-01,-9.175330830701949880e-01,-1.495385511684337865e-01,-1.288145570451556088e+00,-1.768019731922174653e+00,-3.941064553757376299e-01,-6.926069330253953105e+00,4.341536327914259918e-01,-2.700289690914331464e-02,-7.691901893235868481e-01,4.681110117705699070e-01,2.866701805434388461e+01,4.809454382474705803e+00,1.706232406154142325e+02,1.417676227938486591e+02,5.113826019966386838e+01,1.000000000000000056e-01,6.620000000000000107e+00,3.490658503988658956e-01,3.490658503988658956e-01
6.360000000000004539e-01,-9.210691225340393862e-01,-1.503267640791852711e-01,-1.301997709112064028e+00,-1.759790477931767461e+00,-3.979089474825269201e-01,-6.952573137666941960e+00,3.535006173344528158e-01,-1.458811161400332124e-01,-7.381013293039729861e-01,5.558439000093522431e-01,2.933692929677750527e+01,3.525424976948468014e+00,1.712792405637641195e+02,1.218786821054975036e+02,6.674757552489856494e+01,1.000000000000000056e-01,6.620000000000000107e+00,-3.490658503988658956e-01,-3.490658503988658956e-01
6.380000000000004556e-01,-9.245887034899029633e-01,-1.511225819741503218e-01,-1.315902855387397929e+00,-1.753999182419564873e+00,-4.042012439206750241e-01,-6.975599699446362933e+00,2.612609803853369050e-01,-2.599935753971766017e-01,-6.852877902906027163e-01,6.281135927194285706e-01,2.976119942355134640e+01,2.210585532625261251e+00,1.719667657968116430e+02,6.879115176257101893e+01,7.255701183633161122e+01,1.000000000000000056e-01,6.620000000000000107e+00,3.490658503988658956e-01,-3.490658503988658956e-01
6.400000000000004574e-01,-9.280967018547421343e-01,-1.519309844619916583e-01,-1.329854054786290707e+00,-1.741854278443978776e+00,-4.132891813331173170e-01,-6.995547548774694313e+00,1.600789595016231248e-01,-3.659216030904233197e-01,-6.120539634693227260e-01,6.825438102555070330e-01,2.993936850135463246e+01,8.727154260016734000e-01,1.726887337703274454e+02,2.820562819016930334e+01,6.152211699483256524e+01,1.000000000000000056e-01,6.620000000000000107e+00,3.490658503988658956e-01,-3.490658503988658956e-01
6.420000000000004592e-01,-9.315804104116300888e-01,-1.527575628246578832e-01,-1.343845149883840184e+00,-1.733270679839362005e+00,-4.223373725027811387e-01,-7.011185477938234101e+00,5.289466581327057632e-02,-4.604014905098407495e-01,-5.203569448351991200e-01,7.172595568039488167e-01,2.986510562326103013e+01,-4.780769496247210260e-01,1.734469983032752509e+02,1.450011707739025724e+01,4.446184789392143699e+01,1.000000000000000056e-01,6.620000000000000107e+00,3.490658503988658956e-01,-3.490658503988658956e-01
6.440000000000004610e-01,-9.350469517713088097e-01,-1.536022375696634579e-01,-1.357867520839716624e+00,-1.720857884185293285e+00,-4.306882236796250596e-01,-7.019734397055553465e+00,-5.713256162649651970e-02,-5.404269279486286770e-01,-4.127618393607450642e-01,7.309598278411316707e-01,2.996635356230500946e+01,-1.674439918858247944e+00,1.742422414140388867e+02,9.172279411913581981e+00,2.598298447509255382e+01,1.000000000000000056e-01,6.620000000000000107e+00,3.490658503988658956e-01,2.893631722641769599e-01
6.460000000000004627e-01,-9.384886675396794109e-01,-1.544636140170227157e-01,-1.371906989633827623e+00,-1.712045244952831391e+00,-4.330438659715220573e-01,-7.027878622599918579e+00,-1.664120619294195691e-01,-6.034755034494723169e-01,-2.920667352875346845e-01,7.230638730563755390e-01,2.987828626085538986e+01,-2.881952180284146792e+00,1.750703381449849019e+02,7.087651745362765432e+00,6.946835238817445024e+00,1.000000000000000056e-01,6.620000000000000107e+00,3.490658503988658956e-01,3.490658503988658956e-01
6.480000000000004645e-01,-9.419127580295850732e-01,-1.553297017489657650e-01,-1.385962746879027430e+00,-1.710250869194483547e+00,-4.362379072029919369e-01,-7.031513211620939785e+00,-2.715593390682863872e-01,-6.473629447614309695e-01,-1.617999491511717680e-01,6.935398471387798081e-01,2.955610879325901053e+01,-4.097202874435308395e+00,1.759313176840632593e+02,7.030315106243398837e+00,-1.232584805645995552e+01,1.000000000000000056e-01,6.620000000000000107e+00,3.490658503988658956e-01,3.490658503988658956e-01
6.500000000000004663e-01,-9.453332597679739990e-01,-1.562021775633717358e-01,-1.400025773302269405e+00,-1.711931440816079286e+00,-4.349073846592741988e-01,-7.034994791579240569e+00,-3.692709902958881130e-01,-6.704230645675188782e-01,-2.588861533128154410e-02,6.430409239061068982e-01,2.899597505652845086e+01,-5.304944877650687118e+00,1.768243185369599075e+02,9.052996455171406609e+00,-3.164754142265260839e+01,1.000000000000000056e-01,6.620000000000000107e+00,3.490658503988658956e-01,3.490658503988658956e-01
6.520000000000004681e-01,-9.487571226496062105e-01,-1.570719923326902856e-01,-1.414095762885427821e+00,-1.711056247245401840e+00,-4.263965090026922145e-01,-7.042182844417374632e+00,-4.563986620060121457e-01,-6.715911636126754569e-01,1.114858708909737400e-01,5.729192533579019475e-01,2.819685634629732718e+01,-6.489435945568156505e+00,1.777472679360210179e+02,1.490817971172251610e+01,-5.069130196319829906e+01,1.000000000000000056e-01,6.620000000000000107e+00,3.490658503988658956e-01,3.490658503988658956e-01
6.540000000000004698e-01,-9.521792351440969693e-01,-1.579247853506956789e-01,-1.428180128574262575e+00,-1.712517801058630607e+00,-4.127395274340890929e-01,-7.050749112110263006e+00,-5.300467890766475954e-01,-6.504624381866547234e-01,2.460181478144838618e-01,4.852052028201456757e-01,2.716071182923810667e+01,-7.630520245873061214e+00,1.786969032815721903e+02,3.330114452400153624e+01,-6.818506799962206344e+01,1.000000000000000056e-01,6.620000000000000107e+00,3.490658503988658956e-01,3.490658503988658956e-01
6.560000000000004716e-01,-9.556042707462142349e-01,-1.587502644055638623e-01,-1.442281626798483041e+00,-1.711131792795244522e+00,-4.023376173575909931e-01,-7.067086533719640684e+00,-5.876678631027255628e-01,-6.073352618870568875e-01,3.734153545628431381e-01,3.825589305212496183e-01,2.589344460950369964e+01,-8.756331857724445555e+00,1.796687485138666887e+02,9.582894800210753772e+01,-7.532283919043568687e+01,1.000000000000000056e-01,6.620000000000000107e+00,3.490658503988658956e-01,3.490658503988658956e-01
6.580000000000004734e-01,-9.590265343318047364e-01,-1.595549396402790310e-01,-1.456415799865922400e+00,-1.710025646532965293e+00,-3.871154363780064944e-01,-7.086218972673503202e+00,-6.271336406024727861e-01,-5.432133703018563464e-01,4.895670683097035902e-01,2.682288514992913209e-01,2.439547494710052433e+01,-9.832364846489497268e+00,1.806584223290580837e+02,1.396637990665886946e+02,-6.220896327211288224e+01,1.000000000000000056e-01,6.620000000000000107e+00,3.490658503988658956e-01,3.490658503988658956e-01
6.600000000000004752e-01,-9.624465856248706208e-01,-1.603291705130350520e-01,-1.470588237811269350e+00,-1.709298434296010250e+00,-3.706947064038683681e-01,-7.110294637975366427e+00,-6.468349696360879975e-01,-4.598307487563617624e-01,5.906506118400518535e-01,1.459179882228964775e-01,2.267409562032163350e+01,-1.084781180204492657e+01,1.816601155977663495e+02,1.512696840492918966e+02,-4.357916024729333060e+01,1.000000000000000056e-01,6.620000000000000107e+00,3.490658503988658956e-01,3.490658503988658956e-01
6.620000000000004770e-01,-9.658651824934626484e-01,-1.610705599258427934e-01,-1.484808827087220173e+00,-1.715183780662136170e+00,-3.594452381947684794e-01,-7.140450734808624134e+00,-6.457399101076011227e-01,-3.596192162605834075e-01,6.732805008466135055e-01,1.968133557674034764e-02,2.073892811421204740e+01,-1.179197116948318325e+01,1.826673905728920033e+02,1.548730292050402397e+02,-2.395138052905937798e+01,1.000000000000000056e-01,6.620000000000000107e+00,3.490658503988658956e-01,3.490658503988658956e-01
6.640000000000004787e-01,-9.692955500547869585e-01,-1.617894504022323321e-01,-1.499089728556837420e+00,-1.717648701038057224e+00,-3.564469606657676426e-01,-7.166877242390615521e+00,-6.234470727471657092e-01,-2.456590655146226598e-01,7.346324835580523294e-01,-1.062096281643076651e-01,1.860198826190682553e+01,-1.265436164676736652e+01,1.836733738082755281e+02,1.552373412499030962e+02,-4.156883648801684927e+00,1.000000000000000056e-01,6.620000000000000107e+00,3.490658503988658956e-01,3.490658503988658956e-01
6.660000000000004805e-01,-9.727308474568631125e-01,-1.625023443235638632e-01,-1.513423483041618667e+00,-1.722205104474058501e+00,-3.572045174331578421e-01,-7.197118501808436264e+00,-5.802227393093744023e-01,-1.216035539652457614e-01,7.725515738138939437e-01,-2.274163895787265632e-01,1.627772534348912004e+01,-1.342484833714693515e+01,1.846709772652751269e+02,1.530869870448050278e+02,1.551414437552485204e+01,1.000000000000000056e-01,6.620000000000000107e+00,3.490658503988658956e-01,3.490658503988658956e-01
6.680000000000004823e-01,-9.761752576658112579e-01,-1.632167533584301666e-01,-1.527817720045235639e+00,-1.719112915643022710e+00,-3.573087384270114963e-01,-7.223792310129814709e+00,-5.170194122122346858e-01,8.422309261602669433e-03,7.856396772370921600e-01,-3.396914624379233083e-01,1.378302777359225573e+01,-1.409377917052038498e+01,1.856531415854146019e+02,1.474764132718835015e+02,3.463267312001640619e+01,1.000000000000000056e-01,6.620000000000000107e+00,3.490658503988658956e-01,3.490658503988658956e-01
6.700000000000004841e-01,-9.796134834970973149e-01,-1.639313708352841958e-01,-1.542265304665495274e+00,-1.714199805428039847e+00,-3.625529720917924359e-01,-7.253888867119876238e+00,-4.354737134204834659e-01,1.399470684557838907e-01,7.733189810213503268e-01,-4.390389692755156115e-01,1.067133116692484940e+01,-1.480101794544722438e+01,1.866130938444759693e+02,1.344793357752569420e+02,5.206392715392985338e+01,1.000000000000000056e-01,6.620000000000000107e+00,-3.490658503988658956e-01,-3.490658503988658956e-01
6.720000000000004858e-01,-9.830418831079533737e-01,-1.646564767794677919e-01,-1.556773082399734998e+00,-1.709953238679460474e+00,-3.687405522631766464e-01,-7.278813334097361754e+00,-3.377056606939638495e-01,2.684352278236307732e-01,7.361348385156964991e-01,-5.215389867708819516e-01,7.399543226672936846e+00,-1.536792848983864523e+01,1.875398178637240392e+02,1.037331144544919823e+02,6.385737308750234575e+01,1.000000000000000056e-01,6.620000000000000107e+00,-3.490658503988658956e-01,-3.490658503988658956e-01
6.740000000000004876e-01,-9.864617895853122764e-01,-1.653939578839941360e-01,-1.571330709067929821e+00,-1.701408555368965070e+00,-3.782496413943265412e-01,-7.301151198303549528e+00,-2.265871361820926411e-01,3.891362921075957049e-01,6.752545606354852792e-01,-5.841767662467649558e-01,3.995691457668247626e+00,-1.578554663596265861e+01,1.884260632068638870e+02,5.984247663931972028e+01,6.152795728590832169e+01,1.000000000000000056e-01,6.620000000000000107e+00,-3.490658503988658956e-01,-3.490658503988658956e-01
6.760000000000004894e-01,-9.898646066960502532e-01,-1.661504571667827834e-01,-1.585933011464536913e+00,-1.693006569430141717e+00,-3.876947569931559756e-01,-7.318624228516315888e+00,-1.055376810646530689e-01,4.974267313558017323e-01,5.926671680588938562e-01,-6.246391540027166345e-01,4.902791183011845355e-01,-1.604617768401006472e+01,1.892659631363151220e+02,3.531885222859075668e+01,4.719803437045177930e+01,1.000000000000000056e-01,6.620000000000000107e+00,-3.490658503988658956e-01,-3.490658503988658956e-01
6.780000000000004912e-01,-9.932506198349105864e-01,-1.669258466807690966e-01,-1.600570259921569649e+00,-1.689168343713290499e+00,-3.933696552332410223e-01,-7.334298463330913620e+00,2.156582179678577862e-02,5.889925598703094067e-01,4.911271826024670162e-01,-6.414177813692197860e-01,-3.091137176153599952e+00,-1.614135374140430912e+01,1.900553393737141050e+02,2.496052541400718283e+01,2.865285249833091541e+01,1.000000000000000056e-01,6.620000000000000107e+00,3.490658503988658956e-01,-3.490658503988658956e-01
6.800000000000004929e-01,-9.966289565223371838e-01,-1.677125859912355910e-01,-1.615238856848231430e+00,-1.683956133336782734e+00,-4.004131768082760390e-01,-7.342653981346697556e+00,1.505047622564319731e-01,6.600119131933733785e-01,3.740749281324594055e-01,-6.338773849283890760e-01,-6.706390736396503627e+00,-1.606829974634835878e+01,1.907918535056336395e+02,2.039125464845795577e+01,8.697493767599082659e+00,1.000000000000000056e-01,6.620000000000000107e+00,3.490658503988658956e-01,-3.490658503988658956e-01
6.820000000000004947e-01,-9.999968687890107288e-01,-1.685134123448521482e-01,-1.629924164810924836e+00,-1.676087231196709215e+00,-4.002548879320364517e-01,-7.343092792563459703e+00,2.768454701812607666e-01,7.073236161087428364e-01,2.455174875220458852e-01,-6.023047825277750844e-01,-1.031938911040556484e+01,-1.579874150336914163e+01,1.914754113490481870e+02,1.869043105948322392e+01,-1.189410211006918594e+01,1.000000000000000056e-01,6.620000000000000107e+00,3.490658503988658956e-01,-3.490658503988658956e-01
6.840000000000004965e-01,-1.003349043251404060e+00,-1.693139221207162204e-01,-1.644610350396051857e+00,-1.682137069258243800e+00,-4.041754454497952231e-01,-7.349428453575964859e+00,3.960853367080182652e-01,7.285982341951784402e-01,1.099081603466169205e-01,-5.478879588581829774e-01,-1.388768564181831522e+01,-1.535048451804142999e+01,1.921083851026232594e+02,1.941162397939019257e+01,-3.278745175009206747e+01,1.000000000000000056e-01,6.620000000000000107e+00,3.490658503988658956e-01,-3.490658503988658956e-01
6.860000000000004983e-01,-1.006713317389920537e+00,-1.701222730116158099e-01,-1.659309207303203859e+00,-1.694456912131976578e+00,-4.025669933902854547e-01,-7.350669847430379100e+00,5.038261179661108757e-01,7.224392111248829629e-01,-2.801471525078440966e-02,-4.727113334942083522e-01,-1.689923799954094008e+01,-1.458683486643392690e+01,1.926954638281846712e+02,2.402166269147678790e+01,-5.368184644797959493e+01,1.000000000000000056e-01,6.620000000000000107e+00,3.490658503988658956e-01,3.490658503988658956e-01
6.880000000000005000e-01,-1.010102231214184521e+00,-1.709274069983963695e-01,-1.674010546998064619e+00,-1.708200895415297182e+00,-3.964829718831814342e-01,-7.358372420466800179e+00,5.956125391350873821e-01,6.887913628680142342e-01,-1.635377015806855350e-01,-3.795623556481654837e-01,-1.975880703410691908e+01,-1.370285442108584384e+01,1.932520458085921291e+02,4.428116111316484904e+01,-7.328028667836125010e+01,1.000000000000000056e-01,6.620000000000000107e+00,3.490658503988658956e-01,3.490658503988658956e-01
6.900000000000005018e-01,-1.013518633005015213e+00,-1.717203729421627190e-01,-1.688727291838998168e+00,-1.719397281600450356e+00,-3.875475898251801721e-01,-7.373041827739670317e+00,6.677875710416899535e-01,6.284124480765429510e-01,-2.918277134367749381e-01,-2.720186404181702544e-01,-2.243935788913873353e+01,-1.268413064452637684e+01,1.937864389567046999e+02,1.353339432230661430e+02,-7.668008325089635946e+01,1.000000000000000056e-01,6.620000000000000107e+00,3.490658503988658956e-01,3.490658503988658956e-01
6.920000000000005036e-01,-1.016957427568216055e+00,-1.724954681218130725e-01,-1.703473375494477526e+00,-1.726562449235064189e+00,-3.775333282731079820e-01,-7.393290948077487990e+00,7.173220430592186503e-01,5.431436409391481313e-01,-4.082439963161333951e-01,-1.542106070299537890e-01,-2.491076685722655881e+01,-1.153433709962493303e+01,1.943081371899144756e+02,1.659238624157570712e+02,-5.797852849199977499e+01,1.000000000000000056e-01,6.620000000000000107e+00,3.490658503988658956e-01,3.490658503988658956e-01
6.940000000000005054e-01,-1.020410552466686216e+00,-1.732505347783592775e-01,-1.718259957390632531e+00,-1.733421491477131315e+00,-3.724206038918230210e-01,-7.416622240022663348e+00,7.419565783122927805e-01,4.358577517552276182e-01,-5.085147873569327848e-01,-3.067844802668866569e-02,-2.714365295130389200e+01,-1.026289373804621619e+01,1.948273594977631262e+02,1.722754983858294509e+02,-3.681051460018253607e+01,1.000000000000000056e-01,6.620000000000000107e+00,3.490658503988658956e-01,3.490658503988658956e-01
6.960000000000005071e-01,-1.023877395449640515e+00,-1.739953759861429250e-01,-1.733093201870677946e+00,-1.739602202301063993e+00,-3.687552131250974585e-01,-7.443190427479572158e+00,7.403200540265756358e-01,3.103671034284974928e-01,-5.888978562506848036e-01,9.379655440814670120e-02,-2.911059213074662466e+01,-8.880671637023604958e+00,1.953545957009654046e+02,1.739425954143187880e+02,-1.524236267921407517e+01,1.000000000000000056e-01,6.620000000000000107e+00,3.490658503988658956e-01,3.490658503988658956e-01
6.980000000000005089e-01,-1.027356599854242658e+00,-1.747328864123931236e-01,-1.747979582725637027e+00,-1.746135784995076046e+00,-3.699379162784320330e-01,-7.469556094817894731e+00,7.120187258884993486e-01,1.712892898003207931e-01,-6.463233059927500079e-01,2.143723333698218103e-01,-3.078640117197545223e+01,-7.399887131131379192e+00,1.959001817512277626e+02,1.733717899709102710e+02,6.379428091400068723e+00,1.000000000000000056e-01,6.620000000000000107e+00,3.490658503988658956e-01,3.490658503988658956e-01
7.000000000000005107e-01,-1.030848871424232760e+00,-1.754727622449499813e-01,-1.762918694915272866e+00,-1.745481861731303486e+00,-3.698915291367075864e-01,-7.498347321653644926e+00,6.576891306611180044e-01,2.387472592503247712e-02,-6.785167128241543777e-01,3.263281711567838639e-01,-3.214838453266971641e+01,-5.833990135906603314e+00,1.964738686624292257e+02,1.705367557446165847e+02,2.784542036119936270e+01,1.000000000000000056e-01,6.620000000000000107e+00,3.490658503988658956e-01,3.490658503988658956e-01
7.020000000000005125e-01,-1.034339835147695341e+00,-1.762125453032233890e-01,-1.777915389558580195e+00,-1.741448650166923295e+00,-3.770028925033507283e-01,-7.536056144111509703e+00,5.790104016907203777e-01,-1.261971772791855018e-01,-6.840983792456702961e-01,4.252418543536882201e-01,-3.364240709172873522e+01,-4.346439448797597471e+00,1.970844025213753525e+02,1.630837548867108637e+02,4.866035928749922590e+01,1.000000000000000056e-01,6.620000000000000107e+00,-3.490658503988658956e-01,-3.490658503988658956e-01
7.040000000000005143e-01,-1.037822732448029139e+00,-1.769665510882300896e-01,-1.792987501846803111e+00,-1.735363483070067048e+00,-3.861613612163730669e-01,-7.565959532173973656e+00,4.785082162541454132e-01,-2.732429784233693648e-01,-6.629234914715694815e-01,5.068536338774204397e-01,-3.481779559113474676e+01,-2.781219217163530821e+00,1.977327590218561966e+02,1.402579187419925972e+02,6.684383253984127293e+01,1.000000000000000056e-01,6.620000000000000107e+00,-3.490658503988658956e-01,-3.490658503988658956e-01
7.060000000000005160e-01,-1.041293459414169176e+00,-1.777388738106628341e-01,-1.808119420911151076e+00,-1.728052088419222754e+00,-3.904886395271954802e-01,-7.588082821017892776e+00,3.597486375913359069e-01,-4.113647873971634783e-01,-6.155857183085465811e-01,5.678152453531120081e-01,-3.565577370106240807e+01,-1.153130340276949717e+00,1.984263144932300236e+02,7.801127368094361714e+01,7.116290277771854278e+01,1.000000000000000056e-01,6.620000000000000107e+00,-3.490658503988658956e-01,-3.490658503988658956e-01
7.080000000000005178e-01,-1.044749563591007568e+00,-1.785198510897172131e-01,-1.823295586553186798e+00,-1.725929745446259878e+00,-3.999460612815567973e-01,-7.607632976654182144e+00,2.271317844758575510e-01,-5.349226761872386549e-01,-5.436817449021336124e-01,6.055402903537192572e-01,-3.614758897811405092e+01,5.242653279392779364e-01,1.991708632286506884e+02,4.212007241340462116e+01,5.567521841350612277e+01,1.000000000000000056e-01,6.620000000000000107e+00,3.490658503988658956e-01,-3.490658503988658956e-01
7.100000000000005196e-01,-1.048201423081900119e+00,-1.793197432122803359e-01,-1.838510852506495263e+00,-1.729267387745354156e+00,-4.105202361094698049e-01,-7.624782822759929246e+00,8.573575298566558922e-02,-6.387800452713751076e-01,-4.497877513252969695e-01,6.183044664085920461e-01,-3.627278044441378313e+01,2.232449925861591744e+00,1.999703830149968269e+02,3.170515784716162599e+01,3.512111111896429350e+01,1.000000000000000056e-01,6.620000000000000107e+00,3.490658503988658956e-01,-3.490658503988658956e-01
7.120000000000005214e-01,-1.051659957857390859e+00,-1.801407836844992616e-01,-1.853760418152015088e+00,-1.728359355433948252e+00,-4.216279934938285123e-01,-7.634055171897885295e+00,-5.886941778974012079e-02,-7.185239589081144906e-01,-3.373888265732572500e-01,6.053317204868978729e-01,-3.602169295074364186e+01,3.953972464577198309e+00,2.008266671737824822e+02,2.843814584506896637e+01,1.353063628135783603e+01,1.000000000000000056e-01,6.620000000000000107e+00,3.490658503988658956e-01,-3.490658503988658956e-01
7.140000000000005231e-01,-1.055116676568258693e+00,-1.809840396714869071e-01,-1.869028528495810804e+00,-1.727833325449140700e+00,-4.262531828992092708e-01,-7.641821015936410610e+00,-2.008451957574635405e-01,-7.706700958505017240e-01,-2.107836679458266194e-01,5.668324761604863760e-01,-3.538812816360325542e+01,5.670706067964674801e+00,2.017391898295103374e+02,2.856377386873957036e+01,-8.357020492254411792e+00,1.000000000000000056e-01,6.620000000000000107e+00,3.490658503988658956e-01,-3.490658503988658956e-01
7.160000000000005249e-01,-1.058572343219156942e+00,-1.818365460372853293e-01,-1.884312170527683516e+00,-1.729498549829405318e+00,-4.263552300840570131e-01,-7.649589944030484645e+00,-3.343288599122420379e-01,-7.928286006358405968e-01,-7.495023260358794903e-02,5.040133788663384573e-01,-3.436955417294615245e+01,7.363960416713020152e+00,2.027050181233259423e+02,3.206094661075397312e+01,-3.010428539645358015e+01,1.000000000000000056e-01,6.620000000000000107e+00,3.490658503988658956e-01,-3.490658503988658956e-01
7.180000000000005267e-01,-1.062031340318815742e+00,-1.826892564974534339e-01,-1.899611350415744582e+00,-1.739318549539057290e+00,-4.230232929747170800e-01,-7.653733522965639580e+00,-4.536904503977297609e-01,-7.838264322906642878e-01,6.462201808909098788e-02,4.190526148808608187e-01,-3.249432410667508719e+01,9.161281094524868607e+00,2.037188198088011575e+02,4.229074863793683647e+01,-5.087649104748572881e+01,1.000000000000000056e-01,6.620000000000000107e+00,3.490658503988658956e-01,3.490658503988658956e-01
7.200000000000005285e-01,-1.065509977417893772e+00,-1.835353030834028787e-01,-1.914918817461675804e+00,-1.752673869391859318e+00,-4.230937702160055824e-01,-7.668519766849413166e+00,-5.534446975057103479e-01,-7.440602076863580550e-01,2.022616755765895280e-01,3.149025067119930466e-01,-3.020803937158407138e+01,1.087274687427893483e+01,2.047734320902423519e+02,7.325756657255189452e+01,-6.691239289029573456e+01,1.000000000000000056e-01,6.620000000000000107e+00,3.490658503988658956e-01,3.490658503988658956e-01
7.220000000000005302e-01,-1.069015325156677410e+00,-1.843814906238348816e-01,-1.930255856995374719e+00,-1.759821631346077053e+00,-4.209652626527725650e-01,-7.687078246310833585e+00,-6.292294851215867180e-01,-6.750002636014241775e-01,3.320377413647157550e-01,1.954375539681368901e-01,-2.752554109762411727e+01,1.247691090227780286e+01,2.058561900872603871e+02,1.302448005944048361e+02,-6.533609705766338038e+01,1.000000000000000056e-01,6.620000000000000107e+00,3.490658503988658956e-01,3.490658503988658956e-01
7.240000000000005320e-01,-1.072534968419369461e+00,-1.852234211491404214e-01,-1.945630013487996468e+00,-1.773485980739363255e+00,-4.192920039282741484e-01,-7.709522261435327373e+00,-6.776712417857039261e-01,-5.793594076810970606e-01,4.481626280862175959e-01,6.522747561331211641e-02,-2.446677028905310891e+01,1.395260485215877821e+01,2.069526658516402051e+02,1.569737018704333877e+02,-4.786378467348227872e+01,1.000000000000000056e-01,6.620000000000000107e+00,3.490658503988658956e-01,3.490658503988658956e-01
7.260000000000005338e-01,-1.076081940380848145e+00,-1.860620051569969735e-01,-1.961049058010867041e+00,-1.781155928703135993e+00,-4.101787948038450593e-01,-7.736497822419225123e+00,-6.965674265003719556e-01,-4.609930684187357186e-01,5.452458112486860964e-01,-7.061314696492222709e-02,-2.105694407642862132e+01,1.527921943651320902e+01,2.080472577024933400e+02,1.663223218816166877e+02,-2.639480344894114339e+01,1.000000000000000056e-01,6.620000000000000107e+00,3.490658503988658956e-01,3.490658503988658956e-01
7.280000000000005356e-01,-1.079644252238254332e+00,-1.868823627466046633e-01,-1.976522053655705546e+00,-1.787078171184010911e+00,-4.061127121147923291e-01,-7.766460268985463600e+00,-6.850196213625138197e-01,-3.247483946006127775e-01,6.185484166855321764e-01,-2.066021654496971727e-01,-1.732665773186774061e+01,1.643702440963956946e+01,2.091238742909356461e+02,1.700648370880387006e+02,-3.825763364982092352e+00,1.000000000000000056e-01,6.620000000000000107e+00,3.490658503988658956e-01,3.490658503988658956e-01
7.300000000000005373e-01,-1.083218408580622460e+00,-1.876945881708342589e-01,-1.992054974193676387e+00,-1.791106664144869631e+00,-4.057180234450122880e-01,-7.802098044623315687e+00,-6.435078319540347147e-01,-1.762678293481614034e-01,6.642268701524680630e-01,-3.370904737873231527e-01,-1.331188427911333250e+01,1.740752263103929920e+01,2.101666892073104123e+02,1.711918291430409056e+02,1.917019846438691388e+01,1.000000000000000056e-01,6.620000000000000107e+00,3.490658503988658956e-01,3.490658503988658956e-01
7.320000000000005391e-01,-1.086800621908912134e+00,-1.885060242177242773e-01,-2.007659170282923178e+00,-1.782883603919894089e+00,-4.023489440250856974e-01,-7.835723750208615002e+00,-5.738991814451703810e-01,-2.175487845727885547e-02,6.795524987893828417e-01,-4.564809483307912252e-01,-9.519703568726828991e+00,1.802493969605768953e+01,2.111609345868102139e+02,1.700917745719086724e+02,4.233013994969613947e+01,1.000000000000000056e-01,6.620000000000000107e+00,-3.490658503988658956e-01,-3.490658503988658956e-01
7.340000000000005409e-01,-1.090366389116751877e+00,-1.893107221057744594e-01,-2.023330617783340557e+00,-1.778885179764761348e+00,-4.120595048561440654e-01,-7.868537082191280341e+00,-4.792976538832620648e-01,1.324830958751382348e-01,6.633840000705349960e-01,-5.591454701057284593e-01,-5.565041484936132932e+00,1.844760556639531401e+01,2.121001465357199720e+02,1.631104786174796004e+02,6.528078960082049775e+01,1.000000000000000056e-01,6.620000000000000107e+00,-3.490658503988658956e-01,-3.490658503988658956e-01
7.360000000000005427e-01,-1.093924159476281410e+00,-1.901348411154867579e-01,-2.039067691947723304e+00,-1.769917672412625542e+00,-4.215071550528038391e-01,-7.895547743821746955e+00,-3.640389488115930994e-01,2.798919026731059856e-01,6.157445500866531862e-01,-6.403083753979516013e-01,-1.493122271942901591e+00,1.866505514291421974e+01,2.129762756575823630e+02,9.159432336194871027e+01,8.288692736159924834e+01,1.000000000000000056e-01,6.620000000000000107e+00,-3.490658503988658956e-01,-3.490658503988658956e-01
7.380000000000005445e-01,-1.097463994821106681e+00,-1.909778554255923688e-01,-2.054858787435366985e+00,-1.762591026256669524e+00,-4.280492516705059480e-01,-7.916198720801100208e+00,-2.334672323983252307e-01,4.141659330190349264e-01,5.381339685306404386e-01,-6.959680044629940054e-01,2.640386697789462112e+00,1.867146616931859882e+01,2.137839571621151151e+02,1.861477938275032784e+01,6.534716325570914819e+01,1.000000000000000056e-01,6.620000000000000107e+00,3.490658503988658956e-01,-3.490658503988658956e-01
7.400000000000005462e-01,-1.100989176873619968e+00,-1.918339539289333762e-01,-2.070691184876969348e+00,-1.759702774589136265e+00,-4.421719192454123815e-01,-7.930756009481104485e+00,-9.368842903900166663e-02,5.295310379202964324e-01,4.335236537263585932e-01,-7.231020673480373917e-01,6.791989767986081006e+00,1.849684783441586688e+01,2.145210160451630941e+02,1.168393765020679709e+01,4.213359237250234202e+01,1.000000000000000056e-01,6.620000000000000107e+00,3.490658503988658956e-01,-3.490658503988658956e-01
7.420000000000005480e-01,-1.104508582422798257e+00,-1.927182977674241904e-01,-2.086552696895931369e+00,-1.759597594674542131e+00,-4.499692213762560011e-01,-7.943796298780838150e+00,4.869957188595066405e-02,6.210230902283983001e-01,3.062581209982421782e-01,-7.198365345159426498e-01,1.091752071956032921e+01,1.808414371966710021e+01,2.151882197568039885e+02,1.059229715451706078e+01,1.855265131069830886e+01,1.000000000000000056e-01,6.620000000000000107e+00,3.490658503988658956e-01,-3.490658503988658956e-01
7.440000000000005498e-01,-1.108027777612147435e+00,-1.936182362101767085e-01,-2.102440289493493264e+00,-1.756390563418887885e+00,-4.515836006221288224e-01,-7.956171092193009997e+00,1.869609691322476341e-01,6.846538132949849809e-01,1.619017269010870619e-01,-6.856256870831286543e-01,1.495892067864732056e+01,1.744731488449343360e+01,2.157897111649528199e+02,1.191523958587477594e+01,-5.018451161058941956e+00,1.000000000000000056e-01,6.620000000000000107e+00,3.490658503988658956e-01,-3.490658503988658956e-01
7.460000000000005516e-01,-1.111540558738985274e+00,-1.945214034114209622e-01,-2.118352631677879128e+00,-1.761216003487278359e+00,-4.538131409535525185e-01,-7.965474519836505785e+00,3.145246895935020492e-01,7.176458161072645225e-01,7.003219330675983754e-03,-6.212967545214250764e-01,1.933409847169145834e+01,1.674420009341199034e+01,2.163330354808289258e+02,1.623172932108836974e+01,-2.826099536918378163e+01,1.000000000000000056e-01,6.620000000000000107e+00,3.490658503988658956e-01,3.490658503988658956e-01
7.480000000000005533e-01,-1.115062990745959937e+00,-1.954290296933280657e-01,-2.134283580717552198e+00,-1.757751726354104482e+00,-4.476981233631119883e-01,-7.977133382685916096e+00,4.249729061191595547e-01,7.187879407863151382e-01,-1.514414108445875373e-01,-5.289682640066466490e-01,2.355235570648980925e+01,1.581866625014359329e+01,2.168189412851567965e+02,2.729112098575293999e+01,-5.029354094149039156e+01,1.000000000000000056e-01,6.620000000000000107e+00,3.490658503988658956e-01,3.490658503988658956e-01
7.500000000000005551e-01,-1.118578494198668061e+00,-1.963244259400542813e-01,-2.150237847482924014e+00,-1.757327065628339291e+00,-4.420820585124303759e-01,-7.992542939955341375e+00,5.130080631595389518e-01,6.880711403879465893e-01,-3.057986190629141676e-01,-4.121505034301715664e-01,2.755878100818043919e+01,1.463027368391953154e+01,2.172601568803412135e+02,6.093419685451367229e+01,-6.682516393587656012e+01,1.000000000000000056e-01,6.620000000000000107e+00,3.490658503988658956e-01,3.490658503988658956e-01
7.520000000000005569e-01,-1.122093148329924794e+00,-1.972085900570791361e-01,-2.166222933362834890e+00,-1.767513557564397431e+00,-4.385786238841673512e-01,-8.011073004905872708e+00,5.743904261797898592e-01,6.268785505572505024e-01,-4.484664916925010791e-01,-2.756387617757344310e-01,3.128882074233502664e+01,1.322405651028509332e+01,2.176733448845178032e+02,1.185537160490192292e+02,-6.335217373239838423e+01,1.000000000000000056e-01,6.620000000000000107e+00,3.490658503988658956e-01,3.490658503988658956e-01
7.540000000000005587e-01,-1.125628175445053669e+00,-1.980857473048474593e-01,-2.182245079372646668e+00,-1.777350864864204905e+00,-4.210100491884019025e-01,-8.034298403600079297e+00,6.061697903512366370e-01,5.379756213439284007e-01,-5.722277195833889163e-01,-1.252830916187267773e-01,3.468874046328431859e+01,1.161423694203973511e+01,2.180768571701012490e+02,1.429689317018161034e+02,-4.407991616860594775e+01,1.000000000000000056e-01,6.620000000000000107e+00,3.490658503988658956e-01,3.490658503988658956e-01
7.560000000000005604e-01,-1.129182877174782051e+00,-1.989277674032242649e-01,-2.198313676179846965e+00,-1.789692307748896205e+00,-4.152042164134119306e-01,-8.063937442536943223e+00,6.068170911941890289e-01,4.253925092066711544e-01,-6.706531027418122237e-01,3.222804257561637242e-02,3.770828531310791476e+01,9.817939665986965991e+00,2.184903281966420536e+02,1.509196583868712764e+02,-2.117512778947684282e+01,1.000000000000000056e-01,6.620000000000000107e+00,3.490658503988658956e-01,3.490658503988658956e-01
7.580000000000005622e-01,-1.132762261790279945e+00,-1.997581758360510995e-01,-2.214441551064920688e+00,-1.791915836061760414e+00,-4.083027286607988082e-01,-8.095682326525905026e+00,5.762966550819448308e-01,2.942667718254964870e-01,-7.384560782074456320e-01,1.896624709826432720e-01,4.030130892977395263e+01,7.854944613273620924e+00,2.189336936879192308e+02,1.533949819347120354e+02,2.652518401450493446e+00,1.000000000000000056e-01,6.620000000000000107e+00,3.490658503988658956e-01,3.490658503988658956e-01
7.600000000000005640e-01,-1.136346093462403450e+00,-2.005747812933726948e-01,-2.230632915717972509e+00,-1.792005427114839566e+00,-4.076740547522677005e-01,-8.124309304212397720e+00,5.160662865026300894e-01,1.506376591889030947e-01,-7.717949565949840940e-01,3.395827270990381397e-01,4.242628773594923075e+01,5.747425593781974484e+00,2.194261607497437012e+02,1.524225766453046447e+02,2.671850109715442301e+01,1.000000000000000056e-01,6.620000000000000107e+00,3.490658503988658956e-01,3.490658503988658956e-01
7.620000000000005658e-01,-1.139930104316633219e+00,-2.013901294028772326e-01,-2.246881534326397478e+00,-1.779997740622386804e+00,-4.024916156048894411e-01,-8.152720531390071912e+00,4.290074247243108596e-01,1.199104502051961734e-03,-7.685044137011811660e-01,4.747127108068749934e-01,4.358087683209887331e+01,3.370801959247876844e+00,2.199851811581776531e+02,1.463633231193841482e+02,5.050897758794376102e+01,1.000000000000000056e-01,6.620000000000000107e+00,-3.490658503988658956e-01,-3.490658503988658956e-01
7.640000000000005675e-01,-1.143490099797878079e+00,-2.021951126340870153e-01,-2.263186975389177569e+00,-1.769281784931147072e+00,-3.999908164135982380e-01,-8.176452791136266995e+00,3.191861891408257490e-01,-1.471094128907838305e-01,-7.285343826404867551e-01,5.879767432571894048e-01,4.416378517956234617e+01,9.255020583327677741e-01,2.206329173403951813e+02,1.194183692674354234e+02,7.169734552892742840e+01,1.000000000000000056e-01,6.620000000000000107e+00,-3.490658503988658956e-01,-3.490658503988658956e-01
7.660000000000005693e-01,-1.147028663367740453e+00,-2.029950942669142000e-01,-2.279539880971450216e+00,-1.759062297640168637e+00,-4.084306473693071204e-01,-8.200138792376586494e+00,1.918339987624324561e-01,-2.871171287029516961e-01,-6.534759670354628458e-01,6.735967872780082022e-01,4.415551567110301079e+01,-1.558583049387869401e+00,2.213776876198078583e+02,3.591969842766035725e+01,7.115294720125984895e+01,1.000000000000000056e-01,6.620000000000000107e+00,-3.490658503988658956e-01,-3.490658503988658956e-01
7.680000000000005711e-01,-1.150546787963020900e+00,-2.038119555616528245e-01,-2.295940158556203592e+00,-1.757516618940087261e+00,-4.213999406355445898e-01,-8.218609359696120720e+00,5.303935173479469578e-02,-4.118969686235416927e-01,-5.467133896585617547e-01,7.270709621311631787e-01,4.354297415203632227e+01,-4.050349440562634129e+00,2.222228459753038123e+02,1.006803863242651964e+01,4.955456946406467011e+01,1.000000000000000056e-01,6.620000000000000107e+00,-3.490658503988658956e-01,-3.490658503988658956e-01
7.700000000000005729e-01,-1.154061821200901061e+00,-2.046547554429239135e-01,-2.312377377275595780e+00,-1.748521251021702083e+00,-4.230600552870084075e-01,-8.233421053849793836e+00,-9.051901578661733505e-02,-5.150891456401701651e-01,-4.132696032479054038e-01,7.454513497579976500e-01,4.231976515127512073e+01,-6.502037046621037319e+00,2.231664252647167928e+02,3.459956425157457272e+00,2.526094373670262172e+01,1.000000000000000056e-01,6.620000000000000107e+00,-3.490658503988658956e-01,-3.490658503988658956e-01
7.720000000000005747e-01,-1.157558863702944363e+00,-2.055008755534979414e-01,-2.328844219383295222e+00,-1.740901610021820867e+00,-4.244091908133497681e-01,-8.243194034883975618e+00,-2.318565836768081145e-01,-5.912284765475931403e-01,-2.595659258782775924e-01,7.275417123766060312e-01,4.048324181469649830e+01,-8.917475245334967937e+00,2.242004234473333497e+02,1.325864029788129450e+00,3.623507057920759000e-01,1.000000000000000056e-01,6.620000000000000107e+00,3.490658503988658956e-01,-3.490658503988658956e-01
7.740000000000005764e-01,-1.161040666922988018e+00,-2.063496939351246451e-01,-2.345330607453063099e+00,-1.738115708077657917e+00,-4.241747091197487496e-01,-8.247172704623732642e+00,-3.640100425818991181e-01,-6.360001726528409227e-01,-9.310216352118992622e-02,6.740418803255135982e-01,3.804350967959068441e+01,-1.124951446698725910e+01,2.253129828917132613e+02,1.419217215064212390e+00,-2.478581361688878815e+01,1.000000000000000056e-01,6.620000000000000107e+00,3.490658503988658956e-01,-3.490658503988658956e-01
7.760000000000005782e-01,-1.164516898339143403e+00,-2.071980433533641419e-01,-2.361824952862310756e+00,-1.739418826402326479e+00,-4.183364207705799753e-01,-8.252006759253776025e+00,-4.803224238981496641e-01,-6.465388029776414358e-01,7.792159378712898432e-02,5.875424840524458014e-01,3.548777030144653111e+01,-1.330975996565526032e+01,2.264868244010248191e+02,4.440408303424867142e+00,-4.998819498987159449e+01,1.000000000000000056e-01,6.620000000000000107e+00,3.490658503988658956e-01,3.490658503988658956e-01
7.780000000000005800e-01,-1.167995735991947948e+00,-2.080347161949052948e-01,-2.378328966380818255e+00,-1.741743994982042576e+00,-4.114886193072186948e-01,-8.265035552642302719e+00,-5.744598561097821188e-01,-6.219287447588456308e-01,2.452152766974559917e-01,4.723028458893777648e-01,3.240412264722408509e+01,-1.522714981409864343e+01,2.277012651862259247e+02,2.150049486143088018e+01,-7.436464183811389717e+01,1.000000000000000056e-01,6.620000000000000107e+00,3.490658503988658956e-01,3.490658503988658956e-01
7.800000000000005818e-01,-1.171479223981912066e+00,-2.088576934335197310e-01,-2.394859037486102959e+00,-1.744571366063806916e+00,-4.013191531732811512e-01,-8.281563827742539630e+00,-6.413011995409665378e-01,-5.627597734990498202e-01,4.003827067761158709e-01,3.342572316543747091e-01,2.882234684588078011e+01,-1.695232143900137700e+01,2.289350056792794703e+02,1.394078449423612653e+02,-7.578691041900074765e+01,1.000000000000000056e-01,6.620000000000000107e+00,3.490658503988658956e-01,3.490658503988658956e-01
7.820000000000005835e-01,-1.174968366714039592e+00,-2.096603317398662847e-01,-2.411422165141587914e+00,-1.747669634213707024e+00,-3.806718309132857692e-01,-8.304219555385994767e+00,-6.769351398609612103e-01,-4.714615042217067398e-01,5.355760827007713942e-01,1.806685531500230868e-01,2.478537044759680796e+01,-1.850964069698416381e+01,2.301643380487448383e+02,1.591545851864065355e+02,-5.140391435490106176e+01,1.000000000000000056e-01,6.620000000000000107e+00,3.490658503988658956e-01,3.490658503988658956e-01
7.840000000000005853e-01,-1.178463705982466969e+00,-2.104216754016928481e-01,-2.428030604252359836e+00,-1.745390109355693831e+00,-3.740024377773369380e-01,-8.327036001968552981e+00,-6.788541481387952992e-01,-3.522508100723006907e-01,6.439602913791457883e-01,1.978776099118312315e-02,2.033110584651670294e+01,-1.984594338458355978e+01,2.313663642235781595e+02,1.620033805520882595e+02,-2.598014760519253841e+01,1.000000000000000056e-01,6.620000000000000107e+00,3.490658503988658956e-01,3.490658503988658956e-01
7.860000000000005871e-01,-1.181954486201178378e+00,-2.111696802772475290e-01,-2.444684676256296818e+00,-1.756543968271345291e+00,-3.697693376260087206e-01,-8.362397772443660671e+00,-6.461673429670409252e-01,-2.110120931266440125e-01,7.200304803876462767e-01,-1.396344110524418147e-01,1.551220355558737474e+01,-2.093475937245850815e+01,2.325178014934282942e+02,1.611778487226988830e+02,-4.727311995570926961e-01,1.000000000000000056e-01,6.620000000000000107e+00,3.490658503988658956e-01,3.490658503988658956e-01
7.880000000000005889e-01,-1.185467574137720970e+00,-2.119092189524995340e-01,-2.461409471801184079e+00,-1.758803918767657182e+00,-3.705434977186454759e-01,-8.387855654318000731e+00,-5.796970393507361319e-01,-5.505208808529846870e-02,7.599323598099885224e-01,-2.888311248447120727e-01,1.038961990722187956e+01,-2.175227506400218402e+01,2.335971732652272408e+02,1.571252201808943596e+02,2.464004556820808745e+01,1.000000000000000056e-01,6.620000000000000107e+00,3.490658503988658956e-01,3.490658503988658956e-01
7.900000000000005906e-01,-1.188985181975256378e+00,-2.126503059479368241e-01,-2.478185183109820056e+00,-1.754700903105495868e+00,-3.742540473739435769e-01,-8.420213625444260330e+00,-4.820118649867441984e-01,1.072429246578923134e-01,7.616802513978123690e-01,-4.195315384490032606e-01,4.566210628900457813e+00,-2.242690139624605195e+01,2.345861756004410665e+02,1.460486974844461372e+02,4.842995483326426154e+01,1.000000000000000056e-01,6.620000000000000107e+00,-3.490658503988658956e-01,-3.490658503988658956e-01
7.920000000000005924e-01,-1.192494583781467332e+00,-2.133988140426847091e-01,-2.495025610360708690e+00,-1.738798640109518123e+00,-3.766809564810880695e-01,-8.447019611817506046e+00,-3.572147978340974306e-01,2.669966294070847956e-01,7.255359061851146540e-01,-5.241259742941055677e-01,-1.454985148420271379e+00,-2.276624093944328919e+01,2.354620706822789487e+02,1.110839164501266509e+02,6.617965835457486889e+01,1.000000000000000056e-01,6.620000000000000107e+00,-3.490658503988658956e-01,-3.490658503988658956e-01
7.940000000000005942e-01,-1.195972181061686346e+00,-2.141521759556468951e-01,-2.511919649584343883e+00,-1.740031259431177979e+00,-3.848995427438574035e-01,-8.469297438589419968e+00,-2.110711384585391148e-01,4.149668831830388149e-01,6.535257183609866072e-01,-5.967877309495620564e-01,-7.585701875284604156e+00,-2.275596349240155192e+01,2.362139327119798793e+02,5.206593729007981608e+01,6.150571891575508943e+01,1.000000000000000056e-01,6.620000000000000107e+00,-3.490658503988658956e-01,-3.490658503988658956e-01
7.960000000000005960e-01,-1.199452243580548805e+00,-2.149219750411346108e-01,-2.528858244461522631e+00,-1.727779895802560528e+00,-3.863612398310106721e-01,-8.485085343066549157e+00,-5.067342864535128583e-02,5.422840266221606864e-01,5.495573631400533232e-01,-6.335194888228236065e-01,-1.373258006974746337e+01,-2.238729231269023501e+01,2.368381331302540787e+02,2.857494859674091003e+01,4.030389352576145967e+01,1.000000000000000056e-01,6.620000000000000107e+00,-3.490658503988658956e-01,-3.490658503988658956e-01
7.980000000000005977e-01,-1.202907803372153861e+00,-2.156946975207966188e-01,-2.545828415147655566e+00,-1.721413858225004700e+00,-3.923120232859414469e-01,-8.497082979684460469e+00,1.158738453070201069e-01,6.410056978290000762e-01,4.192203472145765719e-01,-6.324075013832548553e-01,-1.979902045227435536e+01,-2.165743407778532159e+01,2.373389549952442792e+02,2.077281780056853577e+01,1.543414935312131320e+01,1.000000000000000056e-01,6.620000000000000107e+00,-3.490658503988658956e-01,-3.490658503988658956e-01
8.000000000000005995e-01,-1.206350631088603853e+00,-2.164793215673684879e-01,-2.562822581107024433e+00,-1.711922093418005719e+00,-3.898607496291996988e-01,-8.503665528452685862e+00,2.798481847540116307e-01,7.046430823855565073e-01,2.694970066171766820e-01,-5.937461438699606076e-01,-2.569435842883093812e+01,-2.053636934673724568e+01,2.377287115445957397e+02,1.793214212056301804e+01,-1.047920495786235406e+01,1.000000000000000056e-01,6.620000000000000107e+00,3.490658503988658956e-01,-3.490658503988658956e-01
8.020000000000006013e-01,-1.209774475275439798e+00,-2.172590430666268835e-01,-2.579829912163929873e+00,-1.717584053117357179e+00,-3.950104390325925308e-01,-8.517389990990981374e+00,4.323615001586150752e-01,7.286365004691645053e-01,1.084135406261088064e-01,-5.199989303580844213e-01,-3.130576641817039985e+01,-1.905343759722172337e+01,2.380279829108426952e+02,1.807728711517717457e+01,-3.681353172147201036e+01,1.000000000000000056e-01,6.620000000000000107e+00,3.490658503988658956e-01,-3.490658503988658956e-01
8.040000000000006031e-01,-1.213209643381674585e+00,-2.180490639446920620e-01,-2.596864692145911757e+00,-1.729444273505394758e+00,-3.962357578586271911e-01,-8.524486329899389148e+00,5.648617456565059314e-01,7.106794148165774816e-01,-5.539744934483479405e-02,-4.156887059518677430e-01,-3.653558381944408495e+01,-1.723818704643095856e+01,2.382642783053330220e+02,2.354835179966415737e+01,-6.319730173840986964e+01,1.000000000000000056e-01,6.620000000000000107e+00,3.490658503988658956e-01,-3.490658503988658956e-01
8.060000000000006048e-01,-1.216668531928685404e+00,-2.188415354604093255e-01,-2.613913664805710635e+00,-1.744030953863389799e+00,-3.983637995463208403e-01,-8.538261860257811975e+00,6.696390196750253709e-01,6.509385985286293419e-01,-2.131411216747974569e-01,-2.871121497350194729e-01,-4.129450212604179882e+01,-1.514766104613210373e+01,2.384700759752423664e+02,1.069100968947217183e+02,-8.366155738441206324e+01,1.000000000000000056e-01,6.620000000000000107e+00,3.490658503988658956e-01,-3.490658503988658956e-01
8.080000000000006066e-01,-1.220156593836412284e+00,-2.196382630595019592e-01,-2.630990188526226348e+00,-1.755110510297999138e+00,-3.897560111000264449e-01,-8.556562393772683350e+00,7.403032670637955670e-01,5.521084704331676862e-01,-3.563308531947871338e-01,-1.419705346615754427e-01,-4.503583371198345020e+01,-1.263797636019925008e+01,2.386798016397490585e+02,1.757126155944128243e+02,-6.138027811054222838e+01,1.000000000000000056e-01,6.620000000000000107e+00,3.490658503988658956e-01,3.490658503988658956e-01
8.100000000000006084e-01,-1.223666814857008234e+00,-2.204177750817020165e-01,-2.648103313313771690e+00,-1.764231462678693685e+00,-3.794316337370741699e-01,-8.581916055935646881e+00,7.720427330277505051e-01,4.196898601059262934e-01,-4.771595138531185554e-01,1.136829111014166574e-02,-4.812162064567588260e+01,-9.905320225067029583e+00,2.389411000079262237e+02,-1.790652892791851230e+02,-3.457324137591059099e+01,1.000000000000000056e-01,6.620000000000000107e+00,3.490658503988658956e-01,3.490658503988658956e-01
8.120000000000006102e-01,-1.227195277782365590e+00,-2.211766383491761689e-01,-2.665267145425643136e+00,-1.771269828715817285e+00,-3.744156847800391708e-01,-8.611230895203624058e+00,7.624388234121018959e-01,2.609845466332632591e-01,-5.689514720552570903e-01,1.639156167628813554e-01,-5.049266332474078922e+01,-6.987417941140995126e+00,2.392870529243981537e+02,-1.782977289629310462e+02,-7.544750807776598123e+00,1.000000000000000056e-01,6.620000000000000107e+00,3.490658503988658956e-01,3.490658503988658956e-01
8.140000000000006120e-01,-1.230737817439797155e+00,-2.219254697187362513e-01,-2.682489607216050231e+00,-1.773089369219270850e+00,-3.742178705582834830e-01,-8.636295045765219669e+00,7.114355986936962140e-01,8.498316466329516872e-02,-6.265272998875534016e-01,3.067585257670354948e-01,-5.209928945085913909e+01,-3.925093368488125289e+00,2.397463462844316950e+02,-1.796272510933668229e+02,1.945916852229676408e+01,1.000000000000000056e-01,6.620000000000000107e+00,3.490658503988658956e-01,3.490658503988658956e-01
8.160000000000006137e-01,-1.234283996178235698e+00,-2.226739054598528278e-01,-2.699762197307580713e+00,-1.775187112405302026e+00,-3.780040545336095237e-01,-8.663030432834505135e+00,6.214257438578323356e-01,-9.817347687465621808e-02,-6.464982985710837626e-01,4.315460152217543977e-01,-5.336754845769004163e+01,-9.106686635794294382e-01,2.403413760987741910e+02,1.754396921708513730e+02,4.619394707864253036e+01,1.000000000000000056e-01,6.620000000000000107e+00,-3.490658503988658956e-01,-3.490658503988658956e-01
8.180000000000006155e-01,-1.237834370403046336e+00,-2.234299135689200577e-01,-2.717088258173249837e+00,-1.769135914391247066e+00,-3.888120666614930943e-01,-8.695941412227041312e+00,4.970375078336707886e-01,-2.780228066116630092e-01,-6.277544764789089182e-01,5.306423956592221103e-01,-5.384128250925630965e+01,2.186801666177669912e+00,2.410790753579801162e+02,1.536185557564673729e+02,7.108134754991623083e+01,1.000000000000000056e-01,6.620000000000000107e+00,-3.490658503988658956e-01,-3.490658503988658956e-01
8.200000000000006173e-01,-1.241372642231828749e+00,-2.242075377022430538e-01,-2.734480140997703757e+00,-1.767632378893622569e+00,-3.994571188932272143e-01,-8.719013493023124894e+00,3.451396391616146087e-01,-4.439382152584157026e-01,-5.710470909896169234e-01,5.980825280718866654e-01,-5.349418765366004891e+01,5.322250745382688386e+00,2.419690038415523645e+02,5.603115602495093128e+01,7.275097491657378157e+01,1.000000000000000056e-01,6.620000000000000107e+00,-3.490658503988658956e-01,-3.490658503988658956e-01
8.220000000000006191e-01,-1.244907906989616064e+00,-2.250064519400294949e-01,-2.751918167983749886e+00,-1.758540088014092895e+00,-4.154638781689876104e-01,-8.735975724573451728e+00,1.744346757996522446e-01,-5.860259413603579048e-01,-4.792810147993734615e-01,6.296315182583060999e-01,-5.231024027122154507e+01,8.448779563555225636e+00,2.430117371104135771e+02,3.073505088878202685e+01,4.825772412572079162e+01,1.000000000000000056e-01,6.620000000000000107e+00,-3.490658503988658956e-01,-3.490658503988658956e-01
8.240000000000006208e-01,-1.248424987165644318e+00,-2.258373796963674685e-01,-2.769390119432896924e+00,-1.752351800313263430e+00,-4.310051646082812549e-01,-8.743728454475855116e+00,-5.025867723869952529e-03,-6.957438912140250231e-01,-3.574420261480298344e-01,6.230171558112825858e-01,-5.029140858685514814e+01,1.152016808273063830e+01,2.441983787657846108e+02,2.616735709267702958e+01,2.149550791333154010e+01,1.000000000000000056e-01,6.620000000000000107e+00,3.490658503988658956e-01,-3.490658503988658956e-01
8.260000000000006226e-01,-1.251929690766270920e+00,-2.266993900255840355e-01,-2.786877576341848517e+00,-1.747467032551631050e+00,-4.395513113168123542e-01,-8.743204712941535561e+00,-1.824410759862913345e-01,-7.664430920133621372e-01,-2.124165329685649140e-01,5.780652705530542335e-01,-4.743635569633485716e+01,1.448499167721610448e+01,2.455107715101551662e+02,2.648093310975710324e+01,-5.560057466662113868e+00,1.000000000000000056e-01,6.620000000000000107e+00,3.490658503988658956e-01,-3.490658503988658956e-01
8.280000000000006244e-01,-1.255424624831374292e+00,-2.275784926482176673e-01,-2.804363985767731382e+00,-1.743752861151572908e+00,-4.363758429703777364e-01,-8.742712882437864153e+00,-3.469259683376569869e-01,-7.937918133283939914e-01,-5.268305094526880977e-02,4.967508688758352497e-01,-4.376382775603004660e+01,1.729279662363470749e+01,2.469217732687207842e+02,3.112812412714923482e+01,-3.234714427607119802e+01,1.000000000000000056e-01,6.620000000000000107e+00,3.490658503988658956e-01,-3.490658503988658956e-01
8.300000000000006262e-01,-1.258912130553677455e+00,-2.284512443341584209e-01,-2.821849411532606933e+00,-1.749695514342675784e+00,-4.308354524848000411e-01,-8.748828071094168379e+00,-4.882249730540765276e-01,-7.760655963045356431e-01,1.120952789813213779e-01,3.831360259084642395e-01,-3.930602645336418988e+01,1.989289972644490234e+01,2.483965473072906889e+02,4.703009109048547742e+01,-5.730029171113609010e+01,1.000000000000000056e-01,6.620000000000000107e+00,3.490658503988658956e-01,-3.490658503988658956e-01
8.320000000000006279e-01,-1.262411521582362806e+00,-2.293129152391280290e-01,-2.839347067674795166e+00,-1.759089819670446087e+00,-4.244637679866786195e-01,-8.762437617360813391e+00,-5.974116951918462259e-01,-7.142748007973063196e-01,2.715867207695889518e-01,2.432106669033954616e-01,-3.363658360846434903e+01,2.238180622382200724e+01,2.498943029030042453e+02,1.051712786902369459e+02,-6.995881099654127411e+01,1.000000000000000056e-01,6.620000000000000107e+00,3.490658503988658956e-01,3.490658503988658956e-01
8.340000000000006297e-01,-1.265929701221703674e+00,-2.301618427751013773e-01,-2.856871942909516626e+00,-1.775323933100796392e+00,-4.245184727817261083e-01,-8.783649413105100834e+00,-6.672465270027461148e-01,-6.124377341280640152e-01,4.154245475571615720e-01,8.440698611953907637e-02,-2.725006771428293462e+01,2.453491287043957669e+01,2.513654606803035279e+02,1.543450391809695645e+02,-5.328353005705564982e+01,1.000000000000000056e-01,6.620000000000000107e+00,3.490658503988658956e-01,3.490658503988658956e-01
8.360000000000006315e-01,-1.269480349087905191e+00,-2.310108797206648357e-01,-2.874439241735726736e+00,-1.779801966723342233e+00,-4.162961415418037769e-01,-8.807431539177153823e+00,-6.933247652936643801e-01,-4.767607370742211192e-01,5.337473823563643194e-01,-8.434276046383550052e-02,-2.023187120771945402e+01,2.630326160959362269e+01,2.527594978213533921e+02,1.677004734247921931e+02,-2.738010471761093712e+01,1.000000000000000056e-01,6.620000000000000107e+00,3.490658503988658956e-01,3.490658503988658956e-01
8.380000000000006333e-01,-1.273039953021351867e+00,-2.318434720037484409e-01,-2.892054104814080873e+00,-1.787651871100464307e+00,-4.197947210769682469e-01,-8.832380950945807996e+00,-6.741307826041447182e-01,-3.155142327724171358e-01,6.179588261835755603e-01,-2.532298284274063782e-01,-1.268428563539283260e+01,2.764232361783682634e+01,2.540286935085100026e+02,1.724484212440197268e+02,2.037665121100310783e-01,1.000000000000000056e-01,6.620000000000000107e+00,3.490658503988658956e-01,3.490658503988658956e-01
8.400000000000006350e-01,-1.276615256763552697e+00,-2.326830614459023672e-01,-2.909718866715972574e+00,-1.790636908206357125e+00,-4.212831641557530649e-01,-8.862494345087805314e+00,-6.112008200220803156e-01,-1.385225486395949002e-01,6.613834463491142790e-01,-4.120885803053704888e-01,-4.725721841582714688e+00,2.851359580267307692e+01,2.551317487793972703e+02,1.744148454151826115e+02,2.835146471012370739e+01,1.000000000000000056e-01,6.620000000000000107e+00,3.490658503988658956e-01,3.490658503988658956e-01
8.420000000000006368e-01,-1.280196530579965408e+00,-2.335256277742138731e-01,-2.927443855406148376e+00,-1.795489469641424529e+00,-4.342438912067228540e-01,-8.894676244382948127e+00,-5.090641192475334753e-01,4.344655344322535806e-02,6.598411132193007234e-01,-5.509771545120104586e-01,3.045096301273575889e+00,2.873731074259369933e+01,2.560372416160677744e+02,1.745534123353786526e+02,5.673839266132882386e+01,1.000000000000000056e-01,6.620000000000000107e+00,-3.490658503988658956e-01,-3.490658503988658956e-01
8.440000000000006386e-01,-1.283787509519248360e+00,-2.343941155566273138e-01,-2.945233207894914162e+00,-1.794690896042821837e+00,-4.524833787548703246e-01,-8.923997759504645799e+00,-3.748447421119078249e-01,2.195045150580036686e-01,6.124079829553019660e-01,-6.605040874913845617e-01,1.090734019645880259e+01,2.847006067846576016e+01,2.567393338059571875e+02,1.601941716389634109e+02,8.506411603230381502e+01,1.000000000000000056e-01,6.620000000000000107e+00,-3.490658503988658956e-01,-3.490658503988658956e-01
8.460000000000006404e-01,-1.287376891311333926e+00,-2.352990823141370424e-01,-2.963081203413923337e+00,-1.786846081476490600e+00,-4.625678819122553964e-01,-8.945743615974830476e+00,-2.179309268693209733e-01,3.789879964874854901e-01,5.210435485797839661e-01,-7.330674117130473455e-01,1.871629266565599181e+01,2.770310484662211081e+01,2.572373210753953003e+02,2.420848907882148460e+00,6.599639037212396886e+01,1.000000000000000056e-01,6.620000000000000107e+00,-3.490658503988658956e-01,-3.490658503988658956e-01
8.480000000000006422e-01,-1.290950583474286928e+00,-2.362242180779615397e-01,-2.980972690645872891e+00,-1.775140224196626315e+00,-4.719704438155272741e-01,-8.960729524830906456e+00,-4.925618657257738869e-02,5.122939847811165404e-01,3.908598510881183263e-01,-7.631233701366945121e-01,2.631663790451043283e+01,2.642692391679442565e+01,2.575449839901471591e+02,1.532987209908051263e+00,3.732172921627230977e+01,1.000000000000000056e-01,6.620000000000000107e+00,3.490658503988658956e-01,-3.490658503988658956e-01
8.500000000000006439e-01,-1.294500863922680267e+00,-2.371681589655925959e-01,-2.998894149695534583e+00,-1.767293571196505431e+00,-4.797008777368728105e-01,-8.968145268307397444e+00,1.194915969728340271e-01,6.114635916342547883e-01,2.298802840200045439e-01,-7.476557291812195860e-01,3.356474902386678139e+01,2.466150862966130930e+01,2.576906912761725152e+02,2.784695346180302788e+00,8.639191202984102702e+00,1.000000000000000056e-01,6.620000000000000107e+00,3.490658503988658956e-01,-3.490658503988658956e-01
8.520000000000006457e-01,-1.298035451065073342e+00,-2.381275607210663336e-01,-3.016830440232149524e+00,-1.761084247972049210e+00,-4.794739616081167832e-01,-8.974291614675230733e+00,2.766912657156186395e-01,6.706774074804173758e-01,4.853737278267607896e-02,-6.864968186491402502e-01,4.031657542460825994e+01,2.243846965550076789e+01,2.577153315098071289e+02,6.169907239357002027e+00,-1.986908320334117306e+01,1.000000000000000056e-01,6.620000000000000107e+00,3.490658503988658956e-01,-3.490658503988658956e-01
8.540000000000006475e-01,-1.301557619561017454e+00,-2.390865086442825749e-01,-3.034779023461500191e+00,-1.766480634241660796e+00,-4.775753776027182318e-01,-8.980754217852561894e+00,4.116101644895821532e-01,6.866034212794452918e-01,-1.410219981712415027e-01,-5.824651151854589592e-01,4.691174871628061283e+01,1.994578806496646450e+01,2.576696092068339112e+02,1.549383211313528186e+01,-4.752170962892845552e+01,1.000000000000000056e-01,6.620000000000000107e+00,3.490658503988658956e-01,3.490658503988658956e-01
8.560000000000006493e-01,-1.305090580829500801e+00,-2.400416593994880166e-01,-3.052740531897205400e+00,-1.761825283247776985e+00,-4.642412430089473130e-01,-8.990820578801841378e+00,5.148332081171554941e-01,6.588448856972998202e-01,-3.259953845225597724e-01,-4.411317191954098882e-01,5.279913918794011352e+01,1.707137080913186367e+01,2.575954713834472614e+02,5.276839504861839458e+01,-6.979656322883538166e+01,1.000000000000000056e-01,6.620000000000000107e+00,3.490658503988658956e-01,3.490658503988658956e-01
8.580000000000006510e-01,-1.308614231395996308e+00,-2.409701418855059174e-01,-3.070722173054809101e+00,-1.765971099213525575e+00,-4.591454884505117295e-01,-9.008957224600424141e+00,5.794655939377207909e-01,5.894622971159104718e-01,-4.933721909953199813e-01,-2.708093552182346264e-01,5.787026430282847400e+01,1.378239776223883162e+01,2.575527586722587898e+02,1.264305276949962291e+02,-6.261228420715629284e+01,1.000000000000000056e-01,6.620000000000000107e+00,3.490658503988658956e-01,3.490658503988658956e-01
8.600000000000006528e-01,-1.312146173594423315e+00,-2.418884328624069380e-01,-3.088740087504009857e+00,-1.773916167376314856e+00,-4.396386265376438507e-01,-9.034047145179878058e+00,6.012500657415332794e-01,4.830675563717750642e-01,-6.311959465282754866e-01,-8.207174613152772025e-02,6.200861407674925374e+01,1.017099452838356655e+01,2.576050061535690361e+02,1.465216909261206979e+02,-3.667871568659273862e+01,1.000000000000000056e-01,6.620000000000000107e+00,3.490658503988658956e-01,3.490658503988658956e-01
8.620000000000006546e-01,-1.315694005929175958e+00,-2.427677101154822326e-01,-3.106808181794369794e+00,-1.768902927602368447e+00,-4.325484939985056454e-01,-9.055288030383273679e+00,5.788540522462206628e-01,3.466079133084039032e-01,-7.294041557603671011e-01,1.129624636311985231e-01,6.512421064030162654e+01,6.295212142867327998e+00,2.578099966033099122e+02,1.515375223618657969e+02,-8.299167965332229002e+00,1.000000000000000056e-01,6.620000000000000107e+00,3.490658503988658956e-01,3.490658503988658956e-01
8.640000000000006564e-01,-1.319231811784380648e+00,-2.436328071034792320e-01,-3.124918757855136509e+00,-1.767248524430305556e+00,-4.246549334047046709e-01,-9.094943021544965589e+00,5.138832058040379014e-01,1.889760224333066896e-01,-7.806211596788686924e-01,3.014012587887940908e-01,6.714275106048161490e+01,2.217650934932756890e+00,2.582169814099187874e+02,1.515331106394645815e+02,2.061116994573209027e+01,1.000000000000000056e-01,6.620000000000000107e+00,3.490658503988658956e-01,3.490658503988658956e-01
8.660000000000006581e-01,-1.322766308833241311e+00,-2.444821169702886543e-01,-3.143108643898226529e+00,-1.758885962706723260e+00,-4.252649747100663014e-01,-9.134494638611389661e+00,4.107306143045959534e-01,2.052354445440759262e-02,-7.807294721361285328e-01,4.704685302270911196e-01,6.753984291264069384e+01,-2.144249007392850181e+00,2.588628902966194687e+02,1.457226822044665653e+02,4.926301269384912729e+01,1.000000000000000056e-01,6.620000000000000107e+00,-3.490658503988658956e-01,-3.490658503988658956e-01
8.680000000000006599e-01,-1.326284080758654671e+00,-2.453326469197087967e-01,-3.161377633175449287e+00,-1.739598225546821419e+00,-4.261067395903463950e-01,-9.165993765813762906e+00,2.761707057011673072e-01,-1.476365337571888536e-01,-7.294916222229590463e-01,6.080914144429252488e-01,6.669622252830247078e+01,-6.542293727251842661e+00,2.597776033673318921e+02,1.106486675332488403e+02,7.443077698280052346e+01,1.000000000000000056e-01,6.620000000000000107e+00,-3.490658503988658956e-01,-3.490658503988658956e-01
8.700000000000006617e-01,-1.329763277209748296e+00,-2.461848603988894824e-01,-3.179709620707076745e+00,-1.734469432842609793e+00,-4.283229214102200477e-01,-9.186727695446402109e+00,1.190659515040968647e-01,-3.039942543393787666e-01,-6.301061909988768805e-01,7.045402618629796887e-01,6.459343574110420150e+01,-1.090142058510424761e+01,2.609591096442823641e+02,1.745155713754341775e+01,6.561937300839628051e+01,1.000000000000000056e-01,6.620000000000000107e+00,-3.490658503988658956e-01,-3.490658503988658956e-01
8.720000000000006635e-01,-1.333232216075433518e+00,-2.470415062417099239e-01,-3.198083076097969712e+00,-1.733845674639171719e+00,-4.328493630230880185e-01,-9.205350762338678550e+00,-5.023669752460682009e-02,-4.374961434716992392e-01,-4.891690929135676935e-01,7.528525733550551768e-01,6.123059276973937415e+01,-1.509439509665683943e+01,2.623857104192044858e+02,9.159990304364680203e-01,3.763315352089905019e+01,1.000000000000000056e-01,6.620000000000000107e+00,-3.490658503988658956e-01,-3.490658503988658956e-01
8.740000000000006652e-01,-1.336699907424711897e+00,-2.479072049677560896e-01,-3.216493777622646988e+00,-1.725075762360149811e+00,-4.396009107623051748e-01,-9.213539321031673168e+00,-2.204829395821454319e-01,-5.383032005292474054e-01,-3.162090767410077885e-01,7.494189465444439646e-01,5.664021047501525885e+01,-1.916255963785060246e+01,2.640137198407119854e+02,-3.502152634721652280e+00,8.155873664631647202e+00,1.000000000000000056e-01,6.620000000000000107e+00,-3.490658503988658956e-01,-3.490658503988658956e-01
8.760000000000006670e-01,-1.340150058949432177e+00,-2.487864067892807118e-01,-3.234920856264710487e+00,-1.720378312281453992e+00,-4.393521219464743277e-01,-9.220556830011339855e+00,-3.802247028913480209e-01,-5.983775927876739953e-01,-1.229907501495263594e-01,6.944398513467323619e-01,5.084110635391381550e+01,-2.297486394648910135e+01,2.657891925631495269e+02,-5.229786026935223653e+00,-2.177509391975169706e+01,1.000000000000000056e-01,6.620000000000000107e+00,-3.490658503988658956e-01,-3.490658503988658956e-01
8.780000000000006688e-01,-1.343590815573995068e+00,-2.496651110331736534e-01,-3.253361969924733366e+00,-1.715936331553088667e+00,-4.269510247316783969e-01,-9.221014087840977425e+00,-5.184243300035052959e-01,-6.122659368269219859e-01,7.729350341585436435e-02,5.919394825415615902e-01,4.388261279719994690e+01,-2.643819713729250509e+01,2.676403460262714589e+02,-5.796935792633650664e+00,-5.197296593588387026e+01,1.000000000000000056e-01,6.620000000000000107e+00,3.490658503988658956e-01,-3.490658503988658956e-01
8.800000000000006706e-01,-1.347022688237101251e+00,-2.505190130826370210e-01,-3.271803998100415445e+00,-1.722878964266528978e+00,-4.150649619847360805e-01,-9.228279669509477756e+00,-6.251450822259998485e-01,-5.776172890530398840e-01,2.709624611670895522e-01,4.495900779531709635e-01,3.585750907128373655e+01,-2.947234300104508975e+01,2.694842785159527239e+02,-1.739985074968839918e+00,-8.231229093058570356e+01,1.000000000000000056e-01,6.620000000000000107e+00,3.490658503988658956e-01,-3.490658503988658956e-01
8.820000000000006724e-01,-1.350468446165634218e+00,-2.513491430066064902e-01,-3.290260557439434574e+00,-1.728237729675791146e+00,-4.045524728983991847e-01,-9.245718886583716767e+00,-6.921915249553870497e-01,-4.955684799849551792e-01,4.448351801738779643e-01,2.782165288134594294e-01,2.687917526521273004e+01,-3.196656606271931622e+01,2.712336080218265693e+02,1.693748261848415950e+02,-6.719313902870399602e+01,1.000000000000000056e-01,6.620000000000000107e+00,3.490658503988658956e-01,-3.490658503988658956e-01
8.840000000000006741e-01,-1.353924921624985789e+00,-2.521582479524032694e-01,-3.308751995212602104e+00,-1.732896528876505249e+00,-3.905150654295274637e-01,-9.270920034620294459e+00,-7.137246681851451280e-01,-3.709125645906644619e-01,5.871469187298402614e-01,9.099155608535941520e-02,1.757280769831072575e+01,-3.369503624471639824e+01,2.728021280794024506e+02,1.692847604107771815e+02,-3.673596889141982302e+01,1.000000000000000056e-01,6.620000000000000107e+00,3.490658503988658956e-01,3.490658503988658956e-01
8.860000000000006759e-01,-1.357390714682738864e+00,-2.529392780832623311e-01,-3.327293835281842860e+00,-1.735067498874055092e+00,-3.797590734309318483e-01,-9.303535644378719383e+00,-6.866742461597892255e-01,-2.123076509388296396e-01,6.883471147863277073e-01,-9.788866420101755006e-02,7.692491302602567416e+00,-3.480610021925619435e+01,2.741261900391226618e+02,1.672230203337105365e+02,-6.405850634506791152e+00,1.000000000000000056e-01,6.620000000000000107e+00,3.490658503988658956e-01,3.490658503988658956e-01
8.880000000000006777e-01,-1.360860849680487039e+00,-2.536987962301242017e-01,-3.345900906570600242e+00,-1.734570727056617523e+00,-3.786429189825415431e-01,-9.328123617817897895e+00,-6.113211860597904668e-01,-3.113531938036710744e-02,7.418701014603443777e-01,-2.737622178474450330e-01,-2.572004201369823662e+00,-3.525313056072328521e+01,2.751533985443434744e+02,1.621579355508436606e+02,2.341529012772189589e+01,1.000000000000000056e-01,6.620000000000000107e+00,3.490658503988658956e-01,3.490658503988658956e-01
8.900000000000006795e-01,-1.364329991134600295e+00,-2.544560820680892843e-01,-3.364557153806236212e+00,-1.737255381551863209e+00,-3.887883224042971153e-01,-9.368321021003264804e+00,-4.913644259433189165e-01,1.589125736645684295e-01,7.445724825042318029e-01,-4.229889042825840662e-01,-1.347702187519888639e+01,-3.515256516778523377e+01,2.758525957667018815e+02,1.477330892776443534e+02,5.132798583005176596e+01,1.000000000000000056e-01,6.620000000000000107e+00,-3.490658503988658956e-01,-3.490658503988658956e-01
8.920000000000006812e-01,-1.367804501897704084e+00,-2.552336587128978818e-01,-3.383293795848242524e+00,-1.730501160435349739e+00,-3.966875328412675095e-01,-9.395405025651678343e+00,-3.336759251356649636e-01,3.430121161505413907e-01,6.971932129567983694e-01,-5.337833726951055624e-01,-2.437863732259110350e+01,-3.430764718865837182e+01,2.762012101469609888e+02,9.515398780373791965e+01,6.783646436091923704e+01,1.000000000000000056e-01,6.620000000000000107e+00,-3.490658503988658956e-01,-3.490658503988658956e-01
8.940000000000006830e-01,-1.371265504218574849e+00,-2.560270337785804373e-01,-3.402084605899545977e+00,-1.715593130581045678e+00,-4.146951424608284476e-01,-9.416740216970321598e+00,-1.482843958450547339e-01,5.060208964882089155e-01,6.037906723955701604e-01,-5.978222262464335524e-01,-3.503698167797465146e+01,-3.271695173497069220e+01,2.762179649892904081e+02,4.092197002520799742e+01,5.211193554845247888e+01,1.000000000000000056e-01,6.620000000000000107e+00,-3.490658503988658956e-01,-3.490658503988658956e-01
8.960000000000006848e-01,-1.374696690479736860e+00,-2.568564240635021201e-01,-3.420918086333486485e+00,-1.709178160751159581e+00,-4.242030978214270664e-01,-9.430675095571102062e+00,5.231165594992999435e-02,6.339923216818050822e-01,4.716325997882983012e-01,-6.106389420248445887e-01,-4.521254824566383945e+01,-3.039811170057854994e+01,2.759510825053870917e+02,2.612211746398112311e+01,2.404062794199323960e+01,1.000000000000000056e-01,6.620000000000000107e+00,-3.490658503988658956e-01,-3.490658503988658956e-01
8.980000000000006866e-01,-1.378115046801239085e+00,-2.577048302591449791e-01,-3.439779436524628586e+00,-1.701397475886059940e+00,-4.337220787401913635e-01,-9.429904338746352366e+00,2.539640373245339866e-01,7.154489580619183275e-01,3.106453004268413531e-01,-5.719567758814084746e-01,-5.467449671638090081e+01,-2.738718935329348270e+01,2.754754752508159186e+02,2.139974230726539162e+01,-6.178524912645462663e+00,1.000000000000000056e-01,6.620000000000000107e+00,-3.490658503988658956e-01,-3.490658503988658956e-01
9.000000000000006883e-01,-1.381517841753011178e+00,-2.585722744166253362e-01,-3.458639245202121515e+00,-1.700575752515797179e+00,-4.327167552047799792e-01,-9.439854634029018143e+00,4.418924609264177072e-01,7.424801971900906183e-01,1.326910833479723884e-01,-4.856411083885919244e-01,-6.321512820079899342e+01,-2.370170791668081378e+01,2.748872981399465516e+02,2.038763507385056428e+01,-3.711869165914281865e+01,1.000000000000000056e-01,6.620000000000000107e+00,3.490658503988658956e-01,-3.490658503988658956e-01
9.020000000000006901e-01,-1.384918993258042796e+00,-2.594377079270349107e-01,-3.477518954470179668e+00,-1.703044679129857908e+00,-4.165209759841573267e-01,-9.438885141393999589e+00,6.018251081244914147e-01,7.115544468694351421e-01,-4.924621457177199430e-02,-3.592653875919968876e-01,-7.062341963186986504e+01,-1.943556100786972607e+01,2.742982738495961144e+02,2.466020888150922730e+01,-6.833843786182683289e+01,1.000000000000000056e-01,6.620000000000000107e+00,3.490658503988658956e-01,-3.490658503988658956e-01
9.040000000000006919e-01,-1.388325082616302497e+00,-2.602707498790032270e-01,-3.496396724752967700e+00,-1.714933421275811165e+00,-4.046526516555499775e-01,-9.450051692314360707e+00,7.211647507144430813e-01,6.239032313923931206e-01,-2.219758121484933511e-01,-2.034524490049745005e-01,-7.672888520107106558e+01,-1.471721613842415799e+01,2.738242867254001567e+02,1.752291521415638158e+02,-7.917219227470349097e+01,1.000000000000000056e-01,6.620000000000000107e+00,3.490658503988658956e-01,-3.490658503988658956e-01
9.060000000000006937e-01,-1.391754949458854140e+00,-2.610800551823143079e-01,-3.515296828137596474e+00,-1.732211070529068309e+00,-3.913560848300285389e-01,-9.471226982697196206e+00,7.900727479708045120e-01,4.854932459092339836e-01,-3.729914714259464081e-01,-3.096325780477418924e-02,-8.140274274037902558e+01,-9.593715123558917313e+00,2.735730239940215256e+02,-1.710362526963191101e+02,-4.788445591427025505e+01,1.000000000000000056e-01,6.620000000000000107e+00,3.490658503988658956e-01,-3.490658503988658956e-01
9.080000000000006954e-01,-1.395219371599912384e+00,-2.618627673519743904e-01,-3.534239282102990654e+00,-1.752651721623397441e+00,-3.930328457954088694e-01,-9.497811862087891299e+00,8.024045672656123784e-01,3.065841351945131077e-01,-4.912287115178208818e-01,1.443863963774270065e-01,-8.405741328798413292e+01,-4.012106744634192701e+00,2.736404964487188636e+02,-1.697430500280388230e+02,-1.618566588062832778e+01,1.000000000000000056e-01,6.620000000000000107e+00,3.490658503988658956e-01,3.490658503988658956e-01
9.100000000000006972e-01,-1.398724675043159227e+00,-2.626488330435652330e-01,-3.553234905827166390e+00,-1.758598379274632473e+00,-3.913111045399452204e-01,-9.530250074312329289e+00,7.563107741870159773e-01,1.012286028253099879e-01,-5.676732179774713893e-01,3.090208737444356535e-01,-8.503238085784587952e+01,1.750501401691145098e+00,2.741140353243016534e+02,-1.701692956444994707e+02,1.554903153660566417e+01,1.000000000000000056e-01,6.620000000000000107e+00,3.490658503988658956e-01,3.490658503988658956e-01
9.120000000000006990e-01,-1.402241871801708450e+00,-2.634314552526451081e-01,-3.572295405975791205e+00,-1.759457932926196344e+00,-3.966851696932307547e-01,-9.568749918053889303e+00,6.547713811299142872e-01,-1.146037584936119291e-01,-5.963009183854949269e-01,4.500729182310102550e-01,-8.473738673196675109e+01,7.440154486276754575e+00,2.750324338285079193e+02,-1.730234951794099629e+02,4.718812243468600087e+01,1.000000000000000056e-01,6.620000000000000107e+00,-3.490658503988658956e-01,-3.490658503988658956e-01
9.140000000000007008e-01,-1.405760787667560852e+00,-2.642248255920315869e-01,-3.591432905811899001e+00,-1.760381597144441868e+00,-4.060585229071556057e-01,-9.595500879912663095e+00,5.051938627737522225e-01,-3.242680803299887171e-01,-5.747061449148438417e-01,5.561854188055973536e-01,-8.271896713620492392e+01,1.312905595639146483e+01,2.763915859081279223e+02,1.647549265991783898e+02,7.775103095348866589e+01,1.000000000000000056e-01,6.620000000000000107e+00,-3.490658503988658956e-01,-3.490658503988658956e-01
9.160000000000007025e-01,-1.409281550861849697e+00,-2.650369426378458848e-01,-3.610623907571724356e+00,-1.743579501236239837e+00,-4.189920124062387341e-01,-9.620676867207819782e+00,3.191480389377927551e-01,-5.113070076520209728e-01,-5.038634287537765433e-01,6.187336408605766946e-01,-7.895948564441988538e+01,1.870847904685799179e+01,2.781676539806753112e+02,3.399895977485807919e+01,6.762516522676008890e+01,1.000000000000000056e-01,6.620000000000000107e+00,-3.490658503988658956e-01,-3.490658503988658956e-01
9.180000000000007043e-01,-1.412768709864322236e+00,-2.658749266626583840e-01,-3.629865261306139956e+00,-1.744347413450164419e+00,-4.259631840795101709e-01,-9.638256599534731350e+00,1.115036439822504333e-01,-6.610486835335660505e-01,-3.885360859225404639e-01,6.321560608846609197e-01,-7.346680181908746476e+01,2.406562043587687327e+01,2.803017262092570832e+02,2.586419061382975926e+01,3.621267822950731130e+01,1.000000000000000056e-01,6.620000000000000107e+00,-3.490658503988658956e-01,-3.490658503988658956e-01
9.200000000000007061e-01,-1.416257404691222632e+00,-2.667268530308173902e-01,-3.649141774505209490e+00,-1.742599673764498203e+00,-4.409189768277289589e-01,-9.641071441813902965e+00,-1.007336588863316090e-01,-7.618105403285569954e-01,-2.371792562579763120e-01,5.943428564495387700e-01,-6.628523901793727191e+01,2.908591010175792846e+01,2.827019402714564080e+02,2.623077673918983521e+01,4.575749802642786968e+00,1.000000000000000056e-01,6.620000000000000107e+00,3.490658503988658956e-01,-3.490658503988658956e-01
9.220000000000007079e-01,-1.419742604038751521e+00,-2.676086909844728745e-01,-3.668423917388837108e+00,-1.740515381834540687e+00,-4.433273180016850668e-01,-9.636605696081367967e+00,-2.998470795736350447e-01,-8.058589004550241741e-01,-6.157185341880542367e-02,5.068452113763677325e-01,-5.747865219281008109e+01,3.364773777388678155e+01,2.852485282966178488e+02,3.130453458477181883e+01,-2.665184185377317405e+01,1.000000000000000056e-01,6.620000000000000107e+00,3.490658503988658956e-01,-3.490658503988658956e-01
9.240000000000007097e-01,-1.423223634802420534e+00,-2.684953456204762223e-01,-3.687697128780999645e+00,-1.746301897390211133e+00,-4.396577828270488708e-01,-9.643576791823820216e+00,-4.689665585173886098e-01,-7.900450125342990404e-01,1.238713597157851537e-01,3.749068302981402034e-01,-4.715891521532737585e+01,3.763008730437584859e+01,2.878006623381838835e+02,4.924344500105973310e+01,-5.546151180804025671e+01,1.000000000000000056e-01,6.620000000000000107e+00,3.490658503988658956e-01,-3.490658503988658956e-01
9.260000000000007114e-01,-1.426716238597200981e+00,-2.693746611861302931e-01,-3.706984282364647498e+00,-1.766542776428500217e+00,-4.303020248694495176e-01,-9.653452272684175384e+00,-5.936498032291361859e-01,-7.160693889122805578e-01,3.030871786407553503e-01,2.072744642554592565e-01,-3.548371954556712637e+01,4.091423988590645422e+01,2.902068889836939434e+02,1.146970133769326310e+02,-6.696822023199310081e+01,1.000000000000000056e-01,6.620000000000000107e+00,3.490658503988658956e-01,-3.490658503988658956e-01
9.280000000000007132e-01,-1.430249324150058010e+00,-2.702352652358692153e-01,-3.726291186910015707e+00,-1.766818547075291290e+00,-4.117857201285194946e-01,-9.670990906262257880e+00,-6.633106272532535153e-01,-5.903393530069501738e-01,4.596406616555934188e-01,1.577726899812824379e-02,-2.218730527454301438e+01,4.353523629969883046e+01,2.923176954049893084e+02,1.583417454757605469e+02,-4.466481818293916461e+01,1.000000000000000056e-01,6.620000000000000107e+00,3.490658503988658956e-01,3.490658503988658956e-01
9.300000000000007150e-01,-1.433782961244208565e+00,-2.710588366761262358e-01,-3.745633168722540152e+00,-1.772098326484156994e+00,-3.917375619026564615e-01,-9.701647431643870334e+00,-6.721332688334797911e-01,-4.237300450784671213e-01,5.781237999117075921e-01,-1.856410240239725340e-01,-7.952930989542455364e+00,4.521357356943245520e+01,2.939838588919503195e+02,1.699478557628326314e+02,-1.381792176326720956e+01,1.000000000000000056e-01,6.620000000000000107e+00,3.490658503988658956e-01,3.490658503988658956e-01
9.320000000000007168e-01,-1.437327157897176910e+00,-2.718423117999315686e-01,-3.765036463585827775e+00,-1.778266163407156153e+00,-3.902598016779880163e-01,-9.736478172657221819e+00,-6.201947344914643390e-01,-2.300637743610846608e-01,6.457990365375801955e-01,-3.812777930104603308e-01,6.904098942174046627e+00,4.586620237467290195e+01,2.950951115908832207e+02,1.749197111537948217e+02,1.854437180979908462e+01,1.000000000000000056e-01,6.620000000000000107e+00,3.490658503988658956e-01,3.490658503988658956e-01
9.340000000000007185e-01,-1.440883690223991209e+00,-2.726228314032875244e-01,-3.784509419931142205e+00,-1.778640087209315990e+00,-3.986475283245612400e-01,-9.779127041720437674e+00,-5.133012068327538202e-01,-2.518605765661277585e-02,6.540534268272637508e-01,-5.550690483347721083e-01,2.156243727733247795e+01,4.528792720010491024e+01,2.955874869073796276e+02,1.795913206711363728e+02,5.133628566826201478e+01,1.000000000000000056e-01,6.620000000000000107e+00,-3.490658503988658956e-01,-3.490658503988658956e-01
9.360000000000007203e-01,-1.444440970398409796e+00,-2.734201264599366299e-01,-3.804067674014583122e+00,-1.773258672113704915e+00,-4.001579345093641549e-01,-9.804184633588100439e+00,-3.623713996452214703e-01,1.745381931466832848e-01,5.999012849943586856e-01,-6.916226110490976131e-01,3.605756171024085432e+01,4.363732539836427549e+01,2.954759862049199910e+02,-1.456675452579337957e+02,8.316143206683902633e+01,1.000000000000000056e-01,6.620000000000000107e+00,-3.490658503988658956e-01,-3.490658503988658956e-01
9.380000000000007221e-01,-1.447987487742637303e+00,-2.742204423289553716e-01,-3.823676043281759362e+00,-1.763795565193094772e+00,-4.226087170347901933e-01,-9.826259060485458718e+00,-1.824088702686542385e-01,3.532679839744961026e-01,4.860580426020632006e-01,-7.782520894721449700e-01,5.001054196246118977e+01,4.092816237002124069e+01,2.948181879777957306e+02,-1.441529359208659677e+01,6.160795148176668334e+01,1.000000000000000056e-01,6.620000000000000107e+00,-3.490658503988658956e-01,-3.490658503988658956e-01
9.400000000000007239e-01,-1.451515078873023556e+00,-2.750656597630249389e-01,-3.843328561402730159e+00,-1.767907455765986624e+00,-4.339241276951604775e-01,-9.840244631619350812e+00,9.069335736139367762e-03,4.971467141216049379e-01,3.212104043474626747e-01,-8.059694584327226075e-01,6.305318919429392821e+01,3.720759315814011359e+01,2.937271642646811074e+02,-8.561994367788759774e+00,2.840279763218369879e+01,1.000000000000000056e-01,6.620000000000000107e+00,-3.490658503988658956e-01,-3.490658503988658956e-01
9.420000000000007256e-01,-1.455050893784555432e+00,-2.759335080184152633e-01,-3.863009050665968669e+00,-1.769199280525442397e+00,-4.384003660551706316e-01,-9.853711303451552439e+00,1.938204860127448748e-01,5.953740310080206655e-01,1.193546831457610036e-01,-7.705308832319563983e-01,7.484435946812263296e+01,3.243466336942740469e+01,2.923623062399996115e+02,-4.964401162795859968e+00,-4.858038625009599265e+00,1.000000000000000056e-01,6.620000000000000107e+00,-3.490658503988658956e-01,-3.490658503988658956e-01
9.440000000000007274e-01,-1.458589292345606303e+00,-2.768103087505255910e-01,-3.882716473272871838e+00,-1.766072591402611636e+00,-4.362021715927556498e-01,-9.860674706363957043e+00,3.546845336351115985e-01,6.408948391818827250e-01,-1.015201517868512260e-01,-6.731614557379579367e-01,8.503724769723589816e+01,2.689868390942511667e+01,2.909228674109066333e+02,1.680543166326959215e+00,-3.766351694568791686e+01,1.000000000000000056e-01,6.620000000000000107e+00,3.490658503988658956e-01,-3.490658503988658956e-01
9.460000000000007292e-01,-1.462121437528411505e+00,-2.776827130937111199e-01,-3.902437822685599578e+00,-1.766644974487993514e+00,-4.256145524245347755e-01,-9.866907175933310015e+00,4.771523638281917612e-01,6.310602733266552633e-01,-3.211362790315293592e-01,-5.205382247365121229e-01,9.387983160093689605e+01,2.083542738712902320e+01,2.896116998277993275e+02,2.847766910379067440e+01,-6.733991421724421400e+01,1.000000000000000056e-01,6.620000000000000107e+00,3.490658503988658956e-01,3.490658503988658956e-01
9.480000000000007310e-01,-1.465654727477387453e+00,-2.785339421985602026e-01,-3.922171637037466407e+00,-1.767273513675276631e+00,-4.143332515356195067e-01,-9.882369654972587014e+00,5.503010610067351482e-01,5.678449425056895095e-01,-5.191890176036521032e-01,-3.242894193854099494e-01,1.007516489918302653e+02,1.418623710085739376e+01,2.886037853371232700e+02,1.197647592667839263e+02,-6.563267522415208077e+01,1.000000000000000056e-01,6.620000000000000107e+00,3.490658503988658956e-01,3.490658503988658956e-01
9.500000000000007327e-01,-1.469189274504737908e+00,-2.793626087016314319e-01,-3.941936376347411564e+00,-1.774953390070935777e+00,-3.987233621526135030e-01,-9.906178054956688683e+00,5.680442996681934753e-01,4.571245675938938602e-01,-6.769501599513441104e-01,-1.005051454325439492e-01,1.054890727437950346e+02,7.070002692544464118e+00,2.880779256267533697e+02,1.425845970621439278e+02,-3.530475904374333140e+01,1.000000000000000056e-01,6.620000000000000107e+00,3.490658503988658956e-01,3.490658503988658956e-01
9.520000000000007345e-01,-1.472739181284879795e+00,-2.801600554259366382e-01,-3.961748732457325062e+00,-1.784127775817496042e+00,-3.991955758141485511e-01,-9.932438269069171710e+00,5.292056887231059159e-01,3.085427462383970032e-01,-7.793545358357873987e-01,1.317164387574901452e-01,1.079628187796590311e+02,-3.706251560955875490e-01,2.881775631809442189e+02,1.465421144522968291e+02,-2.309398612778422955e+00,1.000000000000000056e-01,6.620000000000000107e+00,3.490658503988658956e-01,3.490658503988658956e-01
9.540000000000007363e-01,-1.476307436836514775e+00,-2.809584465775649131e-01,-3.981613608995463238e+00,-1.777275851864679401e+00,-3.937568240865939595e-01,-9.951741376492488911e+00,4.374047604289250102e-01,1.348908259157509393e-01,-8.164593286115061632e-01,3.519598064568307261e-01,1.076123806786381039e+02,-8.139032307737505079e+00,2.889963589569930491e+02,1.443957416731128092e+02,3.094311669316785185e+01,1.000000000000000056e-01,6.620000000000000107e+00,-3.490658503988658956e-01,-3.490658503988658956e-01
9.560000000000007381e-01,-1.479861988540244200e+00,-2.817459602257381124e-01,-4.001517091748448607e+00,-1.767968843630490561e+00,-3.939643133609598835e-01,-9.982429521969590880e+00,3.005523843691920716e-01,-4.885627339748026959e-02,-7.846400980904507660e-01,5.400196711864410082e-01,1.047915844932149128e+02,-1.590425532701521050e+01,2.905800943184187304e+02,1.287996117056959804e+02,6.286456968761492448e+01,1.000000000000000056e-01,6.620000000000000107e+00,-3.490658503988658956e-01,-3.490658503988658956e-01
9.580000000000007399e-01,-1.483397926227505215e+00,-2.825338888524600578e-01,-4.021481950792387572e+00,-1.757537857808638915e+00,-3.991851838970003064e-01,-1.000743224794439179e+01,1.301886143150333963e-01,-2.261998260148307682e-01,-6.865428745045530912e-01,6.786335129365606011e-01,9.947406420485076239e+01,-2.350892497652344204e+01,2.928875177115497763e+02,3.237192521080253016e+01,7.232807769306786838e+01,1.000000000000000056e-01,6.620000000000000107e+00,-3.490658503988658956e-01,-3.490658503988658956e-01
9.600000000000007416e-01,-1.486913001943122481e+00,-2.833322592202540680e-01,-4.041496815288276423e+00,-1.734166668266620137e+00,-4.074036919097063780e-01,-1.002367946448777936e+01,-5.942017136375017661e-02,-3.804884029767041098e-01,-5.308886230493852221e-01,7.548874673433566551e-01,9.166564945080303062e+01,-3.078824395791992785e+01,2.958098383951417532e+02,-1.832910116403061451e+00,4.266557925484122649e+01,1.000000000000000056e-01,6.620000000000000107e+00,-3.490658503988658956e-01,-3.490658503988658956e-01
9.620000000000007434e-01,-1.490381335279655772e+00,-2.841470666040734616e-01,-4.061544174217251779e+00,-1.725767449103165818e+00,-4.109643897190694006e-01,-1.003577564368053210e+01,-2.522569602131111699e-01,-4.962586255471460595e-01,-3.316213853911975651e-01,7.616567857935234720e-01,8.141256665573548901e+01,-3.760671791211889570e+01,2.991748218017796717e+02,-8.909835613230027818e+00,8.999276807454588578e+00,1.000000000000000056e-01,6.620000000000000107e+00,-3.490658503988658956e-01,-3.490658503988658956e-01
9.640000000000007452e-01,-1.493832870177862038e+00,-2.849689953835116141e-01,-4.081615725504613046e+00,-1.723198627712779984e+00,-4.114834702235894981e-01,-1.004685321754956639e+01,-4.316323852296722885e-01,-5.606556933013945310e-01,-1.065808837505408113e-01,6.985693901171381448e-01,6.880115739438508626e+01,-4.383521683173117367e+01,3.027589282883923829e+02,-1.284882895676482484e+01,-2.531875432331319686e+01,1.000000000000000056e-01,6.620000000000000107e+00,-3.490658503988658956e-01,-3.490658503988658956e-01
9.660000000000007470e-01,-1.497279267433287542e+00,-2.857919623239588147e-01,-4.101709431939712047e+00,-1.721025598816959157e+00,-4.016789585497773096e-01,-1.005344661962659991e+01,-5.813214042889239819e-01,-5.648807977154134408e-01,1.241840456120587022e-01,5.723228390544742306e-01,5.396674516521414944e+01,-4.906086111416925633e+01,3.063011697460081564e+02,-2.000773273442942468e+01,-5.974937633834522899e+01,1.000000000000000056e-01,6.620000000000000107e+00,-3.490658503988658956e-01,-3.490658503988658956e-01
9.680000000000007487e-01,-1.500721318630921397e+00,-2.865953202410583822e-01,-4.121816325178965457e+00,-1.735727376804228062e+00,-3.877799441065103991e-01,-1.005828079340120595e+01,-6.868066713875369267e-01,-5.056630307523294343e-01,3.401513491955266422e-01,3.961042225329129973e-01,3.720047307797036495e+01,-5.322311435951672109e+01,3.095063929924597801e+02,-1.406092038333891026e+02,-8.187735643677767428e+01,1.000000000000000056e-01,6.620000000000000107e+00,-3.490658503988658956e-01,-3.490658503988658956e-01
9.700000000000007505e-01,-1.504192773384529946e+00,-2.873708801292714221e-01,-4.141932886765768096e+00,-1.737149178779576086e+00,-3.849165030900191797e-01,-1.007810492689080384e+01,-7.365354113579410944e-01,-3.860090071242255338e-01,5.224439704462181533e-01,1.885866696751106464e-01,1.883670322357358273e+01,-5.614264679167320793e+01,3.121005317543202864e+02,1.786332244481574776e+02,-4.915036881309697492e+01,1.000000000000000056e-01,6.620000000000000107e+00,3.490658503988658956e-01,-3.490658503988658956e-01
9.720000000000007523e-01,-1.507667071742089027e+00,-2.881407131354514761e-01,-4.162089096619549622e+00,-1.743628468358275896e+00,-3.806361155911497929e-01,-1.010229400067857597e+01,-7.231784827986821318e-01,-2.156219619391714359e-01,6.555394184295594284e-01,-2.807351833194066462e-02,-6.814716981261490503e-01,-5.766871050113415720e+01,3.138505362593375025e+02,1.725711485732473705e+02,-1.444854027870716706e+01,1.000000000000000056e-01,6.620000000000000107e+00,3.490658503988658956e-01,-3.490658503988658956e-01
9.740000000000007541e-01,-1.511154328678805614e+00,-2.889019853666337512e-01,-4.182293684620907115e+00,-1.747731757359489491e+00,-3.787661955940305192e-01,-1.013287233320496483e+01,-6.446825313666811885e-01,-1.048576790380455898e-02,7.287328698427752993e-01,-2.307008600608772553e-01,-2.036169323544072540e+01,-5.754137457599377115e+01,3.145967470849836332e+02,1.656643730796999421e+02,1.975772042505336401e+01,1.000000000000000056e-01,6.620000000000000107e+00,3.490658503988658956e-01,3.490658503988658956e-01
9.760000000000007558e-01,-1.514649792193524691e+00,-2.896595177578218383e-01,-4.202559429287316739e+00,-1.745820291187625495e+00,-3.788664974262381246e-01,-1.015460234830913677e+01,-5.050844719374496528e-01,2.081940034908434378e-01,7.369104847835983296e-01,-3.981304692360591035e-01,-4.051104408613248609e+01,-5.603171446653399101e+01,3.143066773977091088e+02,1.473510144993464053e+02,5.119290107480944840e+01,1.000000000000000056e-01,6.620000000000000107e+00,-3.490658503988658956e-01,-3.490658503988658956e-01
9.780000000000007576e-01,-1.518141432775899968e+00,-2.904172507526743274e-01,-4.222868633983934750e+00,-1.744705598710831973e+00,-3.875045649117628832e-01,-1.018079777166778221e+01,-3.143474818672005178e-01,4.169059105403594701e-01,6.814820966416618164e-01,-5.127935982021897265e-01,-6.011998421837881779e+01,-5.295737572768009471e+01,3.130115131506536841e+02,8.439474783627331078e+01,6.419956588727529834e+01,1.000000000000000056e-01,6.620000000000000107e+00,-3.490658503988658956e-01,-3.490658503988658956e-01
9.800000000000007594e-01,-1.521630843973321712e+00,-2.911922598824978614e-01,-4.243230229527270581e+00,-1.744095613172035542e+00,-3.965351811849484043e-01,-1.020143009984855098e+01,-8.819404452706486319e-02,5.918344335409047030e-01,5.694744925021518744e-01,-5.636067921651503054e-01,-7.859034263200226178e+01,-4.837815771434984669e+01,3.108799837921973790e+02,4.058466485785194777e+01,4.063113666173734373e+01,1.000000000000000056e-01,6.620000000000000107e+00,-3.490658503988658956e-01,-3.490658503988658956e-01
9.820000000000007612e-01,-1.525119035199665740e+00,-2.919853302448677801e-01,-4.263633089726967640e+00,-1.743319957074615623e+00,-4.067237974681266466e-01,-1.021584796027298125e+01,1.532270627613186442e-01,7.120334564732723193e-01,4.128785015669161895e-01,-5.468648526319108694e-01,-9.537025927546855542e+01,-4.241064487248867465e+01,3.081826437767374500e+02,2.930437607017672974e+01,7.288990163194616123e+00,1.000000000000000056e-01,6.620000000000000107e+00,-3.490658503988658956e-01,-3.490658503988658956e-01
9.840000000000007629e-01,-1.528605675113815066e+00,-2.927987778398040142e-01,-4.284064785647514029e+00,-1.747636898874413536e+00,-4.118853609365591972e-01,-1.023588617738881723e+01,3.871976804611635403e-01,7.621398843827353886e-01,2.273653991341329783e-01,-4.663965353163997962e-01,-1.099832221190891346e+02,-3.521672233726695822e+01,3.052632309550056107e+02,2.566949582762018167e+01,-2.789121319940081278e+01,1.000000000000000056e-01,6.620000000000000107e+00,-3.490658503988658956e-01,-3.490658503988658956e-01
9.860000000000007647e-01,-1.532100948911563787e+00,-2.936225485616771325e-01,-4.304536558002292068e+00,-1.758887260611326164e+00,-4.142126782132675156e-01,-1.023810112318875198e+01,5.907339476409337875e-01,7.344101209035468480e-01,3.077446372908802796e-02,-3.327583354345663436e-01,-1.220509957437660660e+02,-2.698630287455089416e+01,3.025007378105373164e+02,2.558310467414434086e+01,-6.370265695191361743e+01,1.000000000000000056e-01,6.620000000000000107e+00,3.490658503988658956e-01,-3.490658503988658956e-01
9.880000000000007665e-01,-1.535618723432786492e+00,-2.944509739181036534e-01,-4.325012760248669430e+00,-1.775336101979744008e+00,-4.108944476595857709e-01,-1.024801473680272323e+01,7.430690438478236848e-01,6.297641809964394932e-01,-1.584422017228650503e-01,-1.616834596431426241e-01,-1.312725244652054641e+02,-1.792826485774894607e+01,3.002686237688775464e+02,-1.651317750323213716e+02,-8.004732618119386700e+01,1.000000000000000056e-01,6.620000000000000107e+00,3.490658503988658956e-01,-3.490658503988658956e-01
9.900000000000007683e-01,-1.539169395636746041e+00,-2.952727628134228510e-01,-4.345508789722274834e+00,-1.788402911541000950e+00,-4.198367232131984261e-01,-1.026567604688704272e+01,8.279941307367779668e-01,4.577241275696710687e-01,-3.227023942683212021e-01,2.788381680336955715e-02,-1.374353711923934611e+02,-8.252853364141159886e+00,2.988969649761746723e+02,-1.598432828215405550e+02,-4.388122658870447879e+01,1.000000000000000056e-01,6.620000000000000107e+00,3.490658503988658956e-01,-3.490658503988658956e-01
9.920000000000007701e-01,-1.542746201459828104e+00,-2.961124362598492321e-01,-4.366040141816048603e+00,-1.793697406465320832e+00,-4.146541915810910695e-01,-1.029177807813774947e+01,8.358097207416860241e-01,2.352907162617587089e-01,-4.466183197947072303e-01,2.158528804034957616e-01,-1.399163963695656037e+02,1.980234665327618160e+00,2.986411278937831071e+02,-1.594020927687010385e+02,-7.526723766658415471e+00,1.000000000000000056e-01,6.620000000000000107e+00,3.490658503988658956e-01,3.490658503988658956e-01
9.940000000000007718e-01,-1.546333596272758681e+00,-2.969417446430114293e-01,-4.386623697972324543e+00,-1.795560781737713718e+00,-4.156754574167235705e-01,-1.031262966997046604e+01,7.646418283293764384e-01,-1.468100524458737163e-02,-5.179889671058282019e-01,3.831380592041909172e-01,-1.390328239223632636e+02,1.238785749364902244e+01,2.996768672893493317e+02,-1.597480493463377229e+02,2.885795777043885835e+01,1.000000000000000056e-01,6.620000000000000107e+00,3.490658503988658956e-01,3.490658503988658956e-01
9.960000000000007736e-01,-1.549924717836234089e+00,-2.977730955578448691e-01,-4.407248957312265070e+00,-1.793837717107177543e+00,-4.187130286194167272e-01,-1.033968803878238063e+01,6.211377526415751138e-01,-2.667673227873018638e-01,-5.292166117407508530e-01,5.127892994143969929e-01,-1.351813715050093947e+02,2.261694849434430665e+01,3.020352533122702994e+02,-1.625782729160925442e+02,6.522391388238989407e+01,1.000000000000000056e-01,6.620000000000000107e+00,-3.490658503988658956e-01,-3.490658503988658956e-01
9.980000000000007754e-01,-1.553512393270448433e+00,-2.986105216150837238e-01,-4.427928333389830051e+00,-1.791334625622787113e+00,-4.411479530157088602e-01,-1.036881829147197287e+01,4.196820183691930550e-01,-4.956226210600083171e-01,-4.782924259033894399e-01,5.911527520655032175e-01,-1.278986165208700925e+02,3.263945369279417719e+01,3.056154526650216781e+02,3.645092740951416488e+01,7.797138809128188086e+01,1.000000000000000056e-01,6.620000000000000107e+00,-3.490658503988658956e-01,-3.490658503988658956e-01
1.000000000000000666e+00,-1.557095062521693940e+00,-2.994928175211151178e-01,-4.448665969972774192e+00,-1.799748169938116371e+00,-4.645456255762699382e-01,-1.038369465659779856e+01,1.814480652349734213e-01,-6.781758685127172726e-01,-3.688311050941245339e-01,6.091943096455786355e-01,-1.171639300188072070e+02,4.223344900672275060e+01,3.102180317201666071e+02,2.900770991744251148e+01,4.176895589044875123e+01,1.000000000000000056e-01,6.620000000000000107e+00,3.490658503988658956e-01,-3.490658503988658956e-01
1.002000000000000668e+00,-1.560694558861570158e+00,-3.004219087722676540e-01,-4.469433359285969409e+00,-1.799101073524577599e+00,-4.664933643592155676e-01,-1.040118070934563299e+01,-6.773155818163591191e-02,-7.962693597556043112e-01,-2.107003518156314870e-01,5.630034675607752392e-01,-1.029894752855811220e+02,5.114950186025637890e+01,3.155286717978188449e+02,3.111786851635908135e+01,5.570572545813061716e+00,1.000000000000000056e-01,6.620000000000000107e+00,3.490658503988658956e-01,-3.490658503988658956e-01
1.004000000000000670e+00,-1.564292761008619248e+00,-3.013548955009860975e-01,-4.490235720704660594e+00,-1.800643898296414358e+00,-4.695740231029735812e-01,-1.040421381865785477e+01,-3.001327826929470755e-01,-8.385496387111799343e-01,-1.981487472070648723e-02,4.542710500462698309e-01,-8.547306022801159031e+01,5.911341093313590989e+01,3.211318207798503295e+02,3.936860023568858225e+01,-2.957064644564468026e+01,1.000000000000000056e-01,6.620000000000000107e+00,3.490658503988658956e-01,-3.490658503988658956e-01
1.006000000000000671e+00,-1.567894048805211993e+00,-3.022940435471920262e-01,-4.511044148341976090e+00,-1.795137068254393897e+00,-4.590104200823532099e-01,-1.040945808041820797e+01,-4.893904166280446111e-01,-8.016786064562509972e-01,1.827699392175447801e-01,2.905229446728908038e-01,-6.482756957002541753e+01,6.582897060573932890e+01,3.265379743479850276e+02,6.989541569083587547e+01,-5.885780041399671347e+01,1.000000000000000056e-01,6.620000000000000107e+00,3.490658503988658956e-01,-3.490658503988658956e-01
1.008000000000000673e+00,-1.571484322941720801e+00,-3.032120643873567056e-01,-4.531863064502812399e+00,-1.813726427920645978e+00,-4.445733629029172684e-01,-1.042187899841535348e+01,-6.138747553218503183e-01,-6.907076211532360288e-01,3.726266094586558886e-01,8.503044621029719197e-02,-4.094483279926508601e+01,7.113832396306436578e+01,3.312256558898359913e+02,1.400875451625483095e+02,-5.590615297206821310e+01,1.000000000000000056e-01,6.620000000000000107e+00,3.490658503988658956e-01,3.490658503988658956e-01
1.010000000000000675e+00,-1.575111775797562119e+00,-3.041012111131625173e-01,-4.552706822499643202e+00,-1.810061081299425778e+00,-4.311481338602236035e-01,-1.044029098485288998e+01,-6.594872467494385937e-01,-5.188219249225386465e-01,5.245544102880853599e-01,-1.440244848691916990e-01,-1.478775803691378954e+01,7.456658077632438619e+01,3.346734824205533982e+02,1.663945188814954577e+02,-2.462635951348650565e+01,1.000000000000000056e-01,6.620000000000000107e+00,3.490658503988658956e-01,3.490658503988658956e-01
1.012000000000000677e+00,-1.578731897960161001e+00,-3.049635073808829588e-01,-4.573587404469349416e+00,-1.815990259969494813e+00,-4.280519759150175352e-01,-1.047049547056594143e+01,-6.224358162297389807e-01,-3.052964018404276114e-01,6.158829212106333717e-01,-3.742405497253921687e-01,1.290149483091885330e+01,7.586490655531429184e+01,3.364647885798020184e+02,1.758056818438753339e+02,1.165133266913126597e+01,1.000000000000000056e-01,6.620000000000000107e+00,3.490658503988658956e-01,3.490658503988658956e-01
1.014000000000000679e+00,-1.582363878480099961e+00,-3.058196113327130150e-01,-4.594528395410481636e+00,-1.814478889559939079e+00,-4.278765795804987393e-01,-1.050466391392545695e+01,-5.097905770514967738e-01,-7.345956543310559750e-02,6.300800091999719799e-01,-5.811337555179912906e-01,4.075246527815865250e+01,7.471697873583175920e+01,3.363512263627017660e+02,-1.743403599141505538e+02,4.869785993464520857e+01,1.000000000000000056e-01,6.620000000000000107e+00,-3.490658503988658956e-01,-3.490658503988658956e-01
1.016000000000000680e+00,-1.585992836259219940e+00,-3.066753644918739918e-01,-4.615537723238332113e+00,-1.799446932977659008e+00,-4.212818829159096778e-01,-1.053678081106337672e+01,-3.386084209046577032e-01,1.522128603540928438e-01,5.602531331985238783e-01,-7.404674261414319059e-01,6.816915701432547792e+01,7.125282391345251654e+01,3.343468096059141885e+02,-1.064532245092392344e+02,7.853426442830330245e+01,1.000000000000000056e-01,6.620000000000000107e+00,-3.490658503988658956e-01,-3.490658503988658956e-01
1.018000000000000682e+00,-1.589591730125175184e+00,-3.075179282577057971e-01,-4.636611284860459037e+00,-1.788996917760387717e+00,-4.360029750886654232e-01,-1.055783234941514159e+01,-1.334555237383046877e-01,3.486349241602338944e-01,4.105301557737743301e-01,-8.319304682723691613e-01,9.414677747596851987e+01,6.554199249443593089e+01,3.306837953839236093e+02,-2.598043654536466462e+01,5.120405167382126876e+01,1.000000000000000056e-01,6.620000000000000107e+00,-3.490658503988658956e-01,-3.490658503988658956e-01
1.020000000000000684e+00,-1.593169723960695894e+00,-3.083899342078831318e-01,-4.657726949559289231e+00,-1.771937726875563834e+00,-4.501196385083323093e-01,-1.056461126625246649e+01,7.732104215950240389e-02,4.967998035398835110e-01,1.964836445314676883e-01,-8.417871400025860318e-01,1.177595121590450162e+02,5.776855247259903336e+01,3.258188716780716732e+02,-1.628376476260759631e+01,1.357451403081362074e+01,1.000000000000000056e-01,6.620000000000000107e+00,-3.490658503988658956e-01,-3.490658503988658956e-01
1.022000000000000686e+00,-1.596713599414447016e+00,-3.092901734848997886e-01,-4.678856172091793830e+00,-1.771925514212053132e+00,-4.517215866121754297e-01,-1.057845040393331715e+01,2.658183845885195851e-01,5.836013150949952433e-01,-5.665205056602706790e-02,-7.652062706230303712e-01,1.387007473284506318e+02,4.835470715782037132e+01,3.203753526350516267e+02,-9.220526378504645848e+00,-2.430127239387975990e+01,1.000000000000000056e-01,6.620000000000000107e+00,3.490658503988658956e-01,3.490658503988658956e-01
1.024000000000000687e+00,-1.600257450442871043e+00,-3.101936166581241161e-01,-4.700013072899660749e+00,-1.772856278415454234e+00,-4.467882427791060040e-01,-1.058665997096014877e+01,4.081569838165565733e-01,6.029685136012057356e-01,-3.177474141657237183e-01,-6.073495113674826085e-01,1.559778013345967622e+02,3.728710744598856763e+01,3.150196553488704581e+02,1.126968330300901933e+01,-5.983907953363117826e+01,1.000000000000000056e-01,6.620000000000000107e+00,3.490658503988658956e-01,3.490658503988658956e-01
1.026000000000000689e+00,-1.603803162999702048e+00,-3.110871931436823279e-01,-4.721186392841580926e+00,-1.777026015962572369e+00,-4.439257333409347694e-01,-1.060420995610107120e+01,4.877076990005613233e-01,5.554963786152035121e-01,-5.536360180066574044e-01,-3.834737712630480466e-01,1.691340236472238416e+02,2.524271224515285184e+01,3.104792557018218417e+02,1.025186838372618325e+02,-6.637742478978309180e+01,1.000000000000000056e-01,6.620000000000000107e+00,3.490658503988658956e-01,3.490658503988658956e-01
1.028000000000000691e+00,-1.607357215031627096e+00,-3.119750446103641828e-01,-4.742394812753783384e+00,-1.767311608650992127e+00,-4.402542113371800681e-01,-1.062172424769355494e+01,4.965212388103842356e-01,4.484342082765638282e-01,-7.339125612076491390e-01,-1.172423675946595995e-01,1.779896959704270785e+02,1.233104080491534305e+01,3.073542164635205722e+02,1.323643899318635704e+02,-3.288620982895846367e+01,1.000000000000000056e-01,6.620000000000000107e+00,3.490658503988658956e-01,3.490658503988658956e-01
1.030000000000000693e+00,-1.610891838248929009e+00,-3.128555530330385248e-01,-4.763638261249170114e+00,-1.768710570672003657e+00,-4.267955038185557992e-01,-1.065498423135956330e+01,4.351280914801860522e-01,2.946316964155780149e-01,-8.353049202284067443e-01,1.616211549095731836e-01,1.823924300836135330e+02,-1.123017718531178488e+00,3.061277858879175824e+02,1.365529267748653410e+02,4.956310201304940932e+00,1.000000000000000056e-01,6.620000000000000107e+00,3.490658503988658956e-01,3.490658503988658956e-01
1.032000000000000695e+00,-1.614429259390272930e+00,-3.137091440406756249e-01,-4.784948229711889489e+00,-1.774410240837618336e+00,-4.317611555461943751e-01,-1.069200870225013489e+01,3.117713692044334350e-01,1.115936877653456311e-01,-8.444940230257335090e-01,4.209219728989392340e-01,1.822471200491879699e+02,-1.485639797073011081e+01,3.070974160215920961e+02,1.316914242037476868e+02,4.294169035559784220e+01,1.000000000000000056e-01,6.620000000000000107e+00,3.490658503988658956e-01,3.490658503988658956e-01
1.034000000000000696e+00,-1.617978079871948083e+00,-3.145726663517680044e-01,-4.806332247116389844e+00,-1.760411522543385177e+00,-4.303239023961069054e-01,-1.072006036371841731e+01,1.408947411080471446e-01,-7.973559051653245078e-02,-7.596234129651974198e-01,6.298914017576214830e-01,1.769946208050689052e+02,-2.877136651078982865e+01,3.103574401647747436e+02,8.331068101336397547e+01,7.528097204494264361e+01,1.000000000000000056e-01,6.620000000000000107e+00,-3.490658503988658956e-01,-3.490658503988658956e-01
1.036000000000000698e+00,-1.621498902917034801e+00,-3.154333141565602294e-01,-4.827772367843826906e+00,-1.744258604557855863e+00,-4.182194698861289583e-01,-1.073819525102593531e+01,-5.868352038885620015e-02,-2.564534345591203413e-01,-5.906471991850510417e-01,7.628392795553047279e-01,1.669374395656834906e+02,-4.243013172263037092e+01,3.157999926487534026e+02,-7.899360448978537619e+00,5.386222110083990344e+01,1.000000000000000056e-01,6.620000000000000107e+00,-3.490658503988658956e-01,-3.490658503988658956e-01
1.038000000000000700e+00,-1.624987420126150495e+00,-3.162697530963324843e-01,-4.849248758345878763e+00,-1.736288397001922723e+00,-4.378919319366262886e-01,-1.074753270188029752e+01,-2.652012672717185549e-01,-3.955928236981948731e-01,-3.574024588816918646e-01,8.033916156279475862e-01,1.519622748403861294e+02,-5.566539713088918973e+01,3.230644601925622510e+02,-1.961000589894651469e+01,1.571142265783909764e+01,1.000000000000000056e-01,6.620000000000000107e+00,-3.490658503988658956e-01,-3.490658503988658956e-01
1.040000000000000702e+00,-1.628459996920154307e+00,-3.171455369602057539e-01,-4.870743823749639212e+00,-1.722555117552589277e+00,-4.342275992948284591e-01,-1.074649126851128145e+01,-4.556926259828500969e-01,-4.764849339732374900e-01,-8.723274190680611884e-02,7.467909928894391758e-01,1.319436488917797021e+02,-6.788045609356667853e+01,3.315880721236683826e+02,-2.592784843471590861e+01,-2.345205699870693650e+01,1.000000000000000056e-01,6.620000000000000107e+00,-3.490658503988658956e-01,-3.490658503988658956e-01
1.042000000000000703e+00,-1.631905107155259493e+00,-3.180139921587953888e-01,-4.892236806286661910e+00,-1.719676758463032362e+00,-4.194201743733924626e-01,-1.074558266215306368e+01,-6.075268106955847847e-01,-4.839029318027529003e-01,1.881976432652345266e-01,6.011079553193112712e-01,1.069467362539408271e+02,-7.877429833266933201e+01,3.405668466993943753e+02,-4.171315760825063990e+01,-6.195894345963678518e+01,1.000000000000000056e-01,6.620000000000000107e+00,-3.490658503988658956e-01,-3.490658503988658956e-01
1.044000000000000705e+00,-1.635344460672185640e+00,-3.188528325075421499e-01,-4.913727971610968304e+00,-1.717690637440470569e+00,-4.177108396904594123e-01,-1.076611903042233642e+01,-7.003411642636999668e-01,-4.108405854095444343e-01,4.368688030067052197e-01,3.871406927430862122e-01,7.719738130565951906e+01,-8.785585558031826281e+01,3.490589894471875141e+02,-1.583163658150209017e+02,-7.080159065685913333e+01,1.000000000000000056e-01,6.620000000000000107e+00,-3.490658503988658956e-01,-3.490658503988658956e-01
1.046000000000000707e+00,-1.638779841947066496e+00,-3.196882541869230931e-01,-4.935260209671812781e+00,-1.736843704807311095e+00,-3.998490199573300208e-01,-1.078896642183278765e+01,-7.182555425227152845e-01,-2.612588750617839684e-01,6.303366389662874436e-01,1.361194233514650964e-01,4.322434985547413788e+01,-9.459402542165531713e+01,3.560480506622897110e+02,1.735003742965586184e+02,-3.326784512188529419e+01,1.000000000000000056e-01,6.620000000000000107e+00,-3.490658503988658956e-01,-3.490658503988658956e-01
1.048000000000000709e+00,-1.642253529356681119e+00,-3.204879522268377356e-01,-4.956838142515477941e+00,-1.736172910522619128e+00,-3.983732203028069740e-01,-1.081063237527833287e+01,-6.523689755235886345e-01,-5.156569656693708176e-02,7.474225271216090594e-01,-1.145218959981789963e-01,5.929074477573813340e+00,-9.847211396316838261e+01,3.605721305988788572e+02,1.635120738562395388e+02,5.924031016301763763e+00,1.000000000000000056e-01,6.620000000000000107e+00,3.490658503988658956e-01,-3.490658503988658956e-01
1.050000000000000711e+00,-1.645725875177726394e+00,-3.212846986674433580e-01,-4.978459407266034198e+00,-1.736186366366068601e+00,-3.999760531072941161e-01,-1.084514120641880730e+01,-5.031618472332896053e-01,1.899505014712100370e-01,7.770570770715293785e-01,-3.270003997744816981e-01,-3.290249720382745835e+01,-9.892635189268287377e+01,3.618886260534564485e+02,1.445553194721085504e+02,4.202563102453635224e+01,1.000000000000000056e-01,6.620000000000000107e+00,3.490658503988658956e-01,3.490658503988658956e-01
1.052000000000000712e+00,-1.649198247910458548e+00,-3.220846507736579434e-01,-5.000149689678871745e+00,-1.730806888580378011e+00,-4.090396807274244706e-01,-1.087425494194475561e+01,-2.823437914562733075e-01,4.261460011023883721e-01,7.195171444167109964e-01,-4.700815334183651162e-01,-7.252341314641485326e+01,-9.605624243551147856e+01,3.596920032174169251e+02,8.607652791699163686e+01,5.748113589580986371e+01,1.000000000000000056e-01,6.620000000000000107e+00,-3.490658503988658956e-01,-3.490658503988658956e-01
1.054000000000000714e+00,-1.652659861687619358e+00,-3.229027301351127810e-01,-5.021898199562761178e+00,-1.739682050310680239e+00,-4.182756415929399507e-01,-1.089918289096234183e+01,-1.237900645874099627e-02,6.173565840338667288e-01,5.866658857961398743e-01,-5.239663603631059541e-01,-1.107694374029926507e+02,-8.967972129414162907e+01,3.540988269010391036e+02,4.205507019040405936e+01,3.143221036779792854e+01,1.000000000000000056e-01,6.620000000000000107e+00,-3.490658503988658956e-01,-3.490658503988658956e-01
1.056000000000000716e+00,-1.656139225788240799e+00,-3.237392814182986633e-01,-5.043696565344685467e+00,-1.747189956746720174e+00,-4.279493377643615593e-01,-1.092247970656143607e+01,2.748136857973749736e-01,7.282287245157411659e-01,3.991227912699105707e-01,-4.846249687929355399e-01,-1.459401697010475516e+02,-8.005442461370792273e+01,3.457899419063043069e+02,2.903230335195425127e+01,-7.268317455256181780e+00,1.000000000000000056e-01,6.620000000000000107e+00,-3.490658503988658956e-01,-3.490658503988658956e-01
1.058000000000000718e+00,-1.659633605701734238e+00,-3.245951800938273735e-01,-5.065541524757808389e+00,-1.747428919062321340e+00,-4.282953063618462619e-01,-1.094065677219884947e+01,5.420742657032675549e-01,7.350675446025669579e-01,1.830201481719405388e-01,-3.637785324855459246e-01,-1.766292172579418605e+02,-6.764920460422726478e+01,3.358800782021410782e+02,2.063625266109609768e+01,-4.826146141884752439e+01,1.000000000000000056e-01,6.620000000000000107e+00,-3.490658503988658956e-01,-3.490658503988658956e-01
1.060000000000000719e+00,-1.663128463539858881e+00,-3.254517707065510690e-01,-5.087422838302206429e+00,-1.751555640336907915e+00,-4.083925745785622619e-01,-1.094577774713546781e+01,7.525041115207169451e-01,6.309326402295032388e-01,-3.386264830217101951e-02,-1.857818255034871524e-01,-2.018683581304778727e+02,-5.299796551323352389e+01,3.257270822901719498e+02,-6.880726867947241487e+01,-8.264702523918441557e+01,1.000000000000000056e-01,6.620000000000000107e+00,3.490658503988658956e-01,-3.490658503988658956e-01
1.062000000000000721e+00,-1.666631574820532702e+00,-3.262685558557081866e-01,-5.109314393796477560e+00,-1.768501049611525877e+00,-4.065872587133831373e-01,-1.096145886005423087e+01,8.753689940149089743e-01,4.272905070095603941e-01,-2.254686525024866273e-01,1.777170997828668442e-02,-2.211012728009641535e+02,-3.680954727076280619e+01,3.167182408869018673e+02,-1.410307497928939426e+02,-4.586569195167059121e+01,1.000000000000000056e-01,6.620000000000000107e+00,3.490658503988658956e-01,-3.490658503988658956e-01
1.064000000000000723e+00,-1.670168576919755843e+00,-3.270817303731349268e-01,-5.131237311516586352e+00,-1.775223878776839959e+00,-4.019712456997759920e-01,-1.098704766590793547e+01,8.911822163802467500e-01,1.519520296207762522e-01,-3.700697042060197561e-01,2.139000980144389885e-01,-2.341679130810821050e+02,-1.956448238128663064e+01,3.100522039374735641e+02,-1.458308717901250873e+02,-3.636749819442002707e+00,1.000000000000000056e-01,6.620000000000000107e+00,3.490658503988658956e-01,-3.490658503988658956e-01
1.066000000000000725e+00,-1.673719024677309486e+00,-3.278856728645344609e-01,-5.153211406848401843e+00,-1.797810676306985656e+00,-4.141952633573547371e-01,-1.101207310708387510e+01,7.951504182273999577e-01,-1.559075726025027642e-01,-4.517264273015166309e-01,3.733254291839677719e-01,-2.406088895547825075e+02,-1.535348055076511287e+00,3.066416577143376117e+02,-1.493347927304237146e+02,3.869246276953099795e+01,1.000000000000000056e-01,6.620000000000000107e+00,3.490658503988658956e-01,3.490658503988658956e-01
1.068000000000000727e+00,-1.677314646029923528e+00,-3.287140633912491450e-01,-5.175235553062569771e+00,-1.788841572493090837e+00,-4.252744973826795283e-01,-1.105134764071815923e+01,5.986029907422009133e-01,-4.520479476515041894e-01,-4.611715291019353180e-01,4.739703927929867500e-01,-2.413598006671361134e+02,1.663582334881851565e+01,3.070857546799128954e+02,-1.764682188492292880e+02,7.965068412956638610e+01,1.000000000000000056e-01,6.620000000000000107e+00,-3.490658503988658956e-01,-3.490658503988658956e-01
1.070000000000000728e+00,-1.680892329174909605e+00,-3.295646123860144772e-01,-5.197338248344006040e+00,-1.787859296812240206e+00,-4.471126342616006388e-01,-1.107426856379851188e+01,3.274834740911118369e-01,-6.948219507301919284e-01,-3.974973958303152366e-01,5.019689744285242838e-01,-2.359721534917828194e+02,3.489044397271385378e+01,3.115425275161665581e+02,4.935216433583340034e+01,5.565439503548025613e+01,1.000000000000000056e-01,6.620000000000000107e+00,-3.490658503988658956e-01,-3.490658503988658956e-01
1.072000000000000730e+00,-1.684468047768534094e+00,-3.304588376545376516e-01,-5.219486785471603163e+00,-1.796562197433669406e+00,-4.707021616952635212e-01,-1.108318040080424538e+01,1.955737703994669258e-02,-8.503342921159970924e-01,-2.681519380120770402e-01,4.523755506161566964e-01,-2.242530669595263078e+02,5.299821178469673555e+01,3.198594332386699080e+02,4.742606120579064566e+01,1.375854040267106626e+01,1.000000000000000056e-01,6.620000000000000107e+00,3.490658503988658956e-01,-3.490658503988658956e-01
1.074000000000000732e+00,-1.688061172163401347e+00,-3.314002419779281672e-01,-5.241653146273211661e+00,-1.797843408452505454e+00,-4.745293392766971596e-01,-1.109294882628059931e+01,-2.806009232608874249e-01,-8.972619103618969527e-01,-8.984525364164455685e-02,3.288039179768476039e-01,-2.058423506288242777e+02,7.066433453391479702e+01,3.315183812425626115e+02,5.497805760737617931e+01,-2.730636126177226330e+01,1.000000000000000056e-01,6.620000000000000107e+00,3.490658503988658956e-01,-3.490658503988658956e-01
1.076000000000000734e+00,-1.691656858980306266e+00,-3.323493006564815500e-01,-5.263839043925773176e+00,-1.817853470810431693e+00,-4.843171314963530261e-01,-1.111518094946253221e+01,-5.279512248477928882e-01,-8.296634959189151948e-01,1.116446296196204752e-01,1.430435751735015526e-01,-1.803082512041573864e+02,8.746766012008474434e+01,3.456123154254728433e+02,9.215163667193374408e+01,-6.066770640269990622e+01,1.000000000000000056e-01,6.620000000000000107e+00,3.490658503988658956e-01,-3.490658503988658956e-01
1.078000000000000735e+00,-1.695292565921927119e+00,-3.333179349194742569e-01,-5.286069405824698642e+00,-1.820794384931629262e+00,-4.911005741127797419e-01,-1.113801165587064368e+01,-6.841697253604012152e-01,-6.578394019052379305e-01,3.031206283241861810e-01,-8.530529224838759306e-02,-1.472889889495860700e+02,1.028060655992636185e+02,3.608277210894212317e+02,1.677060870867913422e+02,-4.934489999823464501e+01,1.000000000000000056e-01,6.620000000000000107e+00,3.490658503988658956e-01,-3.490658503988658956e-01
1.080000000000000737e+00,-1.698934154691790432e+00,-3.343001360676998157e-01,-5.308345429136440252e+00,-1.826444256033092239e+00,-5.025198424705955569e-01,-1.115943039593256714e+01,-7.247848194629524787e-01,-4.070997759751345257e-01,4.477152369202458404e-01,-3.294052284140289166e-01,-1.062433444196364576e+02,1.160232488112890934e+02,3.754675421342201957e+02,-1.704626545304402043e+02,-1.008877509324315724e+01,1.000000000000000056e-01,6.620000000000000107e+00,3.490658503988658956e-01,3.490658503988658956e-01
1.082000000000000739e+00,-1.702587043203856565e+00,-3.353051757526410159e-01,-5.330664289928304989e+00,-1.837125585763180302e+00,-5.067012136287815105e-01,-1.120310534339356323e+01,-6.449096796736704107e-01,-1.146396693175969900e-01,5.107711772798918526e-01,-5.568321611958750861e-01,-5.808186658524974888e+01,1.259625283876091686e+02,3.875307070417306363e+02,-1.571889484151533338e+02,3.229475855020075414e+01,1.000000000000000056e-01,6.620000000000000107e+00,3.490658503988658956e-01,3.490658503988658956e-01
1.084000000000000741e+00,-1.706261294375382986e+00,-3.363185781798985752e-01,-5.353070500615092264e+00,-1.834103274264686112e+00,-5.141827393335790530e-01,-1.123498671899571377e+01,-4.624726134658427856e-01,1.765284524320577808e-01,4.681951480392032017e-01,-7.319495137156418751e-01,-4.615749899340393370e+00,1.314565455230720943e+02,3.950083730270015963e+02,-1.097214802809637746e+02,6.768780765949762213e+01,1.000000000000000056e-01,6.620000000000000107e+00,3.490658503988658956e-01,-3.490658503988658956e-01
1.086000000000000743e+00,-1.709929500923912382e+00,-3.373469436585657122e-01,-5.375540474053083884e+00,-1.826146002445217187e+00,-5.215139410177246360e-01,-1.125822859395189113e+01,-2.160983983310289791e-01,4.245027830178628170e-01,3.148510922918805743e-01,-8.209553332133623371e-01,5.227432767728599572e+01,1.318352001939792899e+02,3.963458459775292795e+02,-2.510000620096044699e+01,4.747811380118731250e+01,1.000000000000000056e-01,6.620000000000000107e+00,3.490658503988658956e-01,-3.490658503988658956e-01
1.088000000000000744e+00,-1.713581792928802860e+00,-3.383899715406011866e-01,-5.398056931240987844e+00,-1.818843387952056467e+00,-5.305443899337006775e-01,-1.126960841839127525e+01,4.201401503070783389e-02,5.956065563775265748e-01,6.930655450263470407e-02,-7.991772356893538376e-01,1.097756360573890078e+02,1.267176845049238239e+02,3.908210601906948227e+02,-6.854807169499265385e+00,4.696415889789141929e+00,1.000000000000000056e-01,6.620000000000000107e+00,3.490658503988658956e-01,2.386967488798585890e-02
1.090000000000000746e+00,-1.717219479704706897e+00,-3.394510603204685673e-01,-5.420596148077770238e+00,-1.806574660519009390e+00,-5.300411797301902705e-01,-1.126714016756615777e+01,2.578373881324869665e-01,6.704664716778366840e-01,-2.262651632639641475e-01,-6.578743554281635264e-01,1.644954582044102835e+02,1.160728979659757272e+02,3.788727916418067139e+02,1.170934599278720079e+01,-3.721735330961829646e+01,1.000000000000000056e-01,6.620000000000000107e+00,3.490658503988658956e-01,3.490658503988658956e-01
1.092000000000000748e+00,-1.720832629025744964e+00,-3.405111426799289354e-01,-5.443130428412902511e+00,-1.815712816151180853e+00,-5.271058867090578914e-01,-1.128274296530963561e+01,3.887897822912786405e-01,6.465225235551168570e-01,-5.133250926397908698e-01,-4.090824867776347573e-01,2.131123129973397567e+02,1.007744745788949103e+02,3.621812576876706657e+02,7.344741555856239756e+01,-5.791850102909845788e+01,1.000000000000000056e-01,6.620000000000000107e+00,3.490658503988658956e-01,3.490658503988658956e-01
1.094000000000000750e+00,-1.724464054658047418e+00,-3.415653544533470698e-01,-5.465695914343521977e+00,-1.827734783943834929e+00,-5.264306802373351912e-01,-1.130672165472446089e+01,4.139053130178558249e-01,5.367154217425466056e-01,-7.302174207677556428e-01,-8.603177509849324611e-02,2.535015126488808619e+02,8.176136764579541705e+01,3.433090481746760361e+02,1.208084112952138582e+02,-2.785453793613176288e+01,1.000000000000000056e-01,6.620000000000000107e+00,3.490658503988658956e-01,3.490658503988658956e-01
1.096000000000000751e+00,-1.728119524225935066e+00,-3.426182158138217360e-01,-5.488309357652971343e+00,-1.813862115924639085e+00,-5.049194746550849100e-01,-1.132441559175982171e+01,3.366758869074945593e-01,3.650148348117414621e-01,-8.276837061066181223e-01,2.614444495261323276e-01,2.846167855217437932e+02,6.031386752117250438e+01,3.251228945843478186e+02,1.317649346645557671e+02,1.635020761141510448e+01,1.000000000000000056e-01,6.620000000000000107e+00,3.490658503988658956e-01,3.490658503988658956e-01
1.098000000000000753e+00,-1.731747248457784272e+00,-3.436280547631319071e-01,-5.510958188836490912e+00,-1.805028384172868927e+00,-4.963860756499466897e-01,-1.135364026241158086e+01,1.812099807059372181e-01,1.612884888359196189e-01,-7.805831554456581500e-01,5.760546013149090427e-01,3.064242566339912059e+02,3.750474263295295430e+01,3.101950024208464356e+02,1.348786945775682398e+02,6.282854308292832002e+01,1.000000000000000056e-01,6.620000000000000107e+00,3.490658503988658956e-01,3.490658503988658956e-01
1.100000000000000755e+00,-1.735357305226129965e+00,-3.446208269144317993e-01,-5.533665469361314315e+00,-1.795487010260592431e+00,-4.990413069955785819e-01,-1.137936415647228827e+01,-1.614777359609326918e-02,-4.298595990748119849e-02,-5.930001394803663395e-01,8.038919649026152747e-01,3.194639732359631807e+02,1.407124699256227629e+01,3.004597465875154398e+02,-4.487835162100332553e+01,7.011042242230072929e+01,1.000000000000000056e-01,6.620000000000000107e+00,-3.490658503988658956e-01,3.490658503988658956e-01
1.102000000000000757e+00,-1.738948279246651074e+00,-3.456189095284229462e-01,-5.556424197674258991e+00,-1.768077169846845598e+00,-5.032619446997023127e-01,-1.139543581637241587e+01,-2.157523675796729490e-01,-2.176028585636320123e-01,-2.962345788353174525e-01,9.046242237144458409e-01,3.243555762772667208e+02,-9.593418085585796007e+00,2.971280123006540066e+02,-4.507084098168773778e+01,2.287806866466422662e+01,1.000000000000000056e-01,6.620000000000000107e+00,-3.490658503988658956e-01,3.490658503988658956e-01
1.104000000000000759e+00,-1.742484433586344750e+00,-3.466254334178223706e-01,-5.579215069307004171e+00,-1.748757553915851082e+00,-5.023956315436290954e-01,-1.139377530732188859e+01,-3.815084541411681296e-01,-3.358538094954769404e-01,5.849913688016193658e-02,8.592039158724011916e-01,3.209865190406750912e+02,-3.350096975106495734e+01,3.007578947341835942e+02,-4.622896611757532526e+01,-2.452949257190734755e+01,1.000000000000000056e-01,6.620000000000000107e+00,-3.490658503988658956e-01,-3.490658503988658956e-01
1.106000000000000760e+00,-1.745981948694176555e+00,-3.476302246809096497e-01,-5.602002619921647941e+00,-1.751443940102380248e+00,-5.035529399261036154e-01,-1.141101226914760680e+01,-4.850550339743444073e-01,-3.768905466653855729e-01,4.099642436595209993e-01,6.742436123324354602e-01,3.096681925723917175e+02,-5.744910306645572007e+01,3.113811921824211595e+02,-5.255297971685122604e+01,-7.195999777868945557e+01,1.000000000000000056e-01,6.620000000000000107e+00,-3.490658503988658956e-01,-3.490658503988658956e-01
1.108000000000000762e+00,-1.749484836574381363e+00,-3.486373305607618489e-01,-5.624824644459943457e+00,-1.753821805074877949e+00,-5.037153055200861429e-01,-1.142975306963549009e+01,-5.072185261033802517e-01,-3.298078407780924981e-01,6.985344799824390050e-01,3.821069682882932694e-01,2.902270251014758742e+02,-8.122227795402535833e+01,3.284443376712609393e+02,1.387064711102775050e+02,-6.020407978319403952e+01,1.000000000000000056e-01,6.620000000000000107e+00,-3.490658503988658956e-01,3.490658503988658956e-01
1.110000000000000764e+00,-1.752992480184531132e+00,-3.496447611718020432e-01,-5.647684150599214803e+00,-1.752536118433521750e+00,-4.850555294906139792e-01,-1.145978318625590298e+01,-4.386556098589473596e-01,-1.977899749114605255e-01,8.758734371180334488e-01,3.614005969615011193e-02,2.611167139729812448e+02,-1.047230749867790252e+02,3.507996567025687114e+02,1.316753782209631538e+02,-1.299028905877904450e+01,1.000000000000000056e-01,6.620000000000000107e+00,-3.490658503988658956e-01,3.490658503988658956e-01
1.112000000000000766e+00,-1.756497552421398156e+00,-3.506148722307832477e-01,-5.670603716971726271e+00,-1.740423923257334415e+00,-4.782914476811645499e-01,-1.148953639408167327e+01,-2.808721325725627715e-01,-1.176053186003332349e-03,9.126083814133951755e-01,-2.970781113058779122e-01,2.209384542790318733e+02,-1.273030016856272653e+02,3.766070273045370413e+02,1.171426477356302627e+02,3.176515121189734003e+01,1.000000000000000056e-01,6.620000000000000107e+00,-3.490658503988658956e-01,3.490658503988658956e-01
1.114000000000000767e+00,-1.759978400267912857e+00,-3.515714551261455711e-01,-5.693582789759889629e+00,-1.743404693396729987e+00,-4.802788668092325408e-01,-1.151122804410063338e+01,-4.783753348695908569e-02,2.208731548957804658e-01,8.039291071020692181e-01,-5.501132706909898085e-01,1.684307802583753642e+02,-1.478074590459310684e+02,4.031293110662282970e+02,5.901194731332493859e+01,5.684096194608975594e+01,1.000000000000000056e-01,6.620000000000000107e+00,-3.490658503988658956e-01,3.490658503988658956e-01
1.116000000000000769e+00,-1.763465209654706323e+00,-3.525320128597640434e-01,-5.716605245848090711e+00,-1.742694142541898028e+00,-4.826020429316761340e-01,-1.153135304681951467e+01,2.320603730101100381e-01,4.137085875275718916e-01,5.714498974989092872e-01,-6.696552863472637895e-01,1.026410755195076234e+02,-1.646730958427879727e+02,4.266948704489718693e+02,5.049676306697949535e+00,2.734247785379006501e+01,1.000000000000000056e-01,6.620000000000000107e+00,-3.490658503988658956e-01,-3.490658503988658956e-01
1.118000000000000771e+00,-1.766950597939790146e+00,-3.534972169456274127e-01,-5.739667951941729740e+00,-1.740051201650955726e+00,-4.866836282669856351e-01,-1.154563796092900141e+01,5.156037147924479314e-01,5.170979668829066567e-01,2.607495291410342753e-01,-6.314841130151425119e-01,2.510148289300718716e+01,-1.755820479978975754e+02,4.429454059037688012e+02,-1.420871929244988863e+01,-1.894976040737587297e+01,1.000000000000000056e-01,6.620000000000000107e+00,-3.490658503988658956e-01,-3.490658503988658956e-01
1.120000000000000773e+00,-1.770430700343092134e+00,-3.544705842021613762e-01,-5.762759227863587519e+00,-1.748118825548436339e+00,-4.990969831653159217e-01,-1.154903596025075529e+01,7.474017490179548640e-01,4.825467846811958839e-01,-6.739955968038406631e-02,-4.516597452880121710e-01,-6.069861645193994093e+01,-1.784060655356319955e+02,4.477610622180616815e+02,-5.612536978273115551e+01,-6.037706228986217383e+01,1.000000000000000056e-01,6.620000000000000107e+00,-3.490658503988658956e-01,-3.490658503988658956e-01
1.122000000000000774e+00,-1.773926937994189101e+00,-3.554687781684919834e-01,-5.785857299784089136e+00,-1.762253982833077437e+00,-4.875208285348476278e-01,-1.155948009332066917e+01,8.697072000720527107e-01,2.936099137092335054e-01,-3.502484812100133404e-01,-1.863561271452214008e-01,-1.488201963758136230e+02,-1.717594027626358013e+02,4.386328930354712838e+02,-1.418774472233239976e+02,-4.306270012211065534e+01,1.000000000000000056e-01,6.620000000000000107e+00,-3.490658503988658956e-01,-3.490658503988658956e-01
1.124000000000000776e+00,-1.777451445959855159e+00,-3.564438198255616697e-01,-5.808976259970730638e+00,-1.768922462044109079e+00,-4.865005793898020681e-01,-1.157905422944445384e+01,8.382749661150913356e-01,-1.923938010921652161e-02,-5.385503712868620063e-01,8.299653622012459486e-02,-2.319495902573735577e+02,-1.556888350356811088e+02,4.160222381290207068e+02,-1.639641801294848165e+02,5.573692844217792874e+00,1.000000000000000056e-01,6.620000000000000107e+00,3.490658503988658956e-01,-3.490658503988658956e-01
1.126000000000000778e+00,-1.780989290883943310e+00,-3.574168209843412991e-01,-5.832134368429619187e+00,-1.775602920344193425e+00,-4.901396611586482654e-01,-1.162163068933207732e+01,6.396219609566948794e-01,-3.797872228859715538e-01,-6.082144695326279216e-01,2.769847855850890994e-01,-3.034504938053022443e+02,-1.318980189270134815e+02,3.837559357504620721e+02,1.643651106523564067e+02,5.063643683665466000e+01,1.000000000000000056e-01,6.620000000000000107e+00,3.490658503988658956e-01,-3.490658503988658956e-01
1.128000000000000780e+00,-1.784540496724631664e+00,-3.583971003066586114e-01,-5.855377629808283579e+00,-1.771362803444396894e+00,-5.143237631930612785e-01,-1.165707984587529644e+01,3.013774583594035494e-01,-6.875291772140551538e-01,-5.627636695624415042e-01,3.460813636889533140e-01,-3.593725276003053182e+02,-1.031747067007854781e+02,3.479089895073886396e+02,8.397700836096002774e+01,4.583046778434145807e+01,1.000000000000000056e-01,6.620000000000000107e+00,-3.490658503988658956e-01,-3.490658503988658956e-01
1.130000000000000782e+00,-1.788083222331520394e+00,-3.594257478330447064e-01,-5.878691789500034126e+00,-1.769329781971955784e+00,-5.132159724799998379e-01,-1.167550530638608919e+01,-1.105823192043805803e-01,-8.513191113960489886e-01,-4.266150789747733540e-01,2.846522363210416962e-01,-3.990980588396495250e+02,-7.233009500501935918e+01,3.147584585044562004e+02,6.180191244555607000e+01,-2.159210989647446066e+00,1.000000000000000056e-01,6.620000000000000107e+00,-3.490658503988658956e-01,-3.490658503988658956e-01
1.132000000000000783e+00,-1.791621881895464341e+00,-3.604521797780046999e-01,-5.902042800112806020e+00,-1.788340683264071140e+00,-5.388655993457449611e-01,-1.168264878032124088e+01,-5.077838060849444446e-01,-8.192188466891550114e-01,-2.350882419545087809e-01,1.255770918675725711e-01,-4.244752234681291725e+02,-4.130960421782050673e+01,2.888235703773530645e+02,5.835223693329192685e+01,-5.545805719390497757e+01,2.593367837926557229e+00,6.620000000000000107e+00,3.490658503988658956e-01,-3.490658503988658956e-01
1.134000000000000785e+00,-1.795198563261992453e+00,-3.615299109766961783e-01,-5.925408097673448893e+00,-1.793140516171484178e+00,-5.246729902559431613e-01,-1.169220153014899743e+01,-8.014373445047321409e-01,-5.924204561231709576e-01,-2.738706142570961413e-02,-7.737011610746022394e-02,-4.378421474965617222e+02,-1.106382380453262826e+01,2.735583802158298568e+02,-1.268539754960498556e+02,-7.016536352491050366e+01,1.000000000000000056e-01,6.620000000000000107e+00,3.490658503988658956e-01,-3.490658503988658956e-01
1.136000000000000787e+00,-1.798784844294335494e+00,-3.625792569572080515e-01,-5.948792500733746991e+00,-1.829780184578845725e+00,-5.436137434902856835e-01,-1.170963748222806444e+01,-9.240318418964056368e-01,-2.220115930557184925e-01,1.576397465372361695e-01,-2.683760757259747165e-01,-4.416450575524881970e+02,1.855605592576224794e+01,2.691251201099695436e+02,-1.247498953898931546e+02,-1.559582334050401364e+01,6.620000000000000107e+00,6.620000000000000107e+00,3.490658503988658956e-01,-3.490658503988658956e-01
1.138000000000000789e+00,-1.802444404663493094e+00,-3.636664844441886424e-01,-5.972211775698203162e+00,-1.852077567171813266e+00,-5.535809543599270466e-01,-1.174480752006472706e+01,-8.461816184911340466e-01,2.073642976051562614e-01,2.831046936859904495e-01,-4.010342242495101850e-01,-4.363836307852604364e+02,4.787457086125626660e+01,2.774072652116109339e+02,-1.232965762639162506e+02,3.905887801088017852e+01,1.000000000000000056e-01,6.620000000000000107e+00,-3.490658503988658956e-01,-3.490658503988658956e-01
1.140000000000000790e+00,-1.806148559797836617e+00,-3.647736463529084872e-01,-5.995701390738332748e+00,-1.851578879510874742e+00,-5.531127556010330126e-01,-1.176441196818830548e+01,-5.839502568272033622e-01,5.984726283755361642e-01,3.195550529113220795e-01,-4.457770505483239498e-01,-4.220048988028035524e+02,7.773669270604600001e+01,2.973088189652032725e+02,3.843902921740388479e+01,8.601171263933672151e+01,1.000000000000000056e-01,6.620000000000000107e+00,-3.490658503988658956e-01,-3.490658503988658956e-01
1.142000000000000792e+00,-1.809851717556858475e+00,-3.658798718641105285e-01,-6.019230214674709423e+00,-1.862930951425171067e+00,-5.772648770611372715e-01,-1.177962518589022345e+01,-1.983043478052424202e-01,8.639262277518511279e-01,2.520691450740296657e-01,-3.882885586076958995e-01,-3.968170601302615523e+02,1.086915497145244132e+02,3.281132946876624032e+02,5.841174567942085361e+01,3.171097134863095590e+01,1.000000000000000056e-01,6.620000000000000107e+00,3.490658503988658956e-01,-3.490658503988658956e-01
1.144000000000000794e+00,-1.813577579459708877e+00,-3.670344016182328084e-01,-6.042789465046490172e+00,-1.852059044175280222e+00,-5.813923417883587463e-01,-1.178745084711897562e+01,2.163873687347287744e-01,9.447014732244136681e-01,8.949341357011740550e-02,-2.295790976270508099e-01,-3.578200732650798273e+02,1.408173927945998969e+02,3.683672331466107153e+02,6.949695252243937205e+01,-2.117092015262191040e+01,1.000000000000000056e-01,6.620000000000000107e+00,3.490658503988658956e-01,-3.490658503988658956e-01
1.146000000000000796e+00,-1.817281697548059460e+00,-3.681971863018095315e-01,-6.066364366740728542e+00,-1.870878906471000969e+00,-5.849501888989082632e-01,-1.180192666271569379e+01,5.528856021822987632e-01,8.231386284846197166e-01,-1.287660352494557625e-01,1.340214020638856585e-02,-3.009893222748215749e+02,1.733409452695100583e+02,4.152621993108103879e+02,1.242239611946922508e+02,-5.731467519434796998e+01,1.000000000000000056e-01,6.620000000000000107e+00,3.490658503988658956e-01,-3.490658503988658956e-01
1.148000000000000798e+00,-1.821023455361001409e+00,-3.693670866796073260e-01,-6.089968220066159788e+00,-1.891155710878760443e+00,-5.990870313520550994e-01,-1.183214053106213015e+01,7.188187222615679550e-01,5.284589964308484822e-01,-3.330997277607470886e-01,3.050824560397785157e-01,-2.215609090450383860e+02,2.043246911307271887e+02,4.637920966943654548e+02,-1.708017501139322007e+02,-2.590897159985304299e+01,1.000000000000000056e-01,6.620000000000000107e+00,3.490658503988658956e-01,3.490658503988658956e-01
1.150000000000000799e+00,-1.824805766782758853e+00,-3.705652607423114420e-01,-6.113632501128283714e+00,-1.909156362667481899e+00,-6.138050460576121026e-01,-1.187056337703869069e+01,6.672078300301377274e-01,1.333347369662903348e-01,-4.365825098498227197e-01,5.886011141323422846e-01,-1.170671799789183609e+02,2.298107456447035304e+02,5.060042210132729110e+02,-1.478532078041135946e+02,2.741958752399646926e+01,1.000000000000000056e-01,6.620000000000000107e+00,3.490658503988658956e-01,3.490658503988658956e-01
1.152000000000000801e+00,-1.828624079508093914e+00,-3.717928708344266919e-01,-6.137373627882361404e+00,-1.909789897772152134e+00,-6.236219573122022686e-01,-1.189639610782701240e+01,4.220026247262760322e-01,-2.616923996423543564e-01,-3.648831268292443974e-01,7.875856629274516907e-01,1.063126842576393472e+01,2.443874163535495541e+02,5.314074087117634235e+02,-7.307577275822377771e+01,6.152461690717676390e+01,1.000000000000000056e-01,6.620000000000000107e+00,3.490658503988658956e-01,-3.490658503988658956e-01
1.154000000000000803e+00,-1.832443659303638173e+00,-3.730401147490510771e-01,-6.161166420098015628e+00,-1.909451687891932092e+00,-6.217118573368116685e-01,-1.191710389656993918e+01,8.236929763974691621e-02,-5.555090808542558767e-01,-9.866897252248335581e-02,8.215165206836392287e-01,1.537481000035493821e+02,2.430647578271642999e+02,5.298118454707123419e+02,-1.260378558838755048e+01,1.769268837413647688e+01,1.000000000000000056e-01,6.620000000000000107e+00,3.490658503988658956e-01,3.490658503988658956e-01
1.156000000000000805e+00,-1.836262562679422006e+00,-3.742835384637246965e-01,-6.185000627891155567e+00,-1.903501843943410821e+00,-6.251704578243982846e-01,-1.192412123970301785e+01,-2.085276475787866401e-01,-6.806824530414126162e-01,2.928723187683399676e-01,6.382894509672223382e-01,2.956649337174182506e+02,2.229951367548645180e+02,4.963935461280179879e+02,1.789548347438467957e+01,-3.611914491557380558e+01,1.000000000000000056e-01,6.620000000000000107e+00,3.490658503988658956e-01,3.490658503988658956e-01
1.158000000000000806e+00,-1.840069566367308784e+00,-3.755338793793734919e-01,-6.208848870370561990e+00,-1.915988624174660648e+00,-6.238423137889698156e-01,-1.194473947612351594e+01,-3.310753675778093097e-01,-6.285192213226041824e-01,6.571574606638583838e-01,2.519856371007580531e-01,4.176841459718199303e+02,1.868612767830523467e+02,4.368370700301318834e+02,9.499093999136381683e+01,-3.956500219939946561e+01,1.000000000000000056e-01,6.620000000000000107e+00,3.490658503988658956e-01,3.490658503988658956e-01
1.160000000000000808e+00,-1.843901543615658056e+00,-3.767815640069514527e-01,-6.232738349322809235e+00,-1.916678867380687379e+00,-5.965550428703001451e-01,-1.196797633694454710e+01,-2.547336039460363910e-01,-4.452115663405356583e-01,8.240526349509573745e-01,-2.404884759144495232e-01,5.077252054536362493e+02,1.418142575224689779e+02,3.661913765260190416e+02,1.228046806638545405e+02,1.616790542518609541e+01,1.000000000000000056e-01,6.620000000000000107e+00,3.490658503988658956e-01,3.490658503988658956e-01
1.162000000000000810e+00,-1.847734901350419401e+00,-3.779746740926920312e-01,-6.256674301996698162e+00,-1.911186977831235589e+00,-5.878631281420058086e-01,-1.199030009035882216e+01,-4.837784353261275622e-02,-2.008634469853883830e-01,6.975320316513796692e-01,-6.861213629822209281e-01,5.650934810738827991e+02,9.591044114098176010e+01,3.010790759233144627e+02,1.598674314437742794e+02,7.867918021523946948e+01,1.000000000000000056e-01,6.620000000000000107e+00,3.490658503988658956e-01,3.490658503988658956e-01
1.164000000000000812e+00,-1.851557275306081829e+00,-3.791504003489760688e-01,-6.280654902177415622e+00,-1.902717759050810198e+00,-5.910192884111575840e-01,-1.201295564252365011e+01,1.719182689194998503e-01,3.997091144360529619e-02,3.069314474834220485e-01,-9.352216430321859120e-01,5.971040017724089921e+02,5.390840143539746521e+01,2.522606921362742014e+02,-6.635342426100585556e+01,3.236052489970651180e+01,1.000000000000000056e-01,6.620000000000000107e+00,-3.490658503988658956e-01,3.490658503988658956e-01
1.166000000000000814e+00,-1.855362710824183470e+00,-3.803324389257983773e-01,-6.304680813462463007e+00,-1.895530572037725348e+00,-5.918016521312688960e-01,-1.202706591266022684e+01,3.080028883003912421e-01,2.267255642595702170e-01,-2.115036332350978543e-01,-8.994420228331281297e-01,6.123058430096376696e+02,1.673157454652207576e+01,2.235846262085853482e+02,-6.018550310987330221e+01,-3.332834353595823984e+01,1.000000000000000056e-01,6.620000000000000107e+00,-3.490658503988658956e-01,3.490658503988658956e-01
1.168000000000000815e+00,-1.859153771968258928e+00,-3.815160422300609144e-01,-6.328734945287783020e+00,-1.894862258495445317e+00,-5.876042082887954487e-01,-1.204143778681652854e+01,3.131293002775707990e-01,3.208859240890231113e-01,-6.766357048680814446e-01,-5.840773817970416060e-01,6.166617297187871145e+02,-1.705144814332903280e+01,2.149910614820192052e+02,6.891912326471685901e+01,-7.663999922306837220e+01,1.000000000000000056e-01,6.620000000000000107e+00,-3.490658503988658956e-01,3.490658503988658956e-01
1.170000000000000817e+00,-1.862943496485249817e+00,-3.826912506466385033e-01,-6.352817820861416109e+00,-1.882644134256514556e+00,-5.770364309789013380e-01,-1.206138548417255052e+01,1.919537693442135706e-01,3.001729998116893783e-01,-9.302293450513481332e-01,-8.788222928408280510e-02,6.128685221914021213e+02,-4.976481687656500696e+01,2.253961975923038779e+02,9.931807694961200639e+01,-1.342920164814779938e+01,1.000000000000000056e-01,6.620000000000000107e+00,-3.490658503988658956e-01,3.490658503988658956e-01
1.172000000000000819e+00,-1.866708784753762895e+00,-3.838453235085962922e-01,-6.376940591829761473e+00,-1.869283605663365488e+00,-5.607627683725393553e-01,-1.210279471717921851e+01,-1.547414284872773542e-02,1.704688629043297488e-01,-8.878489724599373245e-01,4.271125376116173267e-01,6.007677239479297668e+02,-8.385351165082144576e+01,2.540903205409347549e+02,8.627104629179883943e+01,5.050725821029398332e+01,1.000000000000000056e-01,6.620000000000000107e+00,-3.490658503988658956e-01,3.490658503988658956e-01
1.174000000000000821e+00,-1.870447351965089711e+00,-3.849668490453413972e-01,-6.401146181264119939e+00,-1.857820375964575055e+00,-5.735928974962303251e-01,-1.213643400445314313e+01,-2.513714321347543246e-01,-2.390090248666060929e-02,-5.625225728531155767e-01,7.872798136606558028e-01,5.775662527396634687e+02,-1.215307143750304704e+02,3.009753969818872292e+02,-3.745053081031071684e+01,5.410121489015835294e+01,1.000000000000000056e-01,6.620000000000000107e+00,-3.490658503988658956e-01,3.490658503988658956e-01
1.176000000000000822e+00,-1.874162992717018916e+00,-3.861140348403338529e-01,-6.425419049273026317e+00,-1.842222508964868721e+00,-5.712432947835672792e-01,-1.214913542707994409e+01,-4.525690603514516686e-01,-2.023340225270439385e-01,-5.841602081144694342e-02,8.665043320452510134e-01,5.370899942516641659e+02,-1.645932841657062511e+02,3.659950182041470725e+02,-5.880330730727803257e+01,-1.006645421484423331e+01,1.000000000000000056e-01,6.620000000000000107e+00,-3.490658503988658956e-01,-3.490658503988658956e-01
1.178000000000000824e+00,-1.877847437734948555e+00,-3.872565214299009684e-01,-6.449717320127185793e+00,-1.844781046766132748e+00,-5.744442736698032181e-01,-1.216630251975063892e+01,-5.570377040007509217e-01,-2.692487406268261885e-01,4.614106048055528486e-01,6.358571897567987241e-01,4.705798667072143076e+02,-2.132791071302285673e+02,4.476792527007866056e+02,-1.062017731824049775e+02,-7.122840666516627550e+01,1.000000000000000056e-01,6.620000000000000107e+00,-3.490658503988658956e-01,-3.490658503988658956e-01
1.180000000000000826e+00,-1.881536999828480772e+00,-3.884054099772406010e-01,-6.474049925166687203e+00,-1.841872366886917023e+00,-5.491985604869474846e-01,-1.218873163563712048e+01,-5.090101378527321918e-01,-1.561907521425052181e-01,8.255088574307718474e-01,1.872117913264089439e-01,3.652978850490805485e+02,-2.654509469949347249e+02,5.403120409300080382e+02,1.421633758482209089e+02,-2.944280524696181800e+01,1.000000000000000056e-01,6.620000000000000107e+00,-3.490658503988658956e-01,-3.490658503988658956e-01
1.182000000000000828e+00,-1.885220744562254636e+00,-3.895038070982144718e-01,-6.498427388437961305e+00,-1.843426490726412403e+00,-5.499419840598481768e-01,-1.220715566713899491e+01,-2.730677366410833584e-01,1.255854024174055117e-01,9.103541711272180592e-01,-2.844601923233725516e-01,2.072653976197387919e+02,-3.143352450370164775e+02,6.298367530542487884e+02,1.118785661879197306e+02,3.217626044013102415e+01,1.000000000000000056e-01,6.620000000000000107e+00,-3.490658503988658956e-01,-3.490658503988658956e-01
1.184000000000000830e+00,-1.888907597543707517e+00,-3.906036910663341910e-01,-6.522841699772238933e+00,-1.830739405370315209e+00,-5.671265501952991173e-01,-1.224880399237818729e+01,1.340130472038614518e-01,4.458000026169677277e-01,6.918484409992297079e-01,-5.519498125126798271e-01,-1.078762357968105334e+01,-3.466924380995693014e+02,6.902428158458451435e+02,3.080413231364330073e+01,3.159268159547228194e+01,1.000000000000000056e-01,6.620000000000000107e+00,-3.490658503988658956e-01,-3.490658503988658956e-01
1.186000000000000831e+00,-1.892569076354448043e+00,-3.917379441667248052e-01,-6.547339307756995019e+00,-1.815210373864607929e+00,-5.758948078763856948e-01,-1.224987717110517593e+01,6.011755209598816929e-01,5.781312758934870066e-01,2.719408160541370578e-01,-4.800004306208418559e-01,-2.743037375178383286e+02,-3.449255026345825854e+02,6.876022788522636802e+02,-7.147865774568670894e+00,-3.360345190465487519e+01,1.000000000000000056e-01,6.620000000000000107e+00,-3.490658503988658956e-01,-3.490658503988658956e-01
1.188000000000000833e+00,-1.896199497102177167e+00,-3.928897337824776015e-01,-6.571839062099205542e+00,-1.828378876478188531e+00,-5.685598975306019875e-01,-1.224024397923028751e+01,9.167234094444104420e-01,3.366429354082050573e-01,-1.558933981082808451e-01,-1.482800493748767934e-01,-5.354759538457154804e+02,-2.984946404243094094e+02,6.017965113745763119e+02,-1.153887761874096043e+02,-4.552701920861083806e+01,1.000000000000000056e-01,6.620000000000000107e+00,-3.490658503988658956e-01,-3.490658503988658956e-01
1.190000000000000835e+00,-1.899856254855133653e+00,-3.940268535775388048e-01,-6.596319550057666348e+00,-1.826950057472768840e+00,-5.711154566182879977e-01,-1.225739394489236567e+01,8.644945788341386050e-01,-2.217331226505161734e-01,-4.192582953226249298e-01,1.664512760215527132e-01,-7.333506656766863898e+02,-2.188765913567933694e+02,4.563013973596870869e+02,-1.498450025009224760e+02,2.952000343812360939e+01,1.000000000000000056e-01,6.620000000000000107e+00,3.490658503988658956e-01,-3.490658503988658956e-01
1.192000000000000837e+00,-1.903510154970079249e+00,-3.951690844907753686e-01,-6.620834337947450798e+00,-1.839778875909265254e+00,-5.868988619512351956e-01,-1.230003646149507723e+01,3.988198258127623186e-01,-7.545219648894975206e-01,-4.698958024289558999e-01,2.254712529295418988e-01,-8.434730985875319220e+02,-1.361966881801945704e+02,3.101870889083744487e+02,1.022608933708169019e+02,4.747709447669576122e+01,1.000000000000000056e-01,6.620000000000000107e+00,3.490658503988658956e-01,-3.490658503988658956e-01
1.194000000000000838e+00,-1.907189712721897745e+00,-3.963428822146778385e-01,-6.645434410870440622e+00,-1.834046055466103331e+00,-6.125752192661729767e-01,-1.230832606667180862e+01,-2.749317371941547017e-01,-8.923974304920002654e-01,-3.554527525577359515e-01,4.114251613366394500e-02,-8.899532060084217164e+02,-7.164241167906280339e+01,2.050543013391501859e+02,8.149469461878302923e+01,-3.155151749573418130e+01,6.620000000000000107e+00,6.620000000000000107e+00,-3.490658503988658956e-01,-3.490658503988658956e-01
1.196000000000000840e+00,-1.910857804832829965e+00,-3.975680326532101683e-01,-6.670051063003784364e+00,-1.846179956828851942e+00,-6.203880804278134597e-01,-1.232074242548785747e+01,-8.133388670115737629e-01,-5.291819651865848906e-01,-1.396439870863583343e-01,-1.973471357791110325e-01,-9.063560554157251090e+02,-2.644159364749540231e+01,1.459225406285810323e+02,-1.079178731029593479e+02,-6.377419852652377585e+01,6.620000000000000107e+00,1.000000000000000056e-01,3.490658503988658956e-01,-3.490658503988658956e-01
1.198000000000000842e+00,-1.914550164746487759e+00,-3.988088088140657739e-01,-6.694692547854759646e+00,-1.866590077190404040e+00,-6.437113647493818425e-01,-1.233498344683629711e+01,-9.337985764478669015e-01,1.343382941100773609e-01,1.016009992918820021e-01,-3.156749567235621612e-01,-9.108412190292286823e+02,6.337349994648334928e+00,1.232079284465567071e+02,-1.056398805884499126e+02,2.083569792032765022e+01,6.620000000000000107e+00,1.000000000000000056e-01,3.490658503988658956e-01,-3.490658503988658956e-01
1.200000000000000844e+00,-1.918283344900868492e+00,-4.000962315435645511e-01,-6.719362514748432602e+00,-1.884237524152903243e+00,-6.635536990762757048e-01,-1.237124559458608708e+01,-5.692516506114988495e-01,7.357972951433553455e-01,2.699506821722289507e-01,-2.483576613083525453e-01,-9.102150884918411293e+02,3.401508114789560011e+01,1.292727419229655368e+02,1.069978317601024287e+02,7.237694858602469594e+01,1.000000000000000056e-01,6.620000000000000107e+00,-3.490658503988658956e-01,-3.490658503988658956e-01
1.202000000000000846e+00,-1.922051819949174289e+00,-4.014233389417171116e-01,-6.744105005937604425e+00,-1.898071201164513777e+00,-6.717919594791696980e-01,-1.239072787090607619e+01,9.081901523970223322e-02,9.547218066201631492e-01,2.807812552400150707e-01,-3.768375167978762347e-02,-9.056031932611823549e+02,6.318117990463852607e+01,1.568250905293845676e+02,9.197763194495850314e+01,-1.084693496897838649e+01,6.620000000000000107e+00,1.000000000000000056e-01,3.282747639947558582e-01,-3.490658503988658956e-01
1.204000000000000847e+00,-1.925847962351503240e+00,-4.027669228606754470e-01,-6.768886461679416655e+00,-1.895355669916458208e+00,-6.707142238640022569e-01,-1.241416662140224858e+01,6.939828372288289193e-01,6.758184821728361324e-01,1.257080555596537808e-01,2.141370718788313809e-01,-8.949419208590986727e+02,9.837459636199659485e+01,2.084061013249236680e+02,-1.641138014994562582e+02,-7.366445874284360684e+01,6.620000000000000107e+00,1.000000000000000056e-01,3.490658503988658956e-01,-3.490658503988658956e-01
1.206000000000000849e+00,-1.929638673691336237e+00,-4.041083513084034462e-01,-6.793714794922220968e+00,-1.920757178533219367e+00,-6.837980682206507010e-01,-1.243709509334765784e+01,9.120015719119523023e-01,4.397442772190190974e-02,-1.017212975935855024e-01,3.949331084532374248e-01,-8.726255706982049105e+02,1.445701899746185575e+02,2.881948242449887516e+02,-1.110183523580753899e+02,4.253080163290799298e+00,6.620000000000000107e+00,1.000000000000000056e-01,3.490658503988658956e-01,-3.490658503988658956e-01
1.208000000000000851e+00,-1.933480188048402715e+00,-4.054759474448447198e-01,-6.818588985108916312e+00,-1.917087642738172448e+00,-6.798885110388177555e-01,-1.246649482498157191e+01,6.232668237612729589e-01,-6.137556782050057613e-01,-2.395467944015662043e-01,4.212597383581553889e-01,-8.270259424411727878e+02,2.066892868392850460e+02,4.044304955052824653e+02,-2.191552672825870474e+01,8.436671245652487983e+01,1.000000000000000056e-01,6.620000000000000107e+00,3.490658503988658956e-01,-3.490658503988658956e-01
1.210000000000000853e+00,-1.937314363333878964e+00,-4.068357244669223438e-01,-6.843521974758879800e+00,-1.922336513030932670e+00,-6.908314235317453145e-01,-1.248361461461765565e+01,-3.770238861495167279e-03,-9.551210491584291029e-01,-1.533934542988001359e-01,2.533772186517775915e-01,-7.352975972889535115e+02,2.893310022432169148e+02,5.616489578815676396e+02,7.020841053824990752e+01,4.406176541561793947e+00,1.000000000000000056e-01,6.620000000000000107e+00,3.490658503988658956e-01,-3.490658503988658956e-01
1.212000000000000854e+00,-1.941159036359940915e+00,-4.082173873139858244e-01,-6.868489203988114689e+00,-1.941002463635126851e+00,-6.984473727619129324e-01,-1.247837156582237128e+01,-5.772616080270255301e-01,-7.982705679751868066e-01,1.404754269001763090e-01,-9.899389193197000170e-02,-5.567503210417355604e+02,3.913865334253137576e+02,7.571278005062855527e+02,1.413876054945034468e+02,-5.445340398445277685e+01,1.000000000000000056e-01,6.620000000000000107e+00,3.490658503988658956e-01,-3.490658503988658956e-01
1.214000000000000856e+00,-1.945041041287211225e+00,-4.096142820595096712e-01,-6.893445947119759332e+00,-1.952782533687844602e+00,-6.967544494611002115e-01,-1.250187674426750384e+01,-7.019702023449082562e-01,-2.324959554192178868e-01,4.022713139875724875e-01,-5.397788951749277198e-01,-2.304916211445372483e+02,4.957036104926106646e+02,9.573290768123697490e+02,-1.510549308695337345e+02,1.359233165554181255e+01,1.000000000000000056e-01,6.620000000000000107e+00,3.490658503988658956e-01,3.490658503988658956e-01
1.216000000000000858e+00,-1.948946606354586830e+00,-4.110077909584318734e-01,-6.918449700608293895e+00,-1.952929940834945421e+00,-7.029852214290335244e-01,-1.253804453635310878e+01,-2.944239382760389101e-01,3.910102159799620503e-01,2.696133082808646608e-01,-8.292974252746587727e-01,2.918491192139974828e+02,5.503453082416481266e+02,1.062674153716686533e+03,-3.769957828759557117e+01,4.847386684994238237e+01,1.000000000000000056e-01,6.620000000000000107e+00,3.490658503988658956e-01,3.490658503988658956e-01
1.218000000000000860e+00,-1.952852466236256745e+00,-4.124137614012899355e-01,-6.943525789680999871e+00,-1.945444236595077703e+00,-7.130209884671749876e-01,-1.255061844943830529e+01,2.044311676484208140e-01,6.605238189299974527e-01,-3.466306127633390632e-01,-6.338480895414509986e-01,9.355282551358831142e+02,4.737234890430548830e+02,9.164642107602985561e+02,1.894090579751324199e+01,-3.917674243916187038e+01,1.000000000000000056e-01,6.620000000000000107e+00,3.490658503988658956e-01,3.490658503988658956e-01
1.220000000000000862e+00,-1.956743354709446825e+00,-4.138398033782242913e-01,-6.968627026579876649e+00,-1.963531588422884555e+00,-6.960859941132113704e-01,-1.255914718895544802e+01,1.934075829956981574e-01,4.866525520975611419e-01,-8.446253868856805624e-01,1.112239012303871122e-01,1.413419439308252549e+03,2.618607062774013912e+02,5.116610699363207573e+02,1.085813451674422652e+02,6.064523018351469119e+00,1.000000000000000056e-01,6.620000000000000107e+00,3.490658503988658956e-01,3.490658503988658956e-01
1.222000000000000863e+00,-1.960670417886292594e+00,-4.152319753664507340e-01,-6.993745320957787115e+00,-1.956719250780814878e+00,-6.843487431575707713e-01,-1.256208262679045617e+01,-1.809838019383457619e-01,1.637500152493176764e-01,-4.855384249310871758e-01,8.394541285009138321e-01,1.561070403319261914e+03,8.309109204489476497e+01,1.737225048093084752e+02,-8.284550412494080263e+01,5.992897135828073374e+01,1.000000000000000056e-01,6.620000000000000107e+00,-3.490658503988658956e-01,3.490658503988658956e-01
1.224000000000000865e+00,-1.964583856387854155e+00,-4.166006728527658631e-01,-7.018869486211367636e+00,-1.913430393977193278e+00,-6.762739099494861073e-01,-1.257878775352921963e+01,-2.908444477439962039e-01,-1.464040088204665857e-01,4.192469947088687254e-01,8.474711386503781529e-01,1.577424755835538008e+03,1.602634752599531964e+01,5.501522494506380667e+01,-7.443195109440260637e+01,-5.466244580632347549e+01,6.620000000000000107e+00,6.620000000000000107e+00,-3.490658503988658956e-01,3.490658503988658956e-01
1.226000000000000867e+00,-1.968410717175808511e+00,-4.179532206726648269e-01,-7.044027061718425742e+00,-1.875200473738635853e+00,-6.536699053401073822e-01,-1.260255887964102683e+01,-6.060569152432870865e-02,-3.188032908028440859e-01,9.416091413615759187e-01,8.979775516376227451e-02,1.578867809089626917e+03,-5.434518693777032894e+00,3.187947376101805830e+01,8.470253712081371589e+01,-9.123874471753383730e+00,6.620000000000000107e+00,6.620000000000000107e+00,-3.490658503988658956e-01,3.490658503988658956e-01
1.228000000000000869e+00,-1.972161118123285872e+00,-4.192605604833450350e-01,-7.069232179477707767e+00,-1.866241645704697083e+00,-6.460807624089311973e-01,-1.262525365089313922e+01,2.380695208500639704e-01,-2.054289596352990854e-01,5.852165172159810025e-01,-7.474245605831916217e-01,1.578917271539767626e+03,-1.780951711342011379e+01,4.051413778321033732e+01,-6.649691611005788161e+01,7.260685473881414964e+01,1.000000000000000056e-01,6.620000000000000107e+00,-3.490658503988658956e-01,3.490658503988658956e-01
1.230000000000000870e+00,-1.975893601414695278e+00,-4.205527220081629047e-01,-7.094482686779493896e+00,-1.860841844107305132e+00,-6.482496111706506081e-01,-1.264376302199653068e+01,3.226191336305296309e-01,9.674446071266606939e-02,-3.160363341378013002e-01,-8.869489497381694010e-01,1.578363500686737552e+03,-3.370084247230968799e+01,6.546623499966028703e+01,-8.138083310225407274e+01,-4.129562689916063078e+01,6.620000000000000107e+00,1.000000000000000056e-01,-3.490658503988658956e-01,3.490658503988658956e-01
1.232000000000000872e+00,-1.979615285102909850e+00,-4.218492212305042233e-01,-7.119770212823486766e+00,-1.838737441026143449e+00,-6.259708686584541937e-01,-1.266032601444881855e+01,1.162264194143402540e-01,2.970019850460108857e-01,-9.268617381011382550e-01,-1.980115116678525800e-01,1.576409139101211849e+03,-5.925373665489871655e+01,1.141459675792093265e+02,8.707942037113274125e+01,-2.326862746083869737e+01,6.620000000000000107e+00,6.620000000000000107e+00,-3.490658503988658956e-01,3.490658503988658956e-01
1.234000000000000874e+00,-1.983292759984962128e+00,-4.231011629678211317e-01,-7.145090864852384094e+00,-1.815437469452547248e+00,-6.062481991979267182e-01,-1.268666999011303176e+01,-2.053634790211752159e-01,1.938225219452892334e-01,-6.839235425433933813e-01,6.726865982208821704e-01,1.569207838306916756e+03,-1.036799923459921331e+02,2.004121929124647181e+02,-9.124773168697650760e+00,8.041345017129134476e+01,1.000000000000000056e-01,6.620000000000000107e+00,-3.490658503988658956e-01,3.490658503988658956e-01
1.236000000000000876e+00,-1.986923634923867255e+00,-4.243136593662170108e-01,-7.170464204832610378e+00,-1.794151751857101518e+00,-5.963031534638152387e-01,-1.270583467500289743e+01,-3.815833983616745417e-01,-1.044383583235132945e-01,1.889199865408308643e-01,8.987747093075423299e-01,1.546819802617377718e+03,-1.816666644435313174e+02,3.493057213770297267e+02,-7.867885720027004481e+01,-2.838745452618528731e+01,6.620000000000000107e+00,6.620000000000000107e+00,-3.490658503988658956e-01,3.490658503988658956e-01
1.238000000000000878e+00,-1.990511938427581562e+00,-4.255062656731446458e-01,-7.195875874182616094e+00,-1.787094952767526834e+00,-5.871025157244508241e-01,-1.272232792197672779e+01,-2.652805761269884099e-01,-2.470955926020164672e-01,8.945800286989236128e-01,2.613360983473662635e-01,1.477243420441522176e+03,-3.152112534910691579e+02,6.072549711038473106e+02,1.051978044107754044e+02,-3.572591772634664409e+01,1.000000000000000056e-01,6.620000000000000107e+00,-3.490658503988658956e-01,3.490658503988658956e-01
1.240000000000000879e+00,-1.994086128333116603e+00,-4.266804707045935285e-01,-7.221320530026569706e+00,-1.792829364198618380e+00,-5.726533640770883338e-01,-1.276272583836895080e+01,1.167301631725734257e-01,-6.995383641089840919e-03,7.925846408968646450e-01,-5.984435818252265005e-01,1.266887720559765512e+03,-5.369785080347493249e+02,1.034178985917117188e+03,4.033829538970503847e+01,6.545502978673955852e+01,1.000000000000000056e-01,6.620000000000000107e+00,-3.490658503988658956e-01,3.490658503988658956e-01
1.242000000000000881e+00,-1.997671787061513937e+00,-4.278257774327476892e-01,-7.246845981703307515e+00,-1.788481473715988646e+00,-5.772548374224663048e-01,-1.278311075978489697e+01,5.877795172415133385e-01,3.210993437683223317e-01,-1.056076793573350672e-02,-7.424950644438613745e-01,6.556713062308716644e+02,-8.610563299843581717e+02,1.657541538222190184e+03,-5.381191334831220985e+01,-2.967359156686707422e+01,1.000000000000000056e-01,6.620000000000000107e+00,-3.490658503988658956e-01,-3.490658503988658956e-01
1.244000000000000883e+00,-2.001248750008945976e+00,-4.289802871075926172e-01,-7.272412203222877736e+00,-1.790696198486430690e+00,-5.740043603098925473e-01,-1.279527889521180128e+01,7.209152139247312352e-01,2.238879286229655124e-02,-6.924519614519931698e-01,-1.703752820438701743e-02,-9.148262345725948990e+02,-1.129891806927160360e+03,2.174999536307288963e+03,1.742823917938514171e+02,-5.664553941363382528e+00,1.000000000000000056e-01,6.620000000000000107e+00,-3.490658503988658956e-01,-3.490658503988658956e-01
1.246000000000000885e+00,-2.004830142405918725e+00,-4.301282958282123814e-01,-7.298002761013301587e+00,-1.814482964656129571e+00,-5.736559459556141993e-01,-1.282384650392970293e+01,-1.407521833685656219e-03,-7.720998625649525549e-01,-5.498951596561003630e-01,3.185516198299125357e-01,-3.618855870502227390e+03,-6.379092261631224119e+02,1.229814973688968621e+03,6.410358768459424539e+01,1.405841739294658765e+01,1.000000000000000056e-01,6.620000000000000107e+00,3.490658503988658956e-01,-3.490658503988658956e-01
1.248000000000000886e+00,-2.008459108335230781e+00,-4.312756077201236327e-01,-7.323650454021160883e+00,-1.810176457420767937e+00,-5.890505498984349719e-01,-1.281545678699638380e+01,-8.840892227450868335e-01,-3.098671648502813181e-01,-1.879714559705444321e-01,-2.950174878103847820e-01,-4.482224567445971843e+03,4.627560504238138037e+02,-8.836318585376025112e+02,-8.901931607556791448e+01,-3.859959504207588310e+01,6.620000000000000107e+00,1.000000000000000056e-01,3.490658503988658956e-01,-3.490658503988658956e-01
1.250000000000000888e+00,-2.012079461250072310e+00,-4.324537088199205126e-01,-7.349281367595153824e+00,-1.827893819693212851e+00,-6.136432788493633161e-01,-1.282228987148425325e+01,-5.206269137979955275e-01,8.416723661578890958e-01,9.606068534674847004e-02,-1.063371496988132353e-01,-4.932348415944117733e+03,-5.167625894396145441e+02,1.015368434970597264e+03,9.925820882196401840e+01,6.421904000102948373e+01,1.000000000000000056e-01,6.620000000000000107e+00,3.490658503988658956e-01,-3.490658503988658956e-01
1.252000000000000890e+00,-2.015735248889458653e+00,-4.336809953776192272e-01,-7.374925947338121901e+00,-1.858148052879556422e+00,-6.044394259594390029e-01,-1.284811949763702010e+01,7.341807034789190611e-01,6.690195096490429982e-01,6.780077987330643263e-03,-1.155232482690788098e-01,-5.509875231025316680e+03,7.218013590882216022e+02,-1.318040265049707159e+03,-5.014184516466878705e+01,-8.722957737755562846e+01,6.620000000000000107e+00,1.000000000000000056e-01,3.490658503988658956e-01,-3.490658503988658956e-01
1.254000000000000892e+00,-2.019451544995217951e+00,-4.348898742295381203e-01,-7.400622186333396080e+00,-1.873210694811183963e+00,-6.046079386301088654e-01,-1.286496164641114426e+01,7.352927140989292676e-01,-5.694668599154300015e-01,3.544362724436148082e-01,-9.709299061912769757e-02,-6.556810589331956180e+03,-1.074040712133303259e+03,2.320829520221520852e+03,-3.466999590214115301e+01,6.662857930178921606e+01,6.620000000000000107e+00,1.000000000000000056e-01,3.490658503988658956e-01,3.490658503988658956e-01
1.256000000000000894e+00,-2.023197966384840285e+00,-4.360990901067983150e-01,-7.426352109626217946e+00,-1.880374477515944109e+00,-5.962436464892679755e-01,-1.287943005652159201e+01,-3.365772353301689779e-01,-6.572835778449939159e-01,2.142429014583722147e-01,6.393700353687855609e-01,-9.299514078138527111e+03,2.689037494776156564e+03,-4.123252620042530907e+03,8.531439992876716616e+00,-4.430137909684295039e+01,1.000000000000000056e-01,6.620000000000000107e+00,3.490658503988658956e-01,-3.490658503988658956e-01
1.258000000000000895e+00,-2.026958715339872263e+00,-4.372915773997768651e-01,-7.452110969739261570e+00,-1.873504292816191574e+00,-5.786224252647390598e-01,-1.288369091190209481e+01,-4.152365172567901719e-01,-1.229454181733043508e-02,-8.843232299774832494e-01,2.130725320170217263e-01,-2.149845722712904171e+04,-6.793213892246493742e+03,1.876131267386194304e+04,2.946986625741952537e+01,1.707037226087564363e+01,6.620000000000000107e+00,1.000000000000000056e-01,3.490658503988658956e-01,-3.490658503988658956e-01
1.260000000000000897e+00,-2.030705723925504635e+00,-4.384488222503063470e-01,-7.477878351563065351e+00,-1.862415405766892018e+00,-5.853109107590659388e-01,-1.291386215197612053e+01,-3.640583949702056454e-01,-2.122434156153439333e-01,-8.224012798156497828e-02,-9.031338654536357202e-01,-1.617204429401269299e+05,9.295058480173359567e+04,-1.148922190668489202e+05,-1.052580077668958580e+02,-1.028582095870270408e+01,1.000000000000000056e-01,6.620000000000000107e+00,3.490658503988658956e-01,-3.490658503988658956e-01
1.262000000000000899e+00,-2.034430554737038488e+00,-4.396194440718244612e-01,-7.503706075867017766e+00,-1.864024880722232824e+00,-5.949544859032906974e-01,-1.295972212075560748e+01,-5.970832722150084537e-01,6.940907779960142632e-01,4.005376695913133167e-01,3.604349012325946261e-02,-1.191122656561357901e+07,-4.501898321730539203e+06,1.364190769146137871e+07,1.547193801846443364e+02,4.477180981457658504e+01,6.620000000000000107e+00,1.000000000000000056e-01,3.490658503988658956e-01,-3.490658503988658956e-01
1.264000000000000901e+00,-2.038158604498482962e+00,-4.408093530436310581e-01,-7.529625520108528924e+00,-1.861736327874956354e+00,-5.925653803790832397e-01,-1.297750718991647112e+01,5.132722109073303285e-01,6.826434849498321800e-01,-3.863404878232847284e-01,-3.482679104286176552e-01,-6.758093547447176361e+10,4.017895486826421356e+10,-4.906048301500634766e+10,8.189300130735254868e+01,-6.798161855137689713e+01,1.000000000000000056e-01,6.620000000000000107e+00,-3.490658503988658956e-01,-3.490658503988658956e-01
1.266000000000000902e+00,-2.041882077154232977e+00,-4.419944838043892155e-01,-7.555580534488361977e+00,-1.873010619767101703e+00,-5.798853169842405064e-01,-1.299680028952613675e+01,4.809360961376614729e-01,-1.877899627624400603e-02,8.378818998341768243e-01,-2.574912477366820829e-01,-2.168739192023568384e+18,-8.199204140982775040e+17,2.484981860637873152e+18,1.903513005406290048e+01,2.205405292819788698e+01,6.620000000000000107e+00,1.000000000000000056e-01,3.490658503988658956e-01,3.490658503988658956e-01
1.268000000000000904e+00,-2.045628098393767136e+00,-4.431542544383577087e-01,-7.581574135067413955e+00,-1.843351701351015448e+00,-5.826509519531839487e-01,-1.300746830572587065e+01,3.784238241980948381e-01,2.436183762359894756e-01,6.201503283019297458e-02,8.908420913621556414e-01,-2.241670524093118258e+33,1.332742516879876866e+33,-1.627344213256206801e+33,-1.096104975263782251e+02,-9.794691172137103052e+00,1.000000000000000056e-01,6.620000000000000107e+00,-3.490658503988658956e-01,-3.490658503988658956e-01
1.270000000000000906e+00,-2.049314801796469077e+00,-4.443195563422640548e-01,-7.607589071678865444e+00,-1.841723567449342180e+00,-5.874610517240560492e-01,-1.303502732406803943e+01,6.223690478792314185e-01,-6.950154189227950585e-01,-3.565967324245841175e-01,-4.948844436411563297e-02,-2.386176342141087321e+63,-9.021253923734025705e+62,2.734125407200835937e+63,1.599188041905975126e+02,4.787300525989669353e+01,6.620000000000000107e+00,1.000000000000000056e-01,3.490658503988658956e-01,-3.490658503988658956e-01
1.272000000000000908e+00,-2.052998248931367620e+00,-4.454944784457121609e-01,-7.633659126327001943e+00,-1.850078447663645376e+00,-5.861932156134843641e-01,-1.306019389151167154e+01,-4.933456952100980231e-01,-6.698153507689457165e-01,3.896060057253828424e-01,3.951766455582267912e-01,-2.713702262637265473e+123,1.613379997059537448e+123,-1.970016390071239598e+123,6.920200813842943433e+01,-6.851297191212731263e+01,1.000000000000000056e-01,6.620000000000000107e+00,3.490658503988658956e-01,-3.490658503988658956e-01
1.274000000000000909e+00,-2.056698405826694831e+00,-4.466668648769391292e-01,-7.659779514110025112e+00,-1.857534510114098980e+00,-5.734003516566055225e-01,-1.307804172867317760e+01,-4.481642259457516708e-01,-1.781818857401190268e-02,-8.566590897758996626e-01,2.548853519579208915e-01,-3.496901235420287173e+243,-1.322049566656895593e+243,4.006814729231478379e+243,2.360715983888589875e+01,2.000273462734952545e+01,6.620000000000000107e+00,1.000000000000000056e-01,3.490658503988658956e-01,3.490658503988658956e-01
1.276000000000000911e+00,-2.060413474846923165e+00,-4.478136655802523181e-01,-7.685935597567371325e+00,-1.831104339664951564e+00,-5.826360784886500666e-01,-1.310045757297709912e+01,-0.000000000000000000e+00,-0.000000000000000000e+00,-0.000000000000000000e+00,-0.000000000000000000e+00,nan,nan,nan,0.000000000000000000e+00,0.000000000000000000e+00,1.000000000000000056e-01,6.620000000000000107e+00,3.490658503988658956e-01,-3.490658503988658956e-01
1.278000000000000913e+00,-2.064075683526253258e+00,-4.489789377372296331e-01,-7.712136512713325232e+00,-1.831104339664951564e+00,-5.826360784886500666e-01,-1.312005757297709962e+01,nan,nan,nan,nan,nan,nan,nan,nan,nan,1.000000000000000056e-01,1.000000000000000056e-01,-3.490658503988658956e-01,-3.490658503988658956e-01
1.280000000000000915e+00,-2.067737892205583350e+00,-4.501442098942069481e-01,-7.738376627859279822e+00,nan,nan,nan,nan,nan,nan,nan,nan,nan,nan,nan,nan,1.000000000000000056e-01,1.000000000000000056e-01,-3.490658503988658956e-01,-3.490658503988658956e-01
1.282000000000000917e+00,nan,nan,nan,nan,nan,nan,nan,nan,nan,nan,nan,nan,nan,nan,nan,1.000000000000000056e-01,1.000000000000000056e-01,-3.490658503988658956e-01,-3.490658503988658956e-01
1.284000000000000918e+00,nan,nan,nan,nan,nan,nan,nan,nan,nan,nan,nan,nan,nan,nan,nan,1.000000000000000056e-01,1.000000000000000056e-01,-3.490658503988658956e-01,-3.490658503988658956e-01
1.286000000000000920e+00,nan,nan,nan,nan,nan,nan,nan,nan,nan,nan,nan,nan,nan,nan,nan,1.000000000000000056e-01,1.000000000000000056e-01,-3.490658503988658956e-01,-3.490658503988658956e-01
1.288000000000000922e+00,nan,nan,nan,nan,nan,nan,nan,nan,nan,nan,nan,nan,nan,nan,nan,1.000000000000000056e-01,1.000000000000000056e-01,-3.490658503988658956e-01,-3.490658503988658956e-01
1.290000000000000924e+00,nan,nan,nan,nan,nan,nan,nan,nan,nan,nan,nan,nan,nan,nan,nan,1.000000000000000056e-01,1.000000000000000056e-01,-3.490658503988658956e-01,-3.490658503988658956e-01
1.292000000000000925e+00,nan,nan,nan,nan,nan,nan,nan,nan,nan,nan,nan,nan,nan,nan,nan,1.000000000000000056e-01,1.000000000000000056e-01,-3.490658503988658956e-01,-3.490658503988658956e-01
1.294000000000000927e+00,nan,nan,nan,nan,nan,nan,nan,nan,nan,nan,nan,nan,nan,nan,nan,1.000000000000000056e-01,1.000000000000000056e-01,-3.490658503988658956e-01,-3.490658503988658956e-01
1.296000000000000929e+00,nan,nan,nan,nan,nan,nan,nan,nan,nan,nan,nan,nan,nan,nan,nan,1.000000000000000056e-01,1.000000000000000056e-01,-3.490658503988658956e-01,-3.490658503988658956e-01
1.298000000000000931e+00,nan,nan,nan,nan,nan,nan,nan,nan,nan,nan,nan,nan,nan,nan,nan,1.000000000000000056e-01,1.000000000000000056e-01,-3.490658503988658956e-01,-3.490658503988658956e-01
1.300000000000000933e+00,nan,nan,nan,nan,nan,nan,nan,nan,nan,nan,nan,nan,nan,nan,nan,1.000000000000000056e-01,1.000000000000000056e-01,-3.490658503988658956e-01,-3.490658503988658956e-01
1.302000000000000934e+00,nan,nan,nan,nan,nan,nan,nan,nan,nan,nan,nan,nan,nan,nan,nan,1.000000000000000056e-01,1.000000000000000056e-01,-3.490658503988658956e-01,-3.490658503988658956e-01
1.304000000000000936e+00,nan,nan,nan,nan,nan,nan,nan,nan,nan,nan,nan,nan,nan,nan,nan,1.000000000000000056e-01,1.000000000000000056e-01,-3.490658503988658956e-01,-3.490658503988658956e-01
1.306000000000000938e+00,nan,nan,nan,nan,nan,nan,nan,nan,nan,nan,nan,nan,nan,nan,nan,1.000000000000000056e-01,1.000000000000000056e-01,-3.490658503988658956e-01,-3.490658503988658956e-01
1.308000000000000940e+00,nan,nan,nan,nan,nan,nan,nan,nan,nan,nan,nan,nan,nan,nan,nan,1.000000000000000056e-01,1.000000000000000056e-01,-3.490658503988658956e-01,-3.490658503988658956e-01
1.310000000000000941e+00,nan,nan,nan,nan,nan,nan,nan,nan,nan,nan,nan,nan,nan,nan,nan,1.000000000000000056e-01,1.000000000000000056e-01,-3.490658503988658956e-01,-3.490658503988658956e-01
1.312000000000000943e+00,nan,nan,nan,nan,nan,nan,nan,nan,nan,nan,nan,nan,nan,nan,nan,1.000000000000000056e-01,1.000000000000000056e-01,-3.490658503988658956e-01,-3.490658503988658956e-01
1.314000000000000945e+00,nan,nan,nan,nan,nan,nan,nan,nan,nan,nan,nan,nan,nan,nan,nan,1.000000000000000056e-01,1.000000000000000056e-01,-3.490658503988658956e-01,-3.490658503988658956e-01
1.316000000000000947e+00,nan,nan,nan,nan,nan,nan,nan,nan,nan,nan,nan,nan,nan,nan,nan,1.000000000000000056e-01,1.000000000000000056e-01,-3.490658503988658956e-01,-3.490658503988658956e-01
1.318000000000000949e+00,nan,nan,nan,nan,nan,nan,nan,nan,nan,nan,nan,nan,nan,nan,nan,1.000000000000000056e-01,1.000000000000000056e-01,-3.490658503988658956e-01,-3.490658503988658956e-01
1.320000000000000950e+00,nan,nan,nan,nan,nan,nan,nan,nan,nan,nan,nan,nan,nan,nan,nan,1.000000000000000056e-01,1.000000000000000056e-01,-3.490658503988658956e-01,-3.490658503988658956e-01
1.322000000000000952e+00,nan,nan,nan,nan,nan,nan,nan,nan,nan,nan,nan,nan,nan,nan,nan,1.000000000000000056e-01,1.000000000000000056e-01,-3.490658503988658956e-01,-3.490658503988658956e-01
1.324000000000000954e+00,nan,nan,nan,nan,nan,nan,nan,nan,nan,nan,nan,nan,nan,nan,nan,1.000000000000000056e-01,1.000000000000000056e-01,-3.490658503988658956e-01,-3.490658503988658956e-01
1.326000000000000956e+00,nan,nan,nan,nan,nan,nan,nan,nan,nan,nan,nan,nan,nan,nan,nan,1.000000000000000056e-01,1.000000000000000056e-01,-3.490658503988658956e-01,-3.490658503988658956e-01
1.328000000000000957e+00,nan,nan,nan,nan,nan,nan,nan,nan,nan,nan,nan,nan,nan,nan,nan,1.000000000000000056e-01,1.000000000000000056e-01,-3.490658503988658956e-01,-3.490658503988658956e-01
1.330000000000000959e+00,nan,nan,nan,nan,nan,nan,nan,nan,nan,nan,nan,nan,nan,nan,nan,1.000000000000000056e-01,1.000000000000000056e-01,-3.490658503988658956e-01,-3.490658503988658956e-01
1.332000000000000961e+00,nan,nan,nan,nan,nan,nan,nan,nan,nan,nan,nan,nan,nan,nan,nan,1.000000000000000056e-01,1.000000000000000056e-01,-3.490658503988658956e-01,-3.490658503988658956e-01
1.334000000000000963e+00,nan,nan,nan,nan,nan,nan,nan,nan,nan,nan,nan,nan,nan,nan,nan,1.000000000000000056e-01,1.000000000000000056e-01,-3.490658503988658956e-01,-3.490658503988658956e-01
1.336000000000000965e+00,nan,nan,nan,nan,nan,nan,nan,nan,nan,nan,nan,nan,nan,nan,nan,1.000000000000000056e-01,1.000000000000000056e-01,-3.490658503988658956e-01,-3.490658503988658956e-01
1.338000000000000966e+00,nan,nan,nan,nan,nan,nan,nan,nan,nan,nan,nan,nan,nan,nan,nan,1.000000000000000056e-01,1.000000000000000056e-01,-3.490658503988658956e-01,-3.490658503988658956e-01
1.340000000000000968e+00,nan,nan,nan,nan,nan,nan,nan,nan,nan,nan,nan,nan,nan,nan,nan,1.000000000000000056e-01,1.000000000000000056e-01,-3.490658503988658956e-01,-3.490658503988658956e-01
1.342000000000000970e+00,nan,nan,nan,nan,nan,nan,nan,nan,nan,nan,nan,nan,nan,nan,nan,1.000000000000000056e-01,1.000000000000000056e-01,-3.490658503988658956e-01,-3.490658503988658956e-01
1.344000000000000972e+00,nan,nan,nan,nan,nan,nan,nan,nan,nan,nan,nan,nan,nan,nan,nan,1.000000000000000056e-01,1.000000000000000056e-01,-3.490658503988658956e-01,-3.490658503988658956e-01
1.346000000000000973e+00,nan,nan,nan,nan,nan,nan,nan,nan,nan,nan,nan,nan,nan,nan,nan,1.000000000000000056e-01,1.000000000000000056e-01,-3.490658503988658956e-01,-3.490658503988658956e-01
1.348000000000000975e+00,nan,nan,nan,nan,nan,nan,nan,nan,nan,nan,nan,nan,nan,nan,nan,1.000000000000000056e-01,1.000000000000000056e-01,-3.490658503988658956e-01,-3.490658503988658956e-01
1.350000000000000977e+00,nan,nan,nan,nan,nan,nan,nan,nan,nan,nan,nan,nan,nan,nan,nan,1.000000000000000056e-01,1.000000000000000056e-01,-3.490658503988658956e-01,-3.490658503988658956e-01
1.352000000000000979e+00,nan,nan,nan,nan,nan,nan,nan,nan,nan,nan,nan,nan,nan,nan,nan,1.000000000000000056e-01,1.000000000000000056e-01,-3.490658503988658956e-01,-3.490658503988658956e-01
1.354000000000000981e+00,nan,nan,nan,nan,nan,nan,nan,nan,nan,nan,nan,nan,nan,nan,nan,1.000000000000000056e-01,1.000000000000000056e-01,-3.490658503988658956e-01,-3.490658503988658956e-01
1.356000000000000982e+00,nan,nan,nan,nan,nan,nan,nan,nan,nan,nan,nan,nan,nan,nan,nan,1.000000000000000056e-01,1.000000000000000056e-01,-3.490658503988658956e-01,-3.490658503988658956e-01
1.358000000000000984e+00,nan,nan,nan,nan,nan,nan,nan,nan,nan,nan,nan,nan,nan,nan,nan,1.000000000000000056e-01,1.000000000000000056e-01,-3.490658503988658956e-01,-3.490658503988658956e-01
1.360000000000000986e+00,nan,nan,nan,nan,nan,nan,nan,nan,nan,nan,nan,nan,nan,nan,nan,1.000000000000000056e-01,1.000000000000000056e-01,-3.490658503988658956e-01,-3.490658503988658956e-01
1.362000000000000988e+00,nan,nan,nan,nan,nan,nan,nan,nan,nan,nan,nan,nan,nan,nan,nan,1.000000000000000056e-01,1.000000000000000056e-01,-3.490658503988658956e-01,-3.490658503988658956e-01
1.364000000000000989e+00,nan,nan,nan,nan,nan,nan,nan,nan,nan,nan,nan,nan,nan,nan,nan,1.000000000000000056e-01,1.000000000000000056e-01,-3.490658503988658956e-01,-3.490658503988658956e-01
1.366000000000000991e+00,nan,nan,nan,nan,nan,nan,nan,nan,nan,nan,nan,nan,nan,nan,nan,1.000000000000000056e-01,1.000000000000000056e-01,-3.490658503988658956e-01,-3.490658503988658956e-01
1.368000000000000993e+00,nan,nan,nan,nan,nan,nan,nan,nan,nan,nan,nan,nan,nan,nan,nan,1.000000000000000056e-01,1.000000000000000056e-01,-3.490658503988658956e-01,-3.490658503988658956e-01
1.370000000000000995e+00,nan,nan,nan,nan,nan,nan,nan,nan,nan,nan,nan,nan,nan,nan,nan,1.000000000000000056e-01,1.000000000000000056e-01,-3.490658503988658956e-01,-3.490658503988658956e-01
1.372000000000000997e+00,nan,nan,nan,nan,nan,nan,nan,nan,nan,nan,nan,nan,nan,nan,nan,1.000000000000000056e-01,1.000000000000000056e-01,-3.490658503988658956e-01,-3.490658503988658956e-01
1.374000000000000998e+00,nan,nan,nan,nan,nan,nan,nan,nan,nan,nan,nan,nan,nan,nan,nan,1.000000000000000056e-01,1.000000000000000056e-01,-3.490658503988658956e-01,-3.490658503988658956e-01
1.376000000000001000e+00,nan,nan,nan,nan,nan,nan,nan,nan,nan,nan,nan,nan,nan,nan,nan,1.000000000000000056e-01,1.000000000000000056e-01,-3.490658503988658956e-01,-3.490658503988658956e-01
1.378000000000001002e+00,nan,nan,nan,nan,nan,nan,nan,nan,nan,nan,nan,nan,nan,nan,nan,1.000000000000000056e-01,1.000000000000000056e-01,-3.490658503988658956e-01,-3.490658503988658956e-01
1.380000000000001004e+00,nan,nan,nan,nan,nan,nan,nan,nan,nan,nan,nan,nan,nan,nan,nan,1.000000000000000056e-01,1.000000000000000056e-01,-3.490658503988658956e-01,-3.490658503988658956e-01
1.382000000000001005e+00,nan,nan,nan,nan,nan,nan,nan,nan,nan,nan,nan,nan,nan,nan,nan,1.000000000000000056e-01,1.000000000000000056e-01,-3.490658503988658956e-01,-3.490658503988658956e-01
1.384000000000001007e+00,nan,nan,nan,nan,nan,nan,nan,nan,nan,nan,nan,nan,nan,nan,nan,1.000000000000000056e-01,1.000000000000000056e-01,-3.490658503988658956e-01,-3.490658503988658956e-01
1.386000000000001009e+00,nan,nan,nan,nan,nan,nan,nan,nan,nan,nan,nan,nan,nan,nan,nan,1.000000000000000056e-01,1.000000000000000056e-01,-3.490658503988658956e-01,-3.490658503988658956e-01
1.388000000000001011e+00,nan,nan,nan,nan,nan,nan,nan,nan,nan,nan,nan,nan,nan,nan,nan,1.000000000000000056e-01,1.000000000000000056e-01,-3.490658503988658956e-01,-3.490658503988658956e-01
1.390000000000001013e+00,nan,nan,nan,nan,nan,nan,nan,nan,nan,nan,nan,nan,nan,nan,nan,1.000000000000000056e-01,1.000000000000000056e-01,-3.490658503988658956e-01,-3.490658503988658956e-01
1.392000000000001014e+00,nan,nan,nan,nan,nan,nan,nan,nan,nan,nan,nan,nan,nan,nan,nan,1.000000000000000056e-01,1.000000000000000056e-01,-3.490658503988658956e-01,-3.490658503988658956e-01
1.394000000000001016e+00,nan,nan,nan,nan,nan,nan,nan,nan,nan,nan,nan,nan,nan,nan,nan,1.000000000000000056e-01,1.000000000000000056e-01,-3.490658503988658956e-01,-3.490658503988658956e-01
1.396000000000001018e+00,nan,nan,nan,nan,nan,nan,nan,nan,nan,nan,nan,nan,nan,nan,nan,1.000000000000000056e-01,1.000000000000000056e-01,-3.490658503988658956e-01,-3.490658503988658956e-01
1.398000000000001020e+00,nan,nan,nan,nan,nan,nan,nan,nan,nan,nan,nan,nan,nan,nan,nan,1.000000000000000056e-01,1.000000000000000056e-01,-3.490658503988658956e-01,-3.490658503988658956e-01
1.400000000000001021e+00,nan,nan,nan,nan,nan,nan,nan,nan,nan,nan,nan,nan,nan,nan,nan,1.000000000000000056e-01,1.000000000000000056e-01,-3.490658503988658956e-01,-3.490658503988658956e-01
1.402000000000001023e+00,nan,nan,nan,nan,nan,nan,nan,nan,nan,nan,nan,nan,nan,nan,nan,1.000000000000000056e-01,1.000000000000000056e-01,-3.490658503988658956e-01,-3.490658503988658956e-01
1.404000000000001025e+00,nan,nan,nan,nan,nan,nan,nan,nan,nan,nan,nan,nan,nan,nan,nan,1.000000000000000056e-01,1.000000000000000056e-01,-3.490658503988658956e-01,-3.490658503988658956e-01
1.406000000000001027e+00,nan,nan,nan,nan,nan,nan,nan,nan,nan,nan,nan,nan,nan,nan,nan,1.000000000000000056e-01,1.000000000000000056e-01,-3.490658503988658956e-01,-3.490658503988658956e-01
1.408000000000001029e+00,nan,nan,nan,nan,nan,nan,nan,nan,nan,nan,nan,nan,nan,nan,nan,1.000000000000000056e-01,1.000000000000000056e-01,-3.490658503988658956e-01,-3.490658503988658956e-01
1.410000000000001030e+00,nan,nan,nan,nan,nan,nan,nan,nan,nan,nan,nan,nan,nan,nan,nan,1.000000000000000056e-01,1.000000000000000056e-01,-3.490658503988658956e-01,-3.490658503988658956e-01
1.412000000000001032e+00,nan,nan,nan,nan,nan,nan,nan,nan,nan,nan,nan,nan,nan,nan,nan,1.000000000000000056e-01,1.000000000000000056e-01,-3.490658503988658956e-01,-3.490658503988658956e-01
1.414000000000001034e+00,nan,nan,nan,nan,nan,nan,nan,nan,nan,nan,nan,nan,nan,nan,nan,1.000000000000000056e-01,1.000000000000000056e-01,-3.490658503988658956e-01,-3.490658503988658956e-01
1.416000000000001036e+00,nan,nan,nan,nan,nan,nan,nan,nan,nan,nan,nan,nan,nan,nan,nan,1.000000000000000056e-01,1.000000000000000056e-01,-3.490658503988658956e-01,-3.490658503988658956e-01
1.418000000000001037e+00,nan,nan,nan,nan,nan,nan,nan,nan,nan,nan,nan,nan,nan,nan,nan,1.000000000000000056e-01,1.000000000000000056e-01,-3.490658503988658956e-01,-3.490658503988658956e-01
1.420000000000001039e+00,nan,nan,nan,nan,nan,nan,nan,nan,nan,nan,nan,nan,nan,nan,nan,1.000000000000000056e-01,1.000000000000000056e-01,-3.490658503988658956e-01,-3.490658503988658956e-01
1.422000000000001041e+00,nan,nan,nan,nan,nan,nan,nan,nan,nan,nan,nan,nan,nan,nan,nan,1.000000000000000056e-01,1.000000000000000056e-01,-3.490658503988658956e-01,-3.490658503988658956e-01
1.424000000000001043e+00,nan,nan,nan,nan,nan,nan,nan,nan,nan,nan,nan,nan,nan,nan,nan,1.000000000000000056e-01,1.000000000000000056e-01,-3.490658503988658956e-01,-3.490658503988658956e-01
1.426000000000001044e+00,nan,nan,nan,nan,nan,nan,nan,nan,nan,nan,nan,nan,nan,nan,nan,1.000000000000000056e-01,1.000000000000000056e-01,-3.490658503988658956e-01,-3.490658503988658956e-01
1.428000000000001046e+00,nan,nan,nan,nan,nan,nan,nan,nan,nan,nan,nan,nan,nan,nan,nan,1.000000000000000056e-01,1.000000000000000056e-01,-3.490658503988658956e-01,-3.490658503988658956e-01
1.430000000000001048e+00,nan,nan,nan,nan,nan,nan,nan,nan,nan,nan,nan,nan,nan,nan,nan,1.000000000000000056e-01,1.000000000000000056e-01,-3.490658503988658956e-01,-3.490658503988658956e-01
1.432000000000001050e+00,nan,nan,nan,nan,nan,nan,nan,nan,nan,nan,nan,nan,nan,nan,nan,1.000000000000000056e-01,1.000000000000000056e-01,-3.490658503988658956e-01,-3.490658503988658956e-01
1.434000000000001052e+00,nan,nan,nan,nan,nan,nan,nan,nan,nan,nan,nan,nan,nan,nan,nan,1.000000000000000056e-01,1.000000000000000056e-01,-3.490658503988658956e-01,-3.490658503988658956e-01
1.436000000000001053e+00,nan,nan,nan,nan,nan,nan,nan,nan,nan,nan,nan,nan,nan,nan,nan,1.000000000000000056e-01,1.000000000000000056e-01,-3.490658503988658956e-01,-3.490658503988658956e-01
1.438000000000001055e+00,nan,nan,nan,nan,nan,nan,nan,nan,nan,nan,nan,nan,nan,nan,nan,1.000000000000000056e-01,1.000000000000000056e-01,-3.490658503988658956e-01,-3.490658503988658956e-01
1.440000000000001057e+00,nan,nan,nan,nan,nan,nan,nan,nan,nan,nan,nan,nan,nan,nan,nan,1.000000000000000056e-01,1.000000000000000056e-01,-3.490658503988658956e-01,-3.490658503988658956e-01
1.442000000000001059e+00,nan,nan,nan,nan,nan,nan,nan,nan,nan,nan,nan,nan,nan,nan,nan,1.000000000000000056e-01,1.000000000000000056e-01,-3.490658503988658956e-01,-3.490658503988658956e-01
1.444000000000001060e+00,nan,nan,nan,nan,nan,nan,nan,nan,nan,nan,nan,nan,nan,nan,nan,1.000000000000000056e-01,1.000000000000000056e-01,-3.490658503988658956e-01,-3.490658503988658956e-01
1.446000000000001062e+00,nan,nan,nan,nan,nan,nan,nan,nan,nan,nan,nan,nan,nan,nan,nan,1.000000000000000056e-01,1.000000000000000056e-01,-3.490658503988658956e-01,-3.490658503988658956e-01
1.448000000000001064e+00,nan,nan,nan,nan,nan,nan,nan,nan,nan,nan,nan,nan,nan,nan,nan,1.000000000000000056e-01,1.000000000000000056e-01,-3.490658503988658956e-01,-3.490658503988658956e-01
1.450000000000001066e+00,nan,nan,nan,nan,nan,nan,nan,nan,nan,nan,nan,nan,nan,nan,nan,1.000000000000000056e-01,1.000000000000000056e-01,-3.490658503988658956e-01,-3.490658503988658956e-01
1.452000000000001068e+00,nan,nan,nan,nan,nan,nan,nan,nan,nan,nan,nan,nan,nan,nan,nan,1.000000000000000056e-01,1.000000000000000056e-01,-3.490658503988658956e-01,-3.490658503988658956e-01
1.454000000000001069e+00,nan,nan,nan,nan,nan,nan,nan,nan,nan,nan,nan,nan,nan,nan,nan,1.000000000000000056e-01,1.000000000000000056e-01,-3.490658503988658956e-01,-3.490658503988658956e-01
1.456000000000001071e+00,nan,nan,nan,nan,nan,nan,nan,nan,nan,nan,nan,nan,nan,nan,nan,1.000000000000000056e-01,1.000000000000000056e-01,-3.490658503988658956e-01,-3.490658503988658956e-01
1.458000000000001073e+00,nan,nan,nan,nan,nan,nan,nan,nan,nan,nan,nan,nan,nan,nan,nan,1.000000000000000056e-01,1.000000000000000056e-01,-3.490658503988658956e-01,-3.490658503988658956e-01
1.460000000000001075e+00,nan,nan,nan,nan,nan,nan,nan,nan,nan,nan,nan,nan,nan,nan,nan,1.000000000000000056e-01,1.000000000000000056e-01,-3.490658503988658956e-01,-3.490658503988658956e-01
1.462000000000001076e+00,nan,nan,nan,nan,nan,nan,nan,nan,nan,nan,nan,nan,nan,nan,nan,1.000000000000000056e-01,1.000000000000000056e-01,-3.490658503988658956e-01,-3.490658503988658956e-01
1.464000000000001078e+00,nan,nan,nan,nan,nan,nan,nan,nan,nan,nan,nan,nan,nan,nan,nan,1.000000000000000056e-01,1.000000000000000056e-01,-3.490658503988658956e-01,-3.490658503988658956e-01
1.466000000000001080e+00,nan,nan,nan,nan,nan,nan,nan,nan,nan,nan,nan,nan,nan,nan,nan,1.000000000000000056e-01,1.000000000000000056e-01,-3.490658503988658956e-01,-3.490658503988658956e-01
1.468000000000001082e+00,nan,nan,nan,nan,nan,nan,nan,nan,nan,nan,nan,nan,nan,nan,nan,1.000000000000000056e-01,1.000000000000000056e-01,-3.490658503988658956e-01,-3.490658503988658956e-01
1.470000000000001084e+00,nan,nan,nan,nan,nan,nan,nan,nan,nan,nan,nan,nan,nan,nan,nan,1.000000000000000056e-01,1.000000000000000056e-01,-3.490658503988658956e-01,-3.490658503988658956e-01
1.472000000000001085e+00,nan,nan,nan,nan,nan,nan,nan,nan,nan,nan,nan,nan,nan,nan,nan,1.000000000000000056e-01,1.000000000000000056e-01,-3.490658503988658956e-01,-3.490658503988658956e-01
1.474000000000001087e+00,nan,nan,nan,nan,nan,nan,nan,nan,nan,nan,nan,nan,nan,nan,nan,1.000000000000000056e-01,1.000000000000000056e-01,-3.490658503988658956e-01,-3.490658503988658956e-01
1.476000000000001089e+00,nan,nan,nan,nan,nan,nan,nan,nan,nan,nan,nan,nan,nan,nan,nan,1.000000000000000056e-01,1.000000000000000056e-01,-3.490658503988658956e-01,-3.490658503988658956e-01
1.478000000000001091e+00,nan,nan,nan,nan,nan,nan,nan,nan,nan,nan,nan,nan,nan,nan,nan,1.000000000000000056e-01,1.000000000000000056e-01,-3.490658503988658956e-01,-3.490658503988658956e-01
1.480000000000001092e+00,nan,nan,nan,nan,nan,nan,nan,nan,nan,nan,nan,nan,nan,nan,nan,1.000000000000000056e-01,1.000000000000000056e-01,-3.490658503988658956e-01,-3.490658503988658956e-01
1.482000000000001094e+00,nan,nan,nan,nan,nan,nan,nan,nan,nan,nan,nan,nan,nan,nan,nan,1.000000000000000056e-01,1.000000000000000056e-01,-3.490658503988658956e-01,-3.490658503988658956e-01
1.484000000000001096e+00,nan,nan,nan,nan,nan,nan,nan,nan,nan,nan,nan,nan,nan,nan,nan,1.000000000000000056e-01,1.000000000000000056e-01,-3.490658503988658956e-01,-3.490658503988658956e-01
1.486000000000001098e+00,nan,nan,nan,nan,nan,nan,nan,nan,nan,nan,nan,nan,nan,nan,nan,1.000000000000000056e-01,1.000000000000000056e-01,-3.490658503988658956e-01,-3.490658503988658956e-01
1.488000000000001100e+00,nan,nan,nan,nan,nan,nan,nan,nan,nan,nan,nan,nan,nan,nan,nan,1.000000000000000056e-01,1.000000000000000056e-01,-3.490658503988658956e-01,-3.490658503988658956e-01
1.490000000000001101e+00,nan,nan,nan,nan,nan,nan,nan,nan,nan,nan,nan,nan,nan,nan,nan,1.000000000000000056e-01,1.000000000000000056e-01,-3.490658503988658956e-01,-3.490658503988658956e-01
1.492000000000001103e+00,nan,nan,nan,nan,nan,nan,nan,nan,nan,nan,nan,nan,nan,nan,nan,1.000000000000000056e-01,1.000000000000000056e-01,-3.490658503988658956e-01,-3.490658503988658956e-01
1.494000000000001105e+00,nan,nan,nan,nan,nan,nan,nan,nan,nan,nan,nan,nan,nan,nan,nan,1.000000000000000056e-01,1.000000000000000056e-01,-3.490658503988658956e-01,-3.490658503988658956e-01
1.496000000000001107e+00,nan,nan,nan,nan,nan,nan,nan,nan,nan,nan,nan,nan,nan,nan,nan,1.000000000000000056e-01,1.000000000000000056e-01,-3.490658503988658956e-01,-3.490658503988658956e-01
1.498000000000001108e+00,nan,nan,nan,nan,nan,nan,nan,nan,nan,nan,nan,nan,nan,nan,nan,1.000000000000000056e-01,1.000000000000000056e-01,-3.490658503988658956e-01,-3.490658503988658956e-01
1.500000000000001110e+00,nan,nan,nan,nan,nan,nan,nan,nan,nan,nan,nan,nan,nan,nan,nan,1.000000000000000056e-01,1.000000000000000056e-01,-3.490658503988658956e-01,-3.490658503988658956e-01
1.502000000000001112e+00,nan,nan,nan,nan,nan,nan,nan,nan,nan,nan,nan,nan,nan,nan,nan,1.000000000000000056e-01,1.000000000000000056e-01,-3.490658503988658956e-01,-3.490658503988658956e-01
1.504000000000001114e+00,nan,nan,nan,nan,nan,nan,nan,nan,nan,nan,nan,nan,nan,nan,nan,1.000000000000000056e-01,1.000000000000000056e-01,-3.490658503988658956e-01,-3.490658503988658956e-01
1.506000000000001116e+00,nan,nan,nan,nan,nan,nan,nan,nan,nan,nan,nan,nan,nan,nan,nan,1.000000000000000056e-01,1.000000000000000056e-01,-3.490658503988658956e-01,-3.490658503988658956e-01
1.508000000000001117e+00,nan,nan,nan,nan,nan,nan,nan,nan,nan,nan,nan,nan,nan,nan,nan,1.000000000000000056e-01,1.000000000000000056e-01,-3.490658503988658956e-01,-3.490658503988658956e-01
1.510000000000001119e+00,nan,nan,nan,nan,nan,nan,nan,nan,nan,nan,nan,nan,nan,nan,nan,1.000000000000000056e-01,1.000000000000000056e-01,-3.490658503988658956e-01,-3.490658503988658956e-01
1.512000000000001121e+00,nan,nan,nan,nan,nan,nan,nan,nan,nan,nan,nan,nan,nan,nan,nan,1.000000000000000056e-01,1.000000000000000056e-01,-3.490658503988658956e-01,-3.490658503988658956e-01
1.514000000000001123e+00,nan,nan,nan,nan,nan,nan,nan,nan,nan,nan,nan,nan,nan,nan,nan,1.000000000000000056e-01,1.000000000000000056e-01,-3.490658503988658956e-01,-3.490658503988658956e-01
1.516000000000001124e+00,nan,nan,nan,nan,nan,nan,nan,nan,nan,nan,nan,nan,nan,nan,nan,1.000000000000000056e-01,1.000000000000000056e-01,-3.490658503988658956e-01,-3.490658503988658956e-01
1.518000000000001126e+00,nan,nan,nan,nan,nan,nan,nan,nan,nan,nan,nan,nan,nan,nan,nan,1.000000000000000056e-01,1.000000000000000056e-01,-3.490658503988658956e-01,-3.490658503988658956e-01
1.520000000000001128e+00,nan,nan,nan,nan,nan,nan,nan,nan,nan,nan,nan,nan,nan,nan,nan,1.000000000000000056e-01,1.000000000000000056e-01,-3.490658503988658956e-01,-3.490658503988658956e-01
1.522000000000001130e+00,nan,nan,nan,nan,nan,nan,nan,nan,nan,nan,nan,nan,nan,nan,nan,1.000000000000000056e-01,1.000000000000000056e-01,-3.490658503988658956e-01,-3.490658503988658956e-01
1.524000000000001132e+00,nan,nan,nan,nan,nan,nan,nan,nan,nan,nan,nan,nan,nan,nan,nan,1.000000000000000056e-01,1.000000000000000056e-01,-3.490658503988658956e-01,-3.490658503988658956e-01
1.526000000000001133e+00,nan,nan,nan,nan,nan,nan,nan,nan,nan,nan,nan,nan,nan,nan,nan,1.000000000000000056e-01,1.000000000000000056e-01,-3.490658503988658956e-01,-3.490658503988658956e-01
1.528000000000001135e+00,nan,nan,nan,nan,nan,nan,nan,nan,nan,nan,nan,nan,nan,nan,nan,1.000000000000000056e-01,1.000000000000000056e-01,-3.490658503988658956e-01,-3.490658503988658956e-01
1.530000000000001137e+00,nan,nan,nan,nan,nan,nan,nan,nan,nan,nan,nan,nan,nan,nan,nan,1.000000000000000056e-01,1.000000000000000056e-01,-3.490658503988658956e-01,-3.490658503988658956e-01
1.532000000000001139e+00,nan,nan,nan,nan,nan,nan,nan,nan,nan,nan,nan,nan,nan,nan,nan,1.000000000000000056e-01,1.000000000000000056e-01,-3.490658503988658956e-01,-3.490658503988658956e-01
1.534000000000001140e+00,nan,nan,nan,nan,nan,nan,nan,nan,nan,nan,nan,nan,nan,nan,nan,1.000000000000000056e-01,1.000000000000000056e-01,-3.490658503988658956e-01,-3.490658503988658956e-01
1.536000000000001142e+00,nan,nan,nan,nan,nan,nan,nan,nan,nan,nan,nan,nan,nan,nan,nan,1.000000000000000056e-01,1.000000000000000056e-01,-3.490658503988658956e-01,-3.490658503988658956e-01
1.538000000000001144e+00,nan,nan,nan,nan,nan,nan,nan,nan,nan,nan,nan,nan,nan,nan,nan,1.000000000000000056e-01,1.000000000000000056e-01,-3.490658503988658956e-01,-3.490658503988658956e-01
1.540000000000001146e+00,nan,nan,nan,nan,nan,nan,nan,nan,nan,nan,nan,nan,nan,nan,nan,1.000000000000000056e-01,1.000000000000000056e-01,-3.490658503988658956e-01,-3.490658503988658956e-01
1.542000000000001148e+00,nan,nan,nan,nan,nan,nan,nan,nan,nan,nan,nan,nan,nan,nan,nan,1.000000000000000056e-01,1.000000000000000056e-01,-3.490658503988658956e-01,-3.490658503988658956e-01
1.544000000000001149e+00,nan,nan,nan,nan,nan,nan,nan,nan,nan,nan,nan,nan,nan,nan,nan,1.000000000000000056e-01,1.000000000000000056e-01,-3.490658503988658956e-01,-3.490658503988658956e-01
1.546000000000001151e+00,nan,nan,nan,nan,nan,nan,nan,nan,nan,nan,nan,nan,nan,nan,nan,1.000000000000000056e-01,1.000000000000000056e-01,-3.490658503988658956e-01,-3.490658503988658956e-01
1.548000000000001153e+00,nan,nan,nan,nan,nan,nan,nan,nan,nan,nan,nan,nan,nan,nan,nan,1.000000000000000056e-01,1.000000000000000056e-01,-3.490658503988658956e-01,-3.490658503988658956e-01
1.550000000000001155e+00,nan,nan,nan,nan,nan,nan,nan,nan,nan,nan,nan,nan,nan,nan,nan,1.000000000000000056e-01,1.000000000000000056e-01,-3.490658503988658956e-01,-3.490658503988658956e-01
1.552000000000001156e+00,nan,nan,nan,nan,nan,nan,nan,nan,nan,nan,nan,nan,nan,nan,nan,1.000000000000000056e-01,1.000000000000000056e-01,-3.490658503988658956e-01,-3.490658503988658956e-01
1.554000000000001158e+00,nan,nan,nan,nan,nan,nan,nan,nan,nan,nan,nan,nan,nan,nan,nan,1.000000000000000056e-01,1.000000000000000056e-01,-3.490658503988658956e-01,-3.490658503988658956e-01
1.556000000000001160e+00,nan,nan,nan,nan,nan,nan,nan,nan,nan,nan,nan,nan,nan,nan,nan,1.000000000000000056e-01,1.000000000000000056e-01,-3.490658503988658956e-01,-3.490658503988658956e-01
1.558000000000001162e+00,nan,nan,nan,nan,nan,nan,nan,nan,nan,nan,nan,nan,nan,nan,nan,1.000000000000000056e-01,1.000000000000000056e-01,-3.490658503988658956e-01,-3.490658503988658956e-01
1.560000000000001164e+00,nan,nan,nan,nan,nan,nan,nan,nan,nan,nan,nan,nan,nan,nan,nan,1.000000000000000056e-01,1.000000000000000056e-01,-3.490658503988658956e-01,-3.490658503988658956e-01
1.562000000000001165e+00,nan,nan,nan,nan,nan,nan,nan,nan,nan,nan,nan,nan,nan,nan,nan,1.000000000000000056e-01,1.000000000000000056e-01,-3.490658503988658956e-01,-3.490658503988658956e-01
1.564000000000001167e+00,nan,nan,nan,nan,nan,nan,nan,nan,nan,nan,nan,nan,nan,nan,nan,1.000000000000000056e-01,1.000000000000000056e-01,-3.490658503988658956e-01,-3.490658503988658956e-01
1.566000000000001169e+00,nan,nan,nan,nan,nan,nan,nan,nan,nan,nan,nan,nan,nan,nan,nan,1.000000000000000056e-01,1.000000000000000056e-01,-3.490658503988658956e-01,-3.490658503988658956e-01
1.568000000000001171e+00,nan,nan,nan,nan,nan,nan,nan,nan,nan,nan,nan,nan,nan,nan,nan,1.000000000000000056e-01,1.000000000000000056e-01,-3.490658503988658956e-01,-3.490658503988658956e-01
1.570000000000001172e+00,nan,nan,nan,nan,nan,nan,nan,nan,nan,nan,nan,nan,nan,nan,nan,1.000000000000000056e-01,1.000000000000000056e-01,-3.490658503988658956e-01,-3.490658503988658956e-01
1.572000000000001174e+00,nan,nan,nan,nan,nan,nan,nan,nan,nan,nan,nan,nan,nan,nan,nan,1.000000000000000056e-01,1.000000000000000056e-01,-3.490658503988658956e-01,-3.490658503988658956e-01
1.574000000000001176e+00,nan,nan,nan,nan,nan,nan,nan,nan,nan,nan,nan,nan,nan,nan,nan,1.000000000000000056e-01,1.000000000000000056e-01,-3.490658503988658956e-01,-3.490658503988658956e-01
1.576000000000001178e+00,nan,nan,nan,nan,nan,nan,nan,nan,nan,nan,nan,nan,nan,nan,nan,1.000000000000000056e-01,1.000000000000000056e-01,-3.490658503988658956e-01,-3.490658503988658956e-01
1.578000000000001180e+00,nan,nan,nan,nan,nan,nan,nan,nan,nan,nan,nan,nan,nan,nan,nan,1.000000000000000056e-01,1.000000000000000056e-01,-3.490658503988658956e-01,-3.490658503988658956e-01
1.580000000000001181e+00,nan,nan,nan,nan,nan,nan,nan,nan,nan,nan,nan,nan,nan,nan,nan,1.000000000000000056e-01,1.000000000000000056e-01,-3.490658503988658956e-01,-3.490658503988658956e-01
1.582000000000001183e+00,nan,nan,nan,nan,nan,nan,nan,nan,nan,nan,nan,nan,nan,nan,nan,1.000000000000000056e-01,1.000000000000000056e-01,-3.490658503988658956e-01,-3.490658503988658956e-01
1.584000000000001185e+00,nan,nan,nan,nan,nan,nan,nan,nan,nan,nan,nan,nan,nan,nan,nan,1.000000000000000056e-01,1.000000000000000056e-01,-3.490658503988658956e-01,-3.490658503988658956e-01
1.586000000000001187e+00,nan,nan,nan,nan,nan,nan,nan,nan,nan,nan,nan,nan,nan,nan,nan,1.000000000000000056e-01,1.000000000000000056e-01,-3.490658503988658956e-01,-3.490658503988658956e-01
1.588000000000001188e+00,nan,nan,nan,nan,nan,nan,nan,nan,nan,nan,nan,nan,nan,nan,nan,1.000000000000000056e-01,1.000000000000000056e-01,-3.490658503988658956e-01,-3.490658503988658956e-01
1.590000000000001190e+00,nan,nan,nan,nan,nan,nan,nan,nan,nan,nan,nan,nan,nan,nan,nan,1.000000000000000056e-01,1.000000000000000056e-01,-3.490658503988658956e-01,-3.490658503988658956e-01
1.592000000000001192e+00,nan,nan,nan,nan,nan,nan,nan,nan,nan,nan,nan,nan,nan,nan,nan,1.000000000000000056e-01,1.000000000000000056e-01,-3.490658503988658956e-01,-3.490658503988658956e-01
1.594000000000001194e+00,nan,nan,nan,nan,nan,nan,nan,nan,nan,nan,nan,nan,nan,nan,nan,1.000000000000000056e-01,1.000000000000000056e-01,-3.490658503988658956e-01,-3.490658503988658956e-01
1.596000000000001195e+00,nan,nan,nan,nan,nan,nan,nan,nan,nan,nan,nan,nan,nan,nan,nan,1.000000000000000056e-01,1.000000000000000056e-01,-3.490658503988658956e-01,-3.490658503988658956e-01
1.598000000000001197e+00,nan,nan,nan,nan,nan,nan,nan,nan,nan,nan,nan,nan,nan,nan,nan,1.000000000000000056e-01,1.000000000000000056e-01,-3.490658503988658956e-01,-3.490658503988658956e-01
1.600000000000001199e+00,nan,nan,nan,nan,nan,nan,nan,nan,nan,nan,nan,nan,nan,nan,nan,1.000000000000000056e-01,1.000000000000000056e-01,-3.490658503988658956e-01,-3.490658503988658956e-01
1.602000000000001201e+00,nan,nan,nan,nan,nan,nan,nan,nan,nan,nan,nan,nan,nan,nan,nan,1.000000000000000056e-01,1.000000000000000056e-01,-3.490658503988658956e-01,-3.490658503988658956e-01
1.604000000000001203e+00,nan,nan,nan,nan,nan,nan,nan,nan,nan,nan,nan,nan,nan,nan,nan,1.000000000000000056e-01,1.000000000000000056e-01,-3.490658503988658956e-01,-3.490658503988658956e-01
1.606000000000001204e+00,nan,nan,nan,nan,nan,nan,nan,nan,nan,nan,nan,nan,nan,nan,nan,1.000000000000000056e-01,1.000000000000000056e-01,-3.490658503988658956e-01,-3.490658503988658956e-01
1.608000000000001206e+00,nan,nan,nan,nan,nan,nan,nan,nan,nan,nan,nan,nan,nan,nan,nan,1.000000000000000056e-01,1.000000000000000056e-01,-3.490658503988658956e-01,-3.490658503988658956e-01
1.610000000000001208e+00,nan,nan,nan,nan,nan,nan,nan,nan,nan,nan,nan,nan,nan,nan,nan,1.000000000000000056e-01,1.000000000000000056e-01,-3.490658503988658956e-01,-3.490658503988658956e-01
1.612000000000001210e+00,nan,nan,nan,nan,nan,nan,nan,nan,nan,nan,nan,nan,nan,nan,nan,1.000000000000000056e-01,1.000000000000000056e-01,-3.490658503988658956e-01,-3.490658503988658956e-01
1.614000000000001211e+00,nan,nan,nan,nan,nan,nan,nan,nan,nan,nan,nan,nan,nan,nan,nan,1.000000000000000056e-01,1.000000000000000056e-01,-3.490658503988658956e-01,-3.490658503988658956e-01
1.616000000000001213e+00,nan,nan,nan,nan,nan,nan,nan,nan,nan,nan,nan,nan,nan,nan,nan,1.000000000000000056e-01,1.000000000000000056e-01,-3.490658503988658956e-01,-3.490658503988658956e-01
1.618000000000001215e+00,nan,nan,nan,nan,nan,nan,nan,nan,nan,nan,nan,nan,nan,nan,nan,1.000000000000000056e-01,1.000000000000000056e-01,-3.490658503988658956e-01,-3.490658503988658956e-01
1.620000000000001217e+00,nan,nan,nan,nan,nan,nan,nan,nan,nan,nan,nan,nan,nan,nan,nan,1.000000000000000056e-01,1.000000000000000056e-01,-3.490658503988658956e-01,-3.490658503988658956e-01
1.622000000000001219e+00,nan,nan,nan,nan,nan,nan,nan,nan,nan,nan,nan,nan,nan,nan,nan,1.000000000000000056e-01,1.000000000000000056e-01,-3.490658503988658956e-01,-3.490658503988658956e-01
1.624000000000001220e+00,nan,nan,nan,nan,nan,nan,nan,nan,nan,nan,nan,nan,nan,nan,nan,1.000000000000000056e-01,1.000000000000000056e-01,-3.490658503988658956e-01,-3.490658503988658956e-01
1.626000000000001222e+00,nan,nan,nan,nan,nan,nan,nan,nan,nan,nan,nan,nan,nan,nan,nan,1.000000000000000056e-01,1.000000000000000056e-01,-3.490658503988658956e-01,-3.490658503988658956e-01
1.628000000000001224e+00,nan,nan,nan,nan,nan,nan,nan,nan,nan,nan,nan,nan,nan,nan,nan,1.000000000000000056e-01,1.000000000000000056e-01,-3.490658503988658956e-01,-3.490658503988658956e-01
1.630000000000001226e+00,nan,nan,nan,nan,nan,nan,nan,nan,nan,nan,nan,nan,nan,nan,nan,1.000000000000000056e-01,1.000000000000000056e-01,-3.490658503988658956e-01,-3.490658503988658956e-01
1.632000000000001227e+00,nan,nan,nan,nan,nan,nan,nan,nan,nan,nan,nan,nan,nan,nan,nan,1.000000000000000056e-01,1.000000000000000056e-01,-3.490658503988658956e-01,-3.490658503988658956e-01
1.634000000000001229e+00,nan,nan,nan,nan,nan,nan,nan,nan,nan,nan,nan,nan,nan,nan,nan,1.000000000000000056e-01,1.000000000000000056e-01,-3.490658503988658956e-01,-3.490658503988658956e-01
1.636000000000001231e+00,nan,nan,nan,nan,nan,nan,nan,nan,nan,nan,nan,nan,nan,nan,nan,1.000000000000000056e-01,1.000000000000000056e-01,-3.490658503988658956e-01,-3.490658503988658956e-01
1.638000000000001233e+00,nan,nan,nan,nan,nan,nan,nan,nan,nan,nan,nan,nan,nan,nan,nan,1.000000000000000056e-01,1.000000000000000056e-01,-3.490658503988658956e-01,-3.490658503988658956e-01
1.640000000000001235e+00,nan,nan,nan,nan,nan,nan,nan,nan,nan,nan,nan,nan,nan,nan,nan,1.000000000000000056e-01,1.000000000000000056e-01,-3.490658503988658956e-01,-3.490658503988658956e-01
1.642000000000001236e+00,nan,nan,nan,nan,nan,nan,nan,nan,nan,nan,nan,nan,nan,nan,nan,1.000000000000000056e-01,1.000000000000000056e-01,-3.490658503988658956e-01,-3.490658503988658956e-01
1.644000000000001238e+00,nan,nan,nan,nan,nan,nan,nan,nan,nan,nan,nan,nan,nan,nan,nan,1.000000000000000056e-01,1.000000000000000056e-01,-3.490658503988658956e-01,-3.490658503988658956e-01
1.646000000000001240e+00,nan,nan,nan,nan,nan,nan,nan,nan,nan,nan,nan,nan,nan,nan,nan,1.000000000000000056e-01,1.000000000000000056e-01,-3.490658503988658956e-01,-3.490658503988658956e-01
1.648000000000001242e+00,nan,nan,nan,nan,nan,nan,nan,nan,nan,nan,nan,nan,nan,nan,nan,1.000000000000000056e-01,1.000000000000000056e-01,-3.490658503988658956e-01,-3.490658503988658956e-01
1.650000000000001243e+00,nan,nan,nan,nan,nan,nan,nan,nan,nan,nan,nan,nan,nan,nan,nan,1.000000000000000056e-01,1.000000000000000056e-01,-3.490658503988658956e-01,-3.490658503988658956e-01
1.652000000000001245e+00,nan,nan,nan,nan,nan,nan,nan,nan,nan,nan,nan,nan,nan,nan,nan,1.000000000000000056e-01,1.000000000000000056e-01,-3.490658503988658956e-01,-3.490658503988658956e-01
1.654000000000001247e+00,nan,nan,nan,nan,nan,nan,nan,nan,nan,nan,nan,nan,nan,nan,nan,1.000000000000000056e-01,1.000000000000000056e-01,-3.490658503988658956e-01,-3.490658503988658956e-01
1.656000000000001249e+00,nan,nan,nan,nan,nan,nan,nan,nan,nan,nan,nan,nan,nan,nan,nan,1.000000000000000056e-01,1.000000000000000056e-01,-3.490658503988658956e-01,-3.490658503988658956e-01
1.658000000000001251e+00,nan,nan,nan,nan,nan,nan,nan,nan,nan,nan,nan,nan,nan,nan,nan,1.000000000000000056e-01,1.000000000000000056e-01,-3.490658503988658956e-01,-3.490658503988658956e-01
1.660000000000001252e+00,nan,nan,nan,nan,nan,nan,nan,nan,nan,nan,nan,nan,nan,nan,nan,1.000000000000000056e-01,1.000000000000000056e-01,-3.490658503988658956e-01,-3.490658503988658956e-01
1.662000000000001254e+00,nan,nan,nan,nan,nan,nan,nan,nan,nan,nan,nan,nan,nan,nan,nan,1.000000000000000056e-01,1.000000000000000056e-01,-3.490658503988658956e-01,-3.490658503988658956e-01
1.664000000000001256e+00,nan,nan,nan,nan,nan,nan,nan,nan,nan,nan,nan,nan,nan,nan,nan,1.000000000000000056e-01,1.000000000000000056e-01,-3.490658503988658956e-01,-3.490658503988658956e-01
1.666000000000001258e+00,nan,nan,nan,nan,nan,nan,nan,nan,nan,nan,nan,nan,nan,nan,nan,1.000000000000000056e-01,1.000000000000000056e-01,-3.490658503988658956e-01,-3.490658503988658956e-01
1.668000000000001259e+00,nan,nan,nan,nan,nan,nan,nan,nan,nan,nan,nan,nan,nan,nan,nan,1.000000000000000056e-01,1.000000000000000056e-01,-3.490658503988658956e-01,-3.490658503988658956e-01
1.670000000000001261e+00,nan,nan,nan,nan,nan,nan,nan,nan,nan,nan,nan,nan,nan,nan,nan,1.000000000000000056e-01,1.000000000000000056e-01,-3.490658503988658956e-01,-3.490658503988658956e-01
1.672000000000001263e+00,nan,nan,nan,nan,nan,nan,nan,nan,nan,nan,nan,nan,nan,nan,nan,1.000000000000000056e-01,1.000000000000000056e-01,-3.490658503988658956e-01,-3.490658503988658956e-01
1.674000000000001265e+00,nan,nan,nan,nan,nan,nan,nan,nan,nan,nan,nan,nan,nan,nan,nan,1.000000000000000056e-01,1.000000000000000056e-01,-3.490658503988658956e-01,-3.490658503988658956e-01
1.676000000000001267e+00,nan,nan,nan,nan,nan,nan,nan,nan,nan,nan,nan,nan,nan,nan,nan,1.000000000000000056e-01,1.000000000000000056e-01,-3.490658503988658956e-01,-3.490658503988658956e-01
1.678000000000001268e+00,nan,nan,nan,nan,nan,nan,nan,nan,nan,nan,nan,nan,nan,nan,nan,1.000000000000000056e-01,1.000000000000000056e-01,-3.490658503988658956e-01,-3.490658503988658956e-01
1.680000000000001270e+00,nan,nan,nan,nan,nan,nan,nan,nan,nan,nan,nan,nan,nan,nan,nan,1.000000000000000056e-01,1.000000000000000056e-01,-3.490658503988658956e-01,-3.490658503988658956e-01
1.682000000000001272e+00,nan,nan,nan,nan,nan,nan,nan,nan,nan,nan,nan,nan,nan,nan,nan,1.000000000000000056e-01,1.000000000000000056e-01,-3.490658503988658956e-01,-3.490658503988658956e-01
1.684000000000001274e+00,nan,nan,nan,nan,nan,nan,nan,nan,nan,nan,nan,nan,nan,nan,nan,1.000000000000000056e-01,1.000000000000000056e-01,-3.490658503988658956e-01,-3.490658503988658956e-01
1.686000000000001275e+00,nan,nan,nan,nan,nan,nan,nan,nan,nan,nan,nan,nan,nan,nan,nan,1.000000000000000056e-01,1.000000000000000056e-01,-3.490658503988658956e-01,-3.490658503988658956e-01
1.688000000000001277e+00,nan,nan,nan,nan,nan,nan,nan,nan,nan,nan,nan,nan,nan,nan,nan,1.000000000000000056e-01,1.000000000000000056e-01,-3.490658503988658956e-01,-3.490658503988658956e-01
1.690000000000001279e+00,nan,nan,nan,nan,nan,nan,nan,nan,nan,nan,nan,nan,nan,nan,nan,1.000000000000000056e-01,1.000000000000000056e-01,-3.490658503988658956e-01,-3.490658503988658956e-01
1.692000000000001281e+00,nan,nan,nan,nan,nan,nan,nan,nan,nan,nan,nan,nan,nan,nan,nan,1.000000000000000056e-01,1.000000000000000056e-01,-3.490658503988658956e-01,-3.490658503988658956e-01
1.694000000000001283e+00,nan,nan,nan,nan,nan,nan,nan,nan,nan,nan,nan,nan,nan,nan,nan,1.000000000000000056e-01,1.000000000000000056e-01,-3.490658503988658956e-01,-3.490658503988658956e-01
1.696000000000001284e+00,nan,nan,nan,nan,nan,nan,nan,nan,nan,nan,nan,nan,nan,nan,nan,1.000000000000000056e-01,1.000000000000000056e-01,-3.490658503988658956e-01,-3.490658503988658956e-01
1.698000000000001286e+00,nan,nan,nan,nan,nan,nan,nan,nan,nan,nan,nan,nan,nan,nan,nan,1.000000000000000056e-01,1.000000000000000056e-01,-3.490658503988658956e-01,-3.490658503988658956e-01
1.700000000000001288e+00,nan,nan,nan,nan,nan,nan,nan,nan,nan,nan,nan,nan,nan,nan,nan,1.000000000000000056e-01,1.000000000000000056e-01,-3.490658503988658956e-01,-3.490658503988658956e-01
1.702000000000001290e+00,nan,nan,nan,nan,nan,nan,nan,nan,nan,nan,nan,nan,nan,nan,nan,1.000000000000000056e-01,1.000000000000000056e-01,-3.490658503988658956e-01,-3.490658503988658956e-01
1.704000000000001291e+00,nan,nan,nan,nan,nan,nan,nan,nan,nan,nan,nan,nan,nan,nan,nan,1.000000000000000056e-01,1.000000000000000056e-01,-3.490658503988658956e-01,-3.490658503988658956e-01
1.706000000000001293e+00,nan,nan,nan,nan,nan,nan,nan,nan,nan,nan,nan,nan,nan,nan,nan,1.000000000000000056e-01,1.000000000000000056e-01,-3.490658503988658956e-01,-3.490658503988658956e-01
1.708000000000001295e+00,nan,nan,nan,nan,nan,nan,nan,nan,nan,nan,nan,nan,nan,nan,nan,1.000000000000000056e-01,1.000000000000000056e-01,-3.490658503988658956e-01,-3.490658503988658956e-01
1.710000000000001297e+00,nan,nan,nan,nan,nan,nan,nan,nan,nan,nan,nan,nan,nan,nan,nan,1.000000000000000056e-01,1.000000000000000056e-01,-3.490658503988658956e-01,-3.490658503988658956e-01
1.712000000000001299e+00,nan,nan,nan,nan,nan,nan,nan,nan,nan,nan,nan,nan,nan,nan,nan,1.000000000000000056e-01,1.000000000000000056e-01,-3.490658503988658956e-01,-3.490658503988658956e-01
1.714000000000001300e+00,nan,nan,nan,nan,nan,nan,nan,nan,nan,nan,nan,nan,nan,nan,nan,1.000000000000000056e-01,1.000000000000000056e-01,-3.490658503988658956e-01,-3.490658503988658956e-01
1.716000000000001302e+00,nan,nan,nan,nan,nan,nan,nan,nan,nan,nan,nan,nan,nan,nan,nan,1.000000000000000056e-01,1.000000000000000056e-01,-3.490658503988658956e-01,-3.490658503988658956e-01
1.718000000000001304e+00,nan,nan,nan,nan,nan,nan,nan,nan,nan,nan,nan,nan,nan,nan,nan,1.000000000000000056e-01,1.000000000000000056e-01,-3.490658503988658956e-01,-3.490658503988658956e-01
1.720000000000001306e+00,nan,nan,nan,nan,nan,nan,nan,nan,nan,nan,nan,nan,nan,nan,nan,1.000000000000000056e-01,1.000000000000000056e-01,-3.490658503988658956e-01,-3.490658503988658956e-01
1.722000000000001307e+00,nan,nan,nan,nan,nan,nan,nan,nan,nan,nan,nan,nan,nan,nan,nan,1.000000000000000056e-01,1.000000000000000056e-01,-3.490658503988658956e-01,-3.490658503988658956e-01
1.724000000000001309e+00,nan,nan,nan,nan,nan,nan,nan,nan,nan,nan,nan,nan,nan,nan,nan,1.000000000000000056e-01,1.000000000000000056e-01,-3.490658503988658956e-01,-3.490658503988658956e-01
1.726000000000001311e+00,nan,nan,nan,nan,nan,nan,nan,nan,nan,nan,nan,nan,nan,nan,nan,1.000000000000000056e-01,1.000000000000000056e-01,-3.490658503988658956e-01,-3.490658503988658956e-01
1.728000000000001313e+00,nan,nan,nan,nan,nan,nan,nan,nan,nan,nan,nan,nan,nan,nan,nan,1.000000000000000056e-01,1.000000000000000056e-01,-3.490658503988658956e-01,-3.490658503988658956e-01
1.730000000000001315e+00,nan,nan,nan,nan,nan,nan,nan,nan,nan,nan,nan,nan,nan,nan,nan,1.000000000000000056e-01,1.000000000000000056e-01,-3.490658503988658956e-01,-3.490658503988658956e-01
1.732000000000001316e+00,nan,nan,nan,nan,nan,nan,nan,nan,nan,nan,nan,nan,nan,nan,nan,1.000000000000000056e-01,1.000000000000000056e-01,-3.490658503988658956e-01,-3.490658503988658956e-01
1.734000000000001318e+00,nan,nan,nan,nan,nan,nan,nan,nan,nan,nan,nan,nan,nan,nan,nan,1.000000000000000056e-01,1.000000000000000056e-01,-3.490658503988658956e-01,-3.490658503988658956e-01
1.736000000000001320e+00,nan,nan,nan,nan,nan,nan,nan,nan,nan,nan,nan,nan,nan,nan,nan,1.000000000000000056e-01,1.000000000000000056e-01,-3.490658503988658956e-01,-3.490658503988658956e-01
1.738000000000001322e+00,nan,nan,nan,nan,nan,nan,nan,nan,nan,nan,nan,nan,nan,nan,nan,1.000000000000000056e-01,1.000000000000000056e-01,-3.490658503988658956e-01,-3.490658503988658956e-01
1.740000000000001323e+00,nan,nan,nan,nan,nan,nan,nan,nan,nan,nan,nan,nan,nan,nan,nan,1.000000000000000056e-01,1.000000000000000056e-01,-3.490658503988658956e-01,-3.490658503988658956e-01
1.742000000000001325e+00,nan,nan,nan,nan,nan,nan,nan,nan,nan,nan,nan,nan,nan,nan,nan,1.000000000000000056e-01,1.000000000000000056e-01,-3.490658503988658956e-01,-3.490658503988658956e-01
1.744000000000001327e+00,nan,nan,nan,nan,nan,nan,nan,nan,nan,nan,nan,nan,nan,nan,nan,1.000000000000000056e-01,1.000000000000000056e-01,-3.490658503988658956e-01,-3.490658503988658956e-01
1.746000000000001329e+00,nan,nan,nan,nan,nan,nan,nan,nan,nan,nan,nan,nan,nan,nan,nan,1.000000000000000056e-01,1.000000000000000056e-01,-3.490658503988658956e-01,-3.490658503988658956e-01
1.748000000000001330e+00,nan,nan,nan,nan,nan,nan,nan,nan,nan,nan,nan,nan,nan,nan,nan,1.000000000000000056e-01,1.000000000000000056e-01,-3.490658503988658956e-01,-3.490658503988658956e-01
1.750000000000001332e+00,nan,nan,nan,nan,nan,nan,nan,nan,nan,nan,nan,nan,nan,nan,nan,1.000000000000000056e-01,1.000000000000000056e-01,-3.490658503988658956e-01,-3.490658503988658956e-01
1.752000000000001334e+00,nan,nan,nan,nan,nan,nan,nan,nan,nan,nan,nan,nan,nan,nan,nan,1.000000000000000056e-01,1.000000000000000056e-01,-3.490658503988658956e-01,-3.490658503988658956e-01
1.754000000000001336e+00,nan,nan,nan,nan,nan,nan,nan,nan,nan,nan,nan,nan,nan,nan,nan,1.000000000000000056e-01,1.000000000000000056e-01,-3.490658503988658956e-01,-3.490658503988658956e-01
1.756000000000001338e+00,nan,nan,nan,nan,nan,nan,nan,nan,nan,nan,nan,nan,nan,nan,nan,1.000000000000000056e-01,1.000000000000000056e-01,-3.490658503988658956e-01,-3.490658503988658956e-01
1.758000000000001339e+00,nan,nan,nan,nan,nan,nan,nan,nan,nan,nan,nan,nan,nan,nan,nan,1.000000000000000056e-01,1.000000000000000056e-01,-3.490658503988658956e-01,-3.490658503988658956e-01
1.760000000000001341e+00,nan,nan,nan,nan,nan,nan,nan,nan,nan,nan,nan,nan,nan,nan,nan,1.000000000000000056e-01,1.000000000000000056e-01,-3.490658503988658956e-01,-3.490658503988658956e-01
1.762000000000001343e+00,nan,nan,nan,nan,nan,nan,nan,nan,nan,nan,nan,nan,nan,nan,nan,1.000000000000000056e-01,1.000000000000000056e-01,-3.490658503988658956e-01,-3.490658503988658956e-01
1.764000000000001345e+00,nan,nan,nan,nan,nan,nan,nan,nan,nan,nan,nan,nan,nan,nan,nan,1.000000000000000056e-01,1.000000000000000056e-01,-3.490658503988658956e-01,-3.490658503988658956e-01
1.766000000000001346e+00,nan,nan,nan,nan,nan,nan,nan,nan,nan,nan,nan,nan,nan,nan,nan,1.000000000000000056e-01,1.000000000000000056e-01,-3.490658503988658956e-01,-3.490658503988658956e-01
1.768000000000001348e+00,nan,nan,nan,nan,nan,nan,nan,nan,nan,nan,nan,nan,nan,nan,nan,1.000000000000000056e-01,1.000000000000000056e-01,-3.490658503988658956e-01,-3.490658503988658956e-01
1.770000000000001350e+00,nan,nan,nan,nan,nan,nan,nan,nan,nan,nan,nan,nan,nan,nan,nan,1.000000000000000056e-01,1.000000000000000056e-01,-3.490658503988658956e-01,-3.490658503988658956e-01
1.772000000000001352e+00,nan,nan,nan,nan,nan,nan,nan,nan,nan,nan,nan,nan,nan,nan,nan,1.000000000000000056e-01,1.000000000000000056e-01,-3.490658503988658956e-01,-3.490658503988658956e-01
1.774000000000001354e+00,nan,nan,nan,nan,nan,nan,nan,nan,nan,nan,nan,nan,nan,nan,nan,1.000000000000000056e-01,1.000000000000000056e-01,-3.490658503988658956e-01,-3.490658503988658956e-01
1.776000000000001355e+00,nan,nan,nan,nan,nan,nan,nan,nan,nan,nan,nan,nan,nan,nan,nan,1.000000000000000056e-01,1.000000000000000056e-01,-3.490658503988658956e-01,-3.490658503988658956e-01
1.778000000000001357e+00,nan,nan,nan,nan,nan,nan,nan,nan,nan,nan,nan,nan,nan,nan,nan,1.000000000000000056e-01,1.000000000000000056e-01,-3.490658503988658956e-01,-3.490658503988658956e-01
1.780000000000001359e+00,nan,nan,nan,nan,nan,nan,nan,nan,nan,nan,nan,nan,nan,nan,nan,1.000000000000000056e-01,1.000000000000000056e-01,-3.490658503988658956e-01,-3.490658503988658956e-01
1.782000000000001361e+00,nan,nan,nan,nan,nan,nan,nan,nan,nan,nan,nan,nan,nan,nan,nan,1.000000000000000056e-01,1.000000000000000056e-01,-3.490658503988658956e-01,-3.490658503988658956e-01
1.784000000000001362e+00,nan,nan,nan,nan,nan,nan,nan,nan,nan,nan,nan,nan,nan,nan,nan,1.000000000000000056e-01,1.000000000000000056e-01,-3.490658503988658956e-01,-3.490658503988658956e-01
1.786000000000001364e+00,nan,nan,nan,nan,nan,nan,nan,nan,nan,nan,nan,nan,nan,nan,nan,1.000000000000000056e-01,1.000000000000000056e-01,-3.490658503988658956e-01,-3.490658503988658956e-01
1.788000000000001366e+00,nan,nan,nan,nan,nan,nan,nan,nan,nan,nan,nan,nan,nan,nan,nan,1.000000000000000056e-01,1.000000000000000056e-01,-3.490658503988658956e-01,-3.490658503988658956e-01
1.790000000000001368e+00,nan,nan,nan,nan,nan,nan,nan,nan,nan,nan,nan,nan,nan,nan,nan,1.000000000000000056e-01,1.000000000000000056e-01,-3.490658503988658956e-01,-3.490658503988658956e-01
1.792000000000001370e+00,nan,nan,nan,nan,nan,nan,nan,nan,nan,nan,nan,nan,nan,nan,nan,1.000000000000000056e-01,1.000000000000000056e-01,-3.490658503988658956e-01,-3.490658503988658956e-01
1.794000000000001371e+00,nan,nan,nan,nan,nan,nan,nan,nan,nan,nan,nan,nan,nan,nan,nan,1.000000000000000056e-01,1.000000000000000056e-01,-3.490658503988658956e-01,-3.490658503988658956e-01
1.796000000000001373e+00,nan,nan,nan,nan,nan,nan,nan,nan,nan,nan,nan,nan,nan,nan,nan,1.000000000000000056e-01,1.000000000000000056e-01,-3.490658503988658956e-01,-3.490658503988658956e-01
1.798000000000001375e+00,nan,nan,nan,nan,nan,nan,nan,nan,nan,nan,nan,nan,nan,nan,nan,1.000000000000000056e-01,1.000000000000000056e-01,-3.490658503988658956e-01,-3.490658503988658956e-01
1.800000000000001377e+00,nan,nan,nan,nan,nan,nan,nan,nan,nan,nan,nan,nan,nan,nan,nan,1.000000000000000056e-01,1.000000000000000056e-01,-3.490658503988658956e-01,-3.490658503988658956e-01
1.802000000000001378e+00,nan,nan,nan,nan,nan,nan,nan,nan,nan,nan,nan,nan,nan,nan,nan,1.000000000000000056e-01,1.000000000000000056e-01,-3.490658503988658956e-01,-3.490658503988658956e-01
1.804000000000001380e+00,nan,nan,nan,nan,nan,nan,nan,nan,nan,nan,nan,nan,nan,nan,nan,1.000000000000000056e-01,1.000000000000000056e-01,-3.490658503988658956e-01,-3.490658503988658956e-01
1.806000000000001382e+00,nan,nan,nan,nan,nan,nan,nan,nan,nan,nan,nan,nan,nan,nan,nan,1.000000000000000056e-01,1.000000000000000056e-01,-3.490658503988658956e-01,-3.490658503988658956e-01
1.808000000000001384e+00,nan,nan,nan,nan,nan,nan,nan,nan,nan,nan,nan,nan,nan,nan,nan,1.000000000000000056e-01,1.000000000000000056e-01,-3.490658503988658956e-01,-3.490658503988658956e-01
1.810000000000001386e+00,nan,nan,nan,nan,nan,nan,nan,nan,nan,nan,nan,nan,nan,nan,nan,1.000000000000000056e-01,1.000000000000000056e-01,-3.490658503988658956e-01,-3.490658503988658956e-01
1.812000000000001387e+00,nan,nan,nan,nan,nan,nan,nan,nan,nan,nan,nan,nan,nan,nan,nan,1.000000000000000056e-01,1.000000000000000056e-01,-3.490658503988658956e-01,-3.490658503988658956e-01
1.814000000000001389e+00,nan,nan,nan,nan,nan,nan,nan,nan,nan,nan,nan,nan,nan,nan,nan,1.000000000000000056e-01,1.000000000000000056e-01,-3.490658503988658956e-01,-3.490658503988658956e-01
1.816000000000001391e+00,nan,nan,nan,nan,nan,nan,nan,nan,nan,nan,nan,nan,nan,nan,nan,1.000000000000000056e-01,1.000000000000000056e-01,-3.490658503988658956e-01,-3.490658503988658956e-01
1.818000000000001393e+00,nan,nan,nan,nan,nan,nan,nan,nan,nan,nan,nan,nan,nan,nan,nan,1.000000000000000056e-01,1.000000000000000056e-01,-3.490658503988658956e-01,-3.490658503988658956e-01
1.820000000000001394e+00,nan,nan,nan,nan,nan,nan,nan,nan,nan,nan,nan,nan,nan,nan,nan,1.000000000000000056e-01,1.000000000000000056e-01,-3.490658503988658956e-01,-3.490658503988658956e-01
1.822000000000001396e+00,nan,nan,nan,nan,nan,nan,nan,nan,nan,nan,nan,nan,nan,nan,nan,1.000000000000000056e-01,1.000000000000000056e-01,-3.490658503988658956e-01,-3.490658503988658956e-01
1.824000000000001398e+00,nan,nan,nan,nan,nan,nan,nan,nan,nan,nan,nan,nan,nan,nan,nan,1.000000000000000056e-01,1.000000000000000056e-01,-3.490658503988658956e-01,-3.490658503988658956e-01
1.826000000000001400e+00,nan,nan,nan,nan,nan,nan,nan,nan,nan,nan,nan,nan,nan,nan,nan,1.000000000000000056e-01,1.000000000000000056e-01,-3.490658503988658956e-01,-3.490658503988658956e-01
1.828000000000001402e+00,nan,nan,nan,nan,nan,nan,nan,nan,nan,nan,nan,nan,nan,nan,nan,1.000000000000000056e-01,1.000000000000000056e-01,-3.490658503988658956e-01,-3.490658503988658956e-01
1.830000000000001403e+00,nan,nan,nan,nan,nan,nan,nan,nan,nan,nan,nan,nan,nan,nan,nan,1.000000000000000056e-01,1.000000000000000056e-01,-3.490658503988658956e-01,-3.490658503988658956e-01
1.832000000000001405e+00,nan,nan,nan,nan,nan,nan,nan,nan,nan,nan,nan,nan,nan,nan,nan,1.000000000000000056e-01,1.000000000000000056e-01,-3.490658503988658956e-01,-3.490658503988658956e-01
1.834000000000001407e+00,nan,nan,nan,nan,nan,nan,nan,nan,nan,nan,nan,nan,nan,nan,nan,1.000000000000000056e-01,1.000000000000000056e-01,-3.490658503988658956e-01,-3.490658503988658956e-01
1.836000000000001409e+00,nan,nan,nan,nan,nan,nan,nan,nan,nan,nan,nan,nan,nan,nan,nan,1.000000000000000056e-01,1.000000000000000056e-01,-3.490658503988658956e-01,-3.490658503988658956e-01
1.838000000000001410e+00,nan,nan,nan,nan,nan,nan,nan,nan,nan,nan,nan,nan,nan,nan,nan,1.000000000000000056e-01,1.000000000000000056e-01,-3.490658503988658956e-01,-3.490658503988658956e-01
1.840000000000001412e+00,nan,nan,nan,nan,nan,nan,nan,nan,nan,nan,nan,nan,nan,nan,nan,1.000000000000000056e-01,1.000000000000000056e-01,-3.490658503988658956e-01,-3.490658503988658956e-01
1.842000000000001414e+00,nan,nan,nan,nan,nan,nan,nan,nan,nan,nan,nan,nan,nan,nan,nan,1.000000000000000056e-01,1.000000000000000056e-01,-3.490658503988658956e-01,-3.490658503988658956e-01
1.844000000000001416e+00,nan,nan,nan,nan,nan,nan,nan,nan,nan,nan,nan,nan,nan,nan,nan,1.000000000000000056e-01,1.000000000000000056e-01,-3.490658503988658956e-01,-3.490658503988658956e-01
1.846000000000001418e+00,nan,nan,nan,nan,nan,nan,nan,nan,nan,nan,nan,nan,nan,nan,nan,1.000000000000000056e-01,1.000000000000000056e-01,-3.490658503988658956e-01,-3.490658503988658956e-01
1.848000000000001419e+00,nan,nan,nan,nan,nan,nan,nan,nan,nan,nan,nan,nan,nan,nan,nan,1.000000000000000056e-01,1.000000000000000056e-01,-3.490658503988658956e-01,-3.490658503988658956e-01
1.850000000000001421e+00,nan,nan,nan,nan,nan,nan,nan,nan,nan,nan,nan,nan,nan,nan,nan,1.000000000000000056e-01,1.000000000000000056e-01,-3.490658503988658956e-01,-3.490658503988658956e-01
1.852000000000001423e+00,nan,nan,nan,nan,nan,nan,nan,nan,nan,nan,nan,nan,nan,nan,nan,1.000000000000000056e-01,1.000000000000000056e-01,-3.490658503988658956e-01,-3.490658503988658956e-01
1.854000000000001425e+00,nan,nan,nan,nan,nan,nan,nan,nan,nan,nan,nan,nan,nan,nan,nan,1.000000000000000056e-01,1.000000000000000056e-01,-3.490658503988658956e-01,-3.490658503988658956e-01
1.856000000000001426e+00,nan,nan,nan,nan,nan,nan,nan,nan,nan,nan,nan,nan,nan,nan,nan,1.000000000000000056e-01,1.000000000000000056e-01,-3.490658503988658956e-01,-3.490658503988658956e-01
1.858000000000001428e+00,nan,nan,nan,nan,nan,nan,nan,nan,nan,nan,nan,nan,nan,nan,nan,1.000000000000000056e-01,1.000000000000000056e-01,-3.490658503988658956e-01,-3.490658503988658956e-01
1.860000000000001430e+00,nan,nan,nan,nan,nan,nan,nan,nan,nan,nan,nan,nan,nan,nan,nan,1.000000000000000056e-01,1.000000000000000056e-01,-3.490658503988658956e-01,-3.490658503988658956e-01
1.862000000000001432e+00,nan,nan,nan,nan,nan,nan,nan,nan,nan,nan,nan,nan,nan,nan,nan,1.000000000000000056e-01,1.000000000000000056e-01,-3.490658503988658956e-01,-3.490658503988658956e-01
1.864000000000001434e+00,nan,nan,nan,nan,nan,nan,nan,nan,nan,nan,nan,nan,nan,nan,nan,1.000000000000000056e-01,1.000000000000000056e-01,-3.490658503988658956e-01,-3.490658503988658956e-01
1.866000000000001435e+00,nan,nan,nan,nan,nan,nan,nan,nan,nan,nan,nan,nan,nan,nan,nan,1.000000000000000056e-01,1.000000000000000056e-01,-3.490658503988658956e-01,-3.490658503988658956e-01
1.868000000000001437e+00,nan,nan,nan,nan,nan,nan,nan,nan,nan,nan,nan,nan,nan,nan,nan,1.000000000000000056e-01,1.000000000000000056e-01,-3.490658503988658956e-01,-3.490658503988658956e-01
1.870000000000001439e+00,nan,nan,nan,nan,nan,nan,nan,nan,nan,nan,nan,nan,nan,nan,nan,1.000000000000000056e-01,1.000000000000000056e-01,-3.490658503988658956e-01,-3.490658503988658956e-01
1.872000000000001441e+00,nan,nan,nan,nan,nan,nan,nan,nan,nan,nan,nan,nan,nan,nan,nan,1.000000000000000056e-01,1.000000000000000056e-01,-3.490658503988658956e-01,-3.490658503988658956e-01
1.874000000000001442e+00,nan,nan,nan,nan,nan,nan,nan,nan,nan,nan,nan,nan,nan,nan,nan,1.000000000000000056e-01,1.000000000000000056e-01,-3.490658503988658956e-01,-3.490658503988658956e-01
1.876000000000001444e+00,nan,nan,nan,nan,nan,nan,nan,nan,nan,nan,nan,nan,nan,nan,nan,1.000000000000000056e-01,1.000000000000000056e-01,-3.490658503988658956e-01,-3.490658503988658956e-01
1.878000000000001446e+00,nan,nan,nan,nan,nan,nan,nan,nan,nan,nan,nan,nan,nan,nan,nan,1.000000000000000056e-01,1.000000000000000056e-01,-3.490658503988658956e-01,-3.490658503988658956e-01
1.880000000000001448e+00,nan,nan,nan,nan,nan,nan,nan,nan,nan,nan,nan,nan,nan,nan,nan,1.000000000000000056e-01,1.000000000000000056e-01,-3.490658503988658956e-01,-3.490658503988658956e-01
1.882000000000001450e+00,nan,nan,nan,nan,nan,nan,nan,nan,nan,nan,nan,nan,nan,nan,nan,1.000000000000000056e-01,1.000000000000000056e-01,-3.490658503988658956e-01,-3.490658503988658956e-01
1.884000000000001451e+00,nan,nan,nan,nan,nan,nan,nan,nan,nan,nan,nan,nan,nan,nan,nan,1.000000000000000056e-01,1.000000000000000056e-01,-3.490658503988658956e-01,-3.490658503988658956e-01
1.886000000000001453e+00,nan,nan,nan,nan,nan,nan,nan,nan,nan,nan,nan,nan,nan,nan,nan,1.000000000000000056e-01,1.000000000000000056e-01,-3.490658503988658956e-01,-3.490658503988658956e-01
1.888000000000001455e+00,nan,nan,nan,nan,nan,nan,nan,nan,nan,nan,nan,nan,nan,nan,nan,1.000000000000000056e-01,1.000000000000000056e-01,-3.490658503988658956e-01,-3.490658503988658956e-01
1.890000000000001457e+00,nan,nan,nan,nan,nan,nan,nan,nan,nan,nan,nan,nan,nan,nan,nan,1.000000000000000056e-01,1.000000000000000056e-01,-3.490658503988658956e-01,-3.490658503988658956e-01
1.892000000000001458e+00,nan,nan,nan,nan,nan,nan,nan,nan,nan,nan,nan,nan,nan,nan,nan,1.000000000000000056e-01,1.000000000000000056e-01,-3.490658503988658956e-01,-3.490658503988658956e-01
1.894000000000001460e+00,nan,nan,nan,nan,nan,nan,nan,nan,nan,nan,nan,nan,nan,nan,nan,1.000000000000000056e-01,1.000000000000000056e-01,-3.490658503988658956e-01,-3.490658503988658956e-01
1.896000000000001462e+00,nan,nan,nan,nan,nan,nan,nan,nan,nan,nan,nan,nan,nan,nan,nan,1.000000000000000056e-01,1.000000000000000056e-01,-3.490658503988658956e-01,-3.490658503988658956e-01
1.898000000000001464e+00,nan,nan,nan,nan,nan,nan,nan,nan,nan,nan,nan,nan,nan,nan,nan,1.000000000000000056e-01,1.000000000000000056e-01,-3.490658503988658956e-01,-3.490658503988658956e-01
1.900000000000001465e+00,nan,nan,nan,nan,nan,nan,nan,nan,nan,nan,nan,nan,nan,nan,nan,1.000000000000000056e-01,1.000000000000000056e-01,-3.490658503988658956e-01,-3.490658503988658956e-01
1.902000000000001467e+00,nan,nan,nan,nan,nan,nan,nan,nan,nan,nan,nan,nan,nan,nan,nan,1.000000000000000056e-01,1.000000000000000056e-01,-3.490658503988658956e-01,-3.490658503988658956e-01
1.904000000000001469e+00,nan,nan,nan,nan,nan,nan,nan,nan,nan,nan,nan,nan,nan,nan,nan,1.000000000000000056e-01,1.000000000000000056e-01,-3.490658503988658956e-01,-3.490658503988658956e-01
1.906000000000001471e+00,nan,nan,nan,nan,nan,nan,nan,nan,nan,nan,nan,nan,nan,nan,nan,1.000000000000000056e-01,1.000000000000000056e-01,-3.490658503988658956e-01,-3.490658503988658956e-01
1.908000000000001473e+00,nan,nan,nan,nan,nan,nan,nan,nan,nan,nan,nan,nan,nan,nan,nan,1.000000000000000056e-01,1.000000000000000056e-01,-3.490658503988658956e-01,-3.490658503988658956e-01
1.910000000000001474e+00,nan,nan,nan,nan,nan,nan,nan,nan,nan,nan,nan,nan,nan,nan,nan,1.000000000000000056e-01,1.000000000000000056e-01,-3.490658503988658956e-01,-3.490658503988658956e-01
1.912000000000001476e+00,nan,nan,nan,nan,nan,nan,nan,nan,nan,nan,nan,nan,nan,nan,nan,1.000000000000000056e-01,1.000000000000000056e-01,-3.490658503988658956e-01,-3.490658503988658956e-01
1.914000000000001478e+00,nan,nan,nan,nan,nan,nan,nan,nan,nan,nan,nan,nan,nan,nan,nan,1.000000000000000056e-01,1.000000000000000056e-01,-3.490658503988658956e-01,-3.490658503988658956e-01
1.916000000000001480e+00,nan,nan,nan,nan,nan,nan,nan,nan,nan,nan,nan,nan,nan,nan,nan,1.000000000000000056e-01,1.000000000000000056e-01,-3.490658503988658956e-01,-3.490658503988658956e-01
1.918000000000001481e+00,nan,nan,nan,nan,nan,nan,nan,nan,nan,nan,nan,nan,nan,nan,nan,1.000000000000000056e-01,1.000000000000000056e-01,-3.490658503988658956e-01,-3.490658503988658956e-01
1.920000000000001483e+00,nan,nan,nan,nan,nan,nan,nan,nan,nan,nan,nan,nan,nan,nan,nan,1.000000000000000056e-01,1.000000000000000056e-01,-3.490658503988658956e-01,-3.490658503988658956e-01
1.922000000000001485e+00,nan,nan,nan,nan,nan,nan,nan,nan,nan,nan,nan,nan,nan,nan,nan,1.000000000000000056e-01,1.000000000000000056e-01,-3.490658503988658956e-01,-3.490658503988658956e-01
1.924000000000001487e+00,nan,nan,nan,nan,nan,nan,nan,nan,nan,nan,nan,nan,nan,nan,nan,1.000000000000000056e-01,1.000000000000000056e-01,-3.490658503988658956e-01,-3.490658503988658956e-01
1.926000000000001489e+00,nan,nan,nan,nan,nan,nan,nan,nan,nan,nan,nan,nan,nan,nan,nan,1.000000000000000056e-01,1.000000000000000056e-01,-3.490658503988658956e-01,-3.490658503988658956e-01
1.928000000000001490e+00,nan,nan,nan,nan,nan,nan,nan,nan,nan,nan,nan,nan,nan,nan,nan,1.000000000000000056e-01,1.000000000000000056e-01,-3.490658503988658956e-01,-3.490658503988658956e-01
1.930000000000001492e+00,nan,nan,nan,nan,nan,nan,nan,nan,nan,nan,nan,nan,nan,nan,nan,1.000000000000000056e-01,1.000000000000000056e-01,-3.490658503988658956e-01,-3.490658503988658956e-01
1.932000000000001494e+00,nan,nan,nan,nan,nan,nan,nan,nan,nan,nan,nan,nan,nan,nan,nan,1.000000000000000056e-01,1.000000000000000056e-01,-3.490658503988658956e-01,-3.490658503988658956e-01
1.934000000000001496e+00,nan,nan,nan,nan,nan,nan,nan,nan,nan,nan,nan,nan,nan,nan,nan,1.000000000000000056e-01,1.000000000000000056e-01,-3.490658503988658956e-01,-3.490658503988658956e-01
1.936000000000001497e+00,nan,nan,nan,nan,nan,nan,nan,nan,nan,nan,nan,nan,nan,nan,nan,1.000000000000000056e-01,1.000000000000000056e-01,-3.490658503988658956e-01,-3.490658503988658956e-01
1.938000000000001499e+00,nan,nan,nan,nan,nan,nan,nan,nan,nan,nan,nan,nan,nan,nan,nan,1.000000000000000056e-01,1.000000000000000056e-01,-3.490658503988658956e-01,-3.490658503988658956e-01
1.940000000000001501e+00,nan,nan,nan,nan,nan,nan,nan,nan,nan,nan,nan,nan,nan,nan,nan,1.000000000000000056e-01,1.000000000000000056e-01,-3.490658503988658956e-01,-3.490658503988658956e-01
1.942000000000001503e+00,nan,nan,nan,nan,nan,nan,nan,nan,nan,nan,nan,nan,nan,nan,nan,1.000000000000000056e-01,1.000000000000000056e-01,-3.490658503988658956e-01,-3.490658503988658956e-01
1.944000000000001505e+00,nan,nan,nan,nan,nan,nan,nan,nan,nan,nan,nan,nan,nan,nan,nan,1.000000000000000056e-01,1.000000000000000056e-01,-3.490658503988658956e-01,-3.490658503988658956e-01
1.946000000000001506e+00,nan,nan,nan,nan,nan,nan,nan,nan,nan,nan,nan,nan,nan,nan,nan,1.000000000000000056e-01,1.000000000000000056e-01,-3.490658503988658956e-01,-3.490658503988658956e-01
1.948000000000001508e+00,nan,nan,nan,nan,nan,nan,nan,nan,nan,nan,nan,nan,nan,nan,nan,1.000000000000000056e-01,1.000000000000000056e-01,-3.490658503988658956e-01,-3.490658503988658956e-01
1.950000000000001510e+00,nan,nan,nan,nan,nan,nan,nan,nan,nan,nan,nan,nan,nan,nan,nan,1.000000000000000056e-01,1.000000000000000056e-01,-3.490658503988658956e-01,-3.490658503988658956e-01
1.952000000000001512e+00,nan,nan,nan,nan,nan,nan,nan,nan,nan,nan,nan,nan,nan,nan,nan,1.000000000000000056e-01,1.000000000000000056e-01,-3.490658503988658956e-01,-3.490658503988658956e-01
1.954000000000001513e+00,nan,nan,nan,nan,nan,nan,nan,nan,nan,nan,nan,nan,nan,nan,nan,1.000000000000000056e-01,1.000000000000000056e-01,-3.490658503988658956e-01,-3.490658503988658956e-01
1.956000000000001515e+00,nan,nan,nan,nan,nan,nan,nan,nan,nan,nan,nan,nan,nan,nan,nan,1.000000000000000056e-01,1.000000000000000056e-01,-3.490658503988658956e-01,-3.490658503988658956e-01
1.958000000000001517e+00,nan,nan,nan,nan,nan,nan,nan,nan,nan,nan,nan,nan,nan,nan,nan,1.000000000000000056e-01,1.000000000000000056e-01,-3.490658503988658956e-01,-3.490658503988658956e-01
1.960000000000001519e+00,nan,nan,nan,nan,nan,nan,nan,nan,nan,nan,nan,nan,nan,nan,nan,1.000000000000000056e-01,1.000000000000000056e-01,-3.490658503988658956e-01,-3.490658503988658956e-01
1.962000000000001521e+00,nan,nan,nan,nan,nan,nan,nan,nan,nan,nan,nan,nan,nan,nan,nan,1.000000000000000056e-01,1.000000000000000056e-01,-3.490658503988658956e-01,-3.490658503988658956e-01
1.964000000000001522e+00,nan,nan,nan,nan,nan,nan,nan,nan,nan,nan,nan,nan,nan,nan,nan,1.000000000000000056e-01,1.000000000000000056e-01,-3.490658503988658956e-01,-3.490658503988658956e-01
1.966000000000001524e+00,nan,nan,nan,nan,nan,nan,nan,nan,nan,nan,nan,nan,nan,nan,nan,1.000000000000000056e-01,1.000000000000000056e-01,-3.490658503988658956e-01,-3.490658503988658956e-01
1.968000000000001526e+00,nan,nan,nan,nan,nan,nan,nan,nan,nan,nan,nan,nan,nan,nan,nan,1.000000000000000056e-01,1.000000000000000056e-01,-3.490658503988658956e-01,-3.490658503988658956e-01
1.970000000000001528e+00,nan,nan,nan,nan,nan,nan,nan,nan,nan,nan,nan,nan,nan,nan,nan,1.000000000000000056e-01,1.000000000000000056e-01,-3.490658503988658956e-01,-3.490658503988658956e-01
1.972000000000001529e+00,nan,nan,nan,nan,nan,nan,nan,nan,nan,nan,nan,nan,nan,nan,nan,1.000000000000000056e-01,1.000000000000000056e-01,-3.490658503988658956e-01,-3.490658503988658956e-01
1.974000000000001531e+00,nan,nan,nan,nan,nan,nan,nan,nan,nan,nan,nan,nan,nan,nan,nan,1.000000000000000056e-01,1.000000000000000056e-01,-3.490658503988658956e-01,-3.490658503988658956e-01
1.976000000000001533e+00,nan,nan,nan,nan,nan,nan,nan,nan,nan,nan,nan,nan,nan,nan,nan,1.000000000000000056e-01,1.000000000000000056e-01,-3.490658503988658956e-01,-3.490658503988658956e-01
1.978000000000001535e+00,nan,nan,nan,nan,nan,nan,nan,nan,nan,nan,nan,nan,nan,nan,nan,1.000000000000000056e-01,1.000000000000000056e-01,-3.490658503988658956e-01,-3.490658503988658956e-01
1.980000000000001537e+00,nan,nan,nan,nan,nan,nan,nan,nan,nan,nan,nan,nan,nan,nan,nan,1.000000000000000056e-01,1.000000000000000056e-01,-3.490658503988658956e-01,-3.490658503988658956e-01
1.982000000000001538e+00,nan,nan,nan,nan,nan,nan,nan,nan,nan,nan,nan,nan,nan,nan,nan,1.000000000000000056e-01,1.000000000000000056e-01,-3.490658503988658956e-01,-3.490658503988658956e-01
1.984000000000001540e+00,nan,nan,nan,nan,nan,nan,nan,nan,nan,nan,nan,nan,nan,nan,nan,1.000000000000000056e-01,1.000000000000000056e-01,-3.490658503988658956e-01,-3.490658503988658956e-01
1.986000000000001542e+00,nan,nan,nan,nan,nan,nan,nan,nan,nan,nan,nan,nan,nan,nan,nan,1.000000000000000056e-01,1.000000000000000056e-01,-3.490658503988658956e-01,-3.490658503988658956e-01
1.988000000000001544e+00,nan,nan,nan,nan,nan,nan,nan,nan,nan,nan,nan,nan,nan,nan,nan,1.000000000000000056e-01,1.000000000000000056e-01,-3.490658503988658956e-01,-3.490658503988658956e-01
1.990000000000001545e+00,nan,nan,nan,nan,nan,nan,nan,nan,nan,nan,nan,nan,nan,nan,nan,1.000000000000000056e-01,1.000000000000000056e-01,-3.490658503988658956e-01,-3.490658503988658956e-01
1.992000000000001547e+00,nan,nan,nan,nan,nan,nan,nan,nan,nan,nan,nan,nan,nan,nan,nan,1.000000000000000056e-01,1.000000000000000056e-01,-3.490658503988658956e-01,-3.490658503988658956e-01
1.994000000000001549e+00,nan,nan,nan,nan,nan,nan,nan,nan,nan,nan,nan,nan,nan,nan,nan,1.000000000000000056e-01,1.000000000000000056e-01,-3.490658503988658956e-01,-3.490658503988658956e-01
1.996000000000001551e+00,nan,nan,nan,nan,nan,nan,nan,nan,nan,nan,nan,nan,nan,nan,nan,1.000000000000000056e-01,1.000000000000000056e-01,-3.490658503988658956e-01,-3.490658503988658956e-01
1.998000000000001553e+00,nan,nan,nan,nan,nan,nan,nan,nan,nan,nan,nan,nan,nan,nan,nan,1.000000000000000056e-01,1.000000000000000056e-01,-3.490658503988658956e-01,-3.490658503988658956e-01
2.000000000000001332e+00,nan,nan,nan,nan,nan,nan,nan,nan,nan,nan,nan,nan,nan,nan,nan,1.000000000000000056e-01,1.000000000000000056e-01,-3.490658503988658956e-01,-3.490658503988658956e-01
2.002000000000001112e+00,nan,nan,nan,nan,nan,nan,nan,nan,nan,nan,nan,nan,nan,nan,nan,1.000000000000000056e-01,1.000000000000000056e-01,-3.490658503988658956e-01,-3.490658503988658956e-01
2.004000000000000892e+00,nan,nan,nan,nan,nan,nan,nan,nan,nan,nan,nan,nan,nan,nan,nan,1.000000000000000056e-01,1.000000000000000056e-01,-3.490658503988658956e-01,-3.490658503988658956e-01
2.006000000000000671e+00,nan,nan,nan,nan,nan,nan,nan,nan,nan,nan,nan,nan,nan,nan,nan,1.000000000000000056e-01,1.000000000000000056e-01,-3.490658503988658956e-01,-3.490658503988658956e-01
2.008000000000000451e+00,nan,nan,nan,nan,nan,nan,nan,nan,nan,nan,nan,nan,nan,nan,nan,1.000000000000000056e-01,1.000000000000000056e-01,-3.490658503988658956e-01,-3.490658503988658956e-01
2.010000000000000231e+00,nan,nan,nan,nan,nan,nan,nan,nan,nan,nan,nan,nan,nan,nan,nan,1.000000000000000056e-01,1.000000000000000056e-01,-3.490658503988658956e-01,-3.490658503988658956e-01
2.012000000000000011e+00,nan,nan,nan,nan,nan,nan,nan,nan,nan,nan,nan,nan,nan,nan,nan,1.000000000000000056e-01,1.000000000000000056e-01,-3.490658503988658956e-01,-3.490658503988658956e-01
2.013999999999999790e+00,nan,nan,nan,nan,nan,nan,nan,nan,nan,nan,nan,nan,nan,nan,nan,1.000000000000000056e-01,1.000000000000000056e-01,-3.490658503988658956e-01,-3.490658503988658956e-01
2.015999999999999570e+00,nan,nan,nan,nan,nan,nan,nan,nan,nan,nan,nan,nan,nan,nan,nan,1.000000000000000056e-01,1.000000000000000056e-01,-3.490658503988658956e-01,-3.490658503988658956e-01
2.017999999999999350e+00,nan,nan,nan,nan,nan,nan,nan,nan,nan,nan,nan,nan,nan,nan,nan,1.000000000000000056e-01,1.000000000000000056e-01,-3.490658503988658956e-01,-3.490658503988658956e-01
2.019999999999999130e+00,nan,nan,nan,nan,nan,nan,nan,nan,nan,nan,nan,nan,nan,nan,nan,1.000000000000000056e-01,1.000000000000000056e-01,-3.490658503988658956e-01,-3.490658503988658956e-01
2.021999999999998909e+00,nan,nan,nan,nan,nan,nan,nan,nan,nan,nan,nan,nan,nan,nan,nan,1.000000000000000056e-01,1.000000000000000056e-01,-3.490658503988658956e-01,-3.490658503988658956e-01
2.023999999999998689e+00,nan,nan,nan,nan,nan,nan,nan,nan,nan,nan,nan,nan,nan,nan,nan,1.000000000000000056e-01,1.000000000000000056e-01,-3.490658503988658956e-01,-3.490658503988658956e-01
2.025999999999998469e+00,nan,nan,nan,nan,nan,nan,nan,nan,nan,nan,nan,nan,nan,nan,nan,1.000000000000000056e-01,1.000000000000000056e-01,-3.490658503988658956e-01,-3.490658503988658956e-01
2.027999999999998249e+00,nan,nan,nan,nan,nan,nan,nan,nan,nan,nan,nan,nan,nan,nan,nan,1.000000000000000056e-01,1.000000000000000056e-01,-3.490658503988658956e-01,-3.490658503988658956e-01
2.029999999999998028e+00,nan,nan,nan,nan,nan,nan,nan,nan,nan,nan,nan,nan,nan,nan,nan,1.000000000000000056e-01,1.000000000000000056e-01,-3.490658503988658956e-01,-3.490658503988658956e-01
2.031999999999997808e+00,nan,nan,nan,nan,nan,nan,nan,nan,nan,nan,nan,nan,nan,nan,nan,1.000000000000000056e-01,1.000000000000000056e-01,-3.490658503988658956e-01,-3.490658503988658956e-01
2.033999999999997588e+00,nan,nan,nan,nan,nan,nan,nan,nan,nan,nan,nan,nan,nan,nan,nan,1.000000000000000056e-01,1.000000000000000056e-01,-3.490658503988658956e-01,-3.490658503988658956e-01
2.035999999999997367e+00,nan,nan,nan,nan,nan,nan,nan,nan,nan,nan,nan,nan,nan,nan,nan,1.000000000000000056e-01,1.000000000000000056e-01,-3.490658503988658956e-01,-3.490658503988658956e-01
2.037999999999997147e+00,nan,nan,nan,nan,nan,nan,nan,nan,nan,nan,nan,nan,nan,nan,nan,1.000000000000000056e-01,1.000000000000000056e-01,-3.490658503988658956e-01,-3.490658503988658956e-01
2.039999999999996927e+00,nan,nan,nan,nan,nan,nan,nan,nan,nan,nan,nan,nan,nan,nan,nan,1.000000000000000056e-01,1.000000000000000056e-01,-3.490658503988658956e-01,-3.490658503988658956e-01
2.041999999999996707e+00,nan,nan,nan,nan,nan,nan,nan,nan,nan,nan,nan,nan,nan,nan,nan,1.000000000000000056e-01,1.000000000000000056e-01,-3.490658503988658956e-01,-3.490658503988658956e-01
2.043999999999996486e+00,nan,nan,nan,nan,nan,nan,nan,nan,nan,nan,nan,nan,nan,nan,nan,1.000000000000000056e-01,1.000000000000000056e-01,-3.490658503988658956e-01,-3.490658503988658956e-01
2.045999999999996266e+00,nan,nan,nan,nan,nan,nan,nan,nan,nan,nan,nan,nan,nan,nan,nan,1.000000000000000056e-01,1.000000000000000056e-01,-3.490658503988658956e-01,-3.490658503988658956e-01
2.047999999999996046e+00,nan,nan,nan,nan,nan,nan,nan,nan,nan,nan,nan,nan,nan,nan,nan,1.000000000000000056e-01,1.000000000000000056e-01,-3.490658503988658956e-01,-3.490658503988658956e-01
2.049999999999995826e+00,nan,nan,nan,nan,nan,nan,nan,nan,nan,nan,nan,nan,nan,nan,nan,1.000000000000000056e-01,1.000000000000000056e-01,-3.490658503988658956e-01,-3.490658503988658956e-01
2.051999999999995605e+00,nan,nan,nan,nan,nan,nan,nan,nan,nan,nan,nan,nan,nan,nan,nan,1.000000000000000056e-01,1.000000000000000056e-01,-3.490658503988658956e-01,-3.490658503988658956e-01
2.053999999999995385e+00,nan,nan,nan,nan,nan,nan,nan,nan,nan,nan,nan,nan,nan,nan,nan,1.000000000000000056e-01,1.000000000000000056e-01,-3.490658503988658956e-01,-3.490658503988658956e-01
2.055999999999995165e+00,nan,nan,nan,nan,nan,nan,nan,nan,nan,nan,nan,nan,nan,nan,nan,1.000000000000000056e-01,1.000000000000000056e-01,-3.490658503988658956e-01,-3.490658503988658956e-01
2.057999999999994944e+00,nan,nan,nan,nan,nan,nan,nan,nan,nan,nan,nan,nan,nan,nan,nan,1.000000000000000056e-01,1.000000000000000056e-01,-3.490658503988658956e-01,-3.490658503988658956e-01
2.059999999999994724e+00,nan,nan,nan,nan,nan,nan,nan,nan,nan,nan,nan,nan,nan,nan,nan,1.000000000000000056e-01,1.000000000000000056e-01,-3.490658503988658956e-01,-3.490658503988658956e-01
2.061999999999994504e+00,nan,nan,nan,nan,nan,nan,nan,nan,nan,nan,nan,nan,nan,nan,nan,1.000000000000000056e-01,1.000000000000000056e-01,-3.490658503988658956e-01,-3.490658503988658956e-01
2.063999999999994284e+00,nan,nan,nan,nan,nan,nan,nan,nan,nan,nan,nan,nan,nan,nan,nan,1.000000000000000056e-01,1.000000000000000056e-01,-3.490658503988658956e-01,-3.490658503988658956e-01
2.065999999999994063e+00,nan,nan,nan,nan,nan,nan,nan,nan,nan,nan,nan,nan,nan,nan,nan,1.000000000000000056e-01,1.000000000000000056e-01,-3.490658503988658956e-01,-3.490658503988658956e-01
2.067999999999993843e+00,nan,nan,nan,nan,nan,nan,nan,nan,nan,nan,nan,nan,nan,nan,nan,1.000000000000000056e-01,1.000000000000000056e-01,-3.490658503988658956e-01,-3.490658503988658956e-01
2.069999999999993623e+00,nan,nan,nan,nan,nan,nan,nan,nan,nan,nan,nan,nan,nan,nan,nan,1.000000000000000056e-01,1.000000000000000056e-01,-3.490658503988658956e-01,-3.490658503988658956e-01
2.071999999999993403e+00,nan,nan,nan,nan,nan,nan,nan,nan,nan,nan,nan,nan,nan,nan,nan,1.000000000000000056e-01,1.000000000000000056e-01,-3.490658503988658956e-01,-3.490658503988658956e-01
2.073999999999993182e+00,nan,nan,nan,nan,nan,nan,nan,nan,nan,nan,nan,nan,nan,nan,nan,1.000000000000000056e-01,1.000000000000000056e-01,-3.490658503988658956e-01,-3.490658503988658956e-01
2.075999999999992962e+00,nan,nan,nan,nan,nan,nan,nan,nan,nan,nan,nan,nan,nan,nan,nan,1.000000000000000056e-01,1.000000000000000056e-01,-3.490658503988658956e-01,-3.490658503988658956e-01
2.077999999999992742e+00,nan,nan,nan,nan,nan,nan,nan,nan,nan,nan,nan,nan,nan,nan,nan,1.000000000000000056e-01,1.000000000000000056e-01,-3.490658503988658956e-01,-3.490658503988658956e-01
2.079999999999992522e+00,nan,nan,nan,nan,nan,nan,nan,nan,nan,nan,nan,nan,nan,nan,nan,1.000000000000000056e-01,1.000000000000000056e-01,-3.490658503988658956e-01,-3.490658503988658956e-01
2.081999999999992301e+00,nan,nan,nan,nan,nan,nan,nan,nan,nan,nan,nan,nan,nan,nan,nan,1.000000000000000056e-01,1.000000000000000056e-01,-3.490658503988658956e-01,-3.490658503988658956e-01
2.083999999999992081e+00,nan,nan,nan,nan,nan,nan,nan,nan,nan,nan,nan,nan,nan,nan,nan,1.000000000000000056e-01,1.000000000000000056e-01,-3.490658503988658956e-01,-3.490658503988658956e-01
2.085999999999991861e+00,nan,nan,nan,nan,nan,nan,nan,nan,nan,nan,nan,nan,nan,nan,nan,1.000000000000000056e-01,1.000000000000000056e-01,-3.490658503988658956e-01,-3.490658503988658956e-01
2.087999999999991640e+00,nan,nan,nan,nan,nan,nan,nan,nan,nan,nan,nan,nan,nan,nan,nan,1.000000000000000056e-01,1.000000000000000056e-01,-3.490658503988658956e-01,-3.490658503988658956e-01
2.089999999999991420e+00,nan,nan,nan,nan,nan,nan,nan,nan,nan,nan,nan,nan,nan,nan,nan,1.000000000000000056e-01,1.000000000000000056e-01,-3.490658503988658956e-01,-3.490658503988658956e-01
2.091999999999991200e+00,nan,nan,nan,nan,nan,nan,nan,nan,nan,nan,nan,nan,nan,nan,nan,1.000000000000000056e-01,1.000000000000000056e-01,-3.490658503988658956e-01,-3.490658503988658956e-01
2.093999999999990980e+00,nan,nan,nan,nan,nan,nan,nan,nan,nan,nan,nan,nan,nan,nan,nan,1.000000000000000056e-01,1.000000000000000056e-01,-3.490658503988658956e-01,-3.490658503988658956e-01
2.095999999999990759e+00,nan,nan,nan,nan,nan,nan,nan,nan,nan,nan,nan,nan,nan,nan,nan,1.000000000000000056e-01,1.000000000000000056e-01,-3.490658503988658956e-01,-3.490658503988658956e-01
2.097999999999990539e+00,nan,nan,nan,nan,nan,nan,nan,nan,nan,nan,nan,nan,nan,nan,nan,1.000000000000000056e-01,1.000000000000000056e-01,-3.490658503988658956e-01,-3.490658503988658956e-01
2.099999999999990319e+00,nan,nan,nan,nan,nan,nan,nan,nan,nan,nan,nan,nan,nan,nan,nan,1.000000000000000056e-01,1.000000000000000056e-01,-3.490658503988658956e-01,-3.490658503988658956e-01
2.101999999999990099e+00,nan,nan,nan,nan,nan,nan,nan,nan,nan,nan,nan,nan,nan,nan,nan,1.000000000000000056e-01,1.000000000000000056e-01,-3.490658503988658956e-01,-3.490658503988658956e-01
2.103999999999989878e+00,nan,nan,nan,nan,nan,nan,nan,nan,nan,nan,nan,nan,nan,nan,nan,1.000000000000000056e-01,1.000000000000000056e-01,-3.490658503988658956e-01,-3.490658503988658956e-01
2.105999999999989658e+00,nan,nan,nan,nan,nan,nan,nan,nan,nan,nan,nan,nan,nan,nan,nan,1.000000000000000056e-01,1.000000000000000056e-01,-3.490658503988658956e-01,-3.490658503988658956e-01
2.107999999999989438e+00,nan,nan,nan,nan,nan,nan,nan,nan,nan,nan,nan,nan,nan,nan,nan,1.000000000000000056e-01,1.000000000000000056e-01,-3.490658503988658956e-01,-3.490658503988658956e-01
2.109999999999989218e+00,nan,nan,nan,nan,nan,nan,nan,nan,nan,nan,nan,nan,nan,nan,nan,1.000000000000000056e-01,1.000000000000000056e-01,-3.490658503988658956e-01,-3.490658503988658956e-01
2.111999999999988997e+00,nan,nan,nan,nan,nan,nan,nan,nan,nan,nan,nan,nan,nan,nan,nan,1.000000000000000056e-01,1.000000000000000056e-01,-3.490658503988658956e-01,-3.490658503988658956e-01
2.113999999999988777e+00,nan,nan,nan,nan,nan,nan,nan,nan,nan,nan,nan,nan,nan,nan,nan,1.000000000000000056e-01,1.000000000000000056e-01,-3.490658503988658956e-01,-3.490658503988658956e-01
2.115999999999988557e+00,nan,nan,nan,nan,nan,nan,nan,nan,nan,nan,nan,nan,nan,nan,nan,1.000000000000000056e-01,1.000000000000000056e-01,-3.490658503988658956e-01,-3.490658503988658956e-01
2.117999999999988336e+00,nan,nan,nan,nan,nan,nan,nan,nan,nan,nan,nan,nan,nan,nan,nan,1.000000000000000056e-01,1.000000000000000056e-01,-3.490658503988658956e-01,-3.490658503988658956e-01
2.119999999999988116e+00,nan,nan,nan,nan,nan,nan,nan,nan,nan,nan,nan,nan,nan,nan,nan,1.000000000000000056e-01,1.000000000000000056e-01,-3.490658503988658956e-01,-3.490658503988658956e-01
2.121999999999987896e+00,nan,nan,nan,nan,nan,nan,nan,nan,nan,nan,nan,nan,nan,nan,nan,1.000000000000000056e-01,1.000000000000000056e-01,-3.490658503988658956e-01,-3.490658503988658956e-01
2.123999999999987676e+00,nan,nan,nan,nan,nan,nan,nan,nan,nan,nan,nan,nan,nan,nan,nan,1.000000000000000056e-01,1.000000000000000056e-01,-3.490658503988658956e-01,-3.490658503988658956e-01
2.125999999999987455e+00,nan,nan,nan,nan,nan,nan,nan,nan,nan,nan,nan,nan,nan,nan,nan,1.000000000000000056e-01,1.000000000000000056e-01,-3.490658503988658956e-01,-3.490658503988658956e-01
2.127999999999987235e+00,nan,nan,nan,nan,nan,nan,nan,nan,nan,nan,nan,nan,nan,nan,nan,1.000000000000000056e-01,1.000000000000000056e-01,-3.490658503988658956e-01,-3.490658503988658956e-01
2.129999999999987015e+00,nan,nan,nan,nan,nan,nan,nan,nan,nan,nan,nan,nan,nan,nan,nan,1.000000000000000056e-01,1.000000000000000056e-01,-3.490658503988658956e-01,-3.490658503988658956e-01
2.131999999999986795e+00,nan,nan,nan,nan,nan,nan,nan,nan,nan,nan,nan,nan,nan,nan,nan,1.000000000000000056e-01,1.000000000000000056e-01,-3.490658503988658956e-01,-3.490658503988658956e-01
2.133999999999986574e+00,nan,nan,nan,nan,nan,nan,nan,nan,nan,nan,nan,nan,nan,nan,nan,1.000000000000000056e-01,1.000000000000000056e-01,-3.490658503988658956e-01,-3.490658503988658956e-01
2.135999999999986354e+00,nan,nan,nan,nan,nan,nan,nan,nan,nan,nan,nan,nan,nan,nan,nan,1.000000000000000056e-01,1.000000000000000056e-01,-3.490658503988658956e-01,-3.490658503988658956e-01
2.137999999999986134e+00,nan,nan,nan,nan,nan,nan,nan,nan,nan,nan,nan,nan,nan,nan,nan,1.000000000000000056e-01,1.000000000000000056e-01,-3.490658503988658956e-01,-3.490658503988658956e-01
2.139999999999985913e+00,nan,nan,nan,nan,nan,nan,nan,nan,nan,nan,nan,nan,nan,nan,nan,1.000000000000000056e-01,1.000000000000000056e-01,-3.490658503988658956e-01,-3.490658503988658956e-01
2.141999999999985693e+00,nan,nan,nan,nan,nan,nan,nan,nan,nan,nan,nan,nan,nan,nan,nan,1.000000000000000056e-01,1.000000000000000056e-01,-3.490658503988658956e-01,-3.490658503988658956e-01
2.143999999999985473e+00,nan,nan,nan,nan,nan,nan,nan,nan,nan,nan,nan,nan,nan,nan,nan,1.000000000000000056e-01,1.000000000000000056e-01,-3.490658503988658956e-01,-3.490658503988658956e-01
2.145999999999985253e+00,nan,nan,nan,nan,nan,nan,nan,nan,nan,nan,nan,nan,nan,nan,nan,1.000000000000000056e-01,1.000000000000000056e-01,-3.490658503988658956e-01,-3.490658503988658956e-01
2.147999999999985032e+00,nan,nan,nan,nan,nan,nan,nan,nan,nan,nan,nan,nan,nan,nan,nan,1.000000000000000056e-01,1.000000000000000056e-01,-3.490658503988658956e-01,-3.490658503988658956e-01
2.149999999999984812e+00,nan,nan,nan,nan,nan,nan,nan,nan,nan,nan,nan,nan,nan,nan,nan,1.000000000000000056e-01,1.000000000000000056e-01,-3.490658503988658956e-01,-3.490658503988658956e-01
2.151999999999984592e+00,nan,nan,nan,nan,nan,nan,nan,nan,nan,nan,nan,nan,nan,nan,nan,1.000000000000000056e-01,1.000000000000000056e-01,-3.490658503988658956e-01,-3.490658503988658956e-01
2.153999999999984372e+00,nan,nan,nan,nan,nan,nan,nan,nan,nan,nan,nan,nan,nan,nan,nan,1.000000000000000056e-01,1.000000000000000056e-01,-3.490658503988658956e-01,-3.490658503988658956e-01
2.155999999999984151e+00,nan,nan,nan,nan,nan,nan,nan,nan,nan,nan,nan,nan,nan,nan,nan,1.000000000000000056e-01,1.000000000000000056e-01,-3.490658503988658956e-01,-3.490658503988658956e-01
2.157999999999983931e+00,nan,nan,nan,nan,nan,nan,nan,nan,nan,nan,nan,nan,nan,nan,nan,1.000000000000000056e-01,1.000000000000000056e-01,-3.490658503988658956e-01,-3.490658503988658956e-01
2.159999999999983711e+00,nan,nan,nan,nan,nan,nan,nan,nan,nan,nan,nan,nan,nan,nan,nan,1.000000000000000056e-01,1.000000000000000056e-01,-3.490658503988658956e-01,-3.490658503988658956e-01
2.161999999999983491e+00,nan,nan,nan,nan,nan,nan,nan,nan,nan,nan,nan,nan,nan,nan,nan,1.000000000000000056e-01,1.000000000000000056e-01,-3.490658503988658956e-01,-3.490658503988658956e-01
2.163999999999983270e+00,nan,nan,nan,nan,nan,nan,nan,nan,nan,nan,nan,nan,nan,nan,nan,1.000000000000000056e-01,1.000000000000000056e-01,-3.490658503988658956e-01,-3.490658503988658956e-01
2.165999999999983050e+00,nan,nan,nan,nan,nan,nan,nan,nan,nan,nan,nan,nan,nan,nan,nan,1.000000000000000056e-01,1.000000000000000056e-01,-3.490658503988658956e-01,-3.490658503988658956e-01
2.167999999999982830e+00,nan,nan,nan,nan,nan,nan,nan,nan,nan,nan,nan,nan,nan,nan,nan,1.000000000000000056e-01,1.000000000000000056e-01,-3.490658503988658956e-01,-3.490658503988658956e-01
2.169999999999982609e+00,nan,nan,nan,nan,nan,nan,nan,nan,nan,nan,nan,nan,nan,nan,nan,1.000000000000000056e-01,1.000000000000000056e-01,-3.490658503988658956e-01,-3.490658503988658956e-01
2.171999999999982389e+00,nan,nan,nan,nan,nan,nan,nan,nan,nan,nan,nan,nan,nan,nan,nan,1.000000000000000056e-01,1.000000000000000056e-01,-3.490658503988658956e-01,-3.490658503988658956e-01
2.173999999999982169e+00,nan,nan,nan,nan,nan,nan,nan,nan,nan,nan,nan,nan,nan,nan,nan,1.000000000000000056e-01,1.000000000000000056e-01,-3.490658503988658956e-01,-3.490658503988658956e-01
2.175999999999981949e+00,nan,nan,nan,nan,nan,nan,nan,nan,nan,nan,nan,nan,nan,nan,nan,1.000000000000000056e-01,1.000000000000000056e-01,-3.490658503988658956e-01,-3.490658503988658956e-01
2.177999999999981728e+00,nan,nan,nan,nan,nan,nan,nan,nan,nan,nan,nan,nan,nan,nan,nan,1.000000000000000056e-01,1.000000000000000056e-01,-3.490658503988658956e-01,-3.490658503988658956e-01
2.179999999999981508e+00,nan,nan,nan,nan,nan,nan,nan,nan,nan,nan,nan,nan,nan,nan,nan,1.000000000000000056e-01,1.000000000000000056e-01,-3.490658503988658956e-01,-3.490658503988658956e-01
2.181999999999981288e+00,nan,nan,nan,nan,nan,nan,nan,nan,nan,nan,nan,nan,nan,nan,nan,1.000000000000000056e-01,1.000000000000000056e-01,-3.490658503988658956e-01,-3.490658503988658956e-01
2.183999999999981068e+00,nan,nan,nan,nan,nan,nan,nan,nan,nan,nan,nan,nan,nan,nan,nan,1.000000000000000056e-01,1.000000000000000056e-01,-3.490658503988658956e-01,-3.490658503988658956e-01
2.185999999999980847e+00,nan,nan,nan,nan,nan,nan,nan,nan,nan,nan,nan,nan,nan,nan,nan,1.000000000000000056e-01,1.000000000000000056e-01,-3.490658503988658956e-01,-3.490658503988658956e-01
2.187999999999980627e+00,nan,nan,nan,nan,nan,nan,nan,nan,nan,nan,nan,nan,nan,nan,nan,1.000000000000000056e-01,1.000000000000000056e-01,-3.490658503988658956e-01,-3.490658503988658956e-01
2.189999999999980407e+00,nan,nan,nan,nan,nan,nan,nan,nan,nan,nan,nan,nan,nan,nan,nan,1.000000000000000056e-01,1.000000000000000056e-01,-3.490658503988658956e-01,-3.490658503988658956e-01
2.191999999999980187e+00,nan,nan,nan,nan,nan,nan,nan,nan,nan,nan,nan,nan,nan,nan,nan,1.000000000000000056e-01,1.000000000000000056e-01,-3.490658503988658956e-01,-3.490658503988658956e-01
2.193999999999979966e+00,nan,nan,nan,nan,nan,nan,nan,nan,nan,nan,nan,nan,nan,nan,nan,1.000000000000000056e-01,1.000000000000000056e-01,-3.490658503988658956e-01,-3.490658503988658956e-01
2.195999999999979746e+00,nan,nan,nan,nan,nan,nan,nan,nan,nan,nan,nan,nan,nan,nan,nan,1.000000000000000056e-01,1.000000000000000056e-01,-3.490658503988658956e-01,-3.490658503988658956e-01
2.197999999999979526e+00,nan,nan,nan,nan,nan,nan,nan,nan,nan,nan,nan,nan,nan,nan,nan,1.000000000000000056e-01,1.000000000000000056e-01,-3.490658503988658956e-01,-3.490658503988658956e-01
2.199999999999979305e+00,nan,nan,nan,nan,nan,nan,nan,nan,nan,nan,nan,nan,nan,nan,nan,1.000000000000000056e-01,1.000000000000000056e-01,-3.490658503988658956e-01,-3.490658503988658956e-01
2.201999999999979085e+00,nan,nan,nan,nan,nan,nan,nan,nan,nan,nan,nan,nan,nan,nan,nan,1.000000000000000056e-01,1.000000000000000056e-01,-3.490658503988658956e-01,-3.490658503988658956e-01
2.203999999999978865e+00,nan,nan,nan,nan,nan,nan,nan,nan,nan,nan,nan,nan,nan,nan,nan,1.000000000000000056e-01,1.000000000000000056e-01,-3.490658503988658956e-01,-3.490658503988658956e-01
2.205999999999978645e+00,nan,nan,nan,nan,nan,nan,nan,nan,nan,nan,nan,nan,nan,nan,nan,1.000000000000000056e-01,1.000000000000000056e-01,-3.490658503988658956e-01,-3.490658503988658956e-01
2.207999999999978424e+00,nan,nan,nan,nan,nan,nan,nan,nan,nan,nan,nan,nan,nan,nan,nan,1.000000000000000056e-01,1.000000000000000056e-01,-3.490658503988658956e-01,-3.490658503988658956e-01
2.209999999999978204e+00,nan,nan,nan,nan,nan,nan,nan,nan,nan,nan,nan,nan,nan,nan,nan,1.000000000000000056e-01,1.000000000000000056e-01,-3.490658503988658956e-01,-3.490658503988658956e-01
2.211999999999977984e+00,nan,nan,nan,nan,nan,nan,nan,nan,nan,nan,nan,nan,nan,nan,nan,1.000000000000000056e-01,1.000000000000000056e-01,-3.490658503988658956e-01,-3.490658503988658956e-01
2.213999999999977764e+00,nan,nan,nan,nan,nan,nan,nan,nan,nan,nan,nan,nan,nan,nan,nan,1.000000000000000056e-01,1.000000000000000056e-01,-3.490658503988658956e-01,-3.490658503988658956e-01
2.215999999999977543e+00,nan,nan,nan,nan,nan,nan,nan,nan,nan,nan,nan,nan,nan,nan,nan,1.000000000000000056e-01,1.000000000000000056e-01,-3.490658503988658956e-01,-3.490658503988658956e-01
2.217999999999977323e+00,nan,nan,nan,nan,nan,nan,nan,nan,nan,nan,nan,nan,nan,nan,nan,1.000000000000000056e-01,1.000000000000000056e-01,-3.490658503988658956e-01,-3.490658503988658956e-01
2.219999999999977103e+00,nan,nan,nan,nan,nan,nan,nan,nan,nan,nan,nan,nan,nan,nan,nan,1.000000000000000056e-01,1.000000000000000056e-01,-3.490658503988658956e-01,-3.490658503988658956e-01
2.221999999999976882e+00,nan,nan,nan,nan,nan,nan,nan,nan,nan,nan,nan,nan,nan,nan,nan,1.000000000000000056e-01,1.000000000000000056e-01,-3.490658503988658956e-01,-3.490658503988658956e-01
2.223999999999976662e+00,nan,nan,nan,nan,nan,nan,nan,nan,nan,nan,nan,nan,nan,nan,nan,1.000000000000000056e-01,1.000000000000000056e-01,-3.490658503988658956e-01,-3.490658503988658956e-01
2.225999999999976442e+00,nan,nan,nan,nan,nan,nan,nan,nan,nan,nan,nan,nan,nan,nan,nan,1.000000000000000056e-01,1.000000000000000056e-01,-3.490658503988658956e-01,-3.490658503988658956e-01
2.227999999999976222e+00,nan,nan,nan,nan,nan,nan,nan,nan,nan,nan,nan,nan,nan,nan,nan,1.000000000000000056e-01,1.000000000000000056e-01,-3.490658503988658956e-01,-3.490658503988658956e-01
2.229999999999976001e+00,nan,nan,nan,nan,nan,nan,nan,nan,nan,nan,nan,nan,nan,nan,nan,1.000000000000000056e-01,1.000000000000000056e-01,-3.490658503988658956e-01,-3.490658503988658956e-01
2.231999999999975781e+00,nan,nan,nan,nan,nan,nan,nan,nan,nan,nan,nan,nan,nan,nan,nan,1.000000000000000056e-01,1.000000000000000056e-01,-3.490658503988658956e-01,-3.490658503988658956e-01
2.233999999999975561e+00,nan,nan,nan,nan,nan,nan,nan,nan,nan,nan,nan,nan,nan,nan,nan,1.000000000000000056e-01,1.000000000000000056e-01,-3.490658503988658956e-01,-3.490658503988658956e-01
2.235999999999975341e+00,nan,nan,nan,nan,nan,nan,nan,nan,nan,nan,nan,nan,nan,nan,nan,1.000000000000000056e-01,1.000000000000000056e-01,-3.490658503988658956e-01,-3.490658503988658956e-01
2.237999999999975120e+00,nan,nan,nan,nan,nan,nan,nan,nan,nan,nan,nan,nan,nan,nan,nan,1.000000000000000056e-01,1.000000000000000056e-01,-3.490658503988658956e-01,-3.490658503988658956e-01
2.239999999999974900e+00,nan,nan,nan,nan,nan,nan,nan,nan,nan,nan,nan,nan,nan,nan,nan,1.000000000000000056e-01,1.000000000000000056e-01,-3.490658503988658956e-01,-3.490658503988658956e-01
2.241999999999974680e+00,nan,nan,nan,nan,nan,nan,nan,nan,nan,nan,nan,nan,nan,nan,nan,1.000000000000000056e-01,1.000000000000000056e-01,-3.490658503988658956e-01,-3.490658503988658956e-01
2.243999999999974460e+00,nan,nan,nan,nan,nan,nan,nan,nan,nan,nan,nan,nan,nan,nan,nan,1.000000000000000056e-01,1.000000000000000056e-01,-3.490658503988658956e-01,-3.490658503988658956e-01
2.245999999999974239e+00,nan,nan,nan,nan,nan,nan,nan,nan,nan,nan,nan,nan,nan,nan,nan,1.000000000000000056e-01,1.000000000000000056e-01,-3.490658503988658956e-01,-3.490658503988658956e-01
2.247999999999974019e+00,nan,nan,nan,nan,nan,nan,nan,nan,nan,nan,nan,nan,nan,nan,nan,1.000000000000000056e-01,1.000000000000000056e-01,-3.490658503988658956e-01,-3.490658503988658956e-01
2.249999999999973799e+00,nan,nan,nan,nan,nan,nan,nan,nan,nan,nan,nan,nan,nan,nan,nan,1.000000000000000056e-01,1.000000000000000056e-01,-3.490658503988658956e-01,-3.490658503988658956e-01
2.251999999999973578e+00,nan,nan,nan,nan,nan,nan,nan,nan,nan,nan,nan,nan,nan,nan,nan,1.000000000000000056e-01,1.000000000000000056e-01,-3.490658503988658956e-01,-3.490658503988658956e-01
2.253999999999973358e+00,nan,nan,nan,nan,nan,nan,nan,nan,nan,nan,nan,nan,nan,nan,nan,1.000000000000000056e-01,1.000000000000000056e-01,-3.490658503988658956e-01,-3.490658503988658956e-01
2.255999999999973138e+00,nan,nan,nan,nan,nan,nan,nan,nan,nan,nan,nan,nan,nan,nan,nan,1.000000000000000056e-01,1.000000000000000056e-01,-3.490658503988658956e-01,-3.490658503988658956e-01
2.257999999999972918e+00,nan,nan,nan,nan,nan,nan,nan,nan,nan,nan,nan,nan,nan,nan,nan,1.000000000000000056e-01,1.000000000000000056e-01,-3.490658503988658956e-01,-3.490658503988658956e-01
2.259999999999972697e+00,nan,nan,nan,nan,nan,nan,nan,nan,nan,nan,nan,nan,nan,nan,nan,1.000000000000000056e-01,1.000000000000000056e-01,-3.490658503988658956e-01,-3.490658503988658956e-01
2.261999999999972477e+00,nan,nan,nan,nan,nan,nan,nan,nan,nan,nan,nan,nan,nan,nan,nan,1.000000000000000056e-01,1.000000000000000056e-01,-3.490658503988658956e-01,-3.490658503988658956e-01
2.263999999999972257e+00,nan,nan,nan,nan,nan,nan,nan,nan,nan,nan,nan,nan,nan,nan,nan,1.000000000000000056e-01,1.000000000000000056e-01,-3.490658503988658956e-01,-3.490658503988658956e-01
2.265999999999972037e+00,nan,nan,nan,nan,nan,nan,nan,nan,nan,nan,nan,nan,nan,nan,nan,1.000000000000000056e-01,1.000000000000000056e-01,-3.490658503988658956e-01,-3.490658503988658956e-01
2.267999999999971816e+00,nan,nan,nan,nan,nan,nan,nan,nan,nan,nan,nan,nan,nan,nan,nan,1.000000000000000056e-01,1.000000000000000056e-01,-3.490658503988658956e-01,-3.490658503988658956e-01
2.269999999999971596e+00,nan,nan,nan,nan,nan,nan,nan,nan,nan,nan,nan,nan,nan,nan,nan,1.000000000000000056e-01,1.000000000000000056e-01,-3.490658503988658956e-01,-3.490658503988658956e-01
2.271999999999971376e+00,nan,nan,nan,nan,nan,nan,nan,nan,nan,nan,nan,nan,nan,nan,nan,1.000000000000000056e-01,1.000000000000000056e-01,-3.490658503988658956e-01,-3.490658503988658956e-01
2.273999999999971156e+00,nan,nan,nan,nan,nan,nan,nan,nan,nan,nan,nan,nan,nan,nan,nan,1.000000000000000056e-01,1.000000000000000056e-01,-3.490658503988658956e-01,-3.490658503988658956e-01
2.275999999999970935e+00,nan,nan,nan,nan,nan,nan,nan,nan,nan,nan,nan,nan,nan,nan,nan,1.000000000000000056e-01,1.000000000000000056e-01,-3.490658503988658956e-01,-3.490658503988658956e-01
2.277999999999970715e+00,nan,nan,nan,nan,nan,nan,nan,nan,nan,nan,nan,nan,nan,nan,nan,1.000000000000000056e-01,1.000000000000000056e-01,-3.490658503988658956e-01,-3.490658503988658956e-01
2.279999999999970495e+00,nan,nan,nan,nan,nan,nan,nan,nan,nan,nan,nan,nan,nan,nan,nan,1.000000000000000056e-01,1.000000000000000056e-01,-3.490658503988658956e-01,-3.490658503988658956e-01
2.281999999999970274e+00,nan,nan,nan,nan,nan,nan,nan,nan,nan,nan,nan,nan,nan,nan,nan,1.000000000000000056e-01,1.000000000000000056e-01,-3.490658503988658956e-01,-3.490658503988658956e-01
2.283999999999970054e+00,nan,nan,nan,nan,nan,nan,nan,nan,nan,nan,nan,nan,nan,nan,nan,1.000000000000000056e-01,1.000000000000000056e-01,-3.490658503988658956e-01,-3.490658503988658956e-01
2.285999999999969834e+00,nan,nan,nan,nan,nan,nan,nan,nan,nan,nan,nan,nan,nan,nan,nan,1.000000000000000056e-01,1.000000000000000056e-01,-3.490658503988658956e-01,-3.490658503988658956e-01
2.287999999999969614e+00,nan,nan,nan,nan,nan,nan,nan,nan,nan,nan,nan,nan,nan,nan,nan,1.000000000000000056e-01,1.000000000000000056e-01,-3.490658503988658956e-01,-3.490658503988658956e-01
2.289999999999969393e+00,nan,nan,nan,nan,nan,nan,nan,nan,nan,nan,nan,nan,nan,nan,nan,1.000000000000000056e-01,1.000000000000000056e-01,-3.490658503988658956e-01,-3.490658503988658956e-01
2.291999999999969173e+00,nan,nan,nan,nan,nan,nan,nan,nan,nan,nan,nan,nan,nan,nan,nan,1.000000000000000056e-01,1.000000000000000056e-01,-3.490658503988658956e-01,-3.490658503988658956e-01
2.293999999999968953e+00,nan,nan,nan,nan,nan,nan,nan,nan,nan,nan,nan,nan,nan,nan,nan,1.000000000000000056e-01,1.000000000000000056e-01,-3.490658503988658956e-01,-3.490658503988658956e-01
2.295999999999968733e+00,nan,nan,nan,nan,nan,nan,nan,nan,nan,nan,nan,nan,nan,nan,nan,1.000000000000000056e-01,1.000000000000000056e-01,-3.490658503988658956e-01,-3.490658503988658956e-01
2.297999999999968512e+00,nan,nan,nan,nan,nan,nan,nan,nan,nan,nan,nan,nan,nan,nan,nan,1.000000000000000056e-01,1.000000000000000056e-01,-3.490658503988658956e-01,-3.490658503988658956e-01
2.299999999999968292e+00,nan,nan,nan,nan,nan,nan,nan,nan,nan,nan,nan,nan,nan,nan,nan,1.000000000000000056e-01,1.000000000000000056e-01,-3.490658503988658956e-01,-3.490658503988658956e-01
2.301999999999968072e+00,nan,nan,nan,nan,nan,nan,nan,nan,nan,nan,nan,nan,nan,nan,nan,1.000000000000000056e-01,1.000000000000000056e-01,-3.490658503988658956e-01,-3.490658503988658956e-01
2.303999999999967851e+00,nan,nan,nan,nan,nan,nan,nan,nan,nan,nan,nan,nan,nan,nan,nan,1.000000000000000056e-01,1.000000000000000056e-01,-3.490658503988658956e-01,-3.490658503988658956e-01
2.305999999999967631e+00,nan,nan,nan,nan,nan,nan,nan,nan,nan,nan,nan,nan,nan,nan,nan,1.000000000000000056e-01,1.000000000000000056e-01,-3.490658503988658956e-01,-3.490658503988658956e-01
2.307999999999967411e+00,nan,nan,nan,nan,nan,nan,nan,nan,nan,nan,nan,nan,nan,nan,nan,1.000000000000000056e-01,1.000000000000000056e-01,-3.490658503988658956e-01,-3.490658503988658956e-01
2.309999999999967191e+00,nan,nan,nan,nan,nan,nan,nan,nan,nan,nan,nan,nan,nan,nan,nan,1.000000000000000056e-01,1.000000000000000056e-01,-3.490658503988658956e-01,-3.490658503988658956e-01
2.311999999999966970e+00,nan,nan,nan,nan,nan,nan,nan,nan,nan,nan,nan,nan,nan,nan,nan,1.000000000000000056e-01,1.000000000000000056e-01,-3.490658503988658956e-01,-3.490658503988658956e-01
2.313999999999966750e+00,nan,nan,nan,nan,nan,nan,nan,nan,nan,nan,nan,nan,nan,nan,nan,1.000000000000000056e-01,1.000000000000000056e-01,-3.490658503988658956e-01,-3.490658503988658956e-01
2.315999999999966530e+00,nan,nan,nan,nan,nan,nan,nan,nan,nan,nan,nan,nan,nan,nan,nan,1.000000000000000056e-01,1.000000000000000056e-01,-3.490658503988658956e-01,-3.490658503988658956e-01
2.317999999999966310e+00,nan,nan,nan,nan,nan,nan,nan,nan,nan,nan,nan,nan,nan,nan,nan,1.000000000000000056e-01,1.000000000000000056e-01,-3.490658503988658956e-01,-3.490658503988658956e-01
2.319999999999966089e+00,nan,nan,nan,nan,nan,nan,nan,nan,nan,nan,nan,nan,nan,nan,nan,1.000000000000000056e-01,1.000000000000000056e-01,-3.490658503988658956e-01,-3.490658503988658956e-01
2.321999999999965869e+00,nan,nan,nan,nan,nan,nan,nan,nan,nan,nan,nan,nan,nan,nan,nan,1.000000000000000056e-01,1.000000000000000056e-01,-3.490658503988658956e-01,-3.490658503988658956e-01
2.323999999999965649e+00,nan,nan,nan,nan,nan,nan,nan,nan,nan,nan,nan,nan,nan,nan,nan,1.000000000000000056e-01,1.000000000000000056e-01,-3.490658503988658956e-01,-3.490658503988658956e-01
2.325999999999965429e+00,nan,nan,nan,nan,nan,nan,nan,nan,nan,nan,nan,nan,nan,nan,nan,1.000000000000000056e-01,1.000000000000000056e-01,-3.490658503988658956e-01,-3.490658503988658956e-01
2.327999999999965208e+00,nan,nan,nan,nan,nan,nan,nan,nan,nan,nan,nan,nan,nan,nan,nan,1.000000000000000056e-01,1.000000000000000056e-01,-3.490658503988658956e-01,-3.490658503988658956e-01
2.329999999999964988e+00,nan,nan,nan,nan,nan,nan,nan,nan,nan,nan,nan,nan,nan,nan,nan,1.000000000000000056e-01,1.000000000000000056e-01,-3.490658503988658956e-01,-3.490658503988658956e-01
2.331999999999964768e+00,nan,nan,nan,nan,nan,nan,nan,nan,nan,nan,nan,nan,nan,nan,nan,1.000000000000000056e-01,1.000000000000000056e-01,-3.490658503988658956e-01,-3.490658503988658956e-01
2.333999999999964547e+00,nan,nan,nan,nan,nan,nan,nan,nan,nan,nan,nan,nan,nan,nan,nan,1.000000000000000056e-01,1.000000000000000056e-01,-3.490658503988658956e-01,-3.490658503988658956e-01
2.335999999999964327e+00,nan,nan,nan,nan,nan,nan,nan,nan,nan,nan,nan,nan,nan,nan,nan,1.000000000000000056e-01,1.000000000000000056e-01,-3.490658503988658956e-01,-3.490658503988658956e-01
2.337999999999964107e+00,nan,nan,nan,nan,nan,nan,nan,nan,nan,nan,nan,nan,nan,nan,nan,1.000000000000000056e-01,1.000000000000000056e-01,-3.490658503988658956e-01,-3.490658503988658956e-01
2.339999999999963887e+00,nan,nan,nan,nan,nan,nan,nan,nan,nan,nan,nan,nan,nan,nan,nan,1.000000000000000056e-01,1.000000000000000056e-01,-3.490658503988658956e-01,-3.490658503988658956e-01
2.341999999999963666e+00,nan,nan,nan,nan,nan,nan,nan,nan,nan,nan,nan,nan,nan,nan,nan,1.000000000000000056e-01,1.000000000000000056e-01,-3.490658503988658956e-01,-3.490658503988658956e-01
2.343999999999963446e+00,nan,nan,nan,nan,nan,nan,nan,nan,nan,nan,nan,nan,nan,nan,nan,1.000000000000000056e-01,1.000000000000000056e-01,-3.490658503988658956e-01,-3.490658503988658956e-01
2.345999999999963226e+00,nan,nan,nan,nan,nan,nan,nan,nan,nan,nan,nan,nan,nan,nan,nan,1.000000000000000056e-01,1.000000000000000056e-01,-3.490658503988658956e-01,-3.490658503988658956e-01
2.347999999999963006e+00,nan,nan,nan,nan,nan,nan,nan,nan,nan,nan,nan,nan,nan,nan,nan,1.000000000000000056e-01,1.000000000000000056e-01,-3.490658503988658956e-01,-3.490658503988658956e-01
2.349999999999962785e+00,nan,nan,nan,nan,nan,nan,nan,nan,nan,nan,nan,nan,nan,nan,nan,1.000000000000000056e-01,1.000000000000000056e-01,-3.490658503988658956e-01,-3.490658503988658956e-01
2.351999999999962565e+00,nan,nan,nan,nan,nan,nan,nan,nan,nan,nan,nan,nan,nan,nan,nan,1.000000000000000056e-01,1.000000000000000056e-01,-3.490658503988658956e-01,-3.490658503988658956e-01
2.353999999999962345e+00,nan,nan,nan,nan,nan,nan,nan,nan,nan,nan,nan,nan,nan,nan,nan,1.000000000000000056e-01,1.000000000000000056e-01,-3.490658503988658956e-01,-3.490658503988658956e-01
2.355999999999962125e+00,nan,nan,nan,nan,nan,nan,nan,nan,nan,nan,nan,nan,nan,nan,nan,1.000000000000000056e-01,1.000000000000000056e-01,-3.490658503988658956e-01,-3.490658503988658956e-01
2.357999999999961904e+00,nan,nan,nan,nan,nan,nan,nan,nan,nan,nan,nan,nan,nan,nan,nan,1.000000000000000056e-01,1.000000000000000056e-01,-3.490658503988658956e-01,-3.490658503988658956e-01
2.359999999999961684e+00,nan,nan,nan,nan,nan,nan,nan,nan,nan,nan,nan,nan,nan,nan,nan,1.000000000000000056e-01,1.000000000000000056e-01,-3.490658503988658956e-01,-3.490658503988658956e-01
2.361999999999961464e+00,nan,nan,nan,nan,nan,nan,nan,nan,nan,nan,nan,nan,nan,nan,nan,1.000000000000000056e-01,1.000000000000000056e-01,-3.490658503988658956e-01,-3.490658503988658956e-01
2.363999999999961243e+00,nan,nan,nan,nan,nan,nan,nan,nan,nan,nan,nan,nan,nan,nan,nan,1.000000000000000056e-01,1.000000000000000056e-01,-3.490658503988658956e-01,-3.490658503988658956e-01
2.365999999999961023e+00,nan,nan,nan,nan,nan,nan,nan,nan,nan,nan,nan,nan,nan,nan,nan,1.000000000000000056e-01,1.000000000000000056e-01,-3.490658503988658956e-01,-3.490658503988658956e-01
2.367999999999960803e+00,nan,nan,nan,nan,nan,nan,nan,nan,nan,nan,nan,nan,nan,nan,nan,1.000000000000000056e-01,1.000000000000000056e-01,-3.490658503988658956e-01,-3.490658503988658956e-01
2.369999999999960583e+00,nan,nan,nan,nan,nan,nan,nan,nan,nan,nan,nan,nan,nan,nan,nan,1.000000000000000056e-01,1.000000000000000056e-01,-3.490658503988658956e-01,-3.490658503988658956e-01
2.371999999999960362e+00,nan,nan,nan,nan,nan,nan,nan,nan,nan,nan,nan,nan,nan,nan,nan,1.000000000000000056e-01,1.000000000000000056e-01,-3.490658503988658956e-01,-3.490658503988658956e-01
2.373999999999960142e+00,nan,nan,nan,nan,nan,nan,nan,nan,nan,nan,nan,nan,nan,nan,nan,1.000000000000000056e-01,1.000000000000000056e-01,-3.490658503988658956e-01,-3.490658503988658956e-01
2.375999999999959922e+00,nan,nan,nan,nan,nan,nan,nan,nan,nan,nan,nan,nan,nan,nan,nan,1.000000000000000056e-01,1.000000000000000056e-01,-3.490658503988658956e-01,-3.490658503988658956e-01
2.377999999999959702e+00,nan,nan,nan,nan,nan,nan,nan,nan,nan,nan,nan,nan,nan,nan,nan,1.000000000000000056e-01,1.000000000000000056e-01,-3.490658503988658956e-01,-3.490658503988658956e-01
2.379999999999959481e+00,nan,nan,nan,nan,nan,nan,nan,nan,nan,nan,nan,nan,nan,nan,nan,1.000000000000000056e-01,1.000000000000000056e-01,-3.490658503988658956e-01,-3.490658503988658956e-01
2.381999999999959261e+00,nan,nan,nan,nan,nan,nan,nan,nan,nan,nan,nan,nan,nan,nan,nan,1.000000000000000056e-01,1.000000000000000056e-01,-3.490658503988658956e-01,-3.490658503988658956e-01
2.383999999999959041e+00,nan,nan,nan,nan,nan,nan,nan,nan,nan,nan,nan,nan,nan,nan,nan,1.000000000000000056e-01,1.000000000000000056e-01,-3.490658503988658956e-01,-3.490658503988658956e-01
2.385999999999958820e+00,nan,nan,nan,nan,nan,nan,nan,nan,nan,nan,nan,nan,nan,nan,nan,1.000000000000000056e-01,1.000000000000000056e-01,-3.490658503988658956e-01,-3.490658503988658956e-01
2.387999999999958600e+00,nan,nan,nan,nan,nan,nan,nan,nan,nan,nan,nan,nan,nan,nan,nan,1.000000000000000056e-01,1.000000000000000056e-01,-3.490658503988658956e-01,-3.490658503988658956e-01
2.389999999999958380e+00,nan,nan,nan,nan,nan,nan,nan,nan,nan,nan,nan,nan,nan,nan,nan,1.000000000000000056e-01,1.000000000000000056e-01,-3.490658503988658956e-01,-3.490658503988658956e-01
2.391999999999958160e+00,nan,nan,nan,nan,nan,nan,nan,nan,nan,nan,nan,nan,nan,nan,nan,1.000000000000000056e-01,1.000000000000000056e-01,-3.490658503988658956e-01,-3.490658503988658956e-01
2.393999999999957939e+00,nan,nan,nan,nan,nan,nan,nan,nan,nan,nan,nan,nan,nan,nan,nan,1.000000000000000056e-01,1.000000000000000056e-01,-3.490658503988658956e-01,-3.490658503988658956e-01
2.395999999999957719e+00,nan,nan,nan,nan,nan,nan,nan,nan,nan,nan,nan,nan,nan,nan,nan,1.000000000000000056e-01,1.000000000000000056e-01,-3.490658503988658956e-01,-3.490658503988658956e-01
2.397999999999957499e+00,nan,nan,nan,nan,nan,nan,nan,nan,nan,nan,nan,nan,nan,nan,nan,1.000000000000000056e-01,1.000000000000000056e-01,-3.490658503988658956e-01,-3.490658503988658956e-01
2.399999999999957279e+00,nan,nan,nan,nan,nan,nan,nan,nan,nan,nan,nan,nan,nan,nan,nan,1.000000000000000056e-01,1.000000000000000056e-01,-3.490658503988658956e-01,-3.490658503988658956e-01
2.401999999999957058e+00,nan,nan,nan,nan,nan,nan,nan,nan,nan,nan,nan,nan,nan,nan,nan,1.000000000000000056e-01,1.000000000000000056e-01,-3.490658503988658956e-01,-3.490658503988658956e-01
2.403999999999956838e+00,nan,nan,nan,nan,nan,nan,nan,nan,nan,nan,nan,nan,nan,nan,nan,1.000000000000000056e-01,1.000000000000000056e-01,-3.490658503988658956e-01,-3.490658503988658956e-01
2.405999999999956618e+00,nan,nan,nan,nan,nan,nan,nan,nan,nan,nan,nan,nan,nan,nan,nan,1.000000000000000056e-01,1.000000000000000056e-01,-3.490658503988658956e-01,-3.490658503988658956e-01
2.407999999999956398e+00,nan,nan,nan,nan,nan,nan,nan,nan,nan,nan,nan,nan,nan,nan,nan,1.000000000000000056e-01,1.000000000000000056e-01,-3.490658503988658956e-01,-3.490658503988658956e-01
2.409999999999956177e+00,nan,nan,nan,nan,nan,nan,nan,nan,nan,nan,nan,nan,nan,nan,nan,1.000000000000000056e-01,1.000000000000000056e-01,-3.490658503988658956e-01,-3.490658503988658956e-01
2.411999999999955957e+00,nan,nan,nan,nan,nan,nan,nan,nan,nan,nan,nan,nan,nan,nan,nan,1.000000000000000056e-01,1.000000000000000056e-01,-3.490658503988658956e-01,-3.490658503988658956e-01
2.413999999999955737e+00,nan,nan,nan,nan,nan,nan,nan,nan,nan,nan,nan,nan,nan,nan,nan,1.000000000000000056e-01,1.000000000000000056e-01,-3.490658503988658956e-01,-3.490658503988658956e-01
2.415999999999955516e+00,nan,nan,nan,nan,nan,nan,nan,nan,nan,nan,nan,nan,nan,nan,nan,1.000000000000000056e-01,1.000000000000000056e-01,-3.490658503988658956e-01,-3.490658503988658956e-01
2.417999999999955296e+00,nan,nan,nan,nan,nan,nan,nan,nan,nan,nan,nan,nan,nan,nan,nan,1.000000000000000056e-01,1.000000000000000056e-01,-3.490658503988658956e-01,-3.490658503988658956e-01
2.419999999999955076e+00,nan,nan,nan,nan,nan,nan,nan,nan,nan,nan,nan,nan,nan,nan,nan,1.000000000000000056e-01,1.000000000000000056e-01,-3.490658503988658956e-01,-3.490658503988658956e-01
2.421999999999954856e+00,nan,nan,nan,nan,nan,nan,nan,nan,nan,nan,nan,nan,nan,nan,nan,1.000000000000000056e-01,1.000000000000000056e-01,-3.490658503988658956e-01,-3.490658503988658956e-01
2.423999999999954635e+00,nan,nan,nan,nan,nan,nan,nan,nan,nan,nan,nan,nan,nan,nan,nan,1.000000000000000056e-01,1.000000000000000056e-01,-3.490658503988658956e-01,-3.490658503988658956e-01
2.425999999999954415e+00,nan,nan,nan,nan,nan,nan,nan,nan,nan,nan,nan,nan,nan,nan,nan,1.000000000000000056e-01,1.000000000000000056e-01,-3.490658503988658956e-01,-3.490658503988658956e-01
2.427999999999954195e+00,nan,nan,nan,nan,nan,nan,nan,nan,nan,nan,nan,nan,nan,nan,nan,1.000000000000000056e-01,1.000000000000000056e-01,-3.490658503988658956e-01,-3.490658503988658956e-01
2.429999999999953975e+00,nan,nan,nan,nan,nan,nan,nan,nan,nan,nan,nan,nan,nan,nan,nan,1.000000000000000056e-01,1.000000000000000056e-01,-3.490658503988658956e-01,-3.490658503988658956e-01
2.431999999999953754e+00,nan,nan,nan,nan,nan,nan,nan,nan,nan,nan,nan,nan,nan,nan,nan,1.000000000000000056e-01,1.000000000000000056e-01,-3.490658503988658956e-01,-3.490658503988658956e-01
2.433999999999953534e+00,nan,nan,nan,nan,nan,nan,nan,nan,nan,nan,nan,nan,nan,nan,nan,1.000000000000000056e-01,1.000000000000000056e-01,-3.490658503988658956e-01,-3.490658503988658956e-01
2.435999999999953314e+00,nan,nan,nan,nan,nan,nan,nan,nan,nan,nan,nan,nan,nan,nan,nan,1.000000000000000056e-01,1.000000000000000056e-01,-3.490658503988658956e-01,-3.490658503988658956e-01
2.437999999999953094e+00,nan,nan,nan,nan,nan,nan,nan,nan,nan,nan,nan,nan,nan,nan,nan,1.000000000000000056e-01,1.000000000000000056e-01,-3.490658503988658956e-01,-3.490658503988658956e-01
2.439999999999952873e+00,nan,nan,nan,nan,nan,nan,nan,nan,nan,nan,nan,nan,nan,nan,nan,1.000000000000000056e-01,1.000000000000000056e-01,-3.490658503988658956e-01,-3.490658503988658956e-01
2.441999999999952653e+00,nan,nan,nan,nan,nan,nan,nan,nan,nan,nan,nan,nan,nan,nan,nan,1.000000000000000056e-01,1.000000000000000056e-01,-3.490658503988658956e-01,-3.490658503988658956e-01
2.443999999999952433e+00,nan,nan,nan,nan,nan,nan,nan,nan,nan,nan,nan,nan,nan,nan,nan,1.000000000000000056e-01,1.000000000000000056e-01,-3.490658503988658956e-01,-3.490658503988658956e-01
2.445999999999952212e+00,nan,nan,nan,nan,nan,nan,nan,nan,nan,nan,nan,nan,nan,nan,nan,1.000000000000000056e-01,1.000000000000000056e-01,-3.490658503988658956e-01,-3.490658503988658956e-01
2.447999999999951992e+00,nan,nan,nan,nan,nan,nan,nan,nan,nan,nan,nan,nan,nan,nan,nan,1.000000000000000056e-01,1.000000000000000056e-01,-3.490658503988658956e-01,-3.490658503988658956e-01
2.449999999999951772e+00,nan,nan,nan,nan,nan,nan,nan,nan,nan,nan,nan,nan,nan,nan,nan,1.000000000000000056e-01,1.000000000000000056e-01,-3.490658503988658956e-01,-3.490658503988658956e-01
2.451999999999951552e+00,nan,nan,nan,nan,nan,nan,nan,nan,nan,nan,nan,nan,nan,nan,nan,1.000000000000000056e-01,1.000000000000000056e-01,-3.490658503988658956e-01,-3.490658503988658956e-01
2.453999999999951331e+00,nan,nan,nan,nan,nan,nan,nan,nan,nan,nan,nan,nan,nan,nan,nan,1.000000000000000056e-01,1.000000000000000056e-01,-3.490658503988658956e-01,-3.490658503988658956e-01
2.455999999999951111e+00,nan,nan,nan,nan,nan,nan,nan,nan,nan,nan,nan,nan,nan,nan,nan,1.000000000000000056e-01,1.000000000000000056e-01,-3.490658503988658956e-01,-3.490658503988658956e-01
2.457999999999950891e+00,nan,nan,nan,nan,nan,nan,nan,nan,nan,nan,nan,nan,nan,nan,nan,1.000000000000000056e-01,1.000000000000000056e-01,-3.490658503988658956e-01,-3.490658503988658956e-01
2.459999999999950671e+00,nan,nan,nan,nan,nan,nan,nan,nan,nan,nan,nan,nan,nan,nan,nan,1.000000000000000056e-01,1.000000000000000056e-01,-3.490658503988658956e-01,-3.490658503988658956e-01
2.461999999999950450e+00,nan,nan,nan,nan,nan,nan,nan,nan,nan,nan,nan,nan,nan,nan,nan,1.000000000000000056e-01,1.000000000000000056e-01,-3.490658503988658956e-01,-3.490658503988658956e-01
2.463999999999950230e+00,nan,nan,nan,nan,nan,nan,nan,nan,nan,nan,nan,nan,nan,nan,nan,1.000000000000000056e-01,1.000000000000000056e-01,-3.490658503988658956e-01,-3.490658503988658956e-01
2.465999999999950010e+00,nan,nan,nan,nan,nan,nan,nan,nan,nan,nan,nan,nan,nan,nan,nan,1.000000000000000056e-01,1.000000000000000056e-01,-3.490658503988658956e-01,-3.490658503988658956e-01
2.467999999999949789e+00,nan,nan,nan,nan,nan,nan,nan,nan,nan,nan,nan,nan,nan,nan,nan,1.000000000000000056e-01,1.000000000000000056e-01,-3.490658503988658956e-01,-3.490658503988658956e-01
2.469999999999949569e+00,nan,nan,nan,nan,nan,nan,nan,nan,nan,nan,nan,nan,nan,nan,nan,1.000000000000000056e-01,1.000000000000000056e-01,-3.490658503988658956e-01,-3.490658503988658956e-01
2.471999999999949349e+00,nan,nan,nan,nan,nan,nan,nan,nan,nan,nan,nan,nan,nan,nan,nan,1.000000000000000056e-01,1.000000000000000056e-01,-3.490658503988658956e-01,-3.490658503988658956e-01
2.473999999999949129e+00,nan,nan,nan,nan,nan,nan,nan,nan,nan,nan,nan,nan,nan,nan,nan,1.000000000000000056e-01,1.000000000000000056e-01,-3.490658503988658956e-01,-3.490658503988658956e-01
2.475999999999948908e+00,nan,nan,nan,nan,nan,nan,nan,nan,nan,nan,nan,nan,nan,nan,nan,1.000000000000000056e-01,1.000000000000000056e-01,-3.490658503988658956e-01,-3.490658503988658956e-01
2.477999999999948688e+00,nan,nan,nan,nan,nan,nan,nan,nan,nan,nan,nan,nan,nan,nan,nan,1.000000000000000056e-01,1.000000000000000056e-01,-3.490658503988658956e-01,-3.490658503988658956e-01
2.479999999999948468e+00,nan,nan,nan,nan,nan,nan,nan,nan,nan,nan,nan,nan,nan,nan,nan,1.000000000000000056e-01,1.000000000000000056e-01,-3.490658503988658956e-01,-3.490658503988658956e-01
2.481999999999948248e+00,nan,nan,nan,nan,nan,nan,nan,nan,nan,nan,nan,nan,nan,nan,nan,1.000000000000000056e-01,1.000000000000000056e-01,-3.490658503988658956e-01,-3.490658503988658956e-01
2.483999999999948027e+00,nan,nan,nan,nan,nan,nan,nan,nan,nan,nan,nan,nan,nan,nan,nan,1.000000000000000056e-01,1.000000000000000056e-01,-3.490658503988658956e-01,-3.490658503988658956e-01
2.485999999999947807e+00,nan,nan,nan,nan,nan,nan,nan,nan,nan,nan,nan,nan,nan,nan,nan,1.000000000000000056e-01,1.000000000000000056e-01,-3.490658503988658956e-01,-3.490658503988658956e-01
2.487999999999947587e+00,nan,nan,nan,nan,nan,nan,nan,nan,nan,nan,nan,nan,nan,nan,nan,1.000000000000000056e-01,1.000000000000000056e-01,-3.490658503988658956e-01,-3.490658503988658956e-01
2.489999999999947367e+00,nan,nan,nan,nan,nan,nan,nan,nan,nan,nan,nan,nan,nan,nan,nan,1.000000000000000056e-01,1.000000000000000056e-01,-3.490658503988658956e-01,-3.490658503988658956e-01
2.491999999999947146e+00,nan,nan,nan,nan,nan,nan,nan,nan,nan,nan,nan,nan,nan,nan,nan,1.000000000000000056e-01,1.000000000000000056e-01,-3.490658503988658956e-01,-3.490658503988658956e-01
2.493999999999946926e+00,nan,nan,nan,nan,nan,nan,nan,nan,nan,nan,nan,nan,nan,nan,nan,1.000000000000000056e-01,1.000000000000000056e-01,-3.490658503988658956e-01,-3.490658503988658956e-01
2.495999999999946706e+00,nan,nan,nan,nan,nan,nan,nan,nan,nan,nan,nan,nan,nan,nan,nan,1.000000000000000056e-01,1.000000000000000056e-01,-3.490658503988658956e-01,-3.490658503988658956e-01
2.497999999999946485e+00,nan,nan,nan,nan,nan,nan,nan,nan,nan,nan,nan,nan,nan,nan,nan,1.000000000000000056e-01,1.000000000000000056e-01,-3.490658503988658956e-01,-3.490658503988658956e-01
2.499999999999946265e+00,nan,nan,nan,nan,nan,nan,nan,nan,nan,nan,nan,nan,nan,nan,nan,1.000000000000000056e-01,1.000000000000000056e-01,-3.490658503988658956e-01,-3.490658503988658956e-01
2.501999999999946045e+00,nan,nan,nan,nan,nan,nan,nan,nan,nan,nan,nan,nan,nan,nan,nan,1.000000000000000056e-01,1.000000000000000056e-01,-3.490658503988658956e-01,-3.490658503988658956e-01
2.503999999999945825e+00,nan,nan,nan,nan,nan,nan,nan,nan,nan,nan,nan,nan,nan,nan,nan,1.000000000000000056e-01,1.000000000000000056e-01,-3.490658503988658956e-01,-3.490658503988658956e-01
2.505999999999945604e+00,nan,nan,nan,nan,nan,nan,nan,nan,nan,nan,nan,nan,nan,nan,nan,1.000000000000000056e-01,1.000000000000000056e-01,-3.490658503988658956e-01,-3.490658503988658956e-01
2.507999999999945384e+00,nan,nan,nan,nan,nan,nan,nan,nan,nan,nan,nan,nan,nan,nan,nan,1.000000000000000056e-01,1.000000000000000056e-01,-3.490658503988658956e-01,-3.490658503988658956e-01
2.509999999999945164e+00,nan,nan,nan,nan,nan,nan,nan,nan,nan,nan,nan,nan,nan,nan,nan,1.000000000000000056e-01,1.000000000000000056e-01,-3.490658503988658956e-01,-3.490658503988658956e-01
2.511999999999944944e+00,nan,nan,nan,nan,nan,nan,nan,nan,nan,nan,nan,nan,nan,nan,nan,1.000000000000000056e-01,1.000000000000000056e-01,-3.490658503988658956e-01,-3.490658503988658956e-01
2.513999999999944723e+00,nan,nan,nan,nan,nan,nan,nan,nan,nan,nan,nan,nan,nan,nan,nan,1.000000000000000056e-01,1.000000000000000056e-01,-3.490658503988658956e-01,-3.490658503988658956e-01
2.515999999999944503e+00,nan,nan,nan,nan,nan,nan,nan,nan,nan,nan,nan,nan,nan,nan,nan,1.000000000000000056e-01,1.000000000000000056e-01,-3.490658503988658956e-01,-3.490658503988658956e-01
2.517999999999944283e+00,nan,nan,nan,nan,nan,nan,nan,nan,nan,nan,nan,nan,nan,nan,nan,1.000000000000000056e-01,1.000000000000000056e-01,-3.490658503988658956e-01,-3.490658503988658956e-01
2.519999999999944063e+00,nan,nan,nan,nan,nan,nan,nan,nan,nan,nan,nan,nan,nan,nan,nan,1.000000000000000056e-01,1.000000000000000056e-01,-3.490658503988658956e-01,-3.490658503988658956e-01
2.521999999999943842e+00,nan,nan,nan,nan,nan,nan,nan,nan,nan,nan,nan,nan,nan,nan,nan,1.000000000000000056e-01,1.000000000000000056e-01,-3.490658503988658956e-01,-3.490658503988658956e-01
2.523999999999943622e+00,nan,nan,nan,nan,nan,nan,nan,nan,nan,nan,nan,nan,nan,nan,nan,1.000000000000000056e-01,1.000000000000000056e-01,-3.490658503988658956e-01,-3.490658503988658956e-01
2.525999999999943402e+00,nan,nan,nan,nan,nan,nan,nan,nan,nan,nan,nan,nan,nan,nan,nan,1.000000000000000056e-01,1.000000000000000056e-01,-3.490658503988658956e-01,-3.490658503988658956e-01
2.527999999999943181e+00,nan,nan,nan,nan,nan,nan,nan,nan,nan,nan,nan,nan,nan,nan,nan,1.000000000000000056e-01,1.000000000000000056e-01,-3.490658503988658956e-01,-3.490658503988658956e-01
2.529999999999942961e+00,nan,nan,nan,nan,nan,nan,nan,nan,nan,nan,nan,nan,nan,nan,nan,1.000000000000000056e-01,1.000000000000000056e-01,-3.490658503988658956e-01,-3.490658503988658956e-01
2.531999999999942741e+00,nan,nan,nan,nan,nan,nan,nan,nan,nan,nan,nan,nan,nan,nan,nan,1.000000000000000056e-01,1.000000000000000056e-01,-3.490658503988658956e-01,-3.490658503988658956e-01
2.533999999999942521e+00,nan,nan,nan,nan,nan,nan,nan,nan,nan,nan,nan,nan,nan,nan,nan,1.000000000000000056e-01,1.000000000000000056e-01,-3.490658503988658956e-01,-3.490658503988658956e-01
2.535999999999942300e+00,nan,nan,nan,nan,nan,nan,nan,nan,nan,nan,nan,nan,nan,nan,nan,1.000000000000000056e-01,1.000000000000000056e-01,-3.490658503988658956e-01,-3.490658503988658956e-01
2.537999999999942080e+00,nan,nan,nan,nan,nan,nan,nan,nan,nan,nan,nan,nan,nan,nan,nan,1.000000000000000056e-01,1.000000000000000056e-01,-3.490658503988658956e-01,-3.490658503988658956e-01
2.539999999999941860e+00,nan,nan,nan,nan,nan,nan,nan,nan,nan,nan,nan,nan,nan,nan,nan,1.000000000000000056e-01,1.000000000000000056e-01,-3.490658503988658956e-01,-3.490658503988658956e-01
2.541999999999941640e+00,nan,nan,nan,nan,nan,nan,nan,nan,nan,nan,nan,nan,nan,nan,nan,1.000000000000000056e-01,1.000000000000000056e-01,-3.490658503988658956e-01,-3.490658503988658956e-01
2.543999999999941419e+00,nan,nan,nan,nan,nan,nan,nan,nan,nan,nan,nan,nan,nan,nan,nan,1.000000000000000056e-01,1.000000000000000056e-01,-3.490658503988658956e-01,-3.490658503988658956e-01
2.545999999999941199e+00,nan,nan,nan,nan,nan,nan,nan,nan,nan,nan,nan,nan,nan,nan,nan,1.000000000000000056e-01,1.000000000000000056e-01,-3.490658503988658956e-01,-3.490658503988658956e-01
2.547999999999940979e+00,nan,nan,nan,nan,nan,nan,nan,nan,nan,nan,nan,nan,nan,nan,nan,1.000000000000000056e-01,1.000000000000000056e-01,-3.490658503988658956e-01,-3.490658503988658956e-01
2.549999999999940758e+00,nan,nan,nan,nan,nan,nan,nan,nan,nan,nan,nan,nan,nan,nan,nan,1.000000000000000056e-01,1.000000000000000056e-01,-3.490658503988658956e-01,-3.490658503988658956e-01
2.551999999999940538e+00,nan,nan,nan,nan,nan,nan,nan,nan,nan,nan,nan,nan,nan,nan,nan,1.000000000000000056e-01,1.000000000000000056e-01,-3.490658503988658956e-01,-3.490658503988658956e-01
2.553999999999940318e+00,nan,nan,nan,nan,nan,nan,nan,nan,nan,nan,nan,nan,nan,nan,nan,1.000000000000000056e-01,1.000000000000000056e-01,-3.490658503988658956e-01,-3.490658503988658956e-01
2.555999999999940098e+00,nan,nan,nan,nan,nan,nan,nan,nan,nan,nan,nan,nan,nan,nan,nan,1.000000000000000056e-01,1.000000000000000056e-01,-3.490658503988658956e-01,-3.490658503988658956e-01
2.557999999999939877e+00,nan,nan,nan,nan,nan,nan,nan,nan,nan,nan,nan,nan,nan,nan,nan,1.000000000000000056e-01,1.000000000000000056e-01,-3.490658503988658956e-01,-3.490658503988658956e-01
2.559999999999939657e+00,nan,nan,nan,nan,nan,nan,nan,nan,nan,nan,nan,nan,nan,nan,nan,1.000000000000000056e-01,1.000000000000000056e-01,-3.490658503988658956e-01,-3.490658503988658956e-01
2.561999999999939437e+00,nan,nan,nan,nan,nan,nan,nan,nan,nan,nan,nan,nan,nan,nan,nan,1.000000000000000056e-01,1.000000000000000056e-01,-3.490658503988658956e-01,-3.490658503988658956e-01
2.563999999999939217e+00,nan,nan,nan,nan,nan,nan,nan,nan,nan,nan,nan,nan,nan,nan,nan,1.000000000000000056e-01,1.000000000000000056e-01,-3.490658503988658956e-01,-3.490658503988658956e-01
2.565999999999938996e+00,nan,nan,nan,nan,nan,nan,nan,nan,nan,nan,nan,nan,nan,nan,nan,1.000000000000000056e-01,1.000000000000000056e-01,-3.490658503988658956e-01,-3.490658503988658956e-01
2.567999999999938776e+00,nan,nan,nan,nan,nan,nan,nan,nan,nan,nan,nan,nan,nan,nan,nan,1.000000000000000056e-01,1.000000000000000056e-01,-3.490658503988658956e-01,-3.490658503988658956e-01
2.569999999999938556e+00,nan,nan,nan,nan,nan,nan,nan,nan,nan,nan,nan,nan,nan,nan,nan,1.000000000000000056e-01,1.000000000000000056e-01,-3.490658503988658956e-01,-3.490658503988658956e-01
2.571999999999938336e+00,nan,nan,nan,nan,nan,nan,nan,nan,nan,nan,nan,nan,nan,nan,nan,1.000000000000000056e-01,1.000000000000000056e-01,-3.490658503988658956e-01,-3.490658503988658956e-01
2.573999999999938115e+00,nan,nan,nan,nan,nan,nan,nan,nan,nan,nan,nan,nan,nan,nan,nan,1.000000000000000056e-01,1.000000000000000056e-01,-3.490658503988658956e-01,-3.490658503988658956e-01
2.575999999999937895e+00,nan,nan,nan,nan,nan,nan,nan,nan,nan,nan,nan,nan,nan,nan,nan,1.000000000000000056e-01,1.000000000000000056e-01,-3.490658503988658956e-01,-3.490658503988658956e-01
2.577999999999937675e+00,nan,nan,nan,nan,nan,nan,nan,nan,nan,nan,nan,nan,nan,nan,nan,1.000000000000000056e-01,1.000000000000000056e-01,-3.490658503988658956e-01,-3.490658503988658956e-01
2.579999999999937454e+00,nan,nan,nan,nan,nan,nan,nan,nan,nan,nan,nan,nan,nan,nan,nan,1.000000000000000056e-01,1.000000000000000056e-01,-3.490658503988658956e-01,-3.490658503988658956e-01
2.581999999999937234e+00,nan,nan,nan,nan,nan,nan,nan,nan,nan,nan,nan,nan,nan,nan,nan,1.000000000000000056e-01,1.000000000000000056e-01,-3.490658503988658956e-01,-3.490658503988658956e-01
2.583999999999937014e+00,nan,nan,nan,nan,nan,nan,nan,nan,nan,nan,nan,nan,nan,nan,nan,1.000000000000000056e-01,1.000000000000000056e-01,-3.490658503988658956e-01,-3.490658503988658956e-01
2.585999999999936794e+00,nan,nan,nan,nan,nan,nan,nan,nan,nan,nan,nan,nan,nan,nan,nan,1.000000000000000056e-01,1.000000000000000056e-01,-3.490658503988658956e-01,-3.490658503988658956e-01
2.587999999999936573e+00,nan,nan,nan,nan,nan,nan,nan,nan,nan,nan,nan,nan,nan,nan,nan,1.000000000000000056e-01,1.000000000000000056e-01,-3.490658503988658956e-01,-3.490658503988658956e-01
2.589999999999936353e+00,nan,nan,nan,nan,nan,nan,nan,nan,nan,nan,nan,nan,nan,nan,nan,1.000000000000000056e-01,1.000000000000000056e-01,-3.490658503988658956e-01,-3.490658503988658956e-01
2.591999999999936133e+00,nan,nan,nan,nan,nan,nan,nan,nan,nan,nan,nan,nan,nan,nan,nan,1.000000000000000056e-01,1.000000000000000056e-01,-3.490658503988658956e-01,-3.490658503988658956e-01
2.593999999999935913e+00,nan,nan,nan,nan,nan,nan,nan,nan,nan,nan,nan,nan,nan,nan,nan,1.000000000000000056e-01,1.000000000000000056e-01,-3.490658503988658956e-01,-3.490658503988658956e-01
2.595999999999935692e+00,nan,nan,nan,nan,nan,nan,nan,nan,nan,nan,nan,nan,nan,nan,nan,1.000000000000000056e-01,1.000000000000000056e-01,-3.490658503988658956e-01,-3.490658503988658956e-01
2.597999999999935472e+00,nan,nan,nan,nan,nan,nan,nan,nan,nan,nan,nan,nan,nan,nan,nan,1.000000000000000056e-01,1.000000000000000056e-01,-3.490658503988658956e-01,-3.490658503988658956e-01
2.599999999999935252e+00,nan,nan,nan,nan,nan,nan,nan,nan,nan,nan,nan,nan,nan,nan,nan,1.000000000000000056e-01,1.000000000000000056e-01,-3.490658503988658956e-01,-3.490658503988658956e-01
2.601999999999935032e+00,nan,nan,nan,nan,nan,nan,nan,nan,nan,nan,nan,nan,nan,nan,nan,1.000000000000000056e-01,1.000000000000000056e-01,-3.490658503988658956e-01,-3.490658503988658956e-01
2.603999999999934811e+00,nan,nan,nan,nan,nan,nan,nan,nan,nan,nan,nan,nan,nan,nan,nan,1.000000000000000056e-01,1.000000000000000056e-01,-3.490658503988658956e-01,-3.490658503988658956e-01
2.605999999999934591e+00,nan,nan,nan,nan,nan,nan,nan,nan,nan,nan,nan,nan,nan,nan,nan,1.000000000000000056e-01,1.000000000000000056e-01,-3.490658503988658956e-01,-3.490658503988658956e-01
2.607999999999934371e+00,nan,nan,nan,nan,nan,nan,nan,nan,nan,nan,nan,nan,nan,nan,nan,1.000000000000000056e-01,1.000000000000000056e-01,-3.490658503988658956e-01,-3.490658503988658956e-01
2.609999999999934150e+00,nan,nan,nan,nan,nan,nan,nan,nan,nan,nan,nan,nan,nan,nan,nan,1.000000000000000056e-01,1.000000000000000056e-01,-3.490658503988658956e-01,-3.490658503988658956e-01
2.611999999999933930e+00,nan,nan,nan,nan,nan,nan,nan,nan,nan,nan,nan,nan,nan,nan,nan,1.000000000000000056e-01,1.000000000000000056e-01,-3.490658503988658956e-01,-3.490658503988658956e-01
2.613999999999933710e+00,nan,nan,nan,nan,nan,nan,nan,nan,nan,nan,nan,nan,nan,nan,nan,1.000000000000000056e-01,1.000000000000000056e-01,-3.490658503988658956e-01,-3.490658503988658956e-01
2.615999999999933490e+00,nan,nan,nan,nan,nan,nan,nan,nan,nan,nan,nan,nan,nan,nan,nan,1.000000000000000056e-01,1.000000000000000056e-01,-3.490658503988658956e-01,-3.490658503988658956e-01
2.617999999999933269e+00,nan,nan,nan,nan,nan,nan,nan,nan,nan,nan,nan,nan,nan,nan,nan,1.000000000000000056e-01,1.000000000000000056e-01,-3.490658503988658956e-01,-3.490658503988658956e-01
2.619999999999933049e+00,nan,nan,nan,nan,nan,nan,nan,nan,nan,nan,nan,nan,nan,nan,nan,1.000000000000000056e-01,1.000000000000000056e-01,-3.490658503988658956e-01,-3.490658503988658956e-01
2.621999999999932829e+00,nan,nan,nan,nan,nan,nan,nan,nan,nan,nan,nan,nan,nan,nan,nan,1.000000000000000056e-01,1.000000000000000056e-01,-3.490658503988658956e-01,-3.490658503988658956e-01
2.623999999999932609e+00,nan,nan,nan,nan,nan,nan,nan,nan,nan,nan,nan,nan,nan,nan,nan,1.000000000000000056e-01,1.000000000000000056e-01,-3.490658503988658956e-01,-3.490658503988658956e-01
2.625999999999932388e+00,nan,nan,nan,nan,nan,nan,nan,nan,nan,nan,nan,nan,nan,nan,nan,1.000000000000000056e-01,1.000000000000000056e-01,-3.490658503988658956e-01,-3.490658503988658956e-01
2.627999999999932168e+00,nan,nan,nan,nan,nan,nan,nan,nan,nan,nan,nan,nan,nan,nan,nan,1.000000000000000056e-01,1.000000000000000056e-01,-3.490658503988658956e-01,-3.490658503988658956e-01
2.629999999999931948e+00,nan,nan,nan,nan,nan,nan,nan,nan,nan,nan,nan,nan,nan,nan,nan,1.000000000000000056e-01,1.000000000000000056e-01,-3.490658503988658956e-01,-3.490658503988658956e-01
2.631999999999931728e+00,nan,nan,nan,nan,nan,nan,nan,nan,nan,nan,nan,nan,nan,nan,nan,1.000000000000000056e-01,1.000000000000000056e-01,-3.490658503988658956e-01,-3.490658503988658956e-01
2.633999999999931507e+00,nan,nan,nan,nan,nan,nan,nan,nan,nan,nan,nan,nan,nan,nan,nan,1.000000000000000056e-01,1.000000000000000056e-01,-3.490658503988658956e-01,-3.490658503988658956e-01
2.635999999999931287e+00,nan,nan,nan,nan,nan,nan,nan,nan,nan,nan,nan,nan,nan,nan,nan,1.000000000000000056e-01,1.000000000000000056e-01,-3.490658503988658956e-01,-3.490658503988658956e-01
2.637999999999931067e+00,nan,nan,nan,nan,nan,nan,nan,nan,nan,nan,nan,nan,nan,nan,nan,1.000000000000000056e-01,1.000000000000000056e-01,-3.490658503988658956e-01,-3.490658503988658956e-01
2.639999999999930846e+00,nan,nan,nan,nan,nan,nan,nan,nan,nan,nan,nan,nan,nan,nan,nan,1.000000000000000056e-01,1.000000000000000056e-01,-3.490658503988658956e-01,-3.490658503988658956e-01
2.641999999999930626e+00,nan,nan,nan,nan,nan,nan,nan,nan,nan,nan,nan,nan,nan,nan,nan,1.000000000000000056e-01,1.000000000000000056e-01,-3.490658503988658956e-01,-3.490658503988658956e-01
2.643999999999930406e+00,nan,nan,nan,nan,nan,nan,nan,nan,nan,nan,nan,nan,nan,nan,nan,1.000000000000000056e-01,1.000000000000000056e-01,-3.490658503988658956e-01,-3.490658503988658956e-01
2.645999999999930186e+00,nan,nan,nan,nan,nan,nan,nan,nan,nan,nan,nan,nan,nan,nan,nan,1.000000000000000056e-01,1.000000000000000056e-01,-3.490658503988658956e-01,-3.490658503988658956e-01
2.647999999999929965e+00,nan,nan,nan,nan,nan,nan,nan,nan,nan,nan,nan,nan,nan,nan,nan,1.000000000000000056e-01,1.000000000000000056e-01,-3.490658503988658956e-01,-3.490658503988658956e-01
2.649999999999929745e+00,nan,nan,nan,nan,nan,nan,nan,nan,nan,nan,nan,nan,nan,nan,nan,1.000000000000000056e-01,1.000000000000000056e-01,-3.490658503988658956e-01,-3.490658503988658956e-01
2.651999999999929525e+00,nan,nan,nan,nan,nan,nan,nan,nan,nan,nan,nan,nan,nan,nan,nan,1.000000000000000056e-01,1.000000000000000056e-01,-3.490658503988658956e-01,-3.490658503988658956e-01
2.653999999999929305e+00,nan,nan,nan,nan,nan,nan,nan,nan,nan,nan,nan,nan,nan,nan,nan,1.000000000000000056e-01,1.000000000000000056e-01,-3.490658503988658956e-01,-3.490658503988658956e-01
2.655999999999929084e+00,nan,nan,nan,nan,nan,nan,nan,nan,nan,nan,nan,nan,nan,nan,nan,1.000000000000000056e-01,1.000000000000000056e-01,-3.490658503988658956e-01,-3.490658503988658956e-01
2.657999999999928864e+00,nan,nan,nan,nan,nan,nan,nan,nan,nan,nan,nan,nan,nan,nan,nan,1.000000000000000056e-01,1.000000000000000056e-01,-3.490658503988658956e-01,-3.490658503988658956e-01
2.659999999999928644e+00,nan,nan,nan,nan,nan,nan,nan,nan,nan,nan,nan,nan,nan,nan,nan,1.000000000000000056e-01,1.000000000000000056e-01,-3.490658503988658956e-01,-3.490658503988658956e-01
2.661999999999928423e+00,nan,nan,nan,nan,nan,nan,nan,nan,nan,nan,nan,nan,nan,nan,nan,1.000000000000000056e-01,1.000000000000000056e-01,-3.490658503988658956e-01,-3.490658503988658956e-01
2.663999999999928203e+00,nan,nan,nan,nan,nan,nan,nan,nan,nan,nan,nan,nan,nan,nan,nan,1.000000000000000056e-01,1.000000000000000056e-01,-3.490658503988658956e-01,-3.490658503988658956e-01
2.665999999999927983e+00,nan,nan,nan,nan,nan,nan,nan,nan,nan,nan,nan,nan,nan,nan,nan,1.000000000000000056e-01,1.000000000000000056e-01,-3.490658503988658956e-01,-3.490658503988658956e-01
2.667999999999927763e+00,nan,nan,nan,nan,nan,nan,nan,nan,nan,nan,nan,nan,nan,nan,nan,1.000000000000000056e-01,1.000000000000000056e-01,-3.490658503988658956e-01,-3.490658503988658956e-01
2.669999999999927542e+00,nan,nan,nan,nan,nan,nan,nan,nan,nan,nan,nan,nan,nan,nan,nan,1.000000000000000056e-01,1.000000000000000056e-01,-3.490658503988658956e-01,-3.490658503988658956e-01
2.671999999999927322e+00,nan,nan,nan,nan,nan,nan,nan,nan,nan,nan,nan,nan,nan,nan,nan,1.000000000000000056e-01,1.000000000000000056e-01,-3.490658503988658956e-01,-3.490658503988658956e-01
2.673999999999927102e+00,nan,nan,nan,nan,nan,nan,nan,nan,nan,nan,nan,nan,nan,nan,nan,1.000000000000000056e-01,1.000000000000000056e-01,-3.490658503988658956e-01,-3.490658503988658956e-01
2.675999999999926882e+00,nan,nan,nan,nan,nan,nan,nan,nan,nan,nan,nan,nan,nan,nan,nan,1.000000000000000056e-01,1.000000000000000056e-01,-3.490658503988658956e-01,-3.490658503988658956e-01
2.677999999999926661e+00,nan,nan,nan,nan,nan,nan,nan,nan,nan,nan,nan,nan,nan,nan,nan,1.000000000000000056e-01,1.000000000000000056e-01,-3.490658503988658956e-01,-3.490658503988658956e-01
2.679999999999926441e+00,nan,nan,nan,nan,nan,nan,nan,nan,nan,nan,nan,nan,nan,nan,nan,1.000000000000000056e-01,1.000000000000000056e-01,-3.490658503988658956e-01,-3.490658503988658956e-01
2.681999999999926221e+00,nan,nan,nan,nan,nan,nan,nan,nan,nan,nan,nan,nan,nan,nan,nan,1.000000000000000056e-01,1.000000000000000056e-01,-3.490658503988658956e-01,-3.490658503988658956e-01
2.683999999999926001e+00,nan,nan,nan,nan,nan,nan,nan,nan,nan,nan,nan,nan,nan,nan,nan,1.000000000000000056e-01,1.000000000000000056e-01,-3.490658503988658956e-01,-3.490658503988658956e-01
2.685999999999925780e+00,nan,nan,nan,nan,nan,nan,nan,nan,nan,nan,nan,nan,nan,nan,nan,1.000000000000000056e-01,1.000000000000000056e-01,-3.490658503988658956e-01,-3.490658503988658956e-01
2.687999999999925560e+00,nan,nan,nan,nan,nan,nan,nan,nan,nan,nan,nan,nan,nan,nan,nan,1.000000000000000056e-01,1.000000000000000056e-01,-3.490658503988658956e-01,-3.490658503988658956e-01
2.689999999999925340e+00,nan,nan,nan,nan,nan,nan,nan,nan,nan,nan,nan,nan,nan,nan,nan,1.000000000000000056e-01,1.000000000000000056e-01,-3.490658503988658956e-01,-3.490658503988658956e-01
2.691999999999925119e+00,nan,nan,nan,nan,nan,nan,nan,nan,nan,nan,nan,nan,nan,nan,nan,1.000000000000000056e-01,1.000000000000000056e-01,-3.490658503988658956e-01,-3.490658503988658956e-01
2.693999999999924899e+00,nan,nan,nan,nan,nan,nan,nan,nan,nan,nan,nan,nan,nan,nan,nan,1.000000000000000056e-01,1.000000000000000056e-01,-3.490658503988658956e-01,-3.490658503988658956e-01
2.695999999999924679e+00,nan,nan,nan,nan,nan,nan,nan,nan,nan,nan,nan,nan,nan,nan,nan,1.000000000000000056e-01,1.000000000000000056e-01,-3.490658503988658956e-01,-3.490658503988658956e-01
2.697999999999924459e+00,nan,nan,nan,nan,nan,nan,nan,nan,nan,nan,nan,nan,nan,nan,nan,1.000000000000000056e-01,1.000000000000000056e-01,-3.490658503988658956e-01,-3.490658503988658956e-01
2.699999999999924238e+00,nan,nan,nan,nan,nan,nan,nan,nan,nan,nan,nan,nan,nan,nan,nan,1.000000000000000056e-01,1.000000000000000056e-01,-3.490658503988658956e-01,-3.490658503988658956e-01
2.701999999999924018e+00,nan,nan,nan,nan,nan,nan,nan,nan,nan,nan,nan,nan,nan,nan,nan,1.000000000000000056e-01,1.000000000000000056e-01,-3.490658503988658956e-01,-3.490658503988658956e-01
2.703999999999923798e+00,nan,nan,nan,nan,nan,nan,nan,nan,nan,nan,nan,nan,nan,nan,nan,1.000000000000000056e-01,1.000000000000000056e-01,-3.490658503988658956e-01,-3.490658503988658956e-01
2.705999999999923578e+00,nan,nan,nan,nan,nan,nan,nan,nan,nan,nan,nan,nan,nan,nan,nan,1.000000000000000056e-01,1.000000000000000056e-01,-3.490658503988658956e-01,-3.490658503988658956e-01
2.707999999999923357e+00,nan,nan,nan,nan,nan,nan,nan,nan,nan,nan,nan,nan,nan,nan,nan,1.000000000000000056e-01,1.000000000000000056e-01,-3.490658503988658956e-01,-3.490658503988658956e-01
2.709999999999923137e+00,nan,nan,nan,nan,nan,nan,nan,nan,nan,nan,nan,nan,nan,nan,nan,1.000000000000000056e-01,1.000000000000000056e-01,-3.490658503988658956e-01,-3.490658503988658956e-01
2.711999999999922917e+00,nan,nan,nan,nan,nan,nan,nan,nan,nan,nan,nan,nan,nan,nan,nan,1.000000000000000056e-01,1.000000000000000056e-01,-3.490658503988658956e-01,-3.490658503988658956e-01
2.713999999999922697e+00,nan,nan,nan,nan,nan,nan,nan,nan,nan,nan,nan,nan,nan,nan,nan,1.000000000000000056e-01,1.000000000000000056e-01,-3.490658503988658956e-01,-3.490658503988658956e-01
2.715999999999922476e+00,nan,nan,nan,nan,nan,nan,nan,nan,nan,nan,nan,nan,nan,nan,nan,1.000000000000000056e-01,1.000000000000000056e-01,-3.490658503988658956e-01,-3.490658503988658956e-01
2.717999999999922256e+00,nan,nan,nan,nan,nan,nan,nan,nan,nan,nan,nan,nan,nan,nan,nan,1.000000000000000056e-01,1.000000000000000056e-01,-3.490658503988658956e-01,-3.490658503988658956e-01
2.719999999999922036e+00,nan,nan,nan,nan,nan,nan,nan,nan,nan,nan,nan,nan,nan,nan,nan,1.000000000000000056e-01,1.000000000000000056e-01,-3.490658503988658956e-01,-3.490658503988658956e-01
2.721999999999921815e+00,nan,nan,nan,nan,nan,nan,nan,nan,nan,nan,nan,nan,nan,nan,nan,1.000000000000000056e-01,1.000000000000000056e-01,-3.490658503988658956e-01,-3.490658503988658956e-01
2.723999999999921595e+00,nan,nan,nan,nan,nan,nan,nan,nan,nan,nan,nan,nan,nan,nan,nan,1.000000000000000056e-01,1.000000000000000056e-01,-3.490658503988658956e-01,-3.490658503988658956e-01
2.725999999999921375e+00,nan,nan,nan,nan,nan,nan,nan,nan,nan,nan,nan,nan,nan,nan,nan,1.000000000000000056e-01,1.000000000000000056e-01,-3.490658503988658956e-01,-3.490658503988658956e-01
2.727999999999921155e+00,nan,nan,nan,nan,nan,nan,nan,nan,nan,nan,nan,nan,nan,nan,nan,1.000000000000000056e-01,1.000000000000000056e-01,-3.490658503988658956e-01,-3.490658503988658956e-01
2.729999999999920934e+00,nan,nan,nan,nan,nan,nan,nan,nan,nan,nan,nan,nan,nan,nan,nan,1.000000000000000056e-01,1.000000000000000056e-01,-3.490658503988658956e-01,-3.490658503988658956e-01
2.731999999999920714e+00,nan,nan,nan,nan,nan,nan,nan,nan,nan,nan,nan,nan,nan,nan,nan,1.000000000000000056e-01,1.000000000000000056e-01,-3.490658503988658956e-01,-3.490658503988658956e-01
2.733999999999920494e+00,nan,nan,nan,nan,nan,nan,nan,nan,nan,nan,nan,nan,nan,nan,nan,1.000000000000000056e-01,1.000000000000000056e-01,-3.490658503988658956e-01,-3.490658503988658956e-01
2.735999999999920274e+00,nan,nan,nan,nan,nan,nan,nan,nan,nan,nan,nan,nan,nan,nan,nan,1.000000000000000056e-01,1.000000000000000056e-01,-3.490658503988658956e-01,-3.490658503988658956e-01
2.737999999999920053e+00,nan,nan,nan,nan,nan,nan,nan,nan,nan,nan,nan,nan,nan,nan,nan,1.000000000000000056e-01,1.000000000000000056e-01,-3.490658503988658956e-01,-3.490658503988658956e-01
2.739999999999919833e+00,nan,nan,nan,nan,nan,nan,nan,nan,nan,nan,nan,nan,nan,nan,nan,1.000000000000000056e-01,1.000000000000000056e-01,-3.490658503988658956e-01,-3.490658503988658956e-01
2.741999999999919613e+00,nan,nan,nan,nan,nan,nan,nan,nan,nan,nan,nan,nan,nan,nan,nan,1.000000000000000056e-01,1.000000000000000056e-01,-3.490658503988658956e-01,-3.490658503988658956e-01
2.743999999999919392e+00,nan,nan,nan,nan,nan,nan,nan,nan,nan,nan,nan,nan,nan,nan,nan,1.000000000000000056e-01,1.000000000000000056e-01,-3.490658503988658956e-01,-3.490658503988658956e-01
2.745999999999919172e+00,nan,nan,nan,nan,nan,nan,nan,nan,nan,nan,nan,nan,nan,nan,nan,1.000000000000000056e-01,1.000000000000000056e-01,-3.490658503988658956e-01,-3.490658503988658956e-01
2.747999999999918952e+00,nan,nan,nan,nan,nan,nan,nan,nan,nan,nan,nan,nan,nan,nan,nan,1.000000000000000056e-01,1.000000000000000056e-01,-3.490658503988658956e-01,-3.490658503988658956e-01
2.749999999999918732e+00,nan,nan,nan,nan,nan,nan,nan,nan,nan,nan,nan,nan,nan,nan,nan,1.000000000000000056e-01,1.000000000000000056e-01,-3.490658503988658956e-01,-3.490658503988658956e-01
2.751999999999918511e+00,nan,nan,nan,nan,nan,nan,nan,nan,nan,nan,nan,nan,nan,nan,nan,1.000000000000000056e-01,1.000000000000000056e-01,-3.490658503988658956e-01,-3.490658503988658956e-01
2.753999999999918291e+00,nan,nan,nan,nan,nan,nan,nan,nan,nan,nan,nan,nan,nan,nan,nan,1.000000000000000056e-01,1.000000000000000056e-01,-3.490658503988658956e-01,-3.490658503988658956e-01
2.755999999999918071e+00,nan,nan,nan,nan,nan,nan,nan,nan,nan,nan,nan,nan,nan,nan,nan,1.000000000000000056e-01,1.000000000000000056e-01,-3.490658503988658956e-01,-3.490658503988658956e-01
2.757999999999917851e+00,nan,nan,nan,nan,nan,nan,nan,nan,nan,nan,nan,nan,nan,nan,nan,1.000000000000000056e-01,1.000000000000000056e-01,-3.490658503988658956e-01,-3.490658503988658956e-01
2.759999999999917630e+00,nan,nan,nan,nan,nan,nan,nan,nan,nan,nan,nan,nan,nan,nan,nan,1.000000000000000056e-01,1.000000000000000056e-01,-3.490658503988658956e-01,-3.490658503988658956e-01
2.761999999999917410e+00,nan,nan,nan,nan,nan,nan,nan,nan,nan,nan,nan,nan,nan,nan,nan,1.000000000000000056e-01,1.000000000000000056e-01,-3.490658503988658956e-01,-3.490658503988658956e-01
2.763999999999917190e+00,nan,nan,nan,nan,nan,nan,nan,nan,nan,nan,nan,nan,nan,nan,nan,1.000000000000000056e-01,1.000000000000000056e-01,-3.490658503988658956e-01,-3.490658503988658956e-01
2.765999999999916970e+00,nan,nan,nan,nan,nan,nan,nan,nan,nan,nan,nan,nan,nan,nan,nan,1.000000000000000056e-01,1.000000000000000056e-01,-3.490658503988658956e-01,-3.490658503988658956e-01
2.767999999999916749e+00,nan,nan,nan,nan,nan,nan,nan,nan,nan,nan,nan,nan,nan,nan,nan,1.000000000000000056e-01,1.000000000000000056e-01,-3.490658503988658956e-01,-3.490658503988658956e-01
2.769999999999916529e+00,nan,nan,nan,nan,nan,nan,nan,nan,nan,nan,nan,nan,nan,nan,nan,1.000000000000000056e-01,1.000000000000000056e-01,-3.490658503988658956e-01,-3.490658503988658956e-01
2.771999999999916309e+00,nan,nan,nan,nan,nan,nan,nan,nan,nan,nan,nan,nan,nan,nan,nan,1.000000000000000056e-01,1.000000000000000056e-01,-3.490658503988658956e-01,-3.490658503988658956e-01
2.773999999999916088e+00,nan,nan,nan,nan,nan,nan,nan,nan,nan,nan,nan,nan,nan,nan,nan,1.000000000000000056e-01,1.000000000000000056e-01,-3.490658503988658956e-01,-3.490658503988658956e-01
2.775999999999915868e+00,nan,nan,nan,nan,nan,nan,nan,nan,nan,nan,nan,nan,nan,nan,nan,1.000000000000000056e-01,1.000000000000000056e-01,-3.490658503988658956e-01,-3.490658503988658956e-01
2.777999999999915648e+00,nan,nan,nan,nan,nan,nan,nan,nan,nan,nan,nan,nan,nan,nan,nan,1.000000000000000056e-01,1.000000000000000056e-01,-3.490658503988658956e-01,-3.490658503988658956e-01
2.779999999999915428e+00,nan,nan,nan,nan,nan,nan,nan,nan,nan,nan,nan,nan,nan,nan,nan,1.000000000000000056e-01,1.000000000000000056e-01,-3.490658503988658956e-01,-3.490658503988658956e-01
2.781999999999915207e+00,nan,nan,nan,nan,nan,nan,nan,nan,nan,nan,nan,nan,nan,nan,nan,1.000000000000000056e-01,1.000000000000000056e-01,-3.490658503988658956e-01,-3.490658503988658956e-01
2.783999999999914987e+00,nan,nan,nan,nan,nan,nan,nan,nan,nan,nan,nan,nan,nan,nan,nan,1.000000000000000056e-01,1.000000000000000056e-01,-3.490658503988658956e-01,-3.490658503988658956e-01
2.785999999999914767e+00,nan,nan,nan,nan,nan,nan,nan,nan,nan,nan,nan,nan,nan,nan,nan,1.000000000000000056e-01,1.000000000000000056e-01,-3.490658503988658956e-01,-3.490658503988658956e-01
2.787999999999914547e+00,nan,nan,nan,nan,nan,nan,nan,nan,nan,nan,nan,nan,nan,nan,nan,1.000000000000000056e-01,1.000000000000000056e-01,-3.490658503988658956e-01,-3.490658503988658956e-01
2.789999999999914326e+00,nan,nan,nan,nan,nan,nan,nan,nan,nan,nan,nan,nan,nan,nan,nan,1.000000000000000056e-01,1.000000000000000056e-01,-3.490658503988658956e-01,-3.490658503988658956e-01
2.791999999999914106e+00,nan,nan,nan,nan,nan,nan,nan,nan,nan,nan,nan,nan,nan,nan,nan,1.000000000000000056e-01,1.000000000000000056e-01,-3.490658503988658956e-01,-3.490658503988658956e-01
2.793999999999913886e+00,nan,nan,nan,nan,nan,nan,nan,nan,nan,nan,nan,nan,nan,nan,nan,1.000000000000000056e-01,1.000000000000000056e-01,-3.490658503988658956e-01,-3.490658503988658956e-01
2.795999999999913666e+00,nan,nan,nan,nan,nan,nan,nan,nan,nan,nan,nan,nan,nan,nan,nan,1.000000000000000056e-01,1.000000000000000056e-01,-3.490658503988658956e-01,-3.490658503988658956e-01
2.797999999999913445e+00,nan,nan,nan,nan,nan,nan,nan,nan,nan,nan,nan,nan,nan,nan,nan,1.000000000000000056e-01,1.000000000000000056e-01,-3.490658503988658956e-01,-3.490658503988658956e-01
2.799999999999913225e+00,nan,nan,nan,nan,nan,nan,nan,nan,nan,nan,nan,nan,nan,nan,nan,1.000000000000000056e-01,1.000000000000000056e-01,-3.490658503988658956e-01,-3.490658503988658956e-01
2.801999999999913005e+00,nan,nan,nan,nan,nan,nan,nan,nan,nan,nan,nan,nan,nan,nan,nan,1.000000000000000056e-01,1.000000000000000056e-01,-3.490658503988658956e-01,-3.490658503988658956e-01
2.803999999999912784e+00,nan,nan,nan,nan,nan,nan,nan,nan,nan,nan,nan,nan,nan,nan,nan,1.000000000000000056e-01,1.000000000000000056e-01,-3.490658503988658956e-01,-3.490658503988658956e-01
2.805999999999912564e+00,nan,nan,nan,nan,nan,nan,nan,nan,nan,nan,nan,nan,nan,nan,nan,1.000000000000000056e-01,1.000000000000000056e-01,-3.490658503988658956e-01,-3.490658503988658956e-01
2.807999999999912344e+00,nan,nan,nan,nan,nan,nan,nan,nan,nan,nan,nan,nan,nan,nan,nan,1.000000000000000056e-01,1.000000000000000056e-01,-3.490658503988658956e-01,-3.490658503988658956e-01
2.809999999999912124e+00,nan,nan,nan,nan,nan,nan,nan,nan,nan,nan,nan,nan,nan,nan,nan,1.000000000000000056e-01,1.000000000000000056e-01,-3.490658503988658956e-01,-3.490658503988658956e-01
2.811999999999911903e+00,nan,nan,nan,nan,nan,nan,nan,nan,nan,nan,nan,nan,nan,nan,nan,1.000000000000000056e-01,1.000000000000000056e-01,-3.490658503988658956e-01,-3.490658503988658956e-01
2.813999999999911683e+00,nan,nan,nan,nan,nan,nan,nan,nan,nan,nan,nan,nan,nan,nan,nan,1.000000000000000056e-01,1.000000000000000056e-01,-3.490658503988658956e-01,-3.490658503988658956e-01
2.815999999999911463e+00,nan,nan,nan,nan,nan,nan,nan,nan,nan,nan,nan,nan,nan,nan,nan,1.000000000000000056e-01,1.000000000000000056e-01,-3.490658503988658956e-01,-3.490658503988658956e-01
2.817999999999911243e+00,nan,nan,nan,nan,nan,nan,nan,nan,nan,nan,nan,nan,nan,nan,nan,1.000000000000000056e-01,1.000000000000000056e-01,-3.490658503988658956e-01,-3.490658503988658956e-01
2.819999999999911022e+00,nan,nan,nan,nan,nan,nan,nan,nan,nan,nan,nan,nan,nan,nan,nan,1.000000000000000056e-01,1.000000000000000056e-01,-3.490658503988658956e-01,-3.490658503988658956e-01
2.821999999999910802e+00,nan,nan,nan,nan,nan,nan,nan,nan,nan,nan,nan,nan,nan,nan,nan,1.000000000000000056e-01,1.000000000000000056e-01,-3.490658503988658956e-01,-3.490658503988658956e-01
2.823999999999910582e+00,nan,nan,nan,nan,nan,nan,nan,nan,nan,nan,nan,nan,nan,nan,nan,1.000000000000000056e-01,1.000000000000000056e-01,-3.490658503988658956e-01,-3.490658503988658956e-01
2.825999999999910361e+00,nan,nan,nan,nan,nan,nan,nan,nan,nan,nan,nan,nan,nan,nan,nan,1.000000000000000056e-01,1.000000000000000056e-01,-3.490658503988658956e-01,-3.490658503988658956e-01
2.827999999999910141e+00,nan,nan,nan,nan,nan,nan,nan,nan,nan,nan,nan,nan,nan,nan,nan,1.000000000000000056e-01,1.000000000000000056e-01,-3.490658503988658956e-01,-3.490658503988658956e-01
2.829999999999909921e+00,nan,nan,nan,nan,nan,nan,nan,nan,nan,nan,nan,nan,nan,nan,nan,1.000000000000000056e-01,1.000000000000000056e-01,-3.490658503988658956e-01,-3.490658503988658956e-01
2.831999999999909701e+00,nan,nan,nan,nan,nan,nan,nan,nan,nan,nan,nan,nan,nan,nan,nan,1.000000000000000056e-01,1.000000000000000056e-01,-3.490658503988658956e-01,-3.490658503988658956e-01
2.833999999999909480e+00,nan,nan,nan,nan,nan,nan,nan,nan,nan,nan,nan,nan,nan,nan,nan,1.000000000000000056e-01,1.000000000000000056e-01,-3.490658503988658956e-01,-3.490658503988658956e-01
2.835999999999909260e+00,nan,nan,nan,nan,nan,nan,nan,nan,nan,nan,nan,nan,nan,nan,nan,1.000000000000000056e-01,1.000000000000000056e-01,-3.490658503988658956e-01,-3.490658503988658956e-01
2.837999999999909040e+00,nan,nan,nan,nan,nan,nan,nan,nan,nan,nan,nan,nan,nan,nan,nan,1.000000000000000056e-01,1.000000000000000056e-01,-3.490658503988658956e-01,-3.490658503988658956e-01
2.839999999999908820e+00,nan,nan,nan,nan,nan,nan,nan,nan,nan,nan,nan,nan,nan,nan,nan,1.000000000000000056e-01,1.000000000000000056e-01,-3.490658503988658956e-01,-3.490658503988658956e-01
2.841999999999908599e+00,nan,nan,nan,nan,nan,nan,nan,nan,nan,nan,nan,nan,nan,nan,nan,1.000000000000000056e-01,1.000000000000000056e-01,-3.490658503988658956e-01,-3.490658503988658956e-01
2.843999999999908379e+00,nan,nan,nan,nan,nan,nan,nan,nan,nan,nan,nan,nan,nan,nan,nan,1.000000000000000056e-01,1.000000000000000056e-01,-3.490658503988658956e-01,-3.490658503988658956e-01
2.845999999999908159e+00,nan,nan,nan,nan,nan,nan,nan,nan,nan,nan,nan,nan,nan,nan,nan,1.000000000000000056e-01,1.000000000000000056e-01,-3.490658503988658956e-01,-3.490658503988658956e-01
2.847999999999907939e+00,nan,nan,nan,nan,nan,nan,nan,nan,nan,nan,nan,nan,nan,nan,nan,1.000000000000000056e-01,1.000000000000000056e-01,-3.490658503988658956e-01,-3.490658503988658956e-01
2.849999999999907718e+00,nan,nan,nan,nan,nan,nan,nan,nan,nan,nan,nan,nan,nan,nan,nan,1.000000000000000056e-01,1.000000000000000056e-01,-3.490658503988658956e-01,-3.490658503988658956e-01
2.851999999999907498e+00,nan,nan,nan,nan,nan,nan,nan,nan,nan,nan,nan,nan,nan,nan,nan,1.000000000000000056e-01,1.000000000000000056e-01,-3.490658503988658956e-01,-3.490658503988658956e-01
2.853999999999907278e+00,nan,nan,nan,nan,nan,nan,nan,nan,nan,nan,nan,nan,nan,nan,nan,1.000000000000000056e-01,1.000000000000000056e-01,-3.490658503988658956e-01,-3.490658503988658956e-01
2.855999999999907057e+00,nan,nan,nan,nan,nan,nan,nan,nan,nan,nan,nan,nan,nan,nan,nan,1.000000000000000056e-01,1.000000000000000056e-01,-3.490658503988658956e-01,-3.490658503988658956e-01
2.857999999999906837e+00,nan,nan,nan,nan,nan,nan,nan,nan,nan,nan,nan,nan,nan,nan,nan,1.000000000000000056e-01,1.000000000000000056e-01,-3.490658503988658956e-01,-3.490658503988658956e-01
2.859999999999906617e+00,nan,nan,nan,nan,nan,nan,nan,nan,nan,nan,nan,nan,nan,nan,nan,1.000000000000000056e-01,1.000000000000000056e-01,-3.490658503988658956e-01,-3.490658503988658956e-01
2.861999999999906397e+00,nan,nan,nan,nan,nan,nan,nan,nan,nan,nan,nan,nan,nan,nan,nan,1.000000000000000056e-01,1.000000000000000056e-01,-3.490658503988658956e-01,-3.490658503988658956e-01
2.863999999999906176e+00,nan,nan,nan,nan,nan,nan,nan,nan,nan,nan,nan,nan,nan,nan,nan,1.000000000000000056e-01,1.000000000000000056e-01,-3.490658503988658956e-01,-3.490658503988658956e-01
2.865999999999905956e+00,nan,nan,nan,nan,nan,nan,nan,nan,nan,nan,nan,nan,nan,nan,nan,1.000000000000000056e-01,1.000000000000000056e-01,-3.490658503988658956e-01,-3.490658503988658956e-01
2.867999999999905736e+00,nan,nan,nan,nan,nan,nan,nan,nan,nan,nan,nan,nan,nan,nan,nan,1.000000000000000056e-01,1.000000000000000056e-01,-3.490658503988658956e-01,-3.490658503988658956e-01
2.869999999999905516e+00,nan,nan,nan,nan,nan,nan,nan,nan,nan,nan,nan,nan,nan,nan,nan,1.000000000000000056e-01,1.000000000000000056e-01,-3.490658503988658956e-01,-3.490658503988658956e-01
2.871999999999905295e+00,nan,nan,nan,nan,nan,nan,nan,nan,nan,nan,nan,nan,nan,nan,nan,1.000000000000000056e-01,1.000000000000000056e-01,-3.490658503988658956e-01,-3.490658503988658956e-01
2.873999999999905075e+00,nan,nan,nan,nan,nan,nan,nan,nan,nan,nan,nan,nan,nan,nan,nan,1.000000000000000056e-01,1.000000000000000056e-01,-3.490658503988658956e-01,-3.490658503988658956e-01
2.875999999999904855e+00,nan,nan,nan,nan,nan,nan,nan,nan,nan,nan,nan,nan,nan,nan,nan,1.000000000000000056e-01,1.000000000000000056e-01,-3.490658503988658956e-01,-3.490658503988658956e-01
2.877999999999904635e+00,nan,nan,nan,nan,nan,nan,nan,nan,nan,nan,nan,nan,nan,nan,nan,1.000000000000000056e-01,1.000000000000000056e-01,-3.490658503988658956e-01,-3.490658503988658956e-01
2.879999999999904414e+00,nan,nan,nan,nan,nan,nan,nan,nan,nan,nan,nan,nan,nan,nan,nan,1.000000000000000056e-01,1.000000000000000056e-01,-3.490658503988658956e-01,-3.490658503988658956e-01
2.881999999999904194e+00,nan,nan,nan,nan,nan,nan,nan,nan,nan,nan,nan,nan,nan,nan,nan,1.000000000000000056e-01,1.000000000000000056e-01,-3.490658503988658956e-01,-3.490658503988658956e-01
2.883999999999903974e+00,nan,nan,nan,nan,nan,nan,nan,nan,nan,nan,nan,nan,nan,nan,nan,1.000000000000000056e-01,1.000000000000000056e-01,-3.490658503988658956e-01,-3.490658503988658956e-01
2.885999999999903753e+00,nan,nan,nan,nan,nan,nan,nan,nan,nan,nan,nan,nan,nan,nan,nan,1.000000000000000056e-01,1.000000000000000056e-01,-3.490658503988658956e-01,-3.490658503988658956e-01
2.887999999999903533e+00,nan,nan,nan,nan,nan,nan,nan,nan,nan,nan,nan,nan,nan,nan,nan,1.000000000000000056e-01,1.000000000000000056e-01,-3.490658503988658956e-01,-3.490658503988658956e-01
2.889999999999903313e+00,nan,nan,nan,nan,nan,nan,nan,nan,nan,nan,nan,nan,nan,nan,nan,1.000000000000000056e-01,1.000000000000000056e-01,-3.490658503988658956e-01,-3.490658503988658956e-01
2.891999999999903093e+00,nan,nan,nan,nan,nan,nan,nan,nan,nan,nan,nan,nan,nan,nan,nan,1.000000000000000056e-01,1.000000000000000056e-01,-3.490658503988658956e-01,-3.490658503988658956e-01
2.893999999999902872e+00,nan,nan,nan,nan,nan,nan,nan,nan,nan,nan,nan,nan,nan,nan,nan,1.000000000000000056e-01,1.000000000000000056e-01,-3.490658503988658956e-01,-3.490658503988658956e-01
2.895999999999902652e+00,nan,nan,nan,nan,nan,nan,nan,nan,nan,nan,nan,nan,nan,nan,nan,1.000000000000000056e-01,1.000000000000000056e-01,-3.490658503988658956e-01,-3.490658503988658956e-01
2.897999999999902432e+00,nan,nan,nan,nan,nan,nan,nan,nan,nan,nan,nan,nan,nan,nan,nan,1.000000000000000056e-01,1.000000000000000056e-01,-3.490658503988658956e-01,-3.490658503988658956e-01
2.899999999999902212e+00,nan,nan,nan,nan,nan,nan,nan,nan,nan,nan,nan,nan,nan,nan,nan,1.000000000000000056e-01,1.000000000000000056e-01,-3.490658503988658956e-01,-3.490658503988658956e-01
2.901999999999901991e+00,nan,nan,nan,nan,nan,nan,nan,nan,nan,nan,nan,nan,nan,nan,nan,1.000000000000000056e-01,1.000000000000000056e-01,-3.490658503988658956e-01,-3.490658503988658956e-01
2.903999999999901771e+00,nan,nan,nan,nan,nan,nan,nan,nan,nan,nan,nan,nan,nan,nan,nan,1.000000000000000056e-01,1.000000000000000056e-01,-3.490658503988658956e-01,-3.490658503988658956e-01
2.905999999999901551e+00,nan,nan,nan,nan,nan,nan,nan,nan,nan,nan,nan,nan,nan,nan,nan,1.000000000000000056e-01,1.000000000000000056e-01,-3.490658503988658956e-01,-3.490658503988658956e-01
2.907999999999901330e+00,nan,nan,nan,nan,nan,nan,nan,nan,nan,nan,nan,nan,nan,nan,nan,1.000000000000000056e-01,1.000000000000000056e-01,-3.490658503988658956e-01,-3.490658503988658956e-01
2.909999999999901110e+00,nan,nan,nan,nan,nan,nan,nan,nan,nan,nan,nan,nan,nan,nan,nan,1.000000000000000056e-01,1.000000000000000056e-01,-3.490658503988658956e-01,-3.490658503988658956e-01
2.911999999999900890e+00,nan,nan,nan,nan,nan,nan,nan,nan,nan,nan,nan,nan,nan,nan,nan,1.000000000000000056e-01,1.000000000000000056e-01,-3.490658503988658956e-01,-3.490658503988658956e-01
2.913999999999900670e+00,nan,nan,nan,nan,nan,nan,nan,nan,nan,nan,nan,nan,nan,nan,nan,1.000000000000000056e-01,1.000000000000000056e-01,-3.490658503988658956e-01,-3.490658503988658956e-01
2.915999999999900449e+00,nan,nan,nan,nan,nan,nan,nan,nan,nan,nan,nan,nan,nan,nan,nan,1.000000000000000056e-01,1.000000000000000056e-01,-3.490658503988658956e-01,-3.490658503988658956e-01
2.917999999999900229e+00,nan,nan,nan,nan,nan,nan,nan,nan,nan,nan,nan,nan,nan,nan,nan,1.000000000000000056e-01,1.000000000000000056e-01,-3.490658503988658956e-01,-3.490658503988658956e-01
2.919999999999900009e+00,nan,nan,nan,nan,nan,nan,nan,nan,nan,nan,nan,nan,nan,nan,nan,1.000000000000000056e-01,1.000000000000000056e-01,-3.490658503988658956e-01,-3.490658503988658956e-01
2.921999999999899789e+00,nan,nan,nan,nan,nan,nan,nan,nan,nan,nan,nan,nan,nan,nan,nan,1.000000000000000056e-01,1.000000000000000056e-01,-3.490658503988658956e-01,-3.490658503988658956e-01
2.923999999999899568e+00,nan,nan,nan,nan,nan,nan,nan,nan,nan,nan,nan,nan,nan,nan,nan,1.000000000000000056e-01,1.000000000000000056e-01,-3.490658503988658956e-01,-3.490658503988658956e-01
2.925999999999899348e+00,nan,nan,nan,nan,nan,nan,nan,nan,nan,nan,nan,nan,nan,nan,nan,1.000000000000000056e-01,1.000000000000000056e-01,-3.490658503988658956e-01,-3.490658503988658956e-01
2.927999999999899128e+00,nan,nan,nan,nan,nan,nan,nan,nan,nan,nan,nan,nan,nan,nan,nan,1.000000000000000056e-01,1.000000000000000056e-01,-3.490658503988658956e-01,-3.490658503988658956e-01
2.929999999999898908e+00,nan,nan,nan,nan,nan,nan,nan,nan,nan,nan,nan,nan,nan,nan,nan,1.000000000000000056e-01,1.000000000000000056e-01,-3.490658503988658956e-01,-3.490658503988658956e-01
2.931999999999898687e+00,nan,nan,nan,nan,nan,nan,nan,nan,nan,nan,nan,nan,nan,nan,nan,1.000000000000000056e-01,1.000000000000000056e-01,-3.490658503988658956e-01,-3.490658503988658956e-01
2.933999999999898467e+00,nan,nan,nan,nan,nan,nan,nan,nan,nan,nan,nan,nan,nan,nan,nan,1.000000000000000056e-01,1.000000000000000056e-01,-3.490658503988658956e-01,-3.490658503988658956e-01
2.935999999999898247e+00,nan,nan,nan,nan,nan,nan,nan,nan,nan,nan,nan,nan,nan,nan,nan,1.000000000000000056e-01,1.000000000000000056e-01,-3.490658503988658956e-01,-3.490658503988658956e-01
2.937999999999898026e+00,nan,nan,nan,nan,nan,nan,nan,nan,nan,nan,nan,nan,nan,nan,nan,1.000000000000000056e-01,1.000000000000000056e-01,-3.490658503988658956e-01,-3.490658503988658956e-01
2.939999999999897806e+00,nan,nan,nan,nan,nan,nan,nan,nan,nan,nan,nan,nan,nan,nan,nan,1.000000000000000056e-01,1.000000000000000056e-01,-3.490658503988658956e-01,-3.490658503988658956e-01
2.941999999999897586e+00,nan,nan,nan,nan,nan,nan,nan,nan,nan,nan,nan,nan,nan,nan,nan,1.000000000000000056e-01,1.000000000000000056e-01,-3.490658503988658956e-01,-3.490658503988658956e-01
2.943999999999897366e+00,nan,nan,nan,nan,nan,nan,nan,nan,nan,nan,nan,nan,nan,nan,nan,1.000000000000000056e-01,1.000000000000000056e-01,-3.490658503988658956e-01,-3.490658503988658956e-01
2.945999999999897145e+00,nan,nan,nan,nan,nan,nan,nan,nan,nan,nan,nan,nan,nan,nan,nan,1.000000000000000056e-01,1.000000000000000056e-01,-3.490658503988658956e-01,-3.490658503988658956e-01
2.947999999999896925e+00,nan,nan,nan,nan,nan,nan,nan,nan,nan,nan,nan,nan,nan,nan,nan,1.000000000000000056e-01,1.000000000000000056e-01,-3.490658503988658956e-01,-3.490658503988658956e-01
2.949999999999896705e+00,nan,nan,nan,nan,nan,nan,nan,nan,nan,nan,nan,nan,nan,nan,nan,1.000000000000000056e-01,1.000000000000000056e-01,-3.490658503988658956e-01,-3.490658503988658956e-01
2.951999999999896485e+00,nan,nan,nan,nan,nan,nan,nan,nan,nan,nan,nan,nan,nan,nan,nan,1.000000000000000056e-01,1.000000000000000056e-01,-3.490658503988658956e-01,-3.490658503988658956e-01
2.953999999999896264e+00,nan,nan,nan,nan,nan,nan,nan,nan,nan,nan,nan,nan,nan,nan,nan,1.000000000000000056e-01,1.000000000000000056e-01,-3.490658503988658956e-01,-3.490658503988658956e-01
2.955999999999896044e+00,nan,nan,nan,nan,nan,nan,nan,nan,nan,nan,nan,nan,nan,nan,nan,1.000000000000000056e-01,1.000000000000000056e-01,-3.490658503988658956e-01,-3.490658503988658956e-01
2.957999999999895824e+00,nan,nan,nan,nan,nan,nan,nan,nan,nan,nan,nan,nan,nan,nan,nan,1.000000000000000056e-01,1.000000000000000056e-01,-3.490658503988658956e-01,-3.490658503988658956e-01
2.959999999999895604e+00,nan,nan,nan,nan,nan,nan,nan,nan,nan,nan,nan,nan,nan,nan,nan,1.000000000000000056e-01,1.000000000000000056e-01,-3.490658503988658956e-01,-3.490658503988658956e-01
2.961999999999895383e+00,nan,nan,nan,nan,nan,nan,nan,nan,nan,nan,nan,nan,nan,nan,nan,1.000000000000000056e-01,1.000000000000000056e-01,-3.490658503988658956e-01,-3.490658503988658956e-01
2.963999999999895163e+00,nan,nan,nan,nan,nan,nan,nan,nan,nan,nan,nan,nan,nan,nan,nan,1.000000000000000056e-01,1.000000000000000056e-01,-3.490658503988658956e-01,-3.490658503988658956e-01
2.965999999999894943e+00,nan,nan,nan,nan,nan,nan,nan,nan,nan,nan,nan,nan,nan,nan,nan,1.000000000000000056e-01,1.000000000000000056e-01,-3.490658503988658956e-01,-3.490658503988658956e-01
2.967999999999894722e+00,nan,nan,nan,nan,nan,nan,nan,nan,nan,nan,nan,nan,nan,nan,nan,1.000000000000000056e-01,1.000000000000000056e-01,-3.490658503988658956e-01,-3.490658503988658956e-01
2.969999999999894502e+00,nan,nan,nan,nan,nan,nan,nan,nan,nan,nan,nan,nan,nan,nan,nan,1.000000000000000056e-01,1.000000000000000056e-01,-3.490658503988658956e-01,-3.490658503988658956e-01
2.971999999999894282e+00,nan,nan,nan,nan,nan,nan,nan,nan,nan,nan,nan,nan,nan,nan,nan,1.000000000000000056e-01,1.000000000000000056e-01,-3.490658503988658956e-01,-3.490658503988658956e-01
2.973999999999894062e+00,nan,nan,nan,nan,nan,nan,nan,nan,nan,nan,nan,nan,nan,nan,nan,1.000000000000000056e-01,1.000000000000000056e-01,-3.490658503988658956e-01,-3.490658503988658956e-01
2.975999999999893841e+00,nan,nan,nan,nan,nan,nan,nan,nan,nan,nan,nan,nan,nan,nan,nan,1.000000000000000056e-01,1.000000000000000056e-01,-3.490658503988658956e-01,-3.490658503988658956e-01
2.977999999999893621e+00,nan,nan,nan,nan,nan,nan,nan,nan,nan,nan,nan,nan,nan,nan,nan,1.000000000000000056e-01,1.000000000000000056e-01,-3.490658503988658956e-01,-3.490658503988658956e-01
2.979999999999893401e+00,nan,nan,nan,nan,nan,nan,nan,nan,nan,nan,nan,nan,nan,nan,nan,1.000000000000000056e-01,1.000000000000000056e-01,-3.490658503988658956e-01,-3.490658503988658956e-01
2.981999999999893181e+00,nan,nan,nan,nan,nan,nan,nan,nan,nan,nan,nan,nan,nan,nan,nan,1.000000000000000056e-01,1.000000000000000056e-01,-3.490658503988658956e-01,-3.490658503988658956e-01
2.983999999999892960e+00,nan,nan,nan,nan,nan,nan,nan,nan,nan,nan,nan,nan,nan,nan,nan,1.000000000000000056e-01,1.000000000000000056e-01,-3.490658503988658956e-01,-3.490658503988658956e-01
2.985999999999892740e+00,nan,nan,nan,nan,nan,nan,nan,nan,nan,nan,nan,nan,nan,nan,nan,1.000000000000000056e-01,1.000000000000000056e-01,-3.490658503988658956e-01,-3.490658503988658956e-01
2.987999999999892520e+00,nan,nan,nan,nan,nan,nan,nan,nan,nan,nan,nan,nan,nan,nan,nan,1.000000000000000056e-01,1.000000000000000056e-01,-3.490658503988658956e-01,-3.490658503988658956e-01
2.989999999999892299e+00,nan,nan,nan,nan,nan,nan,nan,nan,nan,nan,nan,nan,nan,nan,nan,1.000000000000000056e-01,1.000000000000000056e-01,-3.490658503988658956e-01,-3.490658503988658956e-01
2.991999999999892079e+00,nan,nan,nan,nan,nan,nan,nan,nan,nan,nan,nan,nan,nan,nan,nan,1.000000000000000056e-01,1.000000000000000056e-01,-3.490658503988658956e-01,-3.490658503988658956e-01
2.993999999999891859e+00,nan,nan,nan,nan,nan,nan,nan,nan,nan,nan,nan,nan,nan,nan,nan,1.000000000000000056e-01,1.000000000000000056e-01,-3.490658503988658956e-01,-3.490658503988658956e-01
2.995999999999891639e+00,nan,nan,nan,nan,nan,nan,nan,nan,nan,nan,nan,nan,nan,nan,nan,1.000000000000000056e-01,1.000000000000000056e-01,-3.490658503988658956e-01,-3.490658503988658956e-01
2.997999999999891418e+00,nan,nan,nan,nan,nan,nan,nan,nan,nan,nan,nan,nan,nan,nan,nan,1.000000000000000056e-01,1.000000000000000056e-01,-3.490658503988658956e-01,-3.490658503988658956e-01
2.999999999999891198e+00,nan,nan,nan,nan,nan,nan,nan,nan,nan,nan,nan,nan,nan,nan,nan,1.000000000000000056e-01,1.000000000000000056e-01,-3.490658503988658956e-01,-3.490658503988658956e-01
