0.000000000000000000e+00,0.000000000000000000e+00,0.000000000000000000e+00,1.000000000000000000e+00,0.000000000000000000e+00,0.000000000000000000e+00,0.000000000000000000e+00,1.000000000000000000e+00,0.000000000000000000e+00,0.000000000000000000e+00,0.000000000000000000e+00,0.000000000000000000e+00,0.000000000000000000e+00,0.000000000000000000e+00,0.000000000000000000e+00,0.000000000000000000e+00,0.000000000000000000e+00,0.000000000000000000e+00,0.000000000000000000e+00,0.000000000000000000e+00
0.000000000000000000e+00,0.000000000000000000e+00,0.000000000000000000e+00,1.000000000000000000e+00,4.006738044843958547e-03,0.000000000000000000e+00,-1.960000000000000284e-02,1.000000000000000000e+00,0.000000000000000000e+00,0.000000000000000000e+00,0.000000000000000000e+00,0.000000000000000000e+00,2.219338229099820925e-02,0.000000000000000000e+00,-7.844647116929958486e+01,0.000000000000000000e+00,1.001684511210989559e+00,1.001684511210989559e+00,-3.490658503988658956e-01,-3.490658503988658956e-01
2.000000000000000042e-03,8.013476089687917380e-06,0.000000000000000000e+00,9.999607999999999830e-01,7.889810358221033271e-03,0.000000000000000000e+00,-3.919994864149770747e-02,9.999999997537269980e-01,0.000000000000000000e+00,2.219338228553257788e-05,0.000000000000000000e+00,0.000000000000000000e+00,4.370189687590538691e-02,0.000000000000000000e+00,-7.861752296229997228e+01,0.000000000000000000e+00,9.707734331055924981e-01,9.707734331055924981e-01,-3.490658503988658956e-01,-3.490658503988658956e-01
4.000000000000000083e-03,2.379309680612998711e-05,0.000000000000000000e+00,9.998824001027170061e-01,1.164918957700723443e-02,0.000000000000000000e+00,-5.879990970588597904e-02,9.999999978289061398e-01,0.000000000000000000e+00,6.589527908775013492e-05,0.000000000000000000e+00,0.000000000000000000e+00,6.452562248652610188e-02,0.000000000000000000e+00,-7.878635999910302701e+01,0.000000000000000000e+00,9.398659085112436307e-01,9.398659085112436307e-01,-3.490658503988658956e-01,-3.490658503988658956e-01
6.000000000000000125e-03,4.709147596014445270e-05,0.000000000000000000e+00,9.997648002833052772e-01,1.528494019699755922e-02,0.000000000000000000e+00,-7.839992500964992894e-02,9.999999914951943625e-01,0.000000000000000000e+00,1.304209011626776982e-04,0.000000000000000000e+00,0.000000000000000000e+00,8.466513633797780047e-02,0.000000000000000000e+00,-7.895298981547335870e+01,0.000000000000000000e+00,9.089844361623435898e-01,9.089844361623435898e-01,-3.490658503988658956e-01,-3.490658503988658956e-01
8.000000000000000167e-03,7.766135635413957039e-05,0.000000000000000000e+00,9.996080004332860147e-01,1.879723214187439123e-02,0.000000000000000000e+00,-9.800001516501816168e-02,9.999999768689983304e-01,0.000000000000000000e+00,2.150860360097066575e-04,0.000000000000000000e+00,0.000000000000000000e+00,1.041215894724129565e-01,0.000000000000000000e+00,-7.911741216002521071e+01,0.000000000000000000e+00,8.781549153853474010e-01,8.781549153853474010e-01,-3.490658503988658956e-01,-3.490658503988658956e-01
1.000000000000000021e-02,1.152558206378883525e-04,0.000000000000000000e+00,9.994120004029559690e-01,2.218635670818482758e-02,0.000000000000000000e+00,-1.176001803920341399e-01,9.999999490532459623e-01,0.000000000000000000e+00,3.192076213433693425e-04,0.000000000000000000e+00,0.000000000000000000e+00,1.228967952460854468e-01,0.000000000000000000e+00,-7.927961777782353181e+01,0.000000000000000000e+00,8.474072393154359339e-01,8.474072393154359339e-01,-3.490658503988658956e-01,-3.490658503988658956e-01
1.200000000000000025e-02,1.596285340542579942e-04,0.000000000000000000e+00,9.991768000421719087e-01,2.545274536056436887e-02,0.000000000000000000e+00,-1.372004013906711894e-01,9.999999022718418784e-01,0.000000000000000000e+00,4.421044069895729779e-04,0.000000000000000000e+00,0.000000000000000000e+00,1.409933335922319564e-01,0.000000000000000000e+00,-7.943958698706147459e+01,0.000000000000000000e+00,8.167760069281164714e-01,8.167760069281164714e-01,-3.490658503988658956e-01,-3.490658503988658956e-01
1.400000000000000029e-02,2.105340247753867259e-04,0.000000000000000000e+00,9.989023992393906148e-01,2.859699195108695441e-02,0.000000000000000000e+00,-1.568006402837241742e-01,9.999998299985093375e-01,0.000000000000000000e+00,5.830977210070513493e-04,0.000000000000000000e+00,0.000000000000000000e+00,1.584146742448477585e-01,0.000000000000000000e+00,-7.959728801084642669e+01,0.000000000000000000e+00,7.863013788274050286e-01,7.863013788274050286e-01,-3.490658503988658956e-01,-3.490658503988658956e-01
1.600000000000000033e-02,2.677280086775606321e-04,0.000000000000000000e+00,9.985887979588231600e-01,3.161987905464000437e-02,0.000000000000000000e+00,-1.764008416438725413e-01,9.999997250796729409e-01,0.000000000000000000e+00,7.415123590169646469e-04,0.000000000000000000e+00,0.000000000000000000e+00,1.751653227629970111e-01,0.000000000000000000e+00,-7.975267501981620910e+01,0.000000000000000000e+00,7.560301063337723226e-01,7.560301063337723226e-01,-3.490658503988658956e-01,-3.490658503988658956e-01
1.800000000000000211e-02,3.309677667868406647e-04,0.000000000000000000e+00,9.982359962755353866e-01,3.452240924918347637e-02,0.000000000000000000e+00,-1.960009336216556597e-01,9.999995798509826450e-01,0.000000000000000000e+00,9.166776195602945260e-04,0.000000000000000000e+00,0.000000000000000000e+00,1.912509939549828786e-01,0.000000000000000000e+00,-7.990568583474551190e+01,0.000000000000000000e+00,7.260167681597821110e-01,7.260167681597821110e-01,-3.490658503988658956e-01,-3.490658503988658956e-01
2.000000000000000389e-02,4.000125852852076062e-04,0.000000000000000000e+00,9.978439944082920787e-01,3.730584232360591168e-02,0.000000000000000000e+00,-2.156008291952713762e-01,9.999993862470167860e-01,0.000000000000000000e+00,1.107928512899041592e-03,0.000000000000000000e+00,0.000000000000000000e+00,2.066788181552203785e-01,0.000000000000000000e+00,-8.005623923215955529e+01,0.000000000000000000e+00,6.963252531964069236e-01,6.963252531964069236e-01,-3.490658503988658956e-01,-3.490658503988658956e-01
2.200000000000000566e-02,4.746242699324194490e-04,0.000000000000000000e+00,9.974127927499015778e-01,3.997173955953488289e-02,0.000000000000000000e+00,-2.352004275682384460e-01,9.999991359036128902e-01,0.000000000000000000e+00,1.314607176127053018e-03,0.000000000000000000e+00,0.000000000000000000e+00,2.214575867147175747e-01,0.000000000000000000e+00,-8.020423179150482440e+01,0.000000000000000000e+00,6.670305303948541598e-01,6.670305303948541598e-01,-3.490658503988658956e-01,-3.490658503988658956e-01
2.400000000000000744e-02,5.545677490514891884e-04,0.000000000000000000e+00,9.969423918947650787e-01,4.252201639066043731e-02,0.000000000000000000e+00,-2.547996157471427159e-01,9.999988202521781222e-01,0.000000000000000000e+00,1.536064533814108764e-03,0.000000000000000000e+00,0.000000000000000000e+00,2.355980439388263847e-01,0.000000000000000000e+00,-8.034953422185097338e+01,0.000000000000000000e+00,6.382207451352054361e-01,6.382207451352054361e-01,-3.490658503988658956e-01,-3.490658503988658956e-01
2.600000000000000921e-02,6.396117818328100803e-04,0.000000000000000000e+00,9.964327926632707833e-01,4.495900486198986523e-02,0.000000000000000000e+00,-2.743982703388809230e-01,9.999984306052033256e-01,0.000000000000000000e+00,1.771662250637325801e-03,0.000000000000000000e+00,0.000000000000000000e+00,2.491132333667495091e-01,0.000000000000000000e+00,-8.049198711312121191e+01,0.000000000000000000e+00,6.099996719077924734e-01,6.099996719077924734e-01,-3.490658503988658956e-01,-3.490658503988658956e-01
2.800000000000001099e-02,7.295297915567897605e-04,0.000000000000000000e+00,9.958839961225930404e-01,4.728552733444862238e-02,0.000000000000000000e+00,-2.939962596147298046e-01,9.999979582320540628e-01,0.000000000000000000e+00,2.020775030345038810e-03,0.000000000000000000e+00,0.000000000000000000e+00,2.620189064176223770e-01,0.000000000000000000e+00,-8.063139607741686632e+01,0.000000000000000000e+00,5.824895291897845828e-01,5.824895291897845828e-01,-3.490658503988658956e-01,-3.490658503988658956e-01
3.000000000000001277e-02,8.241008462256869905e-04,0.000000000000000000e+00,9.952960036033635660e-01,4.950498271014018570e-02,0.000000000000000000e+00,-3.135934458964048654e-01,9.999973944239268775e-01,0.000000000000000000e+00,2.282793323419517705e-03,0.000000000000000000e+00,0.000000000000000000e+00,2.743340004892410589e-01,0.000000000000000000e+00,-8.076752628920567645e+01,0.000000000000000000e+00,5.558341141471798696e-01,5.558341141471798696e-01,-3.490658503988658956e-01,-3.490658503988658956e-01
3.200000000000001454e-02,9.231108116459673307e-04,0.000000000000000000e+00,9.946688167115707024e-01,5.162144593585075297e-02,0.000000000000000000e+00,-3.331896883253577246e-01,9.999967305466539447e-01,0.000000000000000000e+00,2.557126512887076836e-03,0.000000000000000000e+00,0.000000000000000000e+00,2.860811907316661573e-01,0.000000000000000000e+00,-8.090009651204955787e+01,0.000000000000000000e+00,5.302021279045364688e-01,5.302021279045364688e-01,-3.490658503988658956e-01,-3.490658503988658956e-01
3.400000000000001632e-02,1.026353703517668848e-03,0.000000000000000000e+00,9.940024373349199971e-01,5.363978044867832168e-02,0.000000000000000000e+00,-3.527848460778043593e-01,9.999959580797986858e-01,0.000000000000000000e+00,2.843206651942143098e-03,0.000000000000000000e+00,0.000000000000000000e+00,2.972875136638638005e-01,0.000000000000000000e+00,-8.102877283130965225e+01,0.000000000000000000e+00,5.057904181357675277e-01,5.057904181357675277e-01,-3.490658503988658956e-01,-3.490658503988658956e-01
3.600000000000001810e-02,1.133633264415025458e-03,0.000000000000000000e+00,9.932968676427643695e-01,5.556576125344043354e-02,0.000000000000000000e+00,-3.723787820792507364e-01,9.999950686402481193e-01,0.000000000000000000e+00,3.140492825215434984e-03,0.000000000000000000e+00,0.000000000000000000e+00,3.079850498698142869e-01,0.000000000000000000e+00,-8.115316251606414255e+01,0.000000000000000000e+00,4.828266455791961342e-01,4.828266455791961342e-01,-3.490658503988658956e-01,-3.490658503988658956e-01
3.800000000000001987e-02,1.244764786921906310e-03,0.000000000000000000e+00,9.925521100786058870e-01,5.740620312660817820e-02,0.000000000000000000e+00,-3.919713672459441134e-01,9.999940539882964385e-01,0.000000000000000000e+00,3.448476192747930262e-03,0.000000000000000000e+00,0.000000000000000000e+00,3.182116353158960798e-01,0.000000000000000000e+00,-8.127280872364451625e+01,0.000000000000000000e+00,4.615705758410156845e-01,4.615705758410156845e-01,-3.490658503988658956e-01,-3.490658503988658956e-01
4.000000000000002165e-02,1.359577193175122651e-03,0.000000000000000000e+00,9.917681673441139933e-01,5.916908378317564665e-02,0.000000000000000000e+00,-4.115624852270164391e-01,9.999929060140859693e-01,0.000000000000000000e+00,3.766685745268976825e-03,0.000000000000000000e+00,0.000000000000000000e+00,3.280115450275111200e-01,0.000000000000000000e+00,-8.138718713092470125e+01,0.000000000000000000e+00,4.423128318468404485e-01,4.423128318468404485e-01,-3.490658503988658956e-01,-3.490658503988658956e-01
4.200000000000002343e-02,1.477915360741474020e-03,0.000000000000000000e+00,9.909450423736599900e-01,6.086364586115521058e-02,0.000000000000000000e+00,-4.311520375308554032e-01,9.999916167023406022e-01,0.000000000000000000e+00,4.094694743109888145e-03,0.000000000000000000e+00,0.000000000000000000e+00,3.374360597231681469e-01,0.000000000000000000e+00,-8.149570597545101691e+01,0.000000000000000000e+00,4.253696111993302553e-01,4.253696111993302553e-01,-3.490658503988658956e-01,-3.490658503988658956e-01
4.400000000000002520e-02,1.599642652463784467e-03,0.000000000000000000e+00,9.900827382985982750e-01,6.250045524871522540e-02,0.000000000000000000e+00,-4.507399487900238810e-01,9.999901780736942802e-01,0.000000000000000000e+00,4.432127721678245057e-03,0.000000000000000000e+00,0.000000000000000000e+00,3.465437909286152585e-01,0.000000000000000000e+00,-8.159771128500658222e+01,0.000000000000000000e+00,4.110717853253834098e-01,4.110717853253834098e-01,-3.490658503988658956e-01,-3.490658503988658956e-01
4.600000000000002698e-02,1.724643562961214851e-03,0.000000000000000000e+00,9.891812584010182263e-01,6.409138887326744360e-02,0.000000000000000000e+00,-4.703261717657484242e-01,9.999885821017395759e-01,0.000000000000000000e+00,4.778667821937972876e-03,0.000000000000000000e+00,0.000000000000000000e+00,3.554006156640239222e-01,0.000000000000000000e+00,-8.169249903845906147e+01,0.000000000000000000e+00,3.997472777985560666e-01,3.997472777985560666e-01,-3.490658503988658956e-01,-3.490658503988658956e-01
4.800000000000002875e-02,1.852826340707749682e-03,0.000000000000000000e+00,9.882406060574867590e-01,6.564952614404519216e-02,0.000000000000000000e+00,-4.899106915584986455e-01,9.999868206062891840e-01,0.000000000000000000e+00,5.134064055433154410e-03,0.000000000000000000e+00,0.000000000000000000e+00,3.640790776993715894e-01,0.000000000000000000e+00,-8.177933535568482171e+01,0.000000000000000000e+00,3.916969882263656166e-01,3.916969882263656166e-01,-3.490658503988658956e-01,-3.490658503988658956e-01
5.000000000000003053e-02,1.984125392995840075e-03,0.000000000000000000e+00,9.872607846743697291e-01,6.718892840509833875e-02,0.000000000000000000e+00,-5.094935284457592362e-01,9.999848851251995629e-01,0.000000000000000000e+00,5.498137970392109712e-03,0.000000000000000000e+00,0.000000000000000000e+00,3.726571686366731417e-01,0.000000000000000000e+00,-8.185748438802082205e+01,0.000000000000000000e+00,3.871668011206879645e-01,3.871668011206879645e-01,-3.490658503988658956e-01,-3.490658503988658956e-01
5.200000000000003231e-02,2.118503249806036846e-03,0.000000000000000000e+00,9.862417976174782108e-01,6.872431099110731800e-02,0.000000000000000000e+00,-5.290747388830653319e-01,9.999827667691869593e-01,0.000000000000000000e+00,5.870789098714229021e-03,0.000000000000000000e+00,0.000000000000000000e+00,3.640978231486633465e-01,0.000000000000000000e+00,-8.192624154740238396e+01,0.000000000000000000e+00,3.863207369216840048e-01,3.863207369216840048e-01,3.490658503988658956e-01,3.490658503988658956e-01
5.400000000000003408e-02,2.255951871788251361e-03,0.000000000000000000e+00,9.851836481397120426e-01,7.027063830769143815e-02,0.000000000000000000e+00,-5.486544145002061335e-01,9.999805629453341060e-01,0.000000000000000000e+00,6.234880234010696173e-03,0.000000000000000000e+00,0.000000000000000000e+00,3.554742037111641162e-01,0.000000000000000000e+00,-8.198692939402135949e+01,0.000000000000000000e+00,3.892217016702628207e-01,3.892217016702628207e-01,3.490658503988658956e-01,3.490658503988658956e-01
5.600000000000003586e-02,2.396493148403634407e-03,0.000000000000000000e+00,9.840863393107116552e-01,7.184269475792087745e-02,0.000000000000000000e+00,-5.682326245433908518e-01,9.999782834266671694e-01,0.000000000000000000e+00,6.590347111965921649e-03,0.000000000000000000e+00,0.000000000000000000e+00,3.467042825493111269e-01,0.000000000000000000e+00,-8.203901821018385476e+01,0.000000000000000000e+00,3.958249390374688481e-01,3.958249390374688481e-01,3.490658503988658956e-01,3.490658503988658956e-01
5.800000000000003764e-02,2.540178537919476030e-03,0.000000000000000000e+00,9.829498740616249286e-01,7.345468864949872279e-02,0.000000000000000000e+00,-5.878094620074312271e-01,9.999759384246180716e-01,0.000000000000000000e+00,6.937043448356569261e-03,0.000000000000000000e+00,0.000000000000000000e+00,3.377092072431073233e-01,0.000000000000000000e+00,-8.208211353133891919e+01,0.000000000000000000e+00,4.059871313556125405e-01,4.059871313556125405e-01,3.490658503988658956e-01,3.490658503988658956e-01
6.000000000000003941e-02,2.687087915218473386e-03,0.000000000000000000e+00,9.817742551376100746e-01,7.511993936117836168e-02,0.000000000000000000e+00,-6.073850359055236181e-01,9.999735386989307973e-01,0.000000000000000000e+00,7.274744114950920833e-03,0.000000000000000000e+00,0.000000000000000000e+00,3.284150325635555312e-01,0.000000000000000000e+00,-8.211596493638818117e+01,0.000000000000000000e+00,4.194867956099029294e-01,4.194867956099029294e-01,3.490658503988658956e-01,3.490658503988658956e-01
6.200000000000004119e-02,2.837327793940829911e-03,0.000000000000000000e+00,9.805594850657990413e-01,7.685067234212758502e-02,0.000000000000000000e+00,-6.269594640775334460e-01,9.999710956369487480e-01,0.000000000000000000e+00,7.603150047201109700e-03,0.000000000000000000e+00,0.000000000000000000e+00,3.187538554745805164e-01,0.000000000000000000e+00,-8.214046323324592436e+01,0.000000000000000000e+00,4.360512211794767001e-01,4.360512211794767001e-01,3.490658503988658956e-01,3.490658503988658956e-01
6.400000000000004297e-02,2.991029138625085019e-03,0.000000000000000000e+00,9.793055661376439680e-01,7.865792201222748803e-02,0.000000000000000000e+00,-6.465328670323321480e-01,9.999686213031426796e-01,0.000000000000000000e+00,7.921894286850382494e-03,0.000000000000000000e+00,0.000000000000000000e+00,3.086643528470990883e-01,0.000000000000000000e+00,-8.215562848282334585e+01,0.000000000000000000e+00,4.553834280532357837e-01,4.553834280532357837e-01,3.490658503988658956e-01,3.490658503988658956e-01
6.600000000000004474e-02,3.148344982649539832e-03,0.000000000000000000e+00,9.780125004035793435e-01,8.055152462146103476e-02,0.000000000000000000e+00,-6.661053630042361728e-01,9.999661284615425361e-01,0.000000000000000000e+00,8.230548562134995527e-03,0.000000000000000000e+00,0.000000000000000000e+00,2.980918211733528667e-01,0.000000000000000000e+00,-8.216159228328024255e+01,0.000000000000000000e+00,4.771846437383598372e-01,4.771846437383598372e-01,3.490658503988658956e-01,3.490658503988658956e-01
6.800000000000004652e-02,3.309448031892461752e-03,0.000000000000000000e+00,9.766802896775709231e-01,8.254017520619641446e-02,0.000000000000000000e+00,-6.856770641620140161e-01,9.999636305745822629e-01,0.000000000000000000e+00,8.528629907558144332e-03,0.000000000000000000e+00,0.000000000000000000e+00,2.869878614453574284e-01,0.000000000000000000e+00,-8.215857762349611448e+01,0.000000000000000000e+00,5.011703185573044284e-01,5.011703185573044284e-01,3.490658503988658956e-01,3.490658503988658956e-01
7.000000000000004829e-02,3.474528382304854605e-03,0.000000000000000000e+00,9.753089355492469137e-01,8.463152312420579859e-02,0.000000000000000000e+00,-7.052480737760051799e-01,9.999611417819088688e-01,0.000000000000000000e+00,8.815606968384232314e-03,0.000000000000000000e+00,0.000000000000000000e+00,2.753098504714434624e-01,0.000000000000000000e+00,-8.214687885878849727e+01,0.000000000000000000e+00,5.270797646317404439e-01,5.270797646317404439e-01,3.490658503988658956e-01,3.490658503988658956e-01
7.200000000000005007e-02,3.643791428553266182e-03,0.000000000000000000e+00,9.738984394016948487e-01,8.683228553751608236e-02,0.000000000000000000e+00,-7.248184841081587448e-01,9.999586768622825694e-01,0.000000000000000000e+00,9.090905776280534464e-03,0.000000000000000000e+00,0.000000000000000000e+00,2.630203128530884671e-01,0.000000000000000000e+00,-8.212684342871939691e+01,0.000000000000000000e+00,5.546806395185699401e-01,5.546806395185699401e-01,3.490658503988658956e-01,3.490658503988658956e-01
7.400000000000005185e-02,3.817455999628298520e-03,0.000000000000000000e+00,9.724488024334785319e-01,8.914836439121676115e-02,0.000000000000000000e+00,-7.443883748058824912e-01,9.999562511810725640e-01,0.000000000000000000e+00,9.353914896758576750e-03,0.000000000000000000e+00,0.000000000000000000e+00,2.500862736355355942e-01,0.000000000000000000e+00,-8.209885612259573406e+01,0.000000000000000000e+00,5.837698184865317552e-01,5.837698184865317552e-01,3.490658503988658956e-01,3.490658503988658956e-01
7.600000000000005362e-02,3.995752728410731890e-03,0.000000000000000000e+00,9.709600256838667454e-01,9.158495799255336745e-02,0.000000000000000000e+00,-7.639578116216221293e-01,9.999538806252225021e-01,0.000000000000000000e+00,9.603989929083150967e-03,0.000000000000000000e+00,0.000000000000000000e+00,2.364786408830578113e-01,0.000000000000000000e+00,-8.206332611643443897e+01,0.000000000000000000e+00,6.141720438859383790e-01,6.141720438859383790e-01,3.490658503988658956e-01,3.490658503988658956e-01
7.800000000000005540e-02,4.178922644395838618e-03,0.000000000000000000e+00,9.694321100606234642e-01,9.414666249675400500e-02,0.000000000000000000e+00,-7.835268453255328502e-01,9.999515815270175745e-01,0.000000000000000000e+00,9.840457388569392311e-03,0.000000000000000000e+00,0.000000000000000000e+00,2.221716441634243588e-01,0.000000000000000000e+00,-8.202067665185822420e+01,0.000000000000000000e+00,6.457374017215964379e-01,6.457374017215964379e-01,3.490658503988658956e-01,3.490658503988658956e-01
8.000000000000005718e-02,4.367215969389346385e-03,0.000000000000000000e+00,9.678650563699724430e-01,9.683756142851096538e-02,0.000000000000000000e+00,-8.030955107184361008e-01,9.999493705775502894e-01,0.000000000000000000e+00,1.006261802717445079e-02,0.000000000000000000e+00,0.000000000000000000e+00,2.071423392984022283e-01,0.000000000000000000e+00,-8.197133704941519738e+01,0.000000000000000000e+00,6.783383307765076253e-01,6.783383307765076253e-01,3.490658503988658956e-01,3.490658503988658956e-01
8.200000000000005895e-02,4.560891092246368607e-03,0.000000000000000000e+00,9.662588653485355561e-01,9.966130308158969997e-02,0.000000000000000000e+00,-8.226638256832422558e-01,9.999472647304701312e-01,0.000000000000000000e+00,1.026974965864890788e-02,0.000000000000000000e+00,0.000000000000000000e+00,1.913701802493081028e-01,0.000000000000000000e+00,-8.191573668607054515e+01,0.000000000000000000e+00,7.118665925131167915e-01,7.118665925131167915e-01,3.490658503988658956e-01,3.490658503988658956e-01
8.400000000000006073e-02,4.760213698409548194e-03,0.000000000000000000e+00,9.646135376971690656e-01,1.026211665704511167e-01,0.000000000000000000e+00,-8.422317902354239383e-01,9.999452810963558314e-01,0.000000000000000000e+00,1.046110955538394859e-02,0.000000000000000000e+00,0.000000000000000000e+00,1.748366538494193212e-01,0.000000000000000000e+00,-8.185430057035922857e+01,0.000000000000000000e+00,7.462304345193923050e-01,7.462304345193923050e-01,3.490658503988658956e-01,3.490658503988658956e-01
8.600000000000006251e-02,4.965456031550450657e-03,0.000000000000000000e+00,9.629290741166982581e-01,1.057201177357110500e-01,0.000000000000000000e+00,-8.617993855485149846e-01,9.999434368279026542e-01,0.000000000000000000e+00,1.063593647980447081e-02,0.000000000000000000e+00,0.000000000000000000e+00,1.575249707255363951e-01,0.000000000000000000e+00,-8.178744618539944611e+01,0.000000000000000000e+00,7.813520544464186424e-01,7.813520544464186424e-01,3.490658503988658956e-01,3.490658503988658956e-01
8.800000000000006428e-02,5.176896267021872770e-03,0.000000000000000000e+00,9.612054753456011902e-01,1.089608562334170999e-01,0.000000000000000000e+00,-8.813665729407810234e-01,9.999417489959845362e-01,0.000000000000000000e+00,1.079345240650298431e-02,0.000000000000000000e+00,0.000000000000000000e+00,1.394198050413158474e-01,0.000000000000000000e+00,-8.171558131910784084e+01,0.000000000000000000e+00,8.171653964681356852e-01,8.171653964681356852e-01,3.490658503988658956e-01,3.490658503988658956e-01
9.000000000000006606e-02,5.394817979488706824e-03,0.000000000000000000e+00,9.594427421997195893e-01,1.123458551021125212e-01,0.000000000000000000e+00,-9.009332928157083309e-01,9.999402344565941902e-01,0.000000000000000000e+00,1.093286398394481725e-02,0.000000000000000000e+00,0.000000000000000000e+00,1.205070758942663051e-01,0.000000000000000000e+00,-8.163910265118154541e+01,0.000000000000000000e+00,8.536142712691526802e-01,8.536142712691526802e-01,3.490658503988658956e-01,3.490658503988658956e-01
9.200000000000006783e-02,5.619509689692932068e-03,0.000000000000000000e+00,9.576408756140881717e-01,1.158773939858016577e-01,0.000000000000000000e+00,-9.204994635529827329e-01,9.999389097085902289e-01,0.000000000000000000e+00,1.105336377740998195e-02,0.000000000000000000e+00,0.000000000000000000e+00,1.007737638396238450e-01,0.000000000000000000e+00,-8.155839491220328341e+01,0.000000000000000000e+00,8.906507706148927284e-01,8.906507706148927284e-01,3.490658503988658956e-01,3.490658503988658956e-01
9.400000000000006961e-02,5.851264477664535647e-03,0.000000000000000000e+00,9.557998766869821861e-01,1.195575870446056038e-01,0.000000000000000000e+00,-9.400649803490237488e-01,9.999377907421594935e-01,0.000000000000000000e+00,1.115413132831394490e-02,0.000000000000000000e+00,0.000000000000000000e+00,8.020775682432312870e-02,0.000000000000000000e+00,-8.147383046945343210e+01,0.000000000000000000e+00,9.282339399451992046e-01,9.282339399451992046e-01,3.490658503988658956e-01,3.490658503988658956e-01
9.600000000000007139e-02,6.090379651753747257e-03,0.000000000000000000e+00,9.539197467262841013e-01,1.233884064351823268e-01,0.000000000000000000e+00,-9.596297140074970811e-01,9.999368928778672450e-01,0.000000000000000000e+00,1.123433405933641112e-02,0.000000000000000000e+00,0.000000000000000000e+00,5.879772064300675671e-02,0.000000000000000000e+00,-8.138576922636615052e+01,0.000000000000000000e+00,9.663286715873939947e-01,9.663286715873939947e-01,3.490658503988658956e-01,3.490658503988658956e-01
9.800000000000007316e-02,6.337156464624111793e-03,0.000000000000000000e+00,9.520004872982691380e-01,1.273717021034563579e-01,0.000000000000000000e+00,-9.791935096809336603e-01,9.999362305961558839e-01,0.000000000000000000e+00,1.129312804990333791e-02,0.000000000000000000e+00,0.000000000000000000e+00,3.653298980031159660e-02,0.000000000000000000e+00,-8.129455874859174003e+01,0.000000000000000000e+00,1.004904783731648044e+00,1.004904783731648044e+00,3.490658503988658956e-01,3.490658503988658956e-01
1.000000000000000749e-01,6.591899868831024509e-03,0.000000000000000000e+00,9.500421002789072311e-01,1.315092185086223220e-01,0.000000000000000000e+00,-9.987561855648933173e-01,9.999358173571371022e-01,0.000000000000000000e+00,1.132965870245605106e-02,0.000000000000000000e+00,0.000000000000000000e+00,1.340347534763937712e-02,0.000000000000000000e+00,-8.120053455021320588e+01,0.000000000000000000e+00,1.043936254298191812e+00,1.043936254298191812e+00,3.490658503988658956e-01,3.490658503988658956e-01
1.020000000000000767e-01,6.854918305848269229e-03,0.000000000000000000e+00,9.480445879077774585e-01,1.358026087912259927e-01,0.000000000000000000e+00,-1.018317531546189869e+00,9.999356654105151510e-01,0.000000000000000000e+00,1.134306131651430932e-02,0.000000000000000000e+00,0.000000000000000000e+00,-1.060041314989506114e-02,0.000000000000000000e+00,-8.110402048975514333e+01,0.000000000000000000e+00,1.083400583180528676e+00,1.083400583180528676e+00,3.490658503988658956e-01,3.490658503988658956e-01
1.040000000000000785e-01,7.126523523430721568e-03,0.000000000000000000e+00,9.460079528446850849e-01,1.402534468086698849e-01,0.000000000000000000e+00,-1.037877307806641225e+00,9.999357855954706942e-01,0.000000000000000000e+00,1.133246158470093551e-02,0.000000000000000000e+00,0.000000000000000000e+00,-3.548783386566106701e-02,0.000000000000000000e+00,-8.100532923809261376e+01,0.000000000000000000e+00,1.123278260523897121e+00,1.123278260523897121e+00,3.490658503988658956e-01,3.490658503988658956e-01
1.060000000000000803e-01,7.407030417048061227e-03,0.000000000000000000e+00,9.439321982290718172e-01,1.448632373870296086e-01,0.000000000000000000e+00,-1.057435243383690437e+00,9.999361871303319438e-01,0.000000000000000000e+00,1.129697602255176798e-02,0.000000000000000000e+00,0.000000000000000000e+00,-6.126756912024864526e-02,0.000000000000000000e+00,-8.090476278997043380e+01,0.000000000000000000e+00,1.163552322446783416e+00,1.163552322446783416e+00,3.490658503988658956e-01,3.490658503988658956e-01
1.080000000000000820e-01,7.696756891822120403e-03,0.000000000000000000e+00,9.418173277423044221e-01,1.496334250765699592e-01,0.000000000000000000e+00,-1.076991034689098292e+00,9.999368773918521081e-01,0.000000000000000000e+00,1.123571234200309091e-02,0.000000000000000000e+00,0.000000000000000000e+00,-8.794807354399680754e-02,0.000000000000000000e+00,-8.080261299820001852e+01,0.000000000000000000e+00,1.204207978853446104e+00,1.204207978853446104e+00,3.490658503988658956e-01,3.490658503988658956e-01
1.100000000000000838e-01,7.996023741975260418e-03,0.000000000000000000e+00,9.396633456729261979e-01,1.545654016477968629e-01,0.000000000000000000e+00,-1.096544343986755266e+00,9.999378616839159628e-01,0.000000000000000000e+00,1.114776977685763733e-02,0.000000000000000000e+00,0.000000000000000000e+00,-1.155375153110389796e-01,0.000000000000000000e+00,-8.069916211521595528e+01,0.000000000000000000e+00,1.245232300721148988e+00,1.245232300721148988e+00,3.490658503988658956e-01,3.490658503988658956e-01
1.120000000000000856e-01,8.305154545270854866e-03,0.000000000000000000e+00,9.374702569849526768e-01,1.596605125234299982e-01,0.000000000000000000e+00,-1.116094797830519125e+00,9.999391429954846977e-01,0.000000000000000000e+00,1.103223936721901659e-02,0.000000000000000000e+00,0.000000000000000000e+00,-1.440438115334721769e-01,0.000000000000000000e+00,-8.059468333094153536e+01,0.000000000000000000e+00,1.286613956520971769e+00,1.286613956520971769e+00,3.490658503988658956e-01,3.490658503988658956e-01
1.140000000000000874e-01,8.624475570317714432e-03,0.000000000000000000e+00,9.352380673892916052e-01,1.649200623077274885e-01,0.000000000000000000e+00,-1.135641985462853887e+00,9.999407217475979603e-01,0.000000000000000000e+00,1.088820420880282774e-02,0.000000000000000000e+00,0.000000000000000000e+00,-1.734746587166590692e-01,0.000000000000000000e+00,-8.048944129914544021e+01,0.000000000000000000e+00,1.328342989305120625e+00,1.328342989305120625e+00,3.490658503988658956e-01,3.490658503988658956e-01
1.160000000000000892e-01,8.954315694933169187e-03,0.000000000000000000e+00,9.329667834183659192e-01,1.703453195467753700e-01,0.000000000000000000e+00,-1.155185457174936481e+00,9.999425955292425838e-01,0.000000000000000000e+00,1.071473967213899640e-02,0.000000000000000000e+00,0.000000000000000000e+00,-2.038375590230631917e-01,0.000000000000000000e+00,-8.038369264690861371e+01,0.000000000000000000e+00,1.370410627527674396e+00,1.370410627527674396e+00,3.490658503988658956e-01,3.490658503988658956e-01
1.180000000000000909e-01,9.295006334026719233e-03,0.000000000000000000e+00,9.306564125040160951e-01,1.759375208305425653e-01,0.000000000000000000e+00,-1.174724722628802454e+00,9.999447588218953742e-01,0.000000000000000000e+00,1.051091359594021057e-02,0.000000000000000000e+00,0.000000000000000000e+00,-2.351398429661303302e-01,0.000000000000000000e+00,-8.027768646365144889e+01,0.000000000000000000e+00,1.412809123916934917e+00,1.412809123916934917e+00,3.490658503988658956e-01,3.490658503988658956e-01
1.200000000000000927e-01,9.646881375687805030e-03,0.000000000000000000e+00,9.283069630587584831e-01,1.816978743287622211e-01,0.000000000000000000e+00,-1.194259249142028745e+00,9.999472027125548834e-01,0.000000000000000000e+00,1.027578645829808207e-02,0.000000000000000000e+00,0.000000000000000000e+00,-2.673886890524078686e-01,0.000000000000000000e+00,-8.017166476753577342e+01,0.000000000000000000e+00,1.455531617736055994e+00,1.455531617736055994e+00,3.490658503988658956e-01,3.490658503988658956e-01
1.220000000000000945e-01,1.001027712434532889e-02,0.000000000000000000e+00,9.259184445604744518e-01,1.876275628372748583e-01,0.000000000000000000e+00,-1.213788459935394526e+00,9.999499145950604406e-01,0.000000000000000000e+00,1.000841152885890116e-02,0.000000000000000000e+00,0.000000000000000000e+00,-3.005911408051326061e-01,0.000000000000000000e+00,-8.006586294806876936e+01,0.000000000000000000e+00,1.498572016597235379e+00,1.498572016597235379e+00,3.490658503988658956e-01,3.490658503988658956e-01
1.240000000000000963e-01,1.038553225001987920e-02,0.000000000000000000e+00,9.234908676406036188e-01,1.937277463987395199e-01,0.000000000000000000e+00,-1.233311732343920442e+00,9.999528778595127010e-01,0.000000000000000000e+00,9.707835004706908202e-03,0.000000000000000000e+00,0.000000000000000000e+00,-3.347541215324924546e-01,0.000000000000000000e+00,-7.996051018447678871e+01,0.000000000000000000e+00,1.541924894668983859e+00,1.541924894668983859e+00,3.490658503988658956e-01,3.490658503988658956e-01
1.260000000000000842e-01,1.077298774281735746e-02,0.000000000000000000e+00,9.210242441759157739e-01,1.999995645510850295e-01,0.000000000000000000e+00,-1.252828395991657739e+00,9.999560715695936519e-01,0.000000000000000000e+00,9.373096132329087823e-03,0.000000000000000000e+00,0.000000000000000000e+00,-3.698844471459133976e-01,0.000000000000000000e+00,-7.985582983995479367e+01,0.000000000000000000e+00,1.585585404665226239e+00,1.585585404665226239e+00,3.490658503988658956e-01,3.490658503988658956e-01
1.280000000000000859e-01,1.117298687191952723e-02,0.000000000000000000e+00,9.185185873839324389e-01,2.064441382483312715e-01,0.000000000000000000e+00,-1.272337730930593214e+00,9.999594701275973385e-01,0.000000000000000000e+00,9.003227317740348720e-03,0.000000000000000000e+00,0.000000000000000000e+00,-4.059888372857934913e-01,0.000000000000000000e+00,-7.975203983227888216e+01,0.000000000000000000e+00,1.629549201452971552e+00,1.629549201452971552e+00,3.490658503988658956e-01,3.490658503988658956e-01
1.300000000000000877e-01,1.158587514841618975e-02,0.000000000000000000e+00,9.159739119220712267e-01,2.130625714911298374e-01,0.000000000000000000e+00,-1.291838965744030565e+00,9.999630429269689147e-01,0.000000000000000000e+00,8.597254226600820060e-03,0.000000000000000000e+00,0.000000000000000000e+00,-4.430739249722886464e-01,0.000000000000000000e+00,-7.964935298153365295e+01,0.000000000000000000e+00,1.673812375481446013e+00,1.673812375481446013e+00,3.490658503988658956e-01,3.490658503988658956e-01
1.320000000000000895e-01,1.201200029139844888e-02,0.000000000000000000e+00,9.133902339905831669e-01,2.198559526982931944e-01,0.000000000000000000e+00,-1.311331275614826763e+00,9.999667539921599513e-01,0.000000000000000000e+00,8.154195875950519951e-03,0.000000000000000000e+00,0.000000000000000000e+00,-4.811462649655830481e-01,0.000000000000000000e+00,-7.954797733588328867e+01,0.000000000000000000e+00,1.718371394535483931e+00,1.718371394535483931e+00,3.490658503988658956e-01,3.490658503988658956e-01
1.340000000000000913e-01,1.245171219679503533e-02,0.000000000000000000e+00,9.107675714393534960e-01,2.268253558454822183e-01,0.000000000000000000e+00,-1.330813780358884868e+00,9.999705616055993840e-01,0.000000000000000000e+00,7.673064719013612811e-03,0.000000000000000000e+00,0.000000000000000000e+00,-5.202123409923582464e-01,0.000000000000000000e+00,-7.944811647642467278e+01,0.000000000000000000e+00,1.763223052562109094e+00,1.763223052562109094e+00,3.490658503988658956e-01,3.490658503988658956e-01
1.360000000000000930e-01,1.290536290848600005e-02,0.000000000000000000e+00,9.081059438786357463e-01,2.339718413929335883e-01,0.000000000000000000e+00,-1.350285542424341179e+00,9.999744179215903639e-01,0.000000000000000000e+00,7.152866724379844214e-03,0.000000000000000000e+00,0.000000000000000000e+00,-5.602785719719470814e-01,0.000000000000000000e+00,-7.934996980222339857e+01,0.000000000000000000e+00,1.808364424521923475e+00,1.808364424521923475e+00,3.490658503988658956e-01,3.490658503988658956e-01
1.380000000000000948e-01,1.337330659127186801e-02,0.000000000000000000e+00,9.054053727937870777e-01,2.412964570204862713e-01,0.000000000000000000e+00,-1.369745564856930997e+00,9.999782685669281745e-01,0.000000000000000000e+00,6.592601450749726623e-03,0.000000000000000000e+00,0.000000000000000000e+00,-6.013513173561320091e-01,0.000000000000000000e+00,-7.925373279665755888e+01,0.000000000000000000e+00,1.853792826384022430e+00,1.853792826384022430e+00,3.490658503988658956e-01,3.490658503988658956e-01
1.400000000000000966e-01,1.385589950531283983e-02,0.000000000000000000e+00,9.026658816640732441e-01,2.488002381850965283e-01,0.000000000000000000e+00,-1.389192789232073899e+00,9.999820522280535862e-01,0.000000000000000000e+00,5.991262118329289746e-03,0.000000000000000000e+00,0.000000000000000000e+00,-6.434368816800900559e-01,0.000000000000000000e+00,-7.915959727619424768e+01,0.000000000000000000e+00,1.899505779521561966e+00,1.899505779521561966e+00,3.490658503988658956e-01,3.490658503988658956e-01
1.420000000000000984e-01,1.435349998168303221e-02,0.000000000000000000e+00,8.998874960856091398e-01,2.564842085134181326e-01,0.000000000000000000e+00,-1.408626093554285807e+00,9.999857002245392534e-01,0.000000000000000000e+00,5.347835677876272911e-03,0.000000000000000000e+00,0.000000000000000000e+00,-6.865415184080660982e-01,0.000000000000000000e+00,-7.906775162270331236e+01,0.000000000000000000e+00,1.945500978879766585e+00,1.945500978879766585e+00,3.490658503988658956e-01,3.490658503988658956e-01
1.440000000000001001e-01,1.486646839870986794e-02,0.000000000000000000e+00,8.970702438985005411e-01,2.643493800397929694e-01,0.000000000000000000e+00,-1.428044290124601545e+00,9.999891360687257480e-01,0.000000000000000000e+00,4.661302878330378027e-03,0.000000000000000000e+00,0.000000000000000000e+00,-7.306714331455543832e-01,0.000000000000000000e+00,-7.897838100038028131e+01,0.000000000000000000e+00,1.991776264383692707e+00,1.991776264383692707e+00,3.490658503988658956e-01,3.490658503988658956e-01
1.460000000000001019e-01,1.539516715878945334e-02,0.000000000000000000e+00,8.942141553182513247e-01,2.723967532980819950e-01,0.000000000000000000e+00,-1.447446123376778804e+00,9.999922750113062753e-01,0.000000000000000000e+00,3.930638333903139700e-03,0.000000000000000000e+00,0.000000000000000000e+00,-7.758327862797300689e-01,0.000000000000000000e+00,-7.889166755830875388e+01,0.000000000000000000e+00,2.038329595132612582e+00,2.038329595132612582e+00,3.490658503988658956e-01,3.490658503988658956e-01
1.480000000000001037e-01,1.593996066538561768e-02,0.000000000000000000e+00,8.913192630714977804e-01,2.806273172741175492e-01,0.000000000000000000e+00,-1.466830267683151057e+00,9.999950235726834391e-01,0.000000000000000000e+00,3.154810591456760384e-03,0.000000000000000000e+00,0.000000000000000000e+00,-8.220316951013064699e-01,0.000000000000000000e+00,-7.880779061964568655e+01,0.000000000000000000e+00,2.085159025994521187e+00,2.085159025994521187e+00,3.490658503988658956e-01,3.490658503988658956e-01
1.500000000000001055e-01,1.650121529993385169e-02,0.000000000000000000e+00,8.883856025361315245e-01,2.890420492241304040e-01,0.000000000000000000e+00,-1.486195325131103084e+00,9.999972790599044314e-01,0.000000000000000000e+00,2.332782198963988772e-03,0.000000000000000000e+00,0.000000000000000000e+00,-8.692742354536699967e-01,0.000000000000000000e+00,-7.872692685836184978e+01,0.000000000000000000e+00,2.132262686270083307e+00,2.132262686270083307e+00,3.490658503988658956e-01,3.490658503988658956e-01
1.520000000000001072e-01,1.707929939838211120e-02,0.000000000000000000e+00,8.854132118858693001e-01,2.976419143632655917e-01,0.000000000000000000e+00,-1.505539823271260680e+00,9.999989290689945687e-01,0.000000000000000000e+00,1.463509775811966743e-03,0.000000000000000000e+00,0.000000000000000000e+00,-9.175664429488561424e-01,0.000000000000000000e+00,-7.864925046441933887e+01,0.000000000000000000e+00,2.179638760142291520e+00,2.179638760142291520e+00,3.490658503988658956e-01,3.490658503988658956e-01
1.540000000000001090e-01,1.767458322710864158e-02,0.000000000000000000e+00,8.824021322393267308e-01,3.064278654272177271e-01,0.000000000000000000e+00,-1.524862212838616227e+00,9.999998509725166462e-01,0.000000000000000000e+00,5.459440856906578330e-04,0.000000000000000000e+00,0.000000000000000000e+00,-9.669143137845221947e-01,0.000000000000000000e+00,-7.857493329821501504e+01,0.000000000000000000e+00,2.227285468667692392e+00,2.227285468667692392e+00,3.490658503988658956e-01,3.490658503988658956e-01
1.560000000000001108e-01,1.828743895796307653e-02,0.000000000000000000e+00,8.793524078136495392e-01,3.154008421090686576e-01,0.000000000000000000e+00,-1.544160865447947950e+00,9.999999113921732574e-01,0.000000000000000000e+00,-4.209698872098276189e-04,0.000000000000000000e+00,0.000000000000000000e+00,-1.017323805191403974e+00,0.000000000000000000e+00,-7.850414503506853237e+01,0.000000000000000000e+00,2.275201053098505621e+00,2.275201053098505621e+00,3.490658503988658956e-01,3.490658503988658956e-01
1.580000000000001126e-01,1.891824064218121382e-02,0.000000000000000000e+00,8.762640860827536349e-01,3.245617703725744430e-01,0.000000000000000000e+00,-1.563434071265043634e+00,9.999989656562924267e-01,0.000000000000000000e+00,-1.438292857979612139e-03,0.000000000000000000e+00,0.000000000000000000e+00,-1.068800835536702909e+00,0.000000000000000000e+00,-7.843705330048436508e+01,0.000000000000000000e+00,2.323383759353284450e+00,2.323383759353284450e+00,3.490658503988658956e-01,3.490658503988658956e-01
1.600000000000001144e-01,1.956736418292636184e-02,0.000000000000000000e+00,8.731372179402235867e-01,3.339115616424089272e-01,0.000000000000000000e+00,-1.582680036655403688e+00,9.999968572420292467e-01,0.000000000000000000e+00,-2.507091156040034113e-03,0.000000000000000000e+00,0.000000000000000000e+00,-1.121351284105346346e+00,0.000000000000000000e+00,-7.837382379686904699e+01,0.000000000000000000e+00,2.371831823477874135e+00,2.371831823477874135e+00,3.490658503988658956e-01,3.490658503988658956e-01
1.620000000000001161e-01,2.023518730621117964e-02,0.000000000000000000e+00,8.699718578669127789e-01,3.434511118712158528e-01,0.000000000000000000e+00,-1.601896881812272300e+00,9.999934172021270884e-01,0.000000000000000000e+00,-3.628436634760226660e-03,0.000000000000000000e+00,0.000000000000000000e+00,-1.174980990578008200e+00,0.000000000000000000e+00,-7.831462042234063858e+01,0.000000000000000000e+00,2.420543457958919564e+00,2.420543457958919564e+00,3.490658503988658956e-01,3.490658503988658956e-01
1.640000000000001179e-01,2.092208952995361013e-02,0.000000000000000000e+00,8.667680641032882161e-01,3.531813004827350500e-01,0.000000000000000000e+00,-1.621082638366034390e+00,9.999884635760933893e-01,0.000000000000000000e+00,-4.803406574932700922e-03,0.000000000000000000e+00,0.000000000000000000e+00,-1.229695754222116300e+00,0.000000000000000000e+00,-7.825960538222385310e+01,0.000000000000000000e+00,2.469516838769700406e+00,2.469516838769700406e+00,3.490658503988658956e-01,3.490658503988658956e-01
1.660000000000001197e-01,2.162845213091908053e-02,0.000000000000000000e+00,8.635258988265561708e-01,3.631029891897440964e-01,0.000000000000000000e+00,-1.640235246977218120e+00,9.999818007856442481e-01,0.000000000000000000e+00,-6.033083581396404826e-03,0.000000000000000000e+00,0.000000000000000000e+00,-1.285501332809741326e+00,0.000000000000000000e+00,-7.820893929378435416e+01,0.000000000000000000e+00,2.518750093043042870e+00,2.518750093043042870e+00,3.490658503988658956e-01,3.490658503988658956e-01
1.680000000000001215e-01,2.235465810929856967e-02,0.000000000000000000e+00,8.602454283326017581e-01,3.732170206850864425e-01,0.000000000000000000e+00,-1.659352554915560551e+00,9.999732190142903709e-01,0.000000000000000000e+00,-7.318555472087828057e-03,0.000000000000000000e+00,0.000000000000000000e+00,-1.342403441274210740e+00,0.000000000000000000e+00,-7.816278128471803655e+01,0.000000000000000000e+00,2.568241287278930418e+00,2.568241287278930418e+00,3.490658503988658956e-01,3.490658503988658956e-01
1.700000000000001232e-01,2.310109215066874153e-02,0.000000000000000000e+00,8.569267232227706366e-01,3.835242172036313901e-01,0.000000000000000000e+00,-1.678432313627823413e+00,9.999624935709400253e-01,0.000000000000000000e+00,-8.660915158790092119e-03,0.000000000000000000e+00,0.000000000000000000e+00,-1.400407750115496786e+00,0.000000000000000000e+00,-7.812128908587537524e+01,0.000000000000000000e+00,2.617988416005495367e+00,2.617988416005495367e+00,3.490658503988658956e-01,3.490658503988658956e-01
1.720000000000001250e-01,2.386814058507600450e-02,0.000000000000000000e+00,8.535698585955150408e-01,3.940253789526286243e-01,0.000000000000000000e+00,-1.697472176297293300e+00,9.999493842374082009e-01,0.000000000000000000e+00,-1.006126051883687346e-02,0.000000000000000000e+00,0.000000000000000000e+00,-1.459519883562830911e+00,0.000000000000000000e+00,-7.808461911866835692e+01,0.000000000000000000e+00,2.667989390821616791e+00,2.667989390821616791e+00,3.490658503988658956e-01,3.490658503988658956e-01
1.740000000000001268e-01,2.465619134298126236e-02,0.000000000000000000e+00,8.501749142429204653e-01,4.047212824075720472e-01,0.000000000000000000e+00,-1.716469695398161743e+00,9.999336345997351660e-01,0.000000000000000000e+00,-1.152069425701271119e-02,0.000000000000000000e+00,0.000000000000000000e+00,-1.519745417501592311e+00,0.000000000000000000e+00,-7.805292657757682662e+01,0.000000000000000000e+00,2.718242029757587552e+00,2.718242029757587552e+00,3.490658503988658956e-01,3.490658503988658956e-01
1.760000000000001286e-01,2.546563390779640543e-02,0.000000000000000000e+00,8.467419748521241019e-01,4.156126784703744748e-01,0.000000000000000000e+00,-1.735422320248262817e+00,9.999149713632233816e-01,0.000000000000000000e+00,-1.304032375687379230e-02,0.000000000000000000e+00,0.000000000000000000e+00,-1.581089877170270164e+00,0.000000000000000000e+00,-7.802636550814233374e+01,0.000000000000000000e+00,2.768744046897506195e+00,2.768744046897506195e+00,3.490658503988658956e-01,3.490658503988658956e-01
1.780000000000001303e-01,2.629685926473715463e-02,0.000000000000000000e+00,8.432711302116275842e-01,4.267002904863682611e-01,0.000000000000000000e+00,-1.754327394563938824e+00,9.998931036511298220e-01,0.000000000000000000e+00,-1.462126092069414296e-02,0.000000000000000000e+00,0.000000000000000000e+00,-1.643558734632185603e+00,0.000000000000000000e+00,-7.800508888081165537e+01,0.000000000000000000e+00,2.819493042213232048e+00,2.819493042213232048e+00,3.490658503988658956e-01,3.490658503988658956e-01
1.800000000000001321e-01,2.715025984570989051e-02,0.000000000000000000e+00,8.397624754224997101e-01,4.379848121163915087e-01,0.000000000000000000e+00,-1.773182154021122114e+00,9.998677222869470915e-01,0.000000000000000000e+00,-1.626462199722100710e-02,0.000000000000000000e+00,0.000000000000000000e+00,-1.707157406025672230e+00,0.000000000000000000e+00,-7.798924866096758990e+01,0.000000000000000000e+00,2.870486491565211740e+00,2.870486491565211740e+00,3.490658503988658956e-01,3.490658503988658956e-01
1.820000000000001339e-01,2.802622946994267478e-02,0.000000000000000000e+00,8.362161111144574832e-01,4.494669050599861548e-01,0.000000000000000000e+00,-1.791983723827053065e+00,9.998384990602432465e-01,0.000000000000000000e+00,-1.797152739640067026e-02,0.000000000000000000e+00,0.000000000000000000e+00,-1.771891248595525603e+00,0.000000000000000000e+00,-7.797899587546210398e+01,0.000000000000000000e+00,2.921721736830240168e+00,2.921721736830240168e+00,3.490658503988658956e-01,3.490658503988658956e-01
1.840000000000001357e-01,2.892516328006264695e-02,0.000000000000000000e+00,8.326321436668033815e-01,4.611471966255274446e-01,0.000000000000000000e+00,-1.810729116307406406e+00,9.998050859760353459e-01,0.000000000000000000e+00,-1.974310149021186664e-02,0.000000000000000000e+00,0.000000000000000000e+00,-1.837765557507744507e+00,0.000000000000000000e+00,-7.797448067594616816e+01,0.000000000000000000e+00,2.973195976120402317e+00,2.973195976120402317e+00,3.490658503988658956e-01,3.490658503988658956e-01
1.860000000000001374e-01,2.984745767331370078e-02,0.000000000000000000e+00,8.290106854341885434e-01,4.730262771429193935e-01,0.000000000000000000e+00,-1.829415228513971536e+00,9.997671144876931759e-01,0.000000000000000000e+00,-2.158047239871830822e-02,0.000000000000000000e+00,0.000000000000000000e+00,-1.904785562448871206e+00,0.000000000000000000e+00,-7.797585239927160217e+01,0.000000000000000000e+00,3.024906254061159760e+00,3.024906254061159760e+00,3.490658503988658956e-01,3.490658503988658956e-01
1.880000000000001392e-01,3.079351022759953954e-02,0.000000000000000000e+00,8.253518549771605706e-01,4.851046972143294722e-01,0.000000000000000000e+00,-1.848038839858427318e+00,9.997241947134023476e-01,0.000000000000000000e+00,-2.348477176042543246e-02,0.000000000000000000e+00,0.000000000000000000e+00,-1.972956424010607446e+00,0.000000000000000000e+00,-7.798325962522250165e+01,0.000000000000000000e+00,3.076849452099820859e+00,3.076849452099820859e+00,3.490658503988658956e-01,3.490658503988658956e-01
1.900000000000001410e-01,3.176371962202819560e-02,0.000000000000000000e+00,8.216557772974437679e-01,4.973829647982958013e-01,0.000000000000000000e+00,-1.866596609778162552e+00,9.996759146362192983e-01,0.000000000000000000e+00,-2.545713448599811260e-02,0.000000000000000000e+00,0.000000000000000000e+00,-2.042283229859804372e+00,0.000000000000000000e+00,-7.799685023181773147e+01,0.000000000000000000e+00,3.129022278818616165e+00,3.129022278818616165e+00,3.490658503988658956e-01,3.490658503988658956e-01
1.920000000000001428e-01,3.275848555162478443e-02,0.000000000000000000e+00,8.179225840778874268e-01,5.098615421224240718e-01,0.000000000000000000e+00,-1.885085075440535496e+00,9.996218392877956882e-01,0.000000000000000000e+00,-2.749869849436758010e-02,0.000000000000000000e+00,0.000000000000000000e+00,-2.112770990693418671e+00,0.000000000000000000e+00,-7.801677144841100642e+01,0.000000000000000000e+00,3.181421260229209569e+00,3.181421260229209569e+00,3.490658503988658956e-01,3.490658503988658956e-01
1.940000000000001446e-01,3.377820863586963179e-02,0.000000000000000000e+00,8.141524139270063243e-01,5.225408424197970358e-01,0.000000000000000000e+00,-1.903500649492419150e+00,9.995615099158613459e-01,0.000000000000000000e+00,-2.961060443022551711e-02,0.000000000000000000e+00,0.000000000000000000e+00,-2.184424635977562090e+00,0.000000000000000000e+00,-7.804316990680156607e+01,0.000000000000000000e+00,3.234042730027911539e+00,3.234042730027911539e+00,3.490658503988658956e-01,3.490658503988658956e-01
1.960000000000001463e-01,3.482329032070922287e-02,0.000000000000000000e+00,8.103454126280215108e-01,5.354212264841486935e-01,0.000000000000000000e+00,-1.921839617862366456e+00,9.994944431355928804e-01,0.000000000000000000e+00,-3.179399536187259984e-02,0.000000000000000000e+00,0.000000000000000000e+00,-2.257249009469363354e+00,0.000000000000000000e+00,-7.807619169055597297e+01,0.000000000000000000e+00,3.286882819793062627e+00,3.286882819793062627e+00,3.490658503988658956e-01,3.490658503988658956e-01
1.980000000000001481e-01,3.589413277367752009e-02,0.000000000000000000e+00,8.065017333922968046e-01,5.485029990388107235e-01,0.000000000000000000e+00,-1.940098137623231134e+00,9.994201300650220610e-01,0.000000000000000000e+00,-3.405001645835725038e-02,0.000000000000000000e+00,0.000000000000000000e+00,-2.331248864519996022e+00,0.000000000000000000e+00,-7.811598238273002437e+01,0.000000000000000000e+00,3.339937449108086209e+00,3.339937449108086209e+00,3.490658503988658956e-01,3.490658503988658956e-01
2.000000000000001499e-01,3.699113877175513876e-02,0.000000000000000000e+00,8.026215371170503099e-01,5.617864049144162264e-01,0.000000000000000000e+00,-1.958272234923612354e+00,9.993380354446684821e-01,0.000000000000000000e+00,-3.637981464480788407e-02,0.000000000000000000e+00,0.000000000000000000e+00,-2.406428859156902078e+00,0.000000000000000000e+00,-7.816268711216956433e+01,0.000000000000000000e+00,3.393202315595632346e+00,3.393202315595632346e+00,3.490658503988658956e-01,3.490658503988658956e-01
2.020000000000001517e-01,3.811471158158397099e-02,0.000000000000000000e+00,7.987049926472030714e-01,5.752716250303548939e-01,0.000000000000000000e+00,-1.976357802997043001e+00,9.992475967416240001e-01,0.000000000000000000e+00,-3.878453823482927443e-02,0.000000000000000000e+00,0.000000000000000000e+00,-2.482793550942958838e+00,0.000000000000000000e+00,-7.821645059855904947e+01,0.000000000000000000e+00,3.446672884850021212e+00,3.446672884850021212e+00,3.490658503988658956e-01,3.490658503988658956e-01
2.040000000000001534e-01,3.926525483164468311e-02,0.000000000000000000e+00,7.947522770412089876e-01,5.889587721750059179e-01,0.000000000000000000e+00,-1.994350600258420814e+00,9.991482232383439577e-01,0.000000000000000000e+00,-4.126533653880017083e-02,0.000000000000000000e+00,0.000000000000000000e+00,-2.560347391610089396e+00,0.000000000000000000e+00,-7.827741719637890583e+01,0.000000000000000000e+00,3.500344380256954047e+00,3.500344380256954047e+00,3.490658503988658956e-01,3.490658503988658956e-01
2.060000000000001552e-01,4.044317237599469317e-02,0.000000000000000000e+00,7.907635758406921234e-01,6.028478865798424513e-01,0.000000000000000000e+00,-2.012246248497782997e+00,9.990392951064486216e-01,0.000000000000000000e+00,-4.382335944687573703e-02,0.000000000000000000e+00,0.000000000000000000e+00,-2.639094721464613880e+00,0.000000000000000000e+00,-7.834573093792396037e+01,0.000000000000000000e+00,3.554211772691088456e+00,3.554211772691088456e+00,3.490658503988658956e-01,3.490658503988658956e-01
2.080000000000001570e-01,4.164886814915437496e-02,0.000000000000000000e+00,7.867390833436965769e-01,6.169389312825976912e-01,0.000000000000000000e+00,-2.030040231182152599e+00,9.989201624658756717e-01,0.000000000000000000e+00,-4.645975698546424282e-02,0.000000000000000000e+00,0.000000000000000000e+00,-2.719039763561460266e+00,0.000000000000000000e+00,-7.842153557552875043e+01,0.000000000000000000e+00,3.608269770083778472e+00,3.608269770083778472e+00,3.490658503988658956e-01,3.490658503988658956e-01
2.100000000000001588e-01,4.288274601171956912e-02,0.000000000000000000e+00,7.826790028813322975e-01,6.312317872748145486e-01,0.000000000000000000e+00,-2.047727891876837347e+00,9.987901444297713205e-01,0.000000000000000000e+00,-4.917567884591352023e-02,0.000000000000000000e+00,0.000000000000000000e+00,-2.800186617644228271e+00,0.000000000000000000e+00,-7.850497462313883545e+01,0.000000000000000000e+00,3.662512806854870906e+00,3.662512806854870906e+00,3.490658503988658956e-01,3.490658503988658956e-01
2.120000000000001605e-01,4.414520958626919761e-02,0.000000000000000000e+00,7.785835470975785988e-01,6.457262484292695115e-01,0.000000000000000000e+00,-2.065304432798233947e+00,9.986485281355573784e-01,0.000000000000000000e+00,-5.197227388410855659e-02,0.000000000000000000e+00,0.000000000000000000e+00,-2.882539253847991478e+00,0.000000000000000000e+00,-7.859619139736194882e+01,0.000000000000000000e+00,3.716935033204120664e+00,3.716935033204120664e+00,3.490658503988658956e-01,3.490658503988658956e-01
2.140000000000001623e-01,4.543666208312773652e-02,0.000000000000000000e+00,7.744529382319821353e-01,6.604220162029685870e-01,0.000000000000000000e+00,-2.082764913510891880e+00,9.984945677626594351e-01,0.000000000000000000e+00,-5.485068958964758878e-02,0.000000000000000000e+00,0.000000000000000000e+00,-2.966101506161668233e+00,0.000000000000000000e+00,-7.869532905812688739e+01,0.000000000000000000e+00,3.771530304259455679e+00,3.771530304259455679e+00,3.490658503988658956e-01,3.490658503988658956e-01
2.160000000000001641e-01,4.675750611553367020e-02,0.000000000000000000e+00,7.702874084049603498e-01,6.753186941116638975e-01,0.000000000000000000e+00,-2.100104249782315247e+00,9.983274835374377210e-01,0.000000000000000000e+00,-5.781207152323043080e-02,0.000000000000000000e+00,0.000000000000000000e+00,-3.050877065646765640e+00,0.000000000000000000e+00,-7.880253064907434180e+01,0.000000000000000000e+00,3.826292169081023875e+00,3.826292169081023875e+00,3.490658503988658956e-01,3.490658503988658956e-01
2.180000000000001659e-01,4.810814350375700044e-02,0.000000000000000000e+00,7.660871999053957548e-01,6.904157819721328249e-01,0.000000000000000000e+00,-2.117317212609715948e+00,9.981464607259180610e-01,0.000000000000000000e+00,-6.085756272085965368e-02,0.000000000000000000e+00,0.000000000000000000e+00,-3.136869473409316988e+00,0.000000000000000000e+00,-7.891793913779935110e+01,0.000000000000000000e+00,3.881213859521772669e+00,3.881213859521772669e+00,3.490658503988658956e-01,3.490658503988658956e-01
2.200000000000001676e-01,4.948897506770126575e-02,0.000000000000000000e+00,7.618525654801763247e-01,7.057126699088057675e-01,0.000000000000000000e+00,-2.134398427433707113e+00,9.979506486149822830e-01,0.000000000000000000e+00,-6.398830306342244423e-02,0.000000000000000000e+00,0.000000000000000000e+00,-3.224082113321892873e+00,0.000000000000000000e+00,-7.904169745606155573e+01,0.000000000000000000e+00,3.936288278947102981e+00,3.936288278947102981e+00,3.490658503988658956e-01,3.490658503988658956e-01
2.220000000000001694e-01,5.090040040751887818e-02,0.000000000000000000e+00,7.575837686253089620e-01,7.212086321217205942e-01,0.000000000000000000e+00,-2.151342373554698817e+00,9.977391594827380583e-01,0.000000000000000000e+00,-6.720542861018935499e-02,0.000000000000000000e+00,0.000000000000000000e+00,-3.312518204492660878e+00,0.000000000000000000e+00,-7.917394854007658012e+01,0.000000000000000000e+00,3.991507990818141671e+00,3.991507990818141671e+00,3.490658503988658956e-01,3.490658503988658956e-01
2.240000000000001712e-01,5.234281767176231920e-02,0.000000000000000000e+00,7.532810838781995866e-01,7.369028204132316295e-01,0.000000000000000000e+00,-2.168143383768567301e+00,9.975110675588614306e-01,0.000000000000000000e+00,-7.051007089473533551e-02,0.000000000000000000e+00,0.000000000000000000e+00,-3.402180793478620568e+00,0.000000000000000000e+00,-7.931483537099900616e+01,0.000000000000000000e+00,4.046865207145194709e+00,4.046865207145194709e+00,3.490658503988658956e-01,3.490658503988658956e-01
2.260000000000001730e-01,5.381662331258878218e-02,0.000000000000000000e+00,7.489447971106624191e-01,7.527942574714070467e-01,0.000000000000000000e+00,-2.184795644238981538e+00,9.972654079757665713e-01,0.000000000000000000e+00,-7.390335618175858379e-02,0.000000000000000000e+00,0.000000000000000000e+00,-3.493072746240328819e+00,0.000000000000000000e+00,-7.946450101570532354e+01,0.000000000000000000e+00,4.102351776820094997e+00,4.102351776820094997e+00,3.490658503988658956e-01,3.490658503988658956e-01
2.280000000000001747e-01,5.532221182753159494e-02,0.000000000000000000e+00,7.445752058221845049e-01,7.688818299086164210e-01,0.000000000000000000e+00,-2.201293194624597938e+00,9.970011757115440076e-01,0.000000000000000000e+00,-7.738640468324507748e-02,0.000000000000000000e+00,0.000000000000000000e+00,-3.585196739835677437e+00,0.000000000000000000e+00,-7.962308866798323947e+01,0.000000000000000000e+00,4.157959173838505329e+00,4.157959173838505329e+00,3.490658503988658956e-01,3.490658503988658956e-01
2.300000000000001765e-01,5.685997548734882806e-02,0.000000000000000000e+00,7.401726194329353303e-01,7.851642810544446904e-01,0.000000000000000000e+00,-2.217629928480181700e+00,9.967173245256757408e-01,0.000000000000000000e+00,-8.096032973239963848e-02,0.000000000000000000e+00,0.000000000000000000e+00,-3.678555253850583462e+00,0.000000000000000000e+00,-7.979074169023250818e+01,0.000000000000000000e+00,4.213678485425625730e+00,4.213678485425625730e+00,3.490658503988658956e-01,3.490658503988658956e-01
2.320000000000001783e-01,5.843030404945771805e-02,0.000000000000000000e+00,7.357373595759749696e-01,8.016402035027709871e-01,0.000000000000000000e+00,-2.233799593951551365e+00,9.964127658886247074e-01,0.000000000000000000e+00,-8.462623691374011881e-02,0.000000000000000000e+00,0.000000000000000000e+00,-3.773150561564808214e+00,0.000000000000000000e+00,-7.996760365578077767e+01,0.000000000000000000e+00,4.269500400081402525e+00,4.269500400081402525e+00,3.490658503988658956e-01,3.490658503988658956e-01
2.340000000000001801e-01,6.003358445646325703e-02,0.000000000000000000e+00,7.312697603880718988e-01,8.183080314136286226e-01,0.000000000000000000e+00,-2.249795794785097058e+00,9.960863679064814180e-01,0.000000000000000000e+00,-8.838522314772885580e-02,0.000000000000000000e+00,0.000000000000000000e+00,-3.868984720851540438e+00,0.000000000000000000e+00,-8.015381839191792324e+01,0.000000000000000000e+00,4.325415195564080939e+00,4.325415195564080939e+00,3.490658503988658956e-01,3.490658503988658956e-01
2.360000000000001819e-01,6.167020051929051477e-02,0.000000000000000000e+00,7.267701687985017589e-01,8.351660325713143873e-01,0.000000000000000000e+00,-2.265611991673473824e+00,9.957369542419353126e-01,0.000000000000000000e+00,-9.223837572829536591e-02,0.000000000000000000e+00,0.000000000000000000e+00,-3.966059564809857552e+00,0.000000000000000000e+00,-8.034953002375048925e+01,0.000000000000000000e+00,4.381412726833922022e+00,4.381412726833922022e+00,3.490658503988658956e-01,3.490658503988658956e-01
2.380000000000001836e-01,6.334053258443314571e-02,0.000000000000000000e+00,7.222389448151548264e-01,8.522123002011527948e-01,0.000000000000000000e+00,-2.281241503959907657e+00,9.953633030329439579e-01,0.000000000000000000e+00,-9.618677131158770433e-02,0.000000000000000000e+00,0.000000000000000000e+00,-4.064376692129740398e+00,0.000000000000000000e+00,-8.055488301897915449e+01,0.000000000000000000e+00,4.437482413982055007e+00,4.437482413982055007e+00,3.490658503988658956e-01,3.490658503988658956e-01
2.400000000000001854e-01,6.504495718483545297e-02,0.000000000000000000e+00,7.176764618072349888e-01,8.694447445483390879e-01,0.000000000000000000e+00,-2.296677511724391163e+00,9.949641458105595859e-01,0.000000000000000000e+00,-1.002314748542753459e-01,0.000000000000000000e+00,0.000000000000000000e+00,-4.163937457189933689e+00,0.000000000000000000e+00,-8.077002223370058687e+01,0.000000000000000000e+00,4.493613230172786466e+00,4.493613230172786466e+00,3.490658503988658956e-01,3.490658503988658956e-01
2.420000000000001872e-01,6.678384667393212626e-02,0.000000000000000000e+00,7.130831067837861692e-01,8.868610842233959346e-01,0.000000000000000000e+00,-2.311913058275852695e+00,9.945381664174827163e-01,0.000000000000000000e+00,-1.043735384997160204e-01,0.000000000000000000e+00,0.000000000000000000e+00,-4.264742959889664675e+00,0.000000000000000000e+00,-8.099509295933606268e+01,0.000000000000000000e+00,4.549793689631271398e+00,4.549793689631271398e+00,3.490658503988658956e-01,3.490658503988658956e-01
2.440000000000001890e-01,6.855756884237891591e-02,0.000000000000000000e+00,7.084592806672345144e-01,9.044588373199815567e-01,0.000000000000000000e+00,-2.326941053075181287e+00,9.940839999290165263e-01,0.000000000000000000e+00,-1.086140004102922885e-01,0.000000000000000000e+00,0.000000000000000000e+00,-4.366794035216009284e+00,0.000000000000000000e+00,-8.123024097078958050e+01,0.000000000000000000e+00,4.606011835712286562e+00,4.606011835712286562e+00,3.490658503988658956e-01,3.490658503988658956e-01
2.460000000000001907e-01,7.036648651701887802e-02,0.000000000000000000e+00,7.038053985610841501e-01,9.222353123120855534e-01,0.000000000000000000e+00,-2.341754275114741990e+00,9.936002315782129779e-01,0.000000000000000000e+00,-1.129538835442215894e-01,0.000000000000000000e+00,0.000000000000000000e+00,-4.470091242549588451e+00,0.000000000000000000e+00,-8.147561257593808648e+01,0.000000000000000000e+00,4.662255229089844022e+00,4.662255229089844022e+00,3.490658503988658956e-01,3.490658503988658956e-01
2.480000000000001925e-01,7.221095714164305068e-02,0.000000000000000000e+00,6.991218900108546741e-01,9.401875987390500011e-01,0.000000000000000000e+00,-2.356345376780742296e+00,9.930853956871034116e-01,0.000000000000000000e+00,-1.173941943751441175e-01,0.000000000000000000e+00,0.000000000000000000e+00,-4.574634854712246401e+00,0.000000000000000000e+00,-8.173135466655803327e+01,0.000000000000000000e+00,4.718510936111708354e+00,4.718510936111708354e+00,3.490658503988658956e-01,3.490658503988658956e-01
2.500000000000001665e-01,7.409133233912115757e-02,0.000000000000000000e+00,6.944091992572931638e-01,9.583125576883561036e-01,0.000000000000000000e+00,-2.370706888225480480e+00,9.925379746060445374e-01,0.000000000000000000e+00,-1.219359215528018764e-01,0.000000000000000000e+00,0.000000000000000000e+00,-4.680424846761439994e+00,0.000000000000000000e+00,-8.199761477079258043e+01,0.000000000000000000e+00,4.774765517367412393e+00,4.774765517367412393e+00,3.490658503988658956e-01,3.490658503988658956e-01
2.520000000000001683e-01,7.600795745449787089e-02,0.000000000000000000e+00,6.896677854808421770e-01,9.766068120877277048e-01,0.000000000000000000e+00,-2.384831222277117746e+00,9.919563976633175573e-01,0.000000000000000000e+00,-1.265800345031330709e-01,0.000000000000000000e+00,0.000000000000000000e+00,-4.787460884537255268e+00,0.000000000000000000e+00,-8.227454110726516490e+01,0.000000000000000000e+00,4.831005016523164386e+00,4.831005016523164386e+00,3.490658503988658956e-01,3.490658503988658956e-01
2.540000000000001701e-01,7.796117107867332752e-02,0.000000000000000000e+00,6.848981230362879424e-01,9.950667368198212737e-01,0.000000000000000000e+00,-2.398710679915174282e+00,9.913390401272598185e-01,0.000000000000000000e+00,-1.313274819661258419e-01,0.000000000000000000e+00,0.000000000000000000e+00,-4.895742312969257881e+00,0.000000000000000000e+00,-8.256228264094599467e+01,0.000000000000000000e+00,4.887214949482107329e+00,4.887214949482107329e+00,3.490658503988658956e-01,3.490658503988658956e-01
2.560000000000001719e-01,7.995130455231297395e-02,0.000000000000000000e+00,6.801007016764576418e-01,1.013688448674603393e+00,0.000000000000000000e+00,-2.412337456340403197e+00,9.906842221833302986e-01,0.000000000000000000e+00,-1.361791904697992051e-01,0.000000000000000000e+00,0.000000000000000000e+00,-5.005268144151795440e+00,0.000000000000000000e+00,-8.286098914087935441e+01,0.000000000000000000e+00,4.943380293933709702e+00,4.943380293933709702e+00,3.490658503988658956e-01,3.490658503988658956e-01
2.580000000000001736e-01,8.197868144966218018e-02,0.000000000000000000e+00,6.752760267637768488e-01,1.032467796156459672e+00,0.000000000000000000e+00,-2.425703647668083107e+00,9.899902079286513334e-01,0.000000000000000000e+00,-1.411360627387115152e-01,0.000000000000000000e+00,0.000000000000000000e+00,-5.116037045197922239e+00,0.000000000000000000e+00,-8.317081123988053548e+01,0.000000000000000000e+00,4.999485479361687190e+00,4.999485479361687190e+00,3.490658503988658956e-01,3.490658503988658956e-01
2.600000000000001754e-01,8.404361704197510496e-02,0.000000000000000000e+00,6.704246194684406746e-01,1.051400349165135806e+00,0.000000000000000000e+00,-2.438801258274035710e+00,9.892552043867093303e-01,0.000000000000000000e+00,-1.461989760354356349e-01,0.000000000000000000e+00,0.000000000000000000e+00,-5.228047325883757424e+00,0.000000000000000000e+00,-8.349190049631265254e+01,0.000000000000000000e+00,5.055514377585653918e+00,5.055514377585653918e+00,3.490658503988658956e-01,3.490658503988658956e-01
2.620000000000001772e-01,8.614641774030537547e-02,0.000000000000000000e+00,6.655470169518925561e-01,1.070481388571780990e+00,0.000000000000000000e+00,-2.451622208822834992e+00,9.884773605450348777e-01,0.000000000000000000e+00,-1.513687804334870046e-01,0.000000000000000000e+00,0.000000000000000000e+00,-5.341296926096912756e+00,0.000000000000000000e+00,-8.382440945805487331e+01,0.000000000000000000e+00,5.111450293917872756e+00,5.111450293917872756e+00,3.490658503988658956e-01,3.490658503988658956e-01
2.640000000000001790e-01,8.828738051744894344e-02,0.000000000000000000e+00,6.606437725342468870e-01,1.089705895713648953e+00,0.000000000000000000e+00,-2.464158345007686268e+00,9.876547664188355391e-01,0.000000000000000000e+00,-1.566462970202470717e-01,0.000000000000000000e+00,0.000000000000000000e+00,-5.455783403104564222e+00,0.000000000000000000e+00,-8.416849172877429908e+01,0.000000000000000000e+00,5.167275959022803455e+00,5.167275959022803455e+00,3.490658503988658956e-01,3.490658503988658956e-01
2.660000000000001807e-01,9.046679230887624823e-02,0.000000000000000000e+00,6.557154558442315206e-01,1.109068541833404975e+00,0.000000000000000000e+00,-2.476401447031334246e+00,9.867854521436988380e-01,0.000000000000000000e+00,-1.620323160284882491e-01,0.000000000000000000e+00,0.000000000000000000e+00,-5.571503918658819110e+00,0.000000000000000000e+00,-8.452430203661560881e+01,0.000000000000000000e+00,5.222973521573750055e+00,5.222973521573750055e+00,3.490658503988658956e-01,3.490658503988658956e-01
2.680000000000001825e-01,9.268492939254305285e-02,0.000000000000000000e+00,6.507626529501688850e-01,1.128563677491487338e+00,0.000000000000000000e+00,-2.488343239857059075e+00,9.858673871006362610e-01,0.000000000000000000e+00,-1.675275948951818750e-01,0.000000000000000000e+00,0.000000000000000000e+00,-5.688455225959287098e+00,0.000000000000000000e+00,-8.489199630542300667e+01,0.000000000000000000e+00,5.278524541807750659e+00,5.278524541807750659e+00,3.490658503988658956e-01,3.490658503988658956e-01
2.700000000000001843e-01,9.494205674752602409e-02,0.000000000000000000e+00,6.457859664704547198e-01,1.148185321982582829e+00,0.000000000000000000e+00,-2.499975404258345080e+00,9.848984790768939845e-01,0.000000000000000000e+00,-1.731328562463541609e-01,0.000000000000000000e+00,0.000000000000000000e+00,-5.806633656495150397e+00,0.000000000000000000e+00,-8.527173172861024852e+01,0.000000000000000000e+00,5.333909986086848853e+00,5.333909986086848853e+00,3.490658503988658956e-01,3.490658503988658956e-01
2.720000000000001861e-01,9.723842739149118897e-02,0.000000000000000000e+00,6.407860156619380465e-01,1.167927152789974832e+00,0.000000000000000000e+00,-2.511289588695131414e+00,9.838765734661106821e-01,0.000000000000000000e+00,-1.788487858068511516e-01,0.000000000000000000e+00,0.000000000000000000e+00,-5.926035106791586848e+00,0.000000000000000000e+00,-8.566366684579541868e+01,0.000000000000000000e+00,5.389110222581137144e+00,5.389110222581137144e+00,3.490658503988658956e-01,3.490658503988658956e-01
2.740000000000001878e-01,9.957428169707113752e-02,0.000000000000000000e+00,6.357634364845478059e-01,1.187782495114320103e+00,0.000000000000000000e+00,-2.522277422043654571e+00,9.827994525115580915e-01,0.000000000000000000e+00,-1.846760302339795767e-01,0.000000000000000000e+00,0.000000000000000000e+00,-6.046655025088119473e+00,0.000000000000000000e+00,-8.606796162231735536e+01,0.000000000000000000e+00,5.444105018196292889e+00,5.444105018196292889e+00,3.490658503988658956e-01,3.490658503988658956e-01
2.760000000000001896e-01,1.019498466872997833e-01,0.000000000000000000e+00,6.307188816404605269e-01,1.207744311516289137e+00,0.000000000000000000e+00,-2.532930527205755844e+00,9.816648345963631117e-01,0.000000000000000000e+00,-1.906151948741100777e-01,0.000000000000000000e+00,0.000000000000000000e+00,-6.168488397979349891e+00,0.000000000000000000e+00,-8.648477753175150440e+01,0.000000000000000000e+00,5.498873536875826140e+00,5.498873536875826140e+00,3.490658503988658956e-01,3.490658503988658956e-01
2.780000000000001914e-01,1.043653353103323606e-01,0.000000000000000000e+00,6.256530205860489913e-01,1.227805191715449995e+00,0.000000000000000000e+00,-2.543240535622136811e+00,9.804703735847607460e-01,0.000000000000000000e+00,-1.966668414414588784e-01,0.000000000000000000e+00,0.000000000000000000e+00,-6.291529737051588356e+00,0.000000000000000000e+00,-8.691427764154286706e+01,0.000000000000000000e+00,5.553394339415822500e+00,5.553394339415822500e+00,3.490658503988658956e-01,3.490658503988658956e-01
2.800000000000001932e-01,1.068209456937632557e-01,0.000000000000000000e+00,6.205665395148046715e-01,1.247957342590785945e+00,0.000000000000000000e+00,-2.553199102712363278e+00,9.792136582185877458e-01,0.000000000000000000e+00,-2.028314856184089687e-01,0.000000000000000000e+00,0.000000000000000000e+00,-6.415773065552109244e+00,0.000000000000000000e+00,-8.735662670187369372e+01,0.000000000000000000e+00,5.607645384937543831e+00,5.607645384937543831e+00,3.490658503988658956e-01,3.490658503988658956e-01
2.820000000000001950e-01,1.093168603789448218e-01,0.000000000000000000e+00,6.154601413093799822e-01,1.268192578431287298e+00,0.000000000000000000e+00,-2.562797924262453897e+00,9.778922115733863496e-01,0.000000000000000000e+00,-2.091095945768901010e-01,0.000000000000000000e+00,0.000000000000000000e+00,-6.541211905131156357e+00,0.000000000000000000e+00,-8.781199123788299232e+01,0.000000000000000000e+00,5.661604034170842681e+00,5.661604034170842681e+00,3.490658503988658956e-01,3.490658503988658956e-01
2.840000000000001967e-01,1.118532455358074024e-01,0.000000000000000000e+00,6.103345454608550824e-01,1.288502311488131546e+00,0.000000000000000000e+00,-2.572028753778584864e+00,9.765034905786312835e-01,0.000000000000000000e+00,-2.155015844205069031e-01,0.000000000000000000e+00,0.000000000000000000e+00,-6.667839262700368863e+00,0.000000000000000000e+00,-8.828053964535440912e+01,0.000000000000000000e+00,5.715247054708864738e+00,5.715247054708864738e+00,3.490658503988658956e-01,3.490658503988658956e-01
2.860000000000001985e-01,1.144302501587836640e-01,0.000000000000000000e+00,6.051904879532978843e-01,1.308877542883055467e+00,0.000000000000000000e+00,-2.580883420822814411e+00,9.750448856067540637e-01,0.000000000000000000e+00,-2.220078175472927073e-01,0.000000000000000000e+00,0.000000000000000000e+00,-6.795647617455025546e+00,0.000000000000000000e+00,-8.876244228998746166e+01,0.000000000000000000e+00,5.768550628401806435e+00,5.768550628401806435e+00,3.490658503988658956e-01,3.490658503988658956e-01
2.880000000000002003e-01,1.170480052445497798e-01,0.000000000000000000e+00,6.000287211116522856e-01,1.329308853930582845e+00,0.000000000000000000e+00,-2.589353850343728780e+00,9.735137201357769721e-01,0.000000000000000000e+00,-2.286285999331673091e-01,0.000000000000000000e+00,0.000000000000000000e+00,-6.924628908111377434e+00,0.000000000000000000e+00,-8.925787161036582518e+01,0.000000000000000000e+00,5.821490361064713071e+00,5.821490361064713071e+00,3.490658503988658956e-01,3.490658503988658956e-01
2.900000000000002021e-01,1.197066229524109404e-01,0.000000000000000000e+00,5.948500134109647730e-01,1.349786397934801929e+00,0.000000000000000000e+00,-2.597432083011542936e+00,9.719072504905158505e-01,0.000000000000000000e+00,-2.353641783363940032e-01,0.000000000000000000e+00,0.000000000000000000e+00,-7.054774520414358818e+00,0.000000000000000000e+00,-8.976700222473398583e+01,0.000000000000000000e+00,5.874041294681069836e+00,5.874041294681069836e+00,3.490658503988658956e-01,3.490658503988658956e-01
2.920000000000002038e-01,1.224061957482805441e-01,0.000000000000000000e+00,5.896551492449416676e-01,1.370299892524341701e+00,0.000000000000000000e+00,-2.605110296563405203e+00,9.702226656674404204e-01,0.000000000000000000e+00,-2.422147374235638639e-01,0.000000000000000000e+00,0.000000000000000000e+00,-7.186075274975154414e+00,0.000000000000000000e+00,-9.029001104169101666e+01,0.000000000000000000e+00,5.926177922290408517e+00,5.926177922290408517e+00,3.490658503988658956e-01,3.490658503988658956e-01
2.940000000000002056e-01,1.251467955333292192e-01,0.000000000000000000e+00,5.844449286518148545e-01,1.390838612592049550e+00,0.000000000000000000e+00,-2.612380828160474788e+00,9.684570872484136173e-01,0.000000000000000000e+00,-2.491803968178847861e-01,0.000000000000000000e+00,0.000000000000000000e+00,-7.318521415502381444e+00,0.000000000000000000e+00,-9.082707737490684963e+01,0.000000000000000000e+00,5.977874205754091008e+00,5.977874205754091008e+00,3.490658503988658956e-01,3.490658503988658956e-01
2.960000000000002074e-01,1.279284727585133230e-01,0.000000000000000000e+00,5.792201669954939458e-01,1.411391383908595865e+00,0.000000000000000000e+00,-2.619236197753718631e+00,9.666075694086432302e-01,0.000000000000000000e+00,-2.562612080708170925e-01,0.000000000000000000e+00,0.000000000000000000e+00,-7.452102597495086300e+00,0.000000000000000000e+00,-9.137838306196300664e+01,0.000000000000000000e+00,6.029103596598758052e+00,6.029103596598758052e+00,3.490658503988658956e-01,3.490658503988658956e-01
2.980000000000002092e-01,1.307512555263305176e-01,0.000000000000000000e+00,5.739816945999864917e-01,1.431946577481778116e+00,0.000000000000000000e+00,-2.625669132450314969e+00,9.646710990242965966e-01,0.000000000000000000e+00,-2.634571515583808976e-01,0.000000000000000000e+00,0.000000000000000000e+00,-7.586807877470253203e+00,0.000000000000000000e+00,-9.194411258741472182e+01,0.000000000000000000e+00,6.079839060141551954e+00,6.079839060141551954e+00,3.490658503988658956e-01,3.490658503988658956e-01
3.000000000000002109e-01,1.336151486812940659e-01,0.000000000000000000e+00,5.687303563350858404e-01,1.452492104735632727e+00,0.000000000000000000e+00,-2.631672591867028732e+00,9.626445958853138141e-01,0.000000000000000000e+00,-2.707681333037563753e-01,0.000000000000000000e+00,0.000000000000000000e+00,-7.722625702802157655e+00,0.000000000000000000e+00,-9.252445321016647029e+01,0.000000000000000000e+00,6.130053103104977197e+00,6.130053103104977197e+00,3.490658503988658956e-01,3.490658503988658956e-01
3.020000000000002127e-01,1.365201328907653389e-01,0.000000000000000000e+00,5.634670111513517821e-01,1.473015413585543332e+00,0.000000000000000000e+00,-2.637239794450964681e+00,9.605249130190517404e-01,0.000000000000000000e+00,-2.781939817281156579e-01,0.000000000000000000e+00,0.000000000000000000e+00,-7.859543902255534675e+00,0.000000000000000000e+00,-9.311959509524707812e+01,0.000000000000000000e+00,6.179717804932012726e+00,6.179717804932012726e+00,3.490658503988658956e-01,3.490658503988658956e-01
3.040000000000002145e-01,1.394661637179364366e-01,0.000000000000000000e+00,5.581925315624498563e-01,1.493503485487310822e+00,0.000000000000000000e+00,-2.642364244741648882e+00,9.583088371304470110e-01,0.000000000000000000e+00,-2.857344443319534966e-01,0.000000000000000000e+00,0.000000000000000000e+00,-7.997549677299250703e+00,0.000000000000000000e+00,-9.372973145006378104e+01,0.000000000000000000e+00,6.228804853013744314e+00,6.228804853013744314e+00,3.490658503988658956e-01,3.490658503988658956e-01
3.060000000000002163e-01,1.424531706889110572e-01,0.000000000000000000e+00,5.529078030729666082e-01,1.513942833539577038e+00,0.000000000000000000e+00,-2.647039761541503111e+00,9.559930891644496942e-01,0.000000000000000000e+00,-2.933891843095324248e-01,0.000000000000000000e+00,0.000000000000000000e+00,-8.136629594291884260e+00,0.000000000000000000e+00,-9.435505866520705354e+01,0.000000000000000000e+00,6.277285582042058998e+00,6.277285582042058998e+00,3.490658503988658956e-01,3.490658503988658956e-01
3.080000000000002180e-01,1.454810563559902070e-01,0.000000000000000000e+00,5.476137235498835798e-01,1.534319501720017742e+00,0.000000000000000000e+00,-2.651260506954407958e+00,9.535743249965026314e-01,0.000000000000000000e+00,-3.011577770994204317e-01,0.000000000000000000e+00,0.000000000000000000e+00,-8.276769577635276320e+00,0.000000000000000000e+00,-9.499577645986998675e+01,0.000000000000000000e+00,6.325131017698858216e+00,6.325131017698858216e+00,3.490658503988658956e-01,3.490658503988658956e-01
3.100000000000002198e-01,1.485496953594302449e-01,0.000000000000000000e+00,5.423112025359747568e-01,1.554619065336283024e+00,0.000000000000000000e+00,-2.655021016244255350e+00,9.510491362568693763e-01,0.000000000000000000e+00,-3.090397068744767384e-01,0.000000000000000000e+00,0.000000000000000000e+00,-8.417954903996772487e+00,0.000000000000000000e+00,-9.565208803193671372e+01,0.000000000000000000e+00,6.372311924890414758e+00,6.372311924890414758e+00,3.490658503988658956e-01,3.490658503988658956e-01
3.120000000000002216e-01,1.516589334901028152e-01,0.000000000000000000e+00,5.370011605034862301e-01,1.574826632772717838e+00,0.000000000000000000e+00,-2.658316228457151098e+00,9.484140512945895551e-01,0.000000000000000000e+00,-3.170343629750310699e-01,0.000000000000000000e+00,0.000000000000000000e+00,-8.560170197705371464e+00,0.000000000000000000e+00,-9.632420021278414879e+01,0.000000000000000000e+00,6.418798860730901445e+00,6.418798860730901445e+00,3.490658503988658956e-01,3.490658503988658956e-01
3.140000000000002234e-01,1.548085867556482642e-01,0.000000000000000000e+00,5.316845280465719581e-01,1.594926848613378745e+00,0.000000000000000000e+00,-2.661141517742294571e+00,9.456655362868251480e-01,0.000000000000000000e+00,-3.251410362894099904e-01,0.000000000000000000e+00,0.000000000000000000e+00,-8.703399427431367741e+00,0.000000000000000000e+00,-9.701232362683087729e+01,0.000000000000000000e+00,6.464562232472531811e+00,6.464562232472531811e+00,3.490658503988658956e-01,3.490658503988658956e-01
3.160000000000002252e-01,1.579984404528750330e-01,0.000000000000000000e+00,5.263622450110874151e-01,1.614903898220709122e+00,0.000000000000000000e+00,-2.663492725297549324e+00,9.427999964992971327e-01,0.000000000000000000e+00,-3.333589155863776465e-01,0.000000000000000000e+00,0.000000000000000000e+00,-8.847625904263287211e+00,0.000000000000000000e+00,-9.771667285585483853e+01,0.000000000000000000e+00,6.509572360570866856e+00,6.509572360570866856e+00,3.490658503988658956e-01,3.490658503988658956e-01
3.180000000000002269e-01,1.612282482493164470e-01,0.000000000000000000e+00,5.210352595604923476e-01,1.634741513847408401e+00,0.000000000000000000e+00,-2.665366191856366918e+00,9.398137777034265561e-01,0.000000000000000000e+00,-3.416870838044864800e-01,0.000000000000000000e+00,0.000000000000000000e+00,-8.992832281299794062e+00,0.000000000000000000e+00,-9.843746660808922400e+01,0.000000000000000000e+00,6.553799547062608255e+00,6.553799547062608255e+00,3.490658503988658956e-01,3.490658503988658956e-01
3.200000000000002287e-01,1.644977312770112554e-01,0.000000000000000000e+00,5.157045271767796146e-01,1.654422982356443583e+00,0.000000000000000000e+00,-2.666758790623093844e+00,9.367031677556919567e-01,0.000000000000000000e+00,-3.501245143037717833e-01,0.000000000000000000e+00,0.000000000000000000e+00,-9.139000554877906524e+00,0.000000000000000000e+00,-9.917492789209185844e+01,0.000000000000000000e+00,6.597214149419356133e+00,6.597214149419356133e+00,3.490658503988658956e-01,3.490658503988658956e-01
3.220000000000002305e-01,1.678065772417241530e-01,0.000000000000000000e+00,5.103710095955333870e-01,1.673871412706799067e+00,0.000000000000000000e+00,-2.667719874851978812e+00,9.334643983445566340e-01,0.000000000000000000e+00,-3.586700670856637907e-01,0.000000000000000000e+00,0.000000000000000000e+00,-9.285673673132263772e+00,0.000000000000000000e+00,-9.993070682238686686e+01,0.000000000000000000e+00,6.620000000000000107e+00,6.620000000000000107e+00,3.490658503988658956e-01,3.490658503988658956e-01
3.240000000000002323e-01,1.711543200671377385e-01,0.000000000000000000e+00,5.050355698458294240e-01,1.693006104424139791e+00,0.000000000000000000e+00,-2.668308315620389948e+00,9.300938079283209703e-01,0.000000000000000000e+00,-3.673220772746930707e-01,0.000000000000000000e+00,0.000000000000000000e+00,-9.432346791386621021e+00,0.000000000000000000e+00,-1.007065315716560292e+02,0.000000000000000000e+00,6.620000000000000107e+00,6.620000000000000107e+00,3.490658503988658956e-01,3.490658503988658956e-01
3.260000000000002340e-01,1.745403322759860321e-01,0.000000000000000000e+00,4.996989532145886259e-01,1.711816070583491500e+00,0.000000000000000000e+00,-2.668524840239908436e+00,9.265878807526101157e-01,0.000000000000000000e+00,-3.760783153046539651e-01,0.000000000000000000e+00,0.000000000000000000e+00,-9.579019909640978270e+00,0.000000000000000000e+00,-1.015024264006710411e+02,0.000000000000000000e+00,6.620000000000000107e+00,6.620000000000000107e+00,3.490658503988658956e-01,3.490658503988658956e-01
3.280000000000002358e-01,1.779639644171530088e-01,0.000000000000000000e+00,4.943619035341088042e-01,1.730290129131166088e+00,0.000000000000000000e+00,-2.668370641700915868e+00,9.229430765228439082e-01,0.000000000000000000e+00,-3.849364590403824837e-01,0.000000000000000000e+00,0.000000000000000000e+00,-9.725693027895335518e+00,0.000000000000000000e+00,-1.023184230836843085e+02,0.000000000000000000e+00,6.620000000000000107e+00,6.620000000000000107e+00,3.490658503988658956e-01,3.490658503988658956e-01
3.300000000000002376e-01,1.814245446754153279e-01,0.000000000000000000e+00,4.890251622507069684e-01,1.748416909155267707e+00,0.000000000000000000e+00,-2.667847394709528697e+00,9.191558326511711785e-01,0.000000000000000000e+00,-3.938940914806063898e-01,0.000000000000000000e+00,0.000000000000000000e+00,-9.872366146149692767e+00,0.000000000000000000e+00,-1.031545610573816845e+02,0.000000000000000000e+00,6.620000000000000107e+00,6.620000000000000107e+00,3.490658503988658956e-01,3.490658503988658956e-01
3.320000000000002394e-01,1.849213784937258631e-01,0.000000000000000000e+00,4.836894674612879363e-01,1.766184857729989455e+00,0.000000000000000000e+00,-2.666957271704967880e+00,9.152225665947789635e-01,0.000000000000000000e+00,-4.029486984662752347e-01,0.000000000000000000e+00,0.000000000000000000e+00,-1.001903926440405002e+01,0.000000000000000000e+00,-1.040108875782590871e+02,0.000000000000000000e+00,6.620000000000000107e+00,6.620000000000000107e+00,3.490658503988658956e-01,3.490658503988658956e-01
3.340000000000002411e-01,1.884537482091858396e-01,0.000000000000000000e+00,4.783555529178780130e-01,1.783582247350965710e+00,0.000000000000000000e+00,-2.665702958814470058e+00,9.111396782875226252e-01,0.000000000000000000e+00,-4.120976663973118237e-01,0.000000000000000000e+00,0.000000000000000000e+00,-1.016571238265840726e+01,0.000000000000000000e+00,-1.048874578884106938e+02,0.000000000000000000e+00,6.620000000000000107e+00,6.620000000000000107e+00,3.490658503988658956e-01,3.490658503988658956e-01
3.360000000000002429e-01,1.920209127038877694e-01,0.000000000000000000e+00,4.730241470002490844e-01,1.800597183979116389e+00,0.000000000000000000e+00,-2.664087671700122506e+00,9.069035526667866831e-01,0.000000000000000000e+00,-4.213382799608417772e-01,0.000000000000000000e+00,0.000000000000000000e+00,-1.031238550091276451e+01,0.000000000000000000e+00,-1.057843353896716962e+02,0.000000000000000000e+00,6.620000000000000107e+00,6.620000000000000107e+00,3.490658503988658956e-01,3.490658503988658956e-01
3.380000000000002447e-01,1.956221070718459909e-01,0.000000000000000000e+00,4.676959716568488412e-01,1.817217615710564838e+00,0.000000000000000000e+00,-2.662115171249253454e+00,9.025105622974516351e-01,0.000000000000000000e+00,-4.306677198740786472e-01,0.000000000000000000e+00,0.000000000000000000e+00,-1.045905861916712176e+01,0.000000000000000000e+00,-1.067015918260108975e+02,0.000000000000000000e+00,6.620000000000000107e+00,6.620000000000000107e+00,3.490658503988658956e-01,3.490658503988658956e-01
3.400000000000002465e-01,1.992565423032671146e-01,0.000000000000000000e+00,4.623717413143503263e-01,1.833431342090354965e+00,0.000000000000000000e+00,-2.659789779057202264e+00,8.979570700947770989e-01,0.000000000000000000e+00,-4.400830606451507920e-01,0.000000000000000000e+00,0.000000000000000000e+00,-1.060573173742147901e+01,0.000000000000000000e+00,-1.076393074740159506e+02,0.000000000000000000e+00,6.620000000000000107e+00,6.620000000000000107e+00,3.490658503988658956e-01,3.490658503988658956e-01
3.420000000000002482e-01,2.029234049874478196e-01,0.000000000000000000e+00,4.570521617562359196e-01,1.849226024087816000e+00,0.000000000000000000e+00,-2.657116392648482872e+00,8.932394321479831811e-01,0.000000000000000000e+00,-4.495812683552872779e-01,0.000000000000000000e+00,0.000000000000000000e+00,-1.075240485567583626e+01,0.000000000000000000e+00,-1.085975713412567956e+02,0.000000000000000000e+00,6.620000000000000107e+00,6.620000000000000107e+00,3.490658503988658956e-01,3.490658503988658956e-01
3.440000000000002500e-01,2.066218570356234407e-01,0.000000000000000000e+00,4.517379289709389512e-01,1.864589194751544055e+00,0.000000000000000000e+00,-2.654100500379506844e+00,8.883540006462296024e-01,0.000000000000000000e+00,-4.591591984658904280e-01,0.000000000000000000e+00,0.000000000000000000e+00,-1.089907797393019351e+01,0.000000000000000000e+00,-1.095764813722495745e+02,0.000000000000000000e+00,6.620000000000000107e+00,6.620000000000000107e+00,3.490658503988658956e-01,3.490658503988658956e-01
3.460000000000002518e-01,2.103510354251265368e-01,0.000000000000000000e+00,4.464297279701799348e-01,1.879508270562067818e+00,0.000000000000000000e+00,-2.650748195963179121e+00,8.832971269086511423e-01,0.000000000000000000e+00,-4.688135936541540372e-01,0.000000000000000000e+00,0.000000000000000000e+00,-1.104575109218455076e+01,0.000000000000000000e+00,-1.105761446616742489e+02,0.000000000000000000e+00,6.620000000000000107e+00,6.620000000000000107e+00,3.490658503988658956e-01,3.490658503988658956e-01
3.480000000000002536e-01,2.141100519662506585e-01,0.000000000000000000e+00,4.411282315782535934e-01,1.893970563500372295e+00,0.000000000000000000e+00,-2.647066192552833375e+00,8.780651645200230337e-01,0.000000000000000000e+00,-4.785410816810035106e-01,0.000000000000000000e+00,0.000000000000000000e+00,-1.119242421043890801e+01,0.000000000000000000e+00,-1.115966776744220823e+02,0.000000000000000000e+00,6.620000000000000107e+00,6.620000000000000107e+00,3.490658503988658956e-01,3.490658503988658956e-01
3.500000000000002554e-01,2.178979930932513909e-01,0.000000000000000000e+00,4.358340991931479169e-01,1.907963293850537756e+00,0.000000000000000000e+00,-2.643061836320124147e+00,8.726544725735644326e-01,0.000000000000000000e+00,-4.883381732952626342e-01,0.000000000000000000e+00,0.000000000000000000e+00,-1.133909732869326525e+01,0.000000000000000000e+00,-1.126382064719639970e+02,0.000000000000000000e+00,6.620000000000000107e+00,6.620000000000000107e+00,3.490658503988658956e-01,3.490658503988658956e-01
3.520000000000002571e-01,2.217139196809524704e-01,0.000000000000000000e+00,4.305479755205076642e-01,1.921473603754846549e+00,0.000000000000000000e+00,-2.638743119458684561e+00,8.670614190223062678e-01,0.000000000000000000e+00,-4.982012601780775873e-01,0.000000000000000000e+00,0.000000000000000000e+00,-1.148577044694762250e+01,0.000000000000000000e+00,-1.137008669444372373e+02,0.000000000000000000e+00,6.620000000000000107e+00,6.620000000000000107e+00,3.490658503988658956e-01,3.490658503988658956e-01
3.540000000000002589e-01,2.255568668884621597e-01,0.000000000000000000e+00,4.252704892815902804e-01,1.934488571539797030e+00,0.000000000000000000e+00,-2.634118692542571694e+00,8.612823841403615122e-01,0.000000000000000000e+00,-5.081266129317523195e-01,0.000000000000000000e+00,0.000000000000000000e+00,-1.163244356520197975e+01,0.000000000000000000e+00,-1.147848050477431769e+02,0.000000000000000000e+00,6.620000000000000107e+00,6.620000000000000107e+00,3.490658503988658956e-01,3.490658503988658956e-01
3.560000000000002607e-01,2.294258440315417591e-01,0.000000000000000000e+00,4.200022518965051410e-01,1.946995226831558901e+00,0.000000000000000000e+00,-2.629197876165797698e+00,8.553137640953453191e-01,0.000000000000000000e+00,-5.181103791172803064e-01,0.000000000000000000e+00,0.000000000000000000e+00,-1.177911668345633700e+01,0.000000000000000000e+00,-1.158901770448326687e+02,0.000000000000000000e+00,6.620000000000000107e+00,6.620000000000000107e+00,3.490658503988658956e-01,3.490658503988658956e-01
3.580000000000002625e-01,2.333198344852048800e-01,0.000000000000000000e+00,4.147438561441735283e-01,1.958980566479509688e+00,0.000000000000000000e+00,-2.623990671786583295e+00,8.491519746330928875e-01,0.000000000000000000e+00,-5.281485813449838806e-01,0.000000000000000000e+00,0.000000000000000000e+00,-1.192578980171069425e+01,0.000000000000000000e+00,-1.170171497502281142e+02,0.000000000000000000e+00,6.620000000000000107e+00,6.620000000000000107e+00,3.490658503988658956e-01,3.490658503988658956e-01
3.600000000000002642e-01,2.372377956181639103e-01,0.000000000000000000e+00,4.094958748006003457e-01,1.970431571306609397e+00,0.000000000000000000e+00,-2.618507771697411890e+00,8.427934548757167743e-01,0.000000000000000000e+00,-5.382371154227970633e-01,0.000000000000000000e+00,0.000000000000000000e+00,-1.207246291996505150e+01,0.000000000000000000e+00,-1.181659007766873088e+02,0.000000000000000000e+00,6.620000000000000107e+00,6.620000000000000107e+00,3.490658503988658956e-01,3.490658503988658956e-01
3.620000000000002660e-01,2.411786587607771259e-01,0.000000000000000000e+00,4.042588592572055051e-01,1.981335223705514181e+00,0.000000000000000000e+00,-2.612760568039491194e+00,8.362346712339322474e-01,0.000000000000000000e+00,-5.483717485668614389e-01,0.000000000000000000e+00,0.000000000000000000e+00,-1.221913603821940875e+01,0.000000000000000000e+00,-1.193366187827575544e+02,0.000000000000000000e+00,6.620000000000000107e+00,6.620000000000000107e+00,3.490658503988658956e-01,3.490658503988658956e-01
3.640000000000002678e-01,2.451413292081881523e-01,0.000000000000000000e+00,3.990333381211265129e-01,1.991678526099493807e+00,0.000000000000000000e+00,-2.606761160777920416e+00,8.294721214344649152e-01,0.000000000000000000e+00,-5.585481176792275182e-01,0.000000000000000000e+00,0.000000000000000000e+00,-1.236580915647376600e+01,0.000000000000000000e+00,-1.205295037197913643e+02,0.000000000000000000e+00,6.620000000000000107e+00,6.620000000000000107e+00,3.490658503988658956e-01,3.490658503988658956e-01
3.660000000000002696e-01,2.491246862603871404e-01,0.000000000000000000e+00,3.938198157995706494e-01,2.001448520287426813e+00,0.000000000000000000e+00,-2.600522364551689947e+00,8.225023386632178690e-01,0.000000000000000000e+00,-5.687617276975809322e-01,0.000000000000000000e+00,0.000000000000000000e+00,-1.251248227472812324e+01,0.000000000000000000e+00,-1.217447670768022050e+02,0.000000000000000000e+00,6.620000000000000107e+00,6.620000000000000107e+00,3.490658503988658956e-01,3.490658503988658956e-01
3.680000000000002713e-01,2.531275833009619669e-01,0.000000000000000000e+00,3.886187710704672726e-01,2.010632307692387766e+00,0.000000000000000000e+00,-2.594057714310678886e+00,8.153218958247546722e-01,0.000000000000000000e+00,-5.790079500220425279e-01,0.000000000000000000e+00,0.000000000000000000e+00,-1.265915539298248049e+01,0.000000000000000000e+00,-1.229826321213224247e+02,0.000000000000000000e+00,6.620000000000000107e+00,6.620000000000000107e+00,3.490658503988658956e-01,3.490658503988658956e-01
3.700000000000002731e-01,2.571488479163467344e-01,0.000000000000000000e+00,3.834306556418459189e-01,2.019217070533641856e+00,0.000000000000000000e+00,-2.587381469650062549e+00,8.079274099185018709e-01,0.000000000000000000e+00,-5.892820210242127876e-01,0.000000000000000000e+00,0.000000000000000000e+00,-1.278265545718562457e+01,0.000000000000000000e+00,-1.242433341341881174e+02,0.000000000000000000e+00,6.620000000000000107e+00,6.620000000000000107e+00,2.939165366391485734e-01,2.939165366391485734e-01
3.720000000000002749e-01,2.611872820574140386e-01,0.000000000000000000e+00,3.782558927025457818e-01,2.027190093942218496e+00,0.000000000000000000e+00,-2.580508617751063660e+00,8.003294381206544905e-01,0.000000000000000000e+00,-5.995604977627173593e-01,0.000000000000000000e+00,0.000000000000000000e+00,-1.288298784588025647e+01,0.000000000000000000e+00,-1.255244656341251783e+02,0.000000000000000000e+00,6.620000000000000107e+00,6.620000000000000107e+00,2.387800232180611049e-01,2.387800232180611049e-01
3.740000000000002767e-01,2.652416622452984929e-01,0.000000000000000000e+00,3.730948754670436740e-01,2.034539909554254233e+00,0.000000000000000000e+00,-2.573455182750030268e+00,7.925395408048457879e-01,0.000000000000000000e+00,-6.098205279103386944e-01,0.000000000000000000e+00,0.000000000000000000e+00,-1.296089418199687060e+01,0.000000000000000000e+00,-1.268236202197004161e+02,0.000000000000000000e+00,6.620000000000000107e+00,6.620000000000000107e+00,1.854084906059315918e-01,1.854084906059315918e-01
3.760000000000002784e-01,2.693107420644070271e-01,0.000000000000000000e+00,3.679479651015435948e-01,2.041256359414706179e+00,0.000000000000000000e+00,-2.566238093103088147e+00,7.845698263457678845e-01,0.000000000000000000e+00,-6.200404725401170714e-01,0.000000000000000000e+00,0.000000000000000000e+00,-1.301708654084147199e+01,0.000000000000000000e+00,-1.281384753496168969e+02,0.000000000000000000e+00,6.620000000000000107e+00,6.620000000000000107e+00,1.337316187141634194e-01,1.337316187141634194e-01
3.780000000000002802e-01,2.733932547832364501e-01,0.000000000000000000e+00,3.628154889153374363e-01,2.047330618902695853e+00,0.000000000000000000e+00,-2.558875035295711697e+00,7.764329274813175363e-01,0.000000000000000000e+00,-6.301998961621549933e-01,0.000000000000000000e+00,0.000000000000000000e+00,-1.305225042412280523e+01,0.000000000000000000e+00,-1.294667877231866271e+02,0.000000000000000000e+00,6.620000000000000107e+00,6.620000000000000107e+00,8.368616531107421486e-02,8.368616531107421486e-02
3.800000000000002820e-01,2.774879160210418361e-01,0.000000000000000000e+00,3.576977388447460382e-01,2.052755214352820268e+00,0.000000000000000000e+00,-2.551384308213249685e+00,7.681419725959248712e-01,0.000000000000000000e+00,-6.402795560819051213e-01,0.000000000000000000e+00,0.000000000000000000e+00,-1.306704775231023063e+01,0.000000000000000000e+00,-1.308063889955694776e+02,0.000000000000000000e+00,6.620000000000000107e+00,6.620000000000000107e+00,3.521600964682248397e-02,3.521600964682248397e-02
3.820000000000002838e-01,2.815934264497474970e-01,0.000000000000000000e+00,3.525949702283195375e-01,2.057524035055600109e+00,0.000000000000000000e+00,-2.543784679064387877e+00,7.597105524014043931e-01,0.000000000000000000e+00,-6.502613909574771478e-01,0.000000000000000000e+00,0.000000000000000000e+00,-1.306211984063410725e+01,0.000000000000000000e+00,-1.321551818399482556e+02,0.000000000000000000e+00,6.620000000000000107e+00,6.620000000000000107e+00,-1.172788647564789420e-02,-1.172788647564789420e-02
3.840000000000002855e-01,2.857084745198587017e-01,0.000000000000000000e+00,3.475074008701907746e-01,2.061632339400986336e+00,0.000000000000000000e+00,-2.536095241731453065e+00,7.511526824678079750e-01,0.000000000000000000e+00,-6.601285084143970749e-01,0.000000000000000000e+00,0.000000000000000000e+00,-1.303809032699274084e+01,0.000000000000000000e+00,-1.335111363643839013e+02,0.000000000000000000e+00,6.620000000000000107e+00,6.620000000000000107e+00,-5.718759315765440526e-02,-5.718759315765440526e-02
3.860000000000002873e-01,2.898317391986606761e-01,0.000000000000000000e+00,3.424352103867278618e-01,2.065076755006870268e+00,0.000000000000000000e+00,-2.528335278396049546e+00,7.424827620390485050e-01,0.000000000000000000e+00,-6.698651715642977011e-01,0.000000000000000000e+00,0.000000000000000000e+00,-1.299556802265154332e+01,0.000000000000000000e+00,-1.348722868870450213e+02,0.000000000000000000e+00,6.620000000000000107e+00,6.620000000000000107e+00,-1.011983961508127056e-01,-1.011983961508127056e-01
3.880000000000002891e-01,2.939618927086743994e-01,0.000000000000000000e+00,3.373785398299357641e-01,2.067855272749859363e+00,0.000000000000000000e+00,-2.520524125255477532e+00,7.337155295557288293e-01,0.000000000000000000e+00,-6.794567842686953796e-01,0.000000000000000000e+00,0.000000000000000000e+00,-1.293514965899885638e+01,0.000000000000000000e+00,-1.362367290697796420e+02,0.000000000000000000e+00,6.620000000000000107e+00,6.620000000000000107e+00,-1.437890442307175609e-01,-1.437890442307175609e-01
3.900000000000002909e-01,2.980976032541741150e-01,0.000000000000000000e+00,3.323374915794248263e-01,2.069967234688126378e+00,0.000000000000000000e+00,-2.512681043104666667e+00,7.248660152997667971e-01,0.000000000000000000e+00,-6.888898749897826024e-01,0.000000000000000000e+00,0.000000000000000000e+00,-1.285742250584298496e+01,0.000000000000000000e+00,-1.376026174065374903e+02,0.000000000000000000e+00,6.620000000000000107e+00,6.620000000000000107e+00,-1.849820549146928006e-01,-1.849820549146928006e-01
3.920000000000002927e-01,3.022375377235503868e-01,0.000000000000000000e+00,3.273121294932154757e-01,2.071413315935724420e+00,0.000000000000000000e+00,-2.504825093510105294e+00,7.159494915711782648e-01,0.000000000000000000e+00,-6.981520790765944895e-01,0.000000000000000000e+00,0.000000000000000000e+00,-1.276296683887363415e+01,0.000000000000000000e+00,-1.389681630599287985e+02,0.000000000000000000e+00,6.620000000000000107e+00,6.620000000000000107e+00,-2.247940734338964297e-01,-2.247940734338964297e-01
3.940000000000002944e-01,3.063803643554218192e-01,0.000000000000000000e+00,3.223024793061952664e-01,2.072195500614173014e+00,0.000000000000000000e+00,-2.496975021246773618e+00,7.069814208058423644e-01,0.000000000000000000e+00,-7.072321193465076483e-01,0.000000000000000000e+00,0.000000000000000000e+00,-1.265235823603624787e+01,0.000000000000000000e+00,-1.403316320361926728e+02,0.000000000000000000e+00,6.620000000000000107e+00,6.620000000000000107e+00,-2.632362799017231580e-01,-2.632362799017231580e-01
3.960000000000002962e-01,3.105247553566501395e-01,0.000000000000000000e+00,3.173085292637017329e-01,2.072317052070007826e+00,0.000000000000000000e+00,-2.489149143606940395e+00,6.979774020432898407e-01,0.000000000000000000e+00,-7.161197848383326070e-01,0.000000000000000000e+00,0.000000000000000000e+00,-1.252616968473685510e+01,0.000000000000000000e+00,-1.416913436860342017e+02,0.000000000000000000e+00,6.620000000000000107e+00,6.620000000000000107e+00,-3.003148395163723894e-01,-3.003148395163723894e-01
3.980000000000002980e-01,3.146693894607901498e-01,0.000000000000000000e+00,3.123302309764878770e-01,2.071782477605966566e+00,0.000000000000000000e+00,-2.481365247121503081e+00,6.889531161546336158e-01,0.000000000000000000e+00,-7.248059076337747264e-01,0.000000000000000000e+00,0.000000000000000000e+00,-1.238497348405205045e+01,0.000000000000000000e+00,-1.430456695161724383e+02,0.000000000000000000e+00,6.620000000000000107e+00,6.620000000000000107e+00,-3.360313904260099349e-01,-3.360313904260099349e-01
4.000000000000002998e-01,3.188129544160021034e-01,0.000000000000000000e+00,3.073675004822448709e-01,2.070597488028158129e+00,0.000000000000000000e+00,-2.473640492161170545e+00,6.799242702418007989e-01,0.000000000000000000e+00,-7.332823376682099381e-01,0.000000000000000000e+00,0.000000000000000000e+00,-1.223830036579769320e+01,0.000000000000000000e+00,-1.443930322940246924e+02,0.000000000000000000e+00,6.620000000000000107e+00,6.620000000000000107e+00,-3.490658503988658956e-01,-3.490658503988658956e-01
4.020000000000003015e-01,3.229541493920584094e-01,0.000000000000000000e+00,3.024202194979225267e-01,2.068768952361437652e+00,0.000000000000000000e+00,-2.465991325807158852e+00,6.708999002712794368e-01,0.000000000000000000e+00,-7.415479241532454413e-01,0.000000000000000000e+00,0.000000000000000000e+00,-1.209162724754333595e+01,0.000000000000000000e+00,-1.457329317188567188e+02,0.000000000000000000e+00,6.620000000000000107e+00,6.620000000000000107e+00,-3.490658503988658956e-01,-3.490658503988658956e-01
4.040000000000003033e-01,3.270916872967812861e-01,0.000000000000000000e+00,2.974882368463082072e-01,2.066304384216638201e+00,0.000000000000000000e+00,-2.458433474599038160e+00,6.618849946962411801e-01,0.000000000000000000e+00,-7.496053987238600058e-01,0.000000000000000000e+00,0.000000000000000000e+00,-1.194495412928897871e+01,0.000000000000000000e+00,-1.470654864757615030e+02,0.000000000000000000e+00,6.620000000000000107e+00,6.620000000000000107e+00,-3.490658503988658956e-01,-3.490658503988658956e-01
4.060000000000003051e-01,3.312242960652145851e-01,0.000000000000000000e+00,2.925713698971101340e-01,2.063211635025655522e+00,0.000000000000000000e+00,-2.450981966914144827e+00,6.528844168506826584e-01,0.000000000000000000e+00,-7.574575487996298984e-01,0.000000000000000000e+00,0.000000000000000000e+00,-1.179828101103462146e+01,0.000000000000000000e+00,-1.483908107559059886e+02,0.000000000000000000e+00,6.620000000000000107e+00,6.620000000000000107e+00,-3.490658503988658956e-01,-3.490658503988658956e-01
4.080000000000003069e-01,3.353507193352658899e-01,0.000000000000000000e+00,2.876694059632818323e-01,2.059498870852691788e+00,0.000000000000000000e+00,-2.443651135384169670e+00,6.439029059351872863e-01,0.000000000000000000e+00,-7.651072132245396729e-01,0.000000000000000000e+00,0.000000000000000000e+00,-1.165160789278026421e+01,0.000000000000000000e+00,-1.497090141925531555e+02,0.000000000000000000e+00,6.620000000000000107e+00,6.620000000000000107e+00,-3.490658503988658956e-01,-3.490658503988658956e-01
4.100000000000003086e-01,3.394697170769712669e-01,0.000000000000000000e+00,2.827821036925134979e-01,2.055174549747535995e+00,0.000000000000000000e+00,-2.436454620538617721e+00,6.349450780922121229e-01,0.000000000000000000e+00,-7.725572780101644943e-01,0.000000000000000000e+00,0.000000000000000000e+00,-1.150493477452590696e+01,0.000000000000000000e+00,-1.510202017917135038e+02,0.000000000000000000e+00,6.620000000000000107e+00,6.620000000000000107e+00,-3.490658503988658956e-01,-3.490658503988658956e-01
4.120000000000003104e-01,3.435800661764663588e-01,0.000000000000000000e+00,2.779091944514362478e-01,2.050247399658084557e+00,0.000000000000000000e+00,-2.429405375601522366e+00,6.260154275659235434e-01,0.000000000000000000e+00,-7.798106721823278020e-01,0.000000000000000000e+00,0.000000000000000000e+00,-1.135826165627154971e+01,0.000000000000000000e+00,-1.523244738574644543e+02,0.000000000000000000e+00,6.620000000000000107e+00,6.620000000000000107e+00,-3.490658503988658956e-01,-3.490658503988658956e-01
4.140000000000003122e-01,3.476805609757825377e-01,0.000000000000000000e+00,2.730503837002332124e-01,2.044726396917073696e+00,0.000000000000000000e+00,-2.422515672369089490e+00,6.171183279417025158e-01,0.000000000000000000e+00,-7.868703637311784682e-01,0.000000000000000000e+00,0.000000000000000000e+00,-1.121158853801719246e+01,0.000000000000000000e+00,-1.536219259119770868e+02,0.000000000000000000e+00,6.620000000000000107e+00,6.620000000000000107e+00,-3.490658503988658956e-01,-3.490658503988658956e-01
4.160000000000003140e-01,3.517700137696166962e-01,0.000000000000000000e+00,2.682053523554950303e-01,2.038620745315838256e+00,0.000000000000000000e+00,-2.415797108097336388e+00,6.082580334605541816e-01,0.000000000000000000e+00,-7.937393556645023773e-01,0.000000000000000000e+00,0.000000000000000000e+00,-1.106491541976283521e+01,0.000000000000000000e+00,-1.549126486102949229e+02,0.000000000000000000e+00,6.620000000000000107e+00,6.620000000000000107e+00,-3.490658503988658956e-01,-3.490658503988658956e-01
4.180000000000003157e-01,3.558472552602483518e-01,0.000000000000000000e+00,2.633737581393003624e-01,2.031939855775832804e+00,0.000000000000000000e+00,-2.409260613330308942e+00,5.994386804037605820e-01,0.000000000000000000e+00,-8.004206821639470171e-01,0.000000000000000000e+00,0.000000000000000000e+00,-1.091824230150847796e+01,0.000000000000000000e+00,-1.561967276499207458e+02,0.000000000000000000e+00,6.620000000000000107e+00,6.620000000000000107e+00,-3.490658503988658956e-01,-3.490658503988658956e-01
4.200000000000003175e-01,3.599111349717999953e-01,0.000000000000000000e+00,2.585552369126397632e-01,2.024693326626656020e+00,0.000000000000000000e+00,-2.402916460601050019e+00,5.906642885432306089e-01,0.000000000000000000e+00,-8.069174048437172120e-01,0.000000000000000000e+00,0.000000000000000000e+00,-1.077156918325412072e+01,0.000000000000000000e+00,-1.574742436752814001e+02,0.000000000000000000e+00,6.620000000000000107e+00,6.620000000000000107e+00,-3.490658503988658956e-01,-3.490658503988658956e-01
4.220000000000003193e-01,3.639605216250533237e-01,0.000000000000000000e+00,2.537494039914376387e-01,2.016890924497412918e+00,0.000000000000000000e+00,-2.396774273939175970e+00,5.819387626531062896e-01,0.000000000000000000e+00,-8.132326091111763411e-01,0.000000000000000000e+00,0.000000000000000000e+00,-1.062489606499976347e+01,0.000000000000000000e+00,-1.587452721771617803e+02,0.000000000000000000e+00,6.620000000000000107e+00,6.620000000000000107e+00,-3.490658503988658956e-01,-3.490658503988658956e-01
4.240000000000003211e-01,3.679943034740481567e-01,0.000000000000000000e+00,2.489558554435592763e-01,2.008542565826439308e+00,0.000000000000000000e+00,-2.390843039120657654e+00,5.732658940783007528e-01,0.000000000000000000e+00,-8.193694006286824649e-01,0.000000000000000000e+00,0.000000000000000000e+00,-1.047822294674540622e+01,0.000000000000000000e+00,-1.600098833872219188e+02,0.000000000000000000e+00,6.620000000000000107e+00,6.620000000000000107e+00,-3.490658503988658956e-01,-3.490658503988658956e-01
4.260000000000003229e-01,3.720113886057010433e-01,0.000000000000000000e+00,2.441741693653179668e-01,1.999658298992688987e+00,0.000000000000000000e+00,-2.385131114597213831e+00,5.646493623557513608e-01,0.000000000000000000e+00,-8.253309018758738791e-01,0.000000000000000000e+00,0.000000000000000000e+00,-1.033154982849104897e+01,0.000000000000000000e+00,-1.612681421677406206e+02,0.000000000000000000e+00,6.620000000000000107e+00,6.620000000000000107e+00,-3.490658503988658956e-01,-3.490658503988658956e-01
4.280000000000003246e-01,3.760107052036864017e-01,0.000000000000000000e+00,2.394039071361235282e-01,1.990248287070455424e+00,0.000000000000000000e+00,-2.379646243044569065e+00,5.560927368842871754e-01,0.000000000000000000e+00,-8.311202488115322362e-01,0.000000000000000000e+00,0.000000000000000000e+00,-1.018487671023669172e+01,0.000000000000000000e+00,-1.625201078967627666e+02,0.000000000000000000e+00,6.620000000000000107e+00,6.620000000000000107e+00,-3.490658503988658956e-01,-3.490658503988658956e-01
4.300000000000003264e-01,3.799912017778273032e-01,0.000000000000000000e+00,2.346446146500343888e-01,1.980322791207578259e+00,0.000000000000000000e+00,-2.374395563470725445e+00,5.475994786391182867e-01,0.000000000000000000e+00,-8.367405876340443527e-01,0.000000000000000000e+00,0.000000000000000000e+00,-1.003820359198233447e+01,0.000000000000000000e+00,-1.637658343488621711e+02,0.000000000000000000e+00,6.620000000000000107e+00,6.620000000000000107e+00,-3.490658503988658956e-01,-3.490658503988658956e-01
4.320000000000003282e-01,3.839518473602424598e-01,0.000000000000000000e+00,2.298958235230929292e-01,1.969892154625846548e+00,0.000000000000000000e+00,-2.369385623827318099e+00,5.391729419270704371e-01,0.000000000000000000e+00,-8.421950716394083214e-01,0.000000000000000000e+00,0.000000000000000000e+00,-9.891530473727977224e+00,0.000000000000000000e+00,-1.650053695717745654e+02,0.000000000000000000e+00,6.620000000000000107e+00,6.620000000000000107e+00,-3.490658503988658956e-01,-3.490658503988658956e-01
4.340000000000003300e-01,3.878916316694941413e-01,0.000000000000000000e+00,2.251570522754382797e-01,1.958966787240978835e+00,0.000000000000000000e+00,-2.364622394069073152e+00,5.308163761787944024e-01,0.000000000000000000e+00,-8.474868581756371810e-01,0.000000000000000000e+00,0.000000000000000000e+00,-9.744857355473619975e+00,0.000000000000000000e+00,-1.662387557591994209e+02,0.000000000000000000e+00,6.620000000000000107e+00,6.620000000000000107e+00,-3.490658503988658956e-01,-3.490658503988658956e-01
4.360000000000003317e-01,3.918095652439760879e-01,0.000000000000000000e+00,2.204278074873001203e-01,1.947557150898319600e+00,0.000000000000000000e+00,-2.360111279608354540e+00,5.225329277742980505e-01,0.000000000000000000e+00,-8.526191056923484446e-01,0.000000000000000000e+00,0.000000000000000000e+00,-9.598184237219262727e+00,0.000000000000000000e+00,-1.674660291201161613e+02,0.000000000000000000e+00,6.620000000000000107e+00,6.620000000000000107e+00,-3.490658503988658956e-01,-3.490658503988658956e-01
4.380000000000003335e-01,3.957046795457727084e-01,0.000000000000000000e+00,2.157075849280834234e-01,1.935673745219253616e+00,0.000000000000000000e+00,-2.355857135113756939e+00,5.143256418982522504e-01,0.000000000000000000e+00,-8.575949708842460772e-01,0.000000000000000000e+00,0.000000000000000000e+00,-9.451511118964905478e+00,0.000000000000000000e+00,-1.686872197450128112e+02,0.000000000000000000e+00,6.620000000000000107e+00,6.620000000000000107e+00,-3.490658503988658956e-01,-3.490658503988658956e-01
4.400000000000003353e-01,3.995760270362112010e-01,0.000000000000000000e+00,2.109958706578559107e-01,1.923327094052287300e+00,0.000000000000000000e+00,-2.351864278603695180e+00,5.061974644216347130e-01,0.000000000000000000e+00,-8.624176059271446704e-01,0.000000000000000000e+00,0.000000000000000000e+00,-9.304838000710548229e+00,0.000000000000000000e+00,-1.699023514694783330e+02,0.000000000000000000e+00,6.620000000000000107e+00,6.620000000000000107e+00,-3.490658503988658956e-01,-3.490658503988658956e-01
4.420000000000003371e-01,4.034226812243157934e-01,0.000000000000000000e+00,2.062921421006485290e-01,1.910527732521795086e+00,0.000000000000000000e+00,-2.348136505787915329e+00,4.981512438063858683e-01,0.000000000000000000e+00,-8.670901558051220537e-01,0.000000000000000000e+00,0.000000000000000000e+00,-9.158164882456190981e+00,0.000000000000000000e+00,-1.711114417356663466e+02,0.000000000000000000e+00,6.620000000000000107e+00,6.620000000000000107e+00,-3.490658503988658956e-01,-3.490658503988658956e-01
4.440000000000003388e-01,4.072437366893593702e-01,0.000000000000000000e+00,2.015958690890727045e-01,1.897286194666560899e+00,0.000000000000000000e+00,-2.344677104611837315e+00,4.901897330298540800e-01,0.000000000000000000e+00,-8.716157557273276346e-01,0.000000000000000000e+00,0.000000000000000000e+00,-9.011491764201833732e+00,0.000000000000000000e+00,-1.723145014521965379e+02,0.000000000000000000e+00,6.620000000000000107e+00,6.620000000000000107e+00,-3.490658503988658956e-01,-3.490658503988658956e-01
4.460000000000003406e-01,4.110383090786924876e-01,0.000000000000000000e+00,1.969065148798490317e-01,1.883613001659473207e+00,0.000000000000000000e+00,-2.341488869960610675e+00,4.823155915259181303e-01,0.000000000000000000e+00,-8.759975286329315658e-01,0.000000000000000000e+00,0.000000000000000000e+00,-8.864818645947476483e+00,0.000000000000000000e+00,-1.735115348531206791e+02,0.000000000000000000e+00,6.620000000000000107e+00,6.620000000000000107e+00,-3.490658503988658956e-01,-3.490658503988658956e-01
4.480000000000003424e-01,4.148055350820114562e-01,0.000000000000000000e+00,1.922235371399278192e-01,1.869518650599037768e+00,0.000000000000000000e+00,-2.338574118481722586e+00,4.745313871397763839e-01,0.000000000000000000e+00,-8.802385827826452180e-01,0.000000000000000000e+00,0.000000000000000000e+00,-8.718145527693119234e+00,0.000000000000000000e+00,-1.747025393566411822e+02,0.000000000000000000e+00,6.620000000000000107e+00,6.620000000000000107e+00,-3.490658503988658956e-01,-3.490658503988658956e-01
4.500000000000003442e-01,4.185445723832095233e-01,0.000000000000000000e+00,1.875463889029643783e-01,1.855013603862769589e+00,0.000000000000000000e+00,-2.335934703486946429e+00,4.668395980934979539e-01,0.000000000000000000e+00,-8.843420094352079097e-01,0.000000000000000000e+00,0.000000000000000000e+00,-8.571472409438761986e+00,0.000000000000000000e+00,-1.758875054243320903e+02,0.000000000000000000e+00,6.620000000000000107e+00,6.620000000000000107e+00,-3.490658503988658956e-01,-3.490658503988658956e-01
4.520000000000003459e-01,4.222545995909350869e-01,0.000000000000000000e+00,1.828745194959904841e-01,1.840108279011992920e+00,0.000000000000000000e+00,-2.333572029896335387e+00,4.592426149595321139e-01,0.000000000000000000e+00,-8.883108806071954300e-01,0.000000000000000000e+00,0.000000000000000000e+00,-8.424799291184404737e+00,0.000000000000000000e+00,-1.770664164216742051e+02,0.000000000000000000e+00,6.620000000000000107e+00,6.620000000000000107e+00,-3.490658503988658956e-01,-3.490658503988658956e-01
4.540000000000003477e-01,4.259348161489590612e-01,0.000000000000000000e+00,1.782073754361978013e-01,1.824813039237133117e+00,0.000000000000000000e+00,-2.331487069188877825e+00,4.517427426394723389e-01,0.000000000000000000e+00,-8.921482469144730310e-01,0.000000000000000000e+00,0.000000000000000000e+00,-8.278126172930047488e+00,0.000000000000000000e+00,-1.782392484807780875e+02,0.000000000000000000e+00,6.620000000000000107e+00,6.620000000000000107e+00,-3.490658503988658956e-01,-3.490658503988658956e-01
4.560000000000003495e-01,4.295844422274333052e-01,0.000000000000000000e+00,1.735444012978200334e-01,1.809138184332201860e+00,0.000000000000000000e+00,-2.329680374326306147e+00,4.443422023454705050e-01,0.000000000000000000e+00,-8.958571354935879194e-01,0.000000000000000000e+00,0.000000000000000000e+00,-8.131453054675690240e+00,0.000000000000000000e+00,-1.794059703662275922e+02,0.000000000000000000e+00,6.620000000000000107e+00,6.620000000000000107e+00,-3.490658503988658956e-01,-3.490658503988658956e-01
4.580000000000003513e-01,4.332027185960977134e-01,0.000000000000000000e+00,1.688850405491674200e-01,1.793093942186874790e+00,0.000000000000000000e+00,-2.328152094618401335e+00,4.370431335817940854e-01,0.000000000000000000e+00,-8.994405480013706322e-01,0.000000000000000000e+00,0.000000000000000000e+00,-7.984779936421332103e+00,0.000000000000000000e+00,1.794334566549658234e+02,0.000000000000000000e+00,6.620000000000000107e+00,6.620000000000000107e+00,-3.490658503988658956e-01,-3.490658503988658956e-01
4.600000000000003531e-01,4.367889064804714727e-01,0.000000000000000000e+00,1.642287363599306271e-01,1.776690460784314363e+00,0.000000000000000000e+00,-2.326901990499959716e+00,4.298475961241126631e-01,0.000000000000000000e+00,-9.029014586909922535e-01,0.000000000000000000e+00,0.000000000000000000e+00,-7.838106818166973966e+00,0.000000000000000000e+00,1.782790789382519563e+02,0.000000000000000000e+00,6.620000000000000107e+00,6.620000000000000107e+00,-3.490658503988658956e-01,-3.490658503988658956e-01
4.620000000000003548e-01,4.403422874020401223e-01,0.000000000000000000e+00,1.595749323789306950e-01,1.759937800692716436e+00,0.000000000000000000e+00,-2.325929448191382587e+00,4.227575719941956134e-01,0.000000000000000000e+00,-9.062428125627106645e-01,0.000000000000000000e+00,0.000000000000000000e+00,-7.691433699912615829e+00,0.000000000000000000e+00,1.771309505801790465e+02,0.000000000000000000e+00,6.620000000000000107e+00,6.620000000000000107e+00,-3.490658503988658956e-01,-3.490658503988658956e-01
4.640000000000003566e-01,4.438621630034255694e-01,0.000000000000000000e+00,1.549230734825479405e-01,1.742845928038439629e+00,0.000000000000000000e+00,-2.325233494216604413e+00,4.157749674277917973e-01,0.000000000000000000e+00,-9.094675235875213648e-01,0.000000000000000000e+00,0.000000000000000000e+00,-7.544760581658257692e+00,0.000000000000000000e+00,1.759891335296373711e+02,0.000000000000000000e+00,6.620000000000000107e+00,6.620000000000000107e+00,-3.490658503988658956e-01,-3.490658503988658956e-01
4.660000000000003584e-01,4.473478548595024584e-01,0.000000000000000000e+00,1.502726064941147244e-01,1.725424707948510772e+00,0.000000000000000000e+00,-2.324812809753808551e+00,4.089016148335524736e-01,0.000000000000000000e+00,-9.125784730019183000e-01,0.000000000000000000e+00,0.000000000000000000e+00,-7.398087463403899555e+00,0.000000000000000000e+00,1.748536976905276958e+02,0.000000000000000000e+00,6.620000000000000107e+00,6.620000000000000107e+00,-3.490658503988658956e-01,-3.490658503988658956e-01
4.680000000000003602e-01,4.507987042753994755e-01,0.000000000000000000e+00,1.456229808746070942e-01,1.707683898450290894e+00,0.000000000000000000e+00,-2.324665744796062139e+00,4.021392747409467949e-01,0.000000000000000000e+00,-9.155785076719666904e-01,0.000000000000000000e+00,0.000000000000000000e+00,-7.251414345149541418e+00,0.000000000000000000e+00,1.737247210146402949e+02,0.000000000000000000e+00,6.620000000000000107e+00,6.620000000000000107e+00,-3.490658503988658956e-01,-3.490658503988658956e-01
4.700000000000003619e-01,4.542140720723000791e-01,0.000000000000000000e+00,1.409736493850149708e-01,1.689633144816123256e+00,0.000000000000000000e+00,-2.324790332100666213e+00,3.954896377352007941e-01,0.000000000000000000e+00,-9.184704385248767533e-01,0.000000000000000000e+00,0.000000000000000000e+00,-7.104741226895183281e+00,0.000000000000000000e+00,1.726022895835039890e+02,0.000000000000000000e+00,6.620000000000000107e+00,6.620000000000000107e+00,-3.490658503988658956e-01,-3.490658503988658956e-01
4.720000000000003637e-01,4.575933383619323336e-01,0.000000000000000000e+00,1.363240687208136515e-01,1.671281974340864007e+00,0.000000000000000000e+00,-2.325184300907630508e+00,3.889543263773805881e-01,0.000000000000000000e+00,-9.212570390462795356e-01,0.000000000000000000e+00,0.000000000000000000e+00,-6.958068108640825145e+00,0.000000000000000000e+00,1.714864976779488472e+02,0.000000000000000000e+00,6.620000000000000107e+00,6.620000000000000107e+00,-3.490658503988658956e-01,-3.490658503988658956e-01
4.740000000000003655e-01,4.609359023106140429e-01,0.000000000000000000e+00,1.316737001189983991e-01,1.652639791540322367e+00,0.000000000000000000e+00,-2.325845090409266902e+00,3.825348971078117444e-01,0.000000000000000000e+00,-9.239410438413891979e-01,0.000000000000000000e+00,0.000000000000000000e+00,-6.811394990386467008e+00,0.000000000000000000e+00,1.703774478341184420e+02,0.000000000000000000e+00,6.620000000000000107e+00,6.620000000000000107e+00,-3.490658503988658956e-01,-3.490658503988658956e-01
4.760000000000003673e-01,4.642411818936946766e-01,0.000000000000000000e+00,1.270220099381798584e-01,1.633715873758794679e+00,0.000000000000000000e+00,-2.326769862954440882e+00,3.762328421311165738e-01,0.000000000000000000e+00,-9.265251472582610726e-01,0.000000000000000000e+00,0.000000000000000000e+00,-6.664721872132108871e+00,0.000000000000000000e+00,1.692752508846711521e+02,0.000000000000000000e+00,6.620000000000000107e+00,6.620000000000000107e+00,-3.490658503988658956e-01,-3.490658503988658956e-01
4.780000000000003690e-01,4.675086136412122673e-01,0.000000000000000000e+00,1.223684702122709717e-01,1.614519367174073183e+00,0.000000000000000000e+00,-2.327955516972528560e+00,3.700495912812179489e-01,0.000000000000000000e+00,-9.290120020713421578e-01,0.000000000000000000e+00,0.000000000000000000e+00,-6.518048753877750734e+00,0.000000000000000000e+00,1.681800259839252476e+02,0.000000000000000000e+00,6.620000000000000107e+00,6.620000000000000107e+00,-3.490658503988658956e-01,-3.490658503988658956e-01
4.800000000000003708e-01,4.707376523755604225e-01,0.000000000000000000e+00,1.177125591783259179e-01,1.595059283188533072e+00,0.000000000000000000e+00,-2.329398699603592693e+00,3.639865138647401799e-01,0.000000000000000000e+00,-9.314042182235343637e-01,0.000000000000000000e+00,0.000000000000000000e+00,-6.371375635623392597e+00,0.000000000000000000e+00,1.670919006157290596e+02,0.000000000000000000e+00,6.620000000000000107e+00,6.620000000000000107e+00,-3.490658503988658956e-01,-3.490658503988658956e-01
4.820000000000003726e-01,4.739277709419374984e-01,0.000000000000000000e+00,1.130537617791187305e-01,1.575344495195155847e+00,0.000000000000000000e+00,-2.331095819022730886e+00,3.580449204813042074e-01,0.000000000000000000e+00,-9.337043616249935951e-01,0.000000000000000000e+00,0.000000000000000000e+00,-6.224702517369034460e+00,0.000000000000000000e+00,1.660110105828776739e+02,0.000000000000000000e+00,6.620000000000000107e+00,6.620000000000000107e+00,-3.490658503988658956e-01,-3.490658503988658956e-01
4.840000000000003744e-01,4.770784599323278363e-01,0.000000000000000000e+00,1.083915701410732707e-01,1.555383735707618120e+00,0.000000000000000000e+00,-2.333043056447938746e+00,3.522260648192884758e-01,0.000000000000000000e+00,-9.359149530069056366e-01,0.000000000000000000e+00,0.000000000000000000e+00,-6.078029399114676323e+00,0.000000000000000000e+00,1.649374999769508747e+02,0.000000000000000000e+00,6.620000000000000107e+00,6.620000000000000107e+00,-3.490658503988658956e-01,-3.490658503988658956e-01
4.860000000000003761e-01,4.801892274037430908e-01,0.000000000000000000e+00,1.037254840281773977e-01,1.535185593843873431e+00,0.000000000000000000e+00,-2.335236377822189180e+00,3.465311454256935764e-01,0.000000000000000000e+00,-9.380384668284966754e-01,0.000000000000000000e+00,0.000000000000000000e+00,-5.931356280860318186e+00,0.000000000000000000e+00,1.638715211275138017e+02,0.000000000000000000e+00,6.620000000000000107e+00,6.620000000000000107e+00,-3.490658503988658956e-01,-3.490658503988658956e-01
4.880000000000003779e-01,4.832595985914308612e-01,0.000000000000000000e+00,9.905501127253302229e-02,1.514758513152964170e+00,0.000000000000000000e+00,-2.337671545161754683e+00,3.409613074488132001e-01,0.000000000000000000e+00,-9.400773302355480698e-01,0.000000000000000000e+00,0.000000000000000000e+00,-5.784683162605960050e+00,0.000000000000000000e+00,1.628132345297031804e+02,0.000000000000000000e+00,6.620000000000000107e+00,6.620000000000000107e+00,-3.490658503988658956e-01,-3.490658503988658956e-01
4.900000000000003797e-01,4.862891156177368002e-01,0.000000000000000000e+00,9.437966818220951126e-02,1.494110789775124237e+00,0.000000000000000000e+00,-2.340344127564080612e+00,3.355176443524792163e-01,0.000000000000000000e+00,-9.420339220687137249e-01,0.000000000000000000e+00,0.000000000000000000e+00,-5.638010044351601913e+00,0.000000000000000000e+00,1.617628087493168891e+02,0.000000000000000000e+00,6.620000000000000107e+00,6.620000000000000107e+00,-3.490658503988658956e-01,-3.490658503988658956e-01
4.920000000000003815e-01,4.892773371972870544e-01,0.000000000000000000e+00,8.969897992708135426e-02,1.473250570925570546e+00,0.000000000000000000e+00,-2.343249511869765822e+00,3.302011996007109262e-01,0.000000000000000000e+00,-9.439105719199522015e-01,0.000000000000000000e+00,0.000000000000000000e+00,-5.491336926097243776e+00,0.000000000000000000e+00,1.607204203046339046e+02,0.000000000000000000e+00,6.620000000000000107e+00,6.620000000000000107e+00,-3.490658503988658956e-01,-3.490658503988658956e-01
4.940000000000003832e-01,4.922238383391381866e-01,0.000000000000000000e+00,8.501248090334181939e-02,1.452185853692715245e+00,0.000000000000000000e+00,-2.346382912974423807e+00,3.250129683116558810e-01,0.000000000000000000e+00,-9.457095592354168856e-01,0.000000000000000000e+00,0.000000000000000000e+00,-5.344663807842885639e+00,0.000000000000000000e+00,1.596862535243142531e+02,0.000000000000000000e+00,6.620000000000000107e+00,6.620000000000000107e+00,-3.490658503988658956e-01,-3.490658503988658956e-01
4.960000000000003850e-01,4.951282100465236313e-01,0.000000000000000000e+00,8.031971507739296690e-02,1.430924484141882669e+00,0.000000000000000000e+00,-2.349739383787371683e+00,3.199538988797677175e-01,0.000000000000000000e+00,-9.474331124631625300e-01,0.000000000000000000e+00,0.000000000000000000e+00,-5.197990689588527502e+00,0.000000000000000000e+00,1.586605003808646472e+02,0.000000000000000000e+00,6.620000000000000107e+00,6.620000000000000107e+00,-3.490658503988658956e-01,-3.490658503988658956e-01
4.980000000000003868e-01,4.979900590148074180e-01,0.000000000000000000e+00,7.562023630981822009e-02,1.409474156715947668e+00,0.000000000000000000e+00,-2.353313824835237433e+00,3.150248945652233123e-01,0.000000000000000000e+00,-9.490834082440646746e-01,0.000000000000000000e+00,0.000000000000000000e+00,-5.051317571334169365e+00,0.000000000000000000e+00,1.576433602993033389e+02,0.000000000000000000e+00,6.620000000000000107e+00,6.620000000000000107e+00,-3.490658503988658956e-01,-3.490658503988658956e-01
5.000000000000003331e-01,5.008090073282392973e-01,0.000000000000000000e+00,7.091360866014774500e-02,1.387842413924662122e+00,0.000000000000000000e+00,-2.357100993509685605e+00,3.102268150496332311e-01,0.000000000000000000e+00,-9.506625706443696533e-01,0.000000000000000000e+00,0.000000000000000000e+00,-4.904644453079811228e+00,0.000000000000000000e+00,1.566350399408173644e+02,0.000000000000000000e+00,6.620000000000000107e+00,6.620000000000000107e+00,-3.490658503988658956e-01,-3.490658503988658956e-01
5.020000000000003348e-01,5.035846921560885869e-01,0.000000000000000000e+00,6.619940667312837479e-02,1.366036646314760183e+00,0.000000000000000000e+00,-2.361095512959530129e+00,3.055604779571498009e-01,0.000000000000000000e+00,-9.521726704283199894e-01,0.000000000000000000e+00,0.000000000000000000e+00,-4.757971334825453091e+00,0.000000000000000000e+00,1.556357529613749477e+02,0.000000000000000000e+00,6.620000000000000107e+00,6.620000000000000107e+00,-3.490658503988658956e-01,-3.490658503988658956e-01
5.040000000000003366e-01,5.063167654487180647e-01,0.000000000000000000e+00,6.147721564720931564e-02,1.344064092713265213e+00,0.000000000000000000e+00,-2.365291880628543453e+00,3.010266603401303143e-01,0.000000000000000000e+00,-9.536157243693434982e-01,0.000000000000000000e+00,0.000000000000000000e+00,-4.611298216571094954e+00,0.000000000000000000e+00,1.546457197454335528e+02,0.000000000000000000e+00,6.620000000000000107e+00,6.620000000000000107e+00,-3.490658503988658956e-01,-3.490658503988658956e-01
5.060000000000003384e-01,5.090048936341445840e-01,0.000000000000000000e+00,5.674663188595222701e-02,1.321931840736725317e+00,0.000000000000000000e+00,-2.369684476441270782e+00,2.966261001285542820e-01,0.000000000000000000e+00,-9.549936945983072967e-01,0.000000000000000000e+00,0.000000000000000000e+00,-4.464625098316736818e+00,0.000000000000000000e+00,1.536651671150689822e+02,0.000000000000000000e+00,6.620000000000000107e+00,6.620000000000000107e+00,-3.490658503988658956e-01,-3.490658503988658956e-01
5.080000000000003402e-01,5.116487573156179858e-01,0.000000000000000000e+00,5.200726293306968256e-02,1.299646827559409967e+00,0.000000000000000000e+00,-2.374267570640129055e+00,2.923594975424448905e-01,0.000000000000000000e+00,-9.563084879873906541e-01,0.000000000000000000e+00,0.000000000000000000e+00,-4.317951980062378681e+00,0.000000000000000000e+00,1.526943280150421742e+02,0.000000000000000000e+00,6.620000000000000107e+00,6.620000000000000107e+00,-3.490658503988658956e-01,-3.490658503988658956e-01
5.100000000000003419e-01,5.142480509707367808e-01,0.000000000000000000e+00,4.725872779178942606e-02,1.277215840933772828e+00,0.000000000000000000e+00,-2.379035331277996601e+00,2.882275164665848433e-01,0.000000000000000000e+00,-9.575619555681526007e-01,0.000000000000000000e+00,0.000000000000000000e+00,-4.171278861808020544e+00,0.000000000000000000e+00,1.517334411745108582e+02,0.000000000000000000e+00,6.620000000000000107e+00,6.620000000000000107e+00,-3.490658503988658956e-01,-3.490658503988658956e-01
5.120000000000003437e-01,5.168024826526043114e-01,0.000000000000000000e+00,4.250065712923343370e-02,1.254645520456752150e+00,0.000000000000000000e+00,-2.383981831371397409e+00,2.842307857868587861e-01,0.000000000000000000e+00,-9.587558919824089587e-01,0.000000000000000000e+00,0.000000000000000000e+00,-4.024605743553662407e+00,0.000000000000000000e+00,1.507827507462903611e+02,0.000000000000000000e+00,6.620000000000000107e+00,6.620000000000000107e+00,-3.490658503988658956e-01,-3.490658503988658956e-01
5.140000000000003455e-01,5.193117736935177753e-01,0.000000000000000000e+00,3.773269346649063549e-02,1.231942359075716809e+00,0.000000000000000000e+00,-2.389101055720240119e+00,2.803699006875960964e-01,0.000000000000000000e+00,-9.598920349645722050e-01,0.000000000000000000e+00,0.000000000000000000e+00,-3.877932625299304714e+00,0.000000000000000000e+00,1.498425059247572904e+02,0.000000000000000000e+00,6.620000000000000107e+00,6.620000000000000107e+00,-3.490658503988658956e-01,-3.490658503988658956e-01
5.160000000000003473e-01,5.217756584116691743e-01,0.000000000000000000e+00,3.295449135505015836e-02,1.209112704828085860e+00,0.000000000000000000e+00,-2.394386907400892550e+00,2.766454239093238399e-01,0.000000000000000000e+00,-9.609720648541404397e-01,0.000000000000000000e+00,0.000000000000000000e+00,-3.731259507044947021e+00,0.000000000000000000e+00,1.489129605436804979e+02,0.000000000000000000e+00,6.620000000000000107e+00,6.620000000000000107e+00,-3.490658503988658956e-01,-3.490658503988658956e-01
5.180000000000003491e-01,5.241938838213253682e-01,0.000000000000000000e+00,2.816571754024837365e-02,1.186162762808838256e+00,0.000000000000000000e+00,-2.399833213940151921e+00,2.730578869663783381e-01,0.000000000000000000e+00,-9.619976041370666975e-01,0.000000000000000000e+00,0.000000000000000000e+00,-3.584586388790589329e+00,0.000000000000000000e+00,1.479943726554446357e+02,0.000000000000000000e+00,6.620000000000000107e+00,6.620000000000000107e+00,-3.490658503988658956e-01,-3.490658503988658956e-01
5.200000000000003508e-01,5.265662093469430927e-01,0.000000000000000000e+00,2.336605111236806850e-02,1.163098597360300523e+00,0.000000000000000000e+00,-2.405433733178417022e+00,2.696077913238559831e-01,0.000000000000000000e+00,-9.629702170147693696e-01,0.000000000000000000e+00,0.000000000000000000e+00,-3.437913270536231636e+00,0.000000000000000000e+00,1.470870040933064047e+02,0.000000000000000000e+00,6.620000000000000107e+00,6.620000000000000107e+00,-3.490658503988658956e-01,-3.490658503988658956e-01
5.220000000000003526e-01,5.288924065416636955e-01,0.000000000000000000e+00,1.855518364601123349e-02,1.139926134478735920e+00,0.000000000000000000e+00,-2.411182158831063571e+00,2.662956095334204076e-01,0.000000000000000000e+00,-9.638914089995949119e-01,0.000000000000000000e+00,0.000000000000000000e+00,-3.291240152281873943e+00,0.000000000000000000e+00,1.461911200184853783e+02,0.000000000000000000e+00,6.620000000000000107e+00,6.620000000000000107e+00,-3.490658503988658956e-01,-3.490658503988658956e-01
5.240000000000003544e-01,5.311722588106211340e-01,0.000000000000000000e+00,1.373281932834910513e-02,1.116651164432379328e+00,0.000000000000000000e+00,-2.417072125757685708e+00,2.631217863275111535e-01,0.000000000000000000e+00,-9.647626265355742081e-01,0.000000000000000000e+00,0.000000000000000000e+00,-3.144567034027516250e+00,0.000000000000000000e+00,1.453069884540415728e+02,0.000000000000000000e+00,6.620000000000000107e+00,6.620000000000000107e+00,-3.490658503988658956e-01,-3.490658503988658956e-01
5.260000000000003562e-01,5.334055611394858953e-01,0.000000000000000000e+00,8.898675076833733807e-03,1.093279344585642798e+00,0.000000000000000000e+00,-2.423097214949486045e+00,2.600867396715322855e-01,0.000000000000000000e+00,-9.655852566433646977e-01,0.000000000000000000e+00,0.000000000000000000e+00,-2.997893915773158557e+00,0.000000000000000000e+00,1.444348798076248954e+02,0.000000000000000000e+00,6.620000000000000107e+00,6.620000000000000107e+00,-3.490658503988658956e-01,-3.490658503988658956e-01
5.280000000000003579e-01,5.355921198286571761e-01,0.000000000000000000e+00,4.052480646934761635e-03,1.069816202424281881e+00,0.000000000000000000e+00,-2.429250958245663838e+00,2.571908617736261005e-01,0.000000000000000000e+00,-9.663606265883039059e-01,0.000000000000000000e+00,0.000000000000000000e+00,-2.851220797518800865e+00,0.000000000000000000e+00,1.435750663852998912e+02,0.000000000000000000e+00,6.620000000000000107e+00,6.620000000000000107e+00,-3.490658503988658956e-01,-3.490658503988658956e-01
5.300000000000003597e-01,5.377317522335057776e-01,0.000000000000000000e+00,-8.060212695565659516e-04,1.046267138776344252e+00,0.000000000000000000e+00,-2.435526842790182833e+00,2.544345200516648364e-01,0.000000000000000000e+00,-9.670900035705461972e-01,0.000000000000000000e+00,0.000000000000000000e+00,-2.704547679264443172e+00,0.000000000000000000e+00,1.427278218987454181e+02,0.000000000000000000e+00,6.620000000000000107e+00,6.620000000000000107e+00,-3.490658503988658956e-01,-3.490658503988658956e-01
5.320000000000003615e-01,5.398242865110585154e-01,0.000000000000000000e+00,-5.677074955136932055e-03,1.022637431223734072e+00,0.000000000000000000e+00,-2.441918315240780846e+00,2.518180580571198202e-01,0.000000000000000000e+00,-9.677745944362978747e-01,0.000000000000000000e+00,0.000000000000000000e+00,-2.557874561010085479e+00,0.000000000000000000e+00,1.418934209682077778e+02,0.000000000000000000e+00,6.620000000000000107e+00,6.620000000000000107e+00,-3.490658503988658956e-01,-3.490658503988658956e-01
5.340000000000003633e-01,5.418695613735059480e-01,0.000000000000000000e+00,-1.056091158561849389e-02,9.989322376992081365e-01,0.000000000000000000e+00,-2.448418785742518367e+00,2.493417963554916406e-01,0.000000000000000000e+00,-9.684155454092093773e-01,0.000000000000000000e+00,0.000000000000000000e+00,-2.411201442755727786e+00,0.000000000000000000e+00,1.410721386236398018e+02,0.000000000000000000e+00,6.620000000000000107e+00,6.620000000000000107e+00,-3.490658503988658956e-01,-3.490658503988658956e-01
5.360000000000003650e-01,5.438674258489043511e-01,0.000000000000000000e+00,-1.545774915710353137e-02,9.751566002635841945e-01,0.000000000000000000e+00,-2.455021631678556471e+00,2.470060333630077765e-01,0.000000000000000000e+00,-9.690139418410205208e-01,0.000000000000000000e+00,0.000000000000000000e+00,-2.264528324501370093e+00,0.000000000000000000e+00,1.402642498064937513e+02,0.000000000000000000e+00,6.620000000000000107e+00,6.620000000000000107e+00,-3.490658503988658956e-01,-3.490658503988658956e-01
5.380000000000003668e-01,5.458177390494315384e-01,0.000000000000000000e+00,-2.036779242046064461e-02,9.513154490578822342e-01,0.000000000000000000e+00,-2.461720201211187842e+00,2.448110461393176451e-01,0.000000000000000000e+00,-9.695708079806100166e-01,0.000000000000000000e+00,0.000000000000000000e+00,-2.117855206247012401e+00,0.000000000000000000e+00,1.394700288746443562e+02,0.000000000000000000e+00,6.620000000000000107e+00,6.620000000000000107e+00,-3.490658503988658956e-01,-3.490658503988658956e-01
5.400000000000003686e-01,5.477203699475472476e-01,0.000000000000000000e+00,-2.529123282288302244e-02,9.274136064250426692e-01,0.000000000000000000e+00,-2.468507816626450246e+00,2.427570911359351602e-01,0.000000000000000000e+00,-9.700871067606349207e-01,0.000000000000000000e+00,0.000000000000000000e+00,-1.971182087992654486e+00,0.000000000000000000e+00,1.386897491129069806e+02,0.000000000000000000e+00,6.620000000000000107e+00,6.620000000000000107e+00,-3.490658503988658956e-01,-3.490658503988658956e-01
5.420000000000003704e-01,5.495751971603973773e-01,0.000000000000000000e+00,-3.022824845613592340e-02,9.034557911957714627e-01,0.000000000000000000e+00,-2.475377777495888498e+00,2.408444049001991494e-01,0.000000000000000000e+00,-9.705637396009955120e-01,0.000000000000000000e+00,0.000000000000000000e+00,-1.824508969738296571e+00,0.000000000000000000e+00,1.379236822515790379e+02,0.000000000000000000e+00,6.620000000000000107e+00,6.620000000000000107e+00,-3.490658503988658956e-01,-3.490658503988658956e-01
5.440000000000003721e-01,5.513821087427889234e-01,0.000000000000000000e+00,-3.517900401112770276e-02,8.794466231329516326e-01,0.000000000000000000e+00,-2.482323363669234340e+00,2.390732047345411615e-01,0.000000000000000000e+00,-9.710015462284063981e-01,0.000000000000000000e+00,0.000000000000000000e+00,-1.677835851483938656e+00,0.000000000000000000e+00,1.371720979953758786e+02,0.000000000000000000e+00,6.620000000000000107e+00,6.620000000000000107e+00,-3.490658503988658956e-01,-3.490658503988658956e-01
5.460000000000003739e-01,5.531410019890548035e-01,0.000000000000000000e+00,-4.014365073846617310e-02,8.553906275289427930e-01,0.000000000000000000e+00,-2.489337838111933987e+00,2.374436893108681501e-01,0.000000000000000000e+00,-9.714013045113970568e-01,0.000000000000000000e+00,0.000000000000000000e+00,-1.531162733229580741e+00,0.000000000000000000e+00,1.364352635650513434e+02,0.000000000000000000e+00,6.620000000000000107e+00,6.620000000000000107e+00,-3.490658503988658956e-01,-3.490658503988658956e-01
5.480000000000003757e-01,5.548517832441126618e-01,0.000000000000000000e+00,-4.512232641469004352e-02,8.312922399499562687e-01,0.000000000000000000e+00,-2.496414449601547236e+00,2.359560392398846740e-01,0.000000000000000000e+00,-9.717637303101129831e-01,0.000000000000000000e+00,0.000000000000000000e+00,-1.384489614975222826e+00,0.000000000000000000e+00,1.357134432538949227e+02,0.000000000000000000e+00,6.620000000000000107e+00,6.620000000000000107e+00,-3.490658503988658956e-01,-3.490658503988658956e-01
5.500000000000003775e-01,5.565143677240125264e-01,0.000000000000000000e+00,-5.011515531389313521e-02,8.071558111215584308e-01,0.000000000000000000e+00,-2.503546435297121953e+00,2.346104175951959359e-01,0.000000000000000000e+00,-9.720894773403360167e-01,0.000000000000000000e+00,0.000000000000000000e+00,-1.237816496720864912e+00,0.000000000000000000e+00,1.350068980011765802e+02,0.000000000000000000e+00,6.620000000000000107e+00,6.620000000000000107e+00,-3.490658503988658956e-01,-3.490658503988658956e-01
5.520000000000003793e-01,5.581286793462556517e-01,0.000000000000000000e+00,-5.512224818448738239e-02,7.829856119492101252e-01,0.000000000000000000e+00,-2.510727023195654883e+00,2.334069703920482186e-01,0.000000000000000000e+00,-9.723791370511841725e-01,0.000000000000000000e+00,0.000000000000000000e+00,-1.091143378466506997e+00,0.000000000000000000e+00,1.343158849844760425e+02,0.000000000000000000e+00,6.620000000000000107e+00,6.620000000000000107e+00,-3.490658503988658956e-01,-3.490658503988658956e-01
5.540000000000003810e-01,5.596946505701541064e-01,0.000000000000000000e+00,-6.014370223087869144e-02,7.587858386676069600e-01,0.000000000000000000e+00,-2.517949434489739957e+00,2.323458270205779885e-01,0.000000000000000000e+00,-9.726332385160005867e-01,0.000000000000000000e+00,0.000000000000000000e+00,-9.444702602121490820e-01,0.000000000000000000e+00,1.336406572326809794e+02,0.000000000000000000e+00,6.620000000000000107e+00,6.620000000000000107e+00,-3.490658503988658956e-01,-3.490658503988658956e-01
5.560000000000003828e-01,5.612122222474893452e-01,0.000000000000000000e+00,-6.517960109985816708e-02,7.345606181124391121e-01,0.000000000000000000e+00,-2.525206885840441284e+00,2.314271006334564784e-01,0.000000000000000000e+00,-9.728522483359907103e-01,0.000000000000000000e+00,0.000000000000000000e+00,-7.977971419577911671e-01,0.000000000000000000e+00,1.329814632612742571e+02,0.000000000000000000e+00,6.620000000000000107e+00,6.620000000000000107e+00,-3.490658503988658956e-01,-3.490658503988658956e-01
5.580000000000003846e-01,5.626813434837142358e-01,0.000000000000000000e+00,-7.023001487153904265e-02,7.103140131080462050e-01,0.000000000000000000e+00,-2.532492591579333929e+00,2.306508884878274712e-01,0.000000000000000000e+00,-9.730365705562026291e-01,0.000000000000000000e+00,0.000000000000000000e+00,-6.511240237034332523e-01,0.000000000000000000e+00,1.323385467313560753e+02,0.000000000000000000e+00,6.620000000000000107e+00,6.620000000000000107e+00,-3.490658503988658956e-01,-3.490658503988658956e-01
5.600000000000003864e-01,5.641019715099303555e-01,0.000000000000000000e+00,-7.529500005469770552e-02,6.860500279643056976e-01,0.000000000000000000e+00,-2.539799765853524072e+00,2.300172722414532411e-01,0.000000000000000000e+00,-9.731865465935094495e-01,0.000000000000000000e+00,0.000000000000000000e+00,-5.044509054490753375e-01,0.000000000000000000e+00,1.317121461336615482e+02,0.000000000000000000e+00,6.620000000000000107e+00,6.620000000000000107e+00,-3.490658503988658956e-01,-3.490658503988658956e-01
5.620000000000003881e-01,5.654740715658589378e-01,0.000000000000000000e+00,-8.037459958640474911e-02,6.617726140759577769e-01,0.000000000000000000e+00,-2.547121624727299416e+00,2.295263182029919080e-01,0.000000000000000000e+00,-9.733024551762822218e-01,0.000000000000000000e+00,0.000000000000000000e+00,-3.577777871947174226e-01,0.000000000000000000e+00,1.311024944986465925e+02,0.000000000000000000e+00,6.620000000000000107e+00,6.620000000000000107e+00,-3.490658503988658956e-01,-3.490658503988658956e-01
5.640000000000003899e-01,5.667976167940108612e-01,0.000000000000000000e+00,-8.546884283585934328e-02,6.374856756174455130e-01,0.000000000000000000e+00,-2.554451388253868860e+00,2.291780775363446432e-01,0.000000000000000000e+00,-9.733845122954983831e-01,0.000000000000000000e+00,0.000000000000000000e+00,-2.111046689403595356e-01,0.000000000000000000e+00,1.305098191335196702e+02,0.000000000000000000e+00,6.620000000000000107e+00,6.620000000000000107e+00,-3.490658503988658956e-01,-3.490658503988658956e-01
5.660000000000003917e-01,5.680725881452457493e-01,0.000000000000000000e+00,-9.057774561236707489e-02,6.131930753262310185e-01,0.000000000000000000e+00,-2.561782282530429278e+00,2.289725864190224891e-01,0.000000000000000000e+00,-9.734328711670791057e-01,0.000000000000000000e+00,0.000000000000000000e+00,-6.443155068600164848e-02,0.000000000000000000e+00,1.299343413869035828e+02,0.000000000000000000e+00,6.620000000000000107e+00,6.620000000000000107e+00,-3.490658503988658956e-01,-3.490658503988658956e-01
5.680000000000003935e-01,5.692989742958982635e-01,0.000000000000000000e+00,-9.570131017742793123e-02,5.888986403674397740e-01,0.000000000000000000e+00,-2.569107541749561907e+00,2.289098661544934354e-01,0.000000000000000000e+00,-9.734476222052895755e-01,0.000000000000000000e+00,0.000000000000000000e+00,8.224156756835623860e-02,0.000000000000000000e+00,1.293762764416176765e+02,0.000000000000000000e+00,6.620000000000000107e+00,6.620000000000000107e+00,-3.490658503988658956e-01,-3.490658503988658956e-01
5.700000000000003952e-01,5.704767715766331238e-01,0.000000000000000000e+00,-1.008395252609270570e-01,5.646061682725890263e-01,0.000000000000000000e+00,-2.576420410259689930e+00,2.289899232384824679e-01,0.000000000000000000e+00,-9.734287930070868455e-01,0.000000000000000000e+00,0.000000000000000000e+00,2.289146858227141257e-01,0.000000000000000000e+00,1.288358331358800228e+02,0.000000000000000000e+00,6.620000000000000107e+00,6.620000000000000107e+00,-3.490658503988658956e-01,-3.490658503988658956e-01
5.720000000000003970e-01,5.716059839131782949e-01,0.000000000000000000e+00,-1.059923660814464375e-01,5.403194329450663469e-01,0.000000000000000000e+00,-2.583714144647053956e+00,2.292127493792089354e-01,0.000000000000000000e+00,-9.733763483473513167e-01,0.000000000000000000e+00,0.000000000000000000e+00,3.755878040770720405e-01,0.000000000000000000e+00,1.283132138130442570e+02,0.000000000000000000e+00,6.620000000000000107e+00,6.620000000000000107e+00,-3.490658503988658956e-01,-3.490658503988658956e-01
5.740000000000003988e-01,5.726866227790684549e-01,0.000000000000000000e+00,-1.111597943707405417e-01,5.160421907249497231e-01,0.000000000000000000e+00,-2.590982015851363229e+00,2.295783214715552967e-01,0.000000000000000000e+00,-9.732901901849742021e-01,0.000000000000000000e+00,0.000000000000000000e+00,5.222609223314299554e-01,0.000000000000000000e+00,1.278086141998082184e+02,0.000000000000000000e+00,6.620000000000000107e+00,6.620000000000000107e+00,-3.490658503988658956e-01,-3.490658503988658956e-01
5.760000000000004006e-01,5.737187071605183153e-01,0.000000000000000000e+00,-1.163417584024432627e-01,4.917781865056932156e-01,0.000000000000000000e+00,-2.598217311326969092e+00,2.300866015251748220e-01,0.000000000000000000e+00,-9.731701576798351683e-01,0.000000000000000000e+00,0.000000000000000000e+00,6.689340405857878702e-01,0.000000000000000000e+00,1.273222233126613787e+02,0.000000000000000000e+00,6.620000000000000107e+00,6.620000000000000107e+00,-3.490658503988658956e-01,-3.490658503988658956e-01
5.780000000000004023e-01,5.747022635335297114e-01,0.000000000000000000e+00,-1.215381930250972048e-01,4.675311598951458758e-01,0.000000000000000000e+00,-2.605413337261090145e+00,2.307375365465547945e-01,0.000000000000000000e+00,-9.730160272207375449e-01,0.000000000000000000e+00,0.000000000000000000e+00,8.156071588401457850e-01,0.000000000000000000e+00,1.268542233921801596e+02,0.000000000000000000e+00,6.620000000000000107e+00,6.620000000000000107e+00,-3.490658503988658956e-01,-3.490658503988658956e-01
5.800000000000004041e-01,5.756373258533199477e-01,0.000000000000000000e+00,-1.267490196996193808e-01,4.433048514133250961e-01,0.000000000000000000e+00,-2.612563420860286811e+00,2.315310583750642137e-01,0.000000000000000000e+00,-9.728275124644258920e-01,0.000000000000000000e+00,0.000000000000000000e+00,9.622802770945036999e-01,0.000000000000000000e+00,1.264047898646318089e+02,0.000000000000000000e+00,6.620000000000000107e+00,6.620000000000000107e+00,-3.490658503988658956e-01,-3.490658503988658956e-01
5.820000000000004059e-01,5.765239355561465606e-01,0.000000000000000000e+00,-1.319741465413399595e-01,4.191030087193263198e-01,0.000000000000000000e+00,-2.619660912716051282e+00,2.324670834730263314e-01,0.000000000000000000e+00,-9.726042643858524572e-01,0.000000000000000000e+00,0.000000000000000000e+00,1.108953395348861504e+00,0.000000000000000000e+00,1.259740913302129712e+02,0.000000000000000000e+00,6.620000000000000107e+00,6.620000000000000107e+00,-3.490658503988658956e-01,-3.490658503988658956e-01
5.840000000000004077e-01,5.773621415735852302e-01,0.000000000000000000e+00,-1.372134683667720623e-01,3.949293928597214509e-01,0.000000000000000000e+00,-2.626699189260036871e+00,2.335455126698680606e-01,0.000000000000000000e+00,-9.723458713399099063e-01,0.000000000000000000e+00,0.000000000000000000e+00,1.255626513603219419e+00,0.000000000000000000e+00,1.255622895771275438e+02,0.000000000000000000e+00,6.620000000000000107e+00,6.620000000000000107e+00,-3.490658503988658956e-01,-3.490658503988658956e-01
5.860000000000004095e-01,5.781520003593046964e-01,0.000000000000000000e+00,-1.424668667452921311e-01,3.707877845307721576e-01,0.000000000000000000e+00,-2.633671655319110627e+00,2.347662308604097914e-01,0.000000000000000000e+00,-9.720518591348902282e-01,0.000000000000000000e+00,0.000000000000000000e+00,1.402299631857577333e+00,0.000000000000000000e+00,1.251695396205997355e+02,0.000000000000000000e+00,6.620000000000000107e+00,6.620000000000000107e+00,-3.490658503988658956e-01,-3.490658503988658956e-01
5.880000000000004112e-01,5.788935759283662108e-01,0.000000000000000000e+00,-1.477342100559303484e-01,3.466819903467649455e-01,0.000000000000000000e+00,-2.640571746780065343e+00,2.361291066573723840e-01,0.000000000000000000e+00,-9.717216911179822336e-01,0.000000000000000000e+00,0.000000000000000000e+00,1.548972750111935248e+00,0.000000000000000000e+00,1.247959897658251407e+02,0.000000000000000000e+00,6.620000000000000107e+00,6.620000000000000107e+00,-3.490658503988658956e-01,-3.490658503988658956e-01
5.900000000000004130e-01,5.795869399090597396e-01,0.000000000000000000e+00,-1.530153535494904737e-01,3.226158491067590561e-01,0.000000000000000000e+00,-2.647392933373490909e+00,2.376339919981892701e-01,0.000000000000000000e+00,-9.713547682731601407e-01,0.000000000000000000e+00,0.000000000000000000e+00,1.695645868366293163e+00,0.000000000000000000e+00,1.244417816937824028e+02,0.000000000000000000e+00,6.620000000000000107e+00,6.620000000000000107e+00,-3.490658503988658956e-01,-3.490658503988658956e-01
5.920000000000004148e-01,5.802321716072732505e-01,0.000000000000000000e+00,-1.583101394162374498e-01,2.985932380520220919e-01,0.000000000000000000e+00,-2.654128721585951034e+00,2.392807217062272729e-01,0.000000000000000000e+00,-9.709504293318720336e-01,0.000000000000000000e+00,0.000000000000000000e+00,1.842318986620651078e+00,0.000000000000000000e+00,1.241070505687629435e+02,0.000000000000000000e+00,6.620000000000000107e+00,6.620000000000000107e+00,-3.490658503988658956e-01,-3.490658503988658956e-01
5.940000000000004166e-01,5.808293580833773229e-01,0.000000000000000000e+00,-1.636183968594093485e-01,2.746180791064150584e-01,0.000000000000000000e+00,-2.660772657709272515e+00,2.410691130065310273e-01,0.000000000000000000e+00,-9.705079508969746138e-01,0.000000000000000000e+00,0.000000000000000000e+00,1.988992104875008993e+00,0.000000000000000000e+00,1.237919251664247469e+02,0.000000000000000000e+00,6.620000000000000107e+00,6.620000000000000107e+00,-3.490658503988658956e-01,-3.490658503988658956e-01
5.960000000000004183e-01,5.813785942415901076e-01,0.000000000000000000e+00,-1.689399421748278840e-01,2.506943450919723038e-01,0.000000000000000000e+00,-2.667318331035415824e+00,2.429989649962206455e-01,0.000000000000000000e+00,-9.700265475804081827e-01,0.000000000000000000e+00,0.000000000000000000e+00,2.135665223129366908e+00,0.000000000000000000e+00,1.234965280211370384e+02,0.000000000000000000e+00,6.620000000000000107e+00,6.620000000000000107e+00,-3.490658503988658956e-01,-3.490658503988658956e-01
5.980000000000004201e-01,5.818799829317740091e-01,0.000000000000000000e+00,-1.742745788368987025e-01,2.268260659119015754e-01,0.000000000000000000e+00,-2.673759377205043641e+00,2.450700580696895392e-01,0.000000000000000000e+00,-9.695053721551617487e-01,0.000000000000000000e+00,0.000000000000000000e+00,2.282338341383724600e+00,0.000000000000000000e+00,1.232209755913591351e+02,0.000000000000000000e+00,6.620000000000000107e+00,6.620000000000000107e+00,-3.490658503988658956e-01,-3.490658503988658956e-01
6.000000000000004219e-01,5.823336350635978098e-01,0.000000000000000000e+00,-1.796220975913087881e-01,2.030173346932078182e-01,0.000000000000000000e+00,-2.680089481717573996e+00,2.472821532987619919e-01,0.000000000000000000e+00,-9.689435157221124584e-01,0.000000000000000000e+00,0.000000000000000000e+00,2.429011459638082293e+00,0.000000000000000000e+00,1.229653784417822493e+02,0.000000000000000000e+00,6.620000000000000107e+00,6.620000000000000107e+00,-3.490658503988658956e-01,-3.490658503988658956e-01
6.020000000000004237e-01,5.827396697329841890e-01,0.000000000000000000e+00,-1.849822765547439463e-01,1.792723138811118389e-01,0.000000000000000000e+00,-2.686302383610154276e+00,2.496349917679873132e-01,0.000000000000000000e+00,-9.683400078923708465e-01,0.000000000000000000e+00,0.000000000000000000e+00,2.575684577892439986e+00,0.000000000000000000e+00,1.227298414409622040e+02,0.000000000000000000e+00,6.620000000000000107e+00,6.620000000000000107e+00,-3.490658503988658956e-01,-3.490658503988658956e-01
6.040000000000004254e-01,5.830982143607463808e-01,0.000000000000000000e+00,-1.903548813219642644e-01,1.555952412773987936e-01,0.000000000000000000e+00,-2.692391879312656666e+00,2.521282938652669725e-01,0.000000000000000000e+00,-9.676938169858220196e-01,0.000000000000000000e+00,0.000000000000000000e+00,2.722357696146797679e+00,0.000000000000000000e+00,1.225144639731801419e+02,0.000000000000000000e+00,6.620000000000000107e+00,6.620000000000000107e+00,-3.490658503988658956e-01,-3.490658503988658956e-01
6.060000000000004272e-01,5.834094048433011714e-01,0.000000000000000000e+00,-1.957396650805895699e-01,1.319904360147831079e-01,0.000000000000000000e+00,-2.698351826685446930e+00,2.547617585280256836e-01,0.000000000000000000e+00,-9.670038502465788666e-01,0.000000000000000000e+00,0.000000000000000000e+00,2.869030814401155371e+00,0.000000000000000000e+00,1.223193401632863839e+02,0.000000000000000000e+00,6.620000000000000107e+00,6.620000000000000107e+00,-3.490658503988658956e-01,-3.490658503988658956e-01
6.080000000000004290e-01,5.836733857153307836e-01,0.000000000000000000e+00,-2.011363687339604578e-01,1.084623044593189395e-01,0.000000000000000000e+00,-2.704176149246336536e+00,2.575350624451598347e-01,0.000000000000000000e+00,-9.662689540761243423e-01,0.000000000000000000e+00,0.000000000000000000e+00,3.015703932655513064e+00,0.000000000000000000e+00,1.221445591133113027e+02,0.000000000000000000e+00,6.620000000000000107e+00,6.620000000000000107e+00,-3.490658503988658956e-01,-3.490658503988658956e-01
6.100000000000004308e-01,5.838903103242494286e-01,0.000000000000000000e+00,-2.065447210324531380e-01,8.501534603281567237e-02,0.000000000000000000e+00,-2.709858840592767493e+00,2.604478592150145100e-01,0.000000000000000000e+00,-9.654879142849568385e-01,0.000000000000000000e+00,0.000000000000000000e+00,3.162377050909870757e+00,0.000000000000000000e+00,1.219902051496611648e+02,0.000000000000000000e+00,6.620000000000000107e+00,6.620000000000000107e+00,-3.490658503988658956e-01,-3.490658503988658956e-01
6.120000000000004325e-01,5.840603410163150988e-01,0.000000000000000000e+00,-2.119644387136386809e-01,6.165415894713478784e-02,0.000000000000000000e+00,-2.715393969024934240e+00,2.634997784596623260e-01,0.000000000000000000e+00,-9.646594563635961794e-01,0.000000000000000000e+00,0.000000000000000000e+00,3.309050169164228450e+00,0.000000000000000000e+00,1.218563580797593886e+02,0.000000000000000000e+00,6.620000000000000107e+00,6.620000000000000107e+00,-3.490658503988658956e-01,-3.490658503988658956e-01
6.140000000000004343e-01,5.841836493342094094e-01,0.000000000000000000e+00,-2.173952266516885612e-01,3.838344584214792299e-02,0.000000000000000000e+00,-2.720775682375170756e+00,2.666904248957813750e-01,0.000000000000000000e+00,-9.637822457738611792e-01,0.000000000000000000e+00,0.000000000000000000e+00,3.455723287418586143e+00,0.000000000000000000e+00,1.217430934570419936e+02,0.000000000000000000e+00,6.620000000000000107e+00,6.620000000000000107e+00,-3.490658503988658956e-01,-3.490658503988658956e-01
6.160000000000004361e-01,5.842604162258937528e-01,0.000000000000000000e+00,-2.228367780164388912e-01,1.520801931902425810e-02,0.000000000000000000e+00,-2.725998213048561158e+00,2.700193773624494087e-01,0.000000000000000000e+00,-9.628548882613594539e-01,0.000000000000000000e+00,0.000000000000000000e+00,3.602396405672943835e+00,0.000000000000000000e+00,1.216504828532684144e+02,0.000000000000000000e+00,6.620000000000000107e+00,6.620000000000000107e+00,-3.490658503988658956e-01,-3.490658503988658956e-01
6.180000000000004379e-01,5.842908322645318231e-01,0.000000000000000000e+00,-2.282887744425360077e-01,-7.867192639611799571e-03,0.000000000000000000e+00,-2.731055883279343011e+00,2.734861878061998208e-01,0.000000000000000000e+00,-9.618759301901842473e-01,0.000000000000000000e+00,0.000000000000000000e+00,3.749069523927301528e+00,0.000000000000000000e+00,1.215785941371654530e+02,0.000000000000000000e+00,6.620000000000000107e+00,6.620000000000000107e+00,-3.490658503988658956e-01,-3.490658503988658956e-01
6.200000000000004396e-01,5.842750978792525807e-01,0.000000000000000000e+00,-2.337508862090947048e-01,-3.083714137125532703e-02,0.000000000000000000e+00,-2.735943110607279127e+00,2.770903802237091318e-01,0.000000000000000000e+00,-9.608438589008519992e-01,0.000000000000000000e+00,0.000000000000000000e+00,3.895742642181659221e+00,0.000000000000000000e+00,1.215274917584822418e+02,0.000000000000000000e+00,6.620000000000000107e+00,6.620000000000000107e+00,-3.490658503988658956e-01,-3.490658503988658956e-01
6.220000000000004414e-01,5.842134235965100730e-01,0.000000000000000000e+00,-2.392227724303092606e-01,-5.369665236559056920e-02,0.000000000000000000e+00,-2.740654413577745530e+00,2.808314495625140461e-01,0.000000000000000000e+00,-9.597571030925569069e-01,0.000000000000000000e+00,0.000000000000000000e+00,4.042415760436017358e+00,0.000000000000000000e+00,1.214972370365963883e+02,0.000000000000000000e+00,6.620000000000000107e+00,6.620000000000000107e+00,-3.490658503988658956e-01,-3.490658503988658956e-01
6.240000000000004432e-01,5.841060302917788771e-01,0.000000000000000000e+00,-2.447040812574647617e-01,-7.644042023599566249e-02,0.000000000000000000e+00,-2.745184417668865340e+00,2.847088605801837979e-01,0.000000000000000000e+00,-9.586140332308585865e-01,0.000000000000000000e+00,0.000000000000000000e+00,4.189088878690375495e+00,0.000000000000000000e+00,1.214878884528746283e+02,0.000000000000000000e+00,6.620000000000000107e+00,6.620000000000000107e+00,-3.490658503988658956e-01,-3.490658503988658956e-01
6.260000000000004450e-01,5.839531494513069410e-01,0.000000000000000000e+00,-2.501944500928025006e-01,-9.906300383961667844e-02,0.000000000000000000e+00,-2.749527861448552102e+00,2.887220466624048076e-01,0.000000000000000000e+00,-9.574129619819612413e-01,0.000000000000000000e+00,0.000000000000000000e+00,4.335761996944733632e+00,0.000000000000000000e+00,1.214995019460554886e+02,0.000000000000000000e+00,6.620000000000000107e+00,6.620000000000000107e+00,-3.490658503988658956e-01,-3.490658503988658956e-01
6.280000000000004468e-01,5.837550234436277297e-01,0.000000000000000000e+00,-2.556935058156996066e-01,-1.215588215553572854e-01,0.000000000000000000e+00,-2.753679602963860162e+00,2.928704086004674800e-01,0.000000000000000000e+00,-9.561521446747872632e-01,0.000000000000000000e+00,0.000000000000000000e+00,4.482435115199091769e+00,0.000000000000000000e+00,1.215321312099870852e+02,0.000000000000000000e+00,6.620000000000000107e+00,6.620000000000000107e+00,-3.490658503988658956e-01,-3.490658503988658956e-01
6.300000000000004485e-01,5.835119058005170389e-01,0.000000000000000000e+00,-2.612008650216273153e-01,-1.439221467293594903e-01,0.000000000000000000e+00,-2.757634626364533492e+00,2.971533133286751172e-01,0.000000000000000000e+00,-9.548297797920791696e-01,0.000000000000000000e+00,0.000000000000000000e+00,4.629108233453449905e+00,0.000000000000000000e+00,1.215858279931148758e+02,0.000000000000000000e+00,6.620000000000000107e+00,6.620000000000000107e+00,-3.490658503988658956e-01,-3.490658503988658956e-01
6.320000000000004503e-01,5.832240615070583001e-01,0.000000000000000000e+00,-2.667161342743563646e-01,-1.661471032977975548e-01,0.000000000000000000e+00,-2.761388048762127401e+00,3.015700926222338318e-01,0.000000000000000000e+00,-9.534440094918091857e-01,0.000000000000000000e+00,0.000000000000000000e+00,4.775781351707808042e+00,0.000000000000000000e+00,1.216606423991796788e+02,0.000000000000000000e+00,6.620000000000000107e+00,6.620000000000000107e+00,-3.490658503988658956e-01,-3.490658503988658956e-01
6.340000000000004521e-01,5.828917673004626598e-01,0.000000000000000000e+00,-2.722389103718806380e-01,-1.882276615970703282e-01,0.000000000000000000e+00,-2.764935127325512720e+00,3.061200417562160436e-01,0.000000000000000000e+00,-9.519929201602145286e-01,0.000000000000000000e+00,0.000000000000000000e+00,4.922454469962166179e+00,0.000000000000000000e+00,1.217566231886447952e+02,0.000000000000000000e+00,6.620000000000000107e+00,6.620000000000000107e+00,-3.490658503988658956e-01,-3.490658503988658956e-01
6.360000000000004539e-01,5.825153119772684684e-01,0.000000000000000000e+00,-2.777687806265316528e-01,-2.101576343717579398e-01,0.000000000000000000e+00,-2.768271266612999604e+00,3.108024181262296626e-01,0.000000000000000000e+00,-9.504745429978060933e-01,0.000000000000000000e+00,0.000000000000000000e+00,5.069127588216524316e+00,0.000000000000000000e+00,1.218738180804329545e+02,0.000000000000000000e+00,6.620000000000000107e+00,6.620000000000000107e+00,-3.490658503988658956e-01,-3.490658503988658956e-01
6.380000000000004556e-01,5.820949967085249366e-01,0.000000000000000000e+00,-2.833053231597576493e-01,-2.319306729910052822e-01,0.000000000000000000e+00,-2.771392026140691023e+00,3.156164398314662556e-01,0.000000000000000000e+00,-9.488868546397458692e-01,0.000000000000000000e+00,0.000000000000000000e+00,5.215800706470882453e+00,0.000000000000000000e+00,1.220122740536080244e+02,0.000000000000000000e+00,6.620000000000000107e+00,6.620000000000000107e+00,-3.490658503988658956e-01,-3.490658503988658956e-01
6.400000000000004574e-01,5.816311353625429614e-01,0.000000000000000000e+00,-2.888481072120390181e-01,-2.535402638843066714e-01,0.000000000000000000e+00,-2.774293128186032131e+00,3.205612842208408475e-01,0.000000000000000000e+00,-9.472277778120135050e-01,0.000000000000000000e+00,0.000000000000000000e+00,5.362473824725240590e+00,0.000000000000000000e+00,1.221720376486931769e+02,0.000000000000000000e+00,6.620000000000000107e+00,6.620000000000000107e+00,-3.490658503988658956e-01,-3.490658503988658956e-01
6.420000000000004592e-01,5.811240548347743617e-01,0.000000000000000000e+00,-2.943966934684110748e-01,-2.749797252079947407e-01,0.000000000000000000e+00,-2.776970465824835088e+00,3.256360864029818059e-01,0.000000000000000000e+00,-9.454951820248211902e-01,0.000000000000000000e+00,0.000000000000000000e+00,5.509146942979598727e+00,0.000000000000000000e+00,1.223531552683661516e+02,0.000000000000000000e+00,6.620000000000000107e+00,6.620000000000000107e+00,-3.490658503988658956e-01,-3.490658503988658956e-01
6.440000000000004610e-01,5.805740953843583352e-01,0.000000000000000000e+00,-2.999506344000607561e-01,-2.962422037540782815e-01,0.000000000000000000e+00,-2.779420111199325305e+00,3.308399377208745551e-01,0.000000000000000000e+00,-9.436868843047718780e-01,0.000000000000000000e+00,0.000000000000000000e+00,5.655820061233956864e+00,0.000000000000000000e+00,1.225556734773214629e+02,0.000000000000000000e+00,6.620000000000000107e+00,6.620000000000000107e+00,-3.490658503988658956e-01,-3.490658503988658956e-01
6.460000000000004627e-01,5.799816109768501926e-01,0.000000000000000000e+00,-3.055094746224594204e-01,-3.173206721134304020e-01,0.000000000000000000e+00,-2.781638324014001906e+00,3.361718841920102174e-01,0.000000000000000000e+00,-9.418006499672815224e-01,0.000000000000000000e+00,0.000000000000000000e+00,5.802493179488315000e+00,0.000000000000000000e+00,1.227796393011334288e+02,0.000000000000000000e+00,6.620000000000000107e+00,6.620000000000000107e+00,-3.490658503988658956e-01,-3.490658503988658956e-01
6.480000000000004645e-01,5.793469696326233320e-01,0.000000000000000000e+00,-3.110727512704874465e-01,-3.382079261056990527e-01,0.000000000000000000e+00,-2.783621560255294725e+00,3.416309249149383498e-01,0.000000000000000000e+00,-9.398341934308218626e-01,0.000000000000000000e+00,0.000000000000000000e+00,5.949166297742673137e+00,0.000000000000000000e+00,1.230251005239943112e+02,0.000000000000000000e+00,6.620000000000000107e+00,6.620000000000000107e+00,-3.490658503988658956e-01,-3.490658503988658956e-01
6.500000000000004663e-01,5.786705537804119892e-01,0.000000000000000000e+00,-3.166399943909980474e-01,-3.588965824886928280e-01,0.000000000000000000e+00,-2.785366481130151062e+00,3.472160104431785133e-01,0.000000000000000000e+00,-9.377851790745697080e-01,0.000000000000000000e+00,0.000000000000000000e+00,6.095839415997031274e+00,0.000000000000000000e+00,1.232921059852389902e+02,0.000000000000000000e+00,6.620000000000000107e+00,6.620000000000000107e+00,-3.490658503988658956e-01,-3.490658503988658956e-01
6.520000000000004681e-01,5.779527606154346575e-01,0.000000000000000000e+00,-3.222107273532583416e-01,-3.793790769603909707e-01,0.000000000000000000e+00,-2.786869962217799923e+00,3.529260411274920961e-01,0.000000000000000000e+00,-9.356512221410688834e-01,0.000000000000000000e+00,0.000000000000000000e+00,6.242512534251389411e+00,0.000000000000000000e+00,1.235807058746011506e+02,0.000000000000000000e+00,6.620000000000000107e+00,6.620000000000000107e+00,-3.490658503988658956e-01,-3.490658503988658956e-01
6.540000000000004698e-01,5.771940024615138665e-01,0.000000000000000000e+00,-3.277844672776939472e-01,-3.996476624671299605e-01,0.000000000000000000e+00,-2.788129102827999084e+00,3.587598654275803711e-01,0.000000000000000000e+00,-9.334298896855532934e-01,0.000000000000000000e+00,0.000000000000000000e+00,6.389185652505747548e+00,0.000000000000000000e+00,1.238909520261730961e+02,0.000000000000000000e+00,6.620000000000000107e+00,6.620000000000000107e+00,-3.490658503988658956e-01,-3.490658503988658956e-01
6.560000000000004716e-01,5.763947071365795871e-01,0.000000000000000000e+00,-3.333607254833499400e-01,-4.196944078319357896e-01,0.000000000000000000e+00,-2.789141235558099119e+00,3.647162781943233401e-01,0.000000000000000000e+00,-9.311187015735861161e-01,0.000000000000000000e+00,0.000000000000000000e+00,6.535858770760105685e+00,0.000000000000000000e+00,1.242228982110681130e+02,0.000000000000000000e+00,6.620000000000000107e+00,6.620000000000000107e+00,-3.490658503988658956e-01,-3.490658503988658956e-01
6.580000000000004734e-01,5.755553183209156654e-01,0.000000000000000000e+00,-3.389390079544661316e-01,-4.395111967173947476e-01,0.000000000000000000e+00,-2.789903936040224686e+00,3.707940189237392548e-01,0.000000000000000000e+00,-9.287151315287059949e-01,0.000000000000000000e+00,0.000000000000000000e+00,6.682531889014463822e+00,0.000000000000000000e+00,1.245766004288028626e+02,0.000000000000000000e+00,6.620000000000000107e+00,6.620000000000000107e+00,-3.490658503988658956e-01,-3.490658503988658956e-01
6.600000000000004752e-01,5.746762959274809290e-01,0.000000000000000000e+00,-3.445188158265465872e-01,-4.590897269378891865e-01,0.000000000000000000e+00,-2.790415032868802214e+00,3.769917699839059888e-01,0.000000000000000000e+00,-9.262166082317901949e-01,0.000000000000000000e+00,0.000000000000000000e+00,6.829205007268821959e+00,0.000000000000000000e+00,1.249521171974339637e+02,0.000000000000000000e+00,6.620000000000000107e+00,6.620000000000000107e+00,-3.490658503988658956e-01,-3.490658503988658956e-01
6.620000000000004770e-01,5.737581164736051953e-01,0.000000000000000000e+00,-3.500996458922842058e-01,-4.784215101364646117e-01,0.000000000000000000e+00,-2.790672617697548041e+00,3.833081548161467178e-01,0.000000000000000000e+00,-9.236205164738604534e-01,0.000000000000000000e+00,0.000000000000000000e+00,6.975878125523180096e+00,0.000000000000000000e+00,1.253495098424940579e+02,0.000000000000000000e+00,6.620000000000000107e+00,6.620000000000000107e+00,-3.490658503988658956e-01,-3.490658503988658956e-01
6.640000000000004787e-01,5.728012734533323158e-01,0.000000000000000000e+00,-3.556809911276793135e-01,-4.974978718420424162e-01,0.000000000000000000e+00,-2.790675055493862189e+00,3.897417361118510337e-01,0.000000000000000000e+00,-9.209241983640784612e-01,0.000000000000000000e+00,0.000000000000000000e+00,7.122551243777538232e+00,0.000000000000000000e+00,1.257688427847795936e+02,0.000000000000000000e+00,6.620000000000000107e+00,6.620000000000000107e+00,-3.490658503988658956e-01,-3.490658503988658956e-01
6.660000000000004805e-01,5.718062777096482030e-01,0.000000000000000000e+00,-3.612623412386670174e-01,-5.163099519231452161e-01,0.000000000000000000e+00,-2.790420994937361510e+00,3.962910139663698983e-01,0.000000000000000000e+00,-9.181249545946926771e-01,0.000000000000000000e+00,0.000000000000000000e+00,7.269224362031896369e+00,0.000000000000000000e+00,1.262101838270436787e+02,0.000000000000000000e+00,6.620000000000000107e+00,6.620000000000000107e+00,-3.490658503988658956e-01,-3.490658503988658956e-01
6.680000000000004823e-01,5.707736578058019150e-01,0.000000000000000000e+00,-3.668431832285417582e-01,-5.348487054547598207e-01,0.000000000000000000e+00,-2.789909378948032703e+00,4.029544240114936171e-01,0.000000000000000000e+00,-9.152200457647141629e-01,0.000000000000000000e+00,0.000000000000000000e+00,7.415897480286254506e+00,0.000000000000000000e+00,1.266736044396450325e+02,0.000000000000000000e+00,6.620000000000000107e+00,6.620000000000000107e+00,-3.490658503988658956e-01,-3.490658503988658956e-01
6.700000000000004841e-01,5.697039603948923503e-01,0.000000000000000000e+00,-3.724230019864378516e-01,-5.531049040154255581e-01,0.000000000000000000e+00,-2.789139455328180084e+00,4.097303355280936810e-01,0.000000000000000000e+00,-9.122066937641027939e-01,0.000000000000000000e+00,0.000000000000000000e+00,7.562570598540612643e+00,0.000000000000000000e+00,1.271591800451953418e+02,0.000000000000000000e+00,6.620000000000000107e+00,6.620000000000000107e+00,-3.490658503988658956e-01,-3.490658503988658956e-01
6.720000000000004858e-01,5.685977505868614612e-01,0.000000000000000000e+00,-3.780012808970942273e-01,-5.710691374321003044e-01,0.000000000000000000e+00,-2.788110787501003607e+00,4.166170495405853713e-01,0.000000000000000000e+00,-9.090820832202652912e-01,0.000000000000000000e+00,0.000000000000000000e+00,7.709243716794970780e+00,0.000000000000000000e+00,1.276669903022333301e+02,0.000000000000000000e+00,6.620000000000000107e+00,6.620000000000000107e+00,-3.490658503988658956e-01,-3.490658503988658956e-01
6.740000000000004876e-01,5.674556123119972595e-01,0.000000000000000000e+00,-3.835775024720962101e-01,-5.887318159908252468e-01,0.000000000000000000e+00,-2.786823265327256660e+00,4.236127968949441880e-01,0.000000000000000000e+00,-9.058433630086621946e-01,0.000000000000000000e+00,0.000000000000000000e+00,7.855916835049328917e+00,0.000000000000000000e+00,1.281971193879354871e+02,0.000000000000000000e+00,6.620000000000000107e+00,6.620000000000000107e+00,-3.490658503988658956e-01,-3.490658503988658956e-01
6.760000000000004894e-01,5.662781486800155806e-01,0.000000000000000000e+00,-3.891511490027507181e-01,-6.060831731316786986e-01,0.000000000000000000e+00,-2.785277115980004936e+00,4.307157363220878166e-01,0.000000000000000000e+00,-9.024876478293326620e-01,0.000000000000000000e+00,0.000000000000000000e+00,8.002589953303687054e+00,0.000000000000000000e+00,1.287496562798469029e+02,0.000000000000000000e+00,6.620000000000000107e+00,6.620000000000000107e+00,-3.490658503988658956e-01,-3.490658503988658956e-01
6.780000000000004912e-01,5.650659823337522703e-01,0.000000000000000000e+00,-3.947217032347107302e-01,-6.231132686469799120e-01,0.000000000000000000e+00,-2.783472914856056413e+00,4.379239524885188417e-01,0.000000000000000000e+00,-8.990120198511439842e-01,0.000000000000000000e+00,0.000000000000000000e+00,8.149263071558044302e+00,0.000000000000000000e+00,1.293246950365854104e+02,0.000000000000000000e+00,6.620000000000000107e+00,6.620000000000000107e+00,-3.490658503988658956e-01,-3.490658503988658956e-01
6.800000000000004929e-01,5.638197557964582662e-01,0.000000000000000000e+00,-4.002886490644228523e-01,-6.398119924021751226e-01,0.000000000000000000e+00,-2.781411596501128347e+00,4.452354540362016833e-01,0.000000000000000000e+00,-8.954135304255668171e-01,0.000000000000000000e+00,0.000000000000000000e+00,8.295936189812401551e+00,0.000000000000000000e+00,1.299223350774332175e+02,0.000000000000000000e+00,6.620000000000000107e+00,6.620000000000000107e+00,-3.490658503988658956e-01,-3.490658503988658956e-01
6.820000000000004947e-01,5.625401318116539651e-01,0.000000000000000000e+00,-4.058514722574251277e-01,-6.561690685993074590e-01,0.000000000000000000e+00,-2.779094465524305058e+00,4.526481716137401579e-01,0.000000000000000000e+00,-8.916892018717834656e-01,0.000000000000000000e+00,1.094982760982432003e-03,8.442269765627747447e+00,0.000000000000000000e+00,1.305426814606854578e+02,0.000000000000000000e+00,6.620000000000000107e+00,6.620000000000000107e+00,-3.474497032598277135e-01,-3.490658503988658956e-01
6.840000000000004965e-01,5.612277936744552997e-01,0.000000000000000000e+00,-4.114096611884737187e-01,-6.721740606034408705e-01,0.000000000000000000e+00,-2.776523207475785515e+00,4.601596544641730624e-01,4.956242829748318577e-07,-8.878361855670301450e-01,9.763495116715668999e-07,3.174140445659157095e-02,8.579439756398905104e+00,-8.459932619705674950e-06,1.311858062547161978e+02,9.512109360585018912e-05,6.620000000000000107e+00,6.620000000000000107e+00,-3.038330590618798510e-01,-3.490658503988658956e-01
6.860000000000004983e-01,5.598834455532484267e-01,0.000000000000000000e+00,-4.169627076034252977e-01,-6.878163907714666125e-01,8.249998653020801177e-10,-2.773699909322761670e+00,4.677595764575730453e-01,1.510031675214194903e-05,-8.838557447650000620e-01,2.915680316372356077e-05,9.049365565410177892e-02,8.707894405448648456e+00,-2.576814091376995242e-04,1.318507764601856991e+02,2.824937436405666399e-03,6.620000000000000107e+00,6.620000000000000107e+00,-2.623499539245546797e-01,-3.490658503988658956e-01
6.880000000000005000e-01,5.585078127717054697e-01,1.649999730604160242e-12,-4.225101074220708464e-01,-7.030857268184078634e-01,2.501932282793970360e-08,-2.770627313499136601e+00,4.754380703664091712e-01,5.740127313450005161e-05,-8.797491835962679696e-01,1.091469610604029736e-04,1.759655219280928939e-01,8.828062852671546779e+00,-9.788414976118022838e-04,1.325367111224481675e+02,1.052053667961774623e-02,6.620000000000000107e+00,6.620000000000000107e+00,-2.229094332426713732e-01,-3.490658503988658956e-01
6.900000000000005018e-01,5.571016413180686078e-01,5.168864538648356956e-11,-4.280513620490691284e-01,-7.179719891109141994e-01,1.270061052363367006e-07,-2.767308787359337607e+00,4.831857058812196737e-01,1.409540654258140374e-04,-8.755178376690563313e-01,2.639835582265621667e-04,2.868271346109185216e-01,8.940356065436088073e+00,-2.400493808008797962e-03,1.332427808103122686e+02,2.530615971918571266e-02,6.620000000000000107e+00,6.620000000000000107e+00,-1.854248784522228299e-01,-3.490658503988658956e-01
6.920000000000005036e-01,5.556656973398468313e-01,3.057008558591569569e-10,-4.335859796237878094e-01,-7.324653579267534909e-01,4.034999677887745698e-07,-2.763748292982867838e+00,4.909934649447569299e-01,2.792752325755506137e-04,-8.711630581990781330e-01,5.151855159827473411e-04,4.218018092166379018e-01,9.045167829632223544e+00,-4.747290388223541352e-03,1.339682079626790028e+02,4.910097771305561853e-02,6.620000000000000107e+00,6.620000000000000107e+00,-1.498142252569957811e-01,-3.490658503988658956e-01
6.940000000000005054e-01,5.542007666239933128e-01,1.112700791436706118e-09,-4.391134762097535504e-01,-7.465562805815422198e-01,1.004068938377149708e-06,-2.759950357394768794e+00,4.988527148638600139e-01,4.858329719168325033e-04,-8.666861909011270848e-01,8.828026817678428324e-04,5.796628447802348871e-01,9.142875775283641815e+00,-8.238898262911699064e-03,1.347122679942542902e+02,8.362096180865521977e-02,6.620000000000000107e+00,6.620000000000000107e+00,-1.160000688685018377e-01,-3.490658503988658956e-01
6.960000000000005071e-01,5.527076540628301782e-01,3.120838668191005444e-09,-4.446333769245430778e-01,-7.602354783268839844e-01,2.141765605301233754e-06,-2.755920043259065366e+00,5.067551796047979895e-01,7.740360587742778440e-04,-8.620885507337805453e-01,1.385462239967383486e-03,7.592303443713819266e-01,9.233842415164165374e+00,-1.308908745511957322e-02,1.354742910486863536e+02,1.303808117903415276e-01,6.620000000000000107e+00,6.620000000000000107e+00,-8.390967543822591690e-02,-3.490658503988658956e-01
6.980000000000005089e-01,5.511871831061764260e-01,7.404369878793473144e-09,-4.501452170110611939e-01,-7.734939529268294311e-01,4.103767412999419623e-06,-2.751662920096015430e+00,5.146929096320951302e-01,1.157221113612750662e-03,-8.573713934633422351e-01,2.040412818250104086e-03,9.593681056547020969e-01,9.318416178437587405e+00,-1.950497011578300119e-02,1.362536642836662679e+02,1.906959176011550072e-01,6.620000000000000107e+00,6.620000000000000107e+00,-5.347491658570091566e-02,-3.490658503988658956e-01
7.000000000000005107e-01,5.496401952003228120e-01,1.561190470479231273e-08,-4.556485428512532243e-01,-7.863229928224915177e-01,7.261982425576921953e-06,-2.747185036069130337e+00,5.226582506121286720e-01,1.648638327485175276e-03,-8.525358849025213015e-01,2.863566344525761767e-03,1.178980620436068438e+00,9.396932424507877357e+00,-2.768637292952152995e-02,1.370498345683039076e+02,2.656843329138900978e-01,6.620000000000000107e+00,6.620000000000000107e+00,-2.463214183306278171e-02,-3.490658503988658956e-01
7.020000000000005125e-01,5.480675492146778183e-01,3.013586955594615799e-08,-4.611429129233914903e-01,-7.987141787981167917e-01,1.208359027245583850e-05,-2.742492890384083282e+00,5.306438112703136811e-01,2.261435747762240590e-03,-8.475830685818473986e-01,3.869537731238954087e-03,1.417010213515460304e+00,9.469714425054274187e+00,-3.782532725943152374e-02,1.378623114689224565e+02,3.562687431093580215e-01,6.620000000000000107e+00,6.620000000000000107e+00,2.677998145922566575e-03,-3.490658503988658956e-01
7.040000000000005143e-01,5.464701208570815760e-01,5.430305010085783695e-08,-4.666278987041596604e-01,-8.106593890662685542e-01,1.914149887459082620e-05,-2.737593406338404201e+00,5.386424306636999892e-01,3.008642217468977462e-03,-8.425138325259403649e-01,5.071682478255273158e-03,1.672434343723992356e+00,9.537074304666749214e+00,-5.010566353999210132e-02,1.386906703956904323e+02,4.631784116388178441e-01,6.620000000000000107e+00,6.620000000000000107e+00,2.851076626826315463e-02,-3.490658503988658956e-01
7.060000000000005160e-01,5.448488020789490349e-01,9.258604785003948189e-08,-4.721030855168364959e-01,-8.221508036953386611e-01,2.912470645170048419e-05,-2.732493905057983508e+00,5.466471451085580524e-01,3.903149053241268020e-03,-8.373288757310625163e-01,6.482132294703544378e-03,1.944263083626918132e+00,9.599313932625353374e+00,-6.470269823319244051e-02,1.395345557795159834e+02,5.869510892641187638e-01,6.620000000000000107e+00,6.620000000000000107e+00,5.291758211493433062e-02,-3.490658503988658956e-01
7.080000000000005178e-01,5.432045004715583270e-01,1.508354607534404534e-07,-4.775680733269524469e-01,-8.331809083096398671e-01,4.284856573665405706e-05,-2.727202079953614522e+00,5.546511549843499145e-01,4.957690539132106854e-03,-8.320286748735474802e-01,8.111828845161577622e-03,2.213061860609801368e+00,9.650996882611483585e+00,-8.178300324043215330e-02,1.403936841465788063e+02,7.279348705292076893e-01,6.620000000000000107e+00,6.620000000000000107e+00,7.594628503919310936e-02,-3.217976562545143415e-01
7.100000000000005196e-01,5.415381386549390497e-01,2.365325922267485695e-07,-4.830224774868596693e-01,-8.437424970010567460e-01,6.126495373966902940e-05,-2.721725971927886345e+00,5.626431710652743945e-01,6.174623733704923817e-03,-8.266168585971834792e-01,9.955157371113861065e-03,2.459922623025738275e+00,9.686700928358487062e+00,-1.013293737029686004e-01,1.412671650249889126e+02,8.849507216096405005e-01,6.620000000000000107e+00,6.620000000000000107e+00,9.795357382146320513e-02,-2.676839196575323543e-01
7.120000000000005214e-01,5.398506536609369855e-01,3.590624997060866645e-07,-4.884659294307154287e-01,-8.538289551871308669e-01,8.546088256729090864e-05,-2.716074043294063323e+00,5.706076816764075188e-01,7.545633464257318727e-03,-8.211005775345351365e-01,1.199077144938452862e-02,2.685548515240915535e+00,9.706949210160750852e+00,-1.231364646366206045e-01,1.421534748684716476e+02,1.055444043201643201e+00,6.620000000000000107e+00,6.620000000000000107e+00,1.192619959722326511e-01,-2.153459530317026194e-01
7.140000000000005231e-01,5.381429957505626804e-01,5.299842648406684420e-07,-4.938980775173035798e-01,-8.634345524088945512e-01,1.166448405048917906e-04,-2.710255223715238859e+00,5.785299297936815632e-01,9.062282006799055739e-03,-8.154872213727448749e-01,1.419813915649071126e-02,2.890623625598795599e+00,9.712267460045071132e+00,-1.469934825333721884e-01,1.430511400898167835e+02,1.236973661769572130e+00,6.620000000000000107e+00,6.620000000000000107e+00,1.398492524380102742e-01,-1.647737049274520804e-01
7.160000000000005249e-01,5.364161266457448951e-01,7.632739458504519909e-07,-4.993185879647340508e-01,-8.725544481183101775e-01,1.561329480371734116e-04,-2.704278837760365040e+00,5.863959389287476398e-01,1.071601918902066741e-02,-8.097844268182742278e-01,1.655753070998220930e-02,3.075814689599168261e+00,9.703182896323900408e+00,-1.726863500938299878e-01,1.439587311126037719e+02,1.427215077569618185e+00,6.620000000000000107e+00,6.620000000000000107e+00,1.596964747547114372e-01,-1.159558139697176998e-01
7.180000000000005267e-01,5.346710177495083149e-01,1.075539841924798738e-06,-5.047271456402547818e-01,-8.811846936959191190e-01,2.053339068745654405e-04,-2.698154533425332069e+00,5.941925331817505818e-01,1.249819474662635342e-02,-8.040000782718045302e-01,1.905000729820889235e-02,3.241772865375835977e+00,9.680223319834473372e+00,-1.999996882065894765e-01,1.448748570245520568e+02,1.623963302543164344e+00,6.620000000000000107e+00,6.620000000000000107e+00,1.787878841317463718e-01,-6.888016022375842429e-02
7.200000000000005285e-01,5.329086483621164883e-01,1.486207655673929677e-06,-5.101234547071054060e-01,-8.893222307278881855e-01,2.657329873397701867e-04,-2.691892212073584645e+00,6.019073518225831476e-01,1.440007279148858982e-02,-7.981423020202019769e-01,2.165741100449070783e-02,3.389135537469881942e+00,9.643916375462376678e+00,-2.287186248721173321e-01,1.457981608743223489e+02,1.825135288316913851e+00,6.620000000000000107e+00,6.620000000000000107e+00,1.971105021712390715e-01,-2.353429484949347283e-02
7.220000000000005302e-01,5.311300039006606744e-01,2.017673630353469840e-06,-5.155072391312526259e-01,-8.969648856060273845e-01,3.388752815279089873e-04,-2.685501960217011153e+00,6.095288587330441876e-01,1.641284822963528026e-02,-7.922194547029852707e-01,2.436235568840209795e-02,3.518528108815457855e+00,9.594788946567494037e+00,-2.586304401323085145e-01,1.467273156444485096e+02,2.028771936826756495e+00,6.620000000000000107e+00,6.620000000000000107e+00,2.146539055256757034e-01,2.009423942663132734e-02
7.240000000000005320e-01,5.293360741294486083e-01,2.695424193409287638e-06,-5.208782430516866180e-01,-9.041113605455042279e-01,4.263484334726324676e-04,-2.678993983523464184e+00,6.170463470196840827e-01,1.852766494823694654e-02,-7.862401067645304886e-01,2.714821865480437565e-02,3.630565744914453052e+00,9.533366653745632746e+00,-2.895260553507333356e-01,1.476610209225247274e+02,2.233039680178709574e+00,6.620000000000000107e+00,6.620000000000000107e+00,2.314100175832535244e-01,6.201768485932966646e-02
7.260000000000005338e-01,5.275278514083575621e-01,3.548121060354552445e-06,-5.262362310187335135e-01,-9.107612211428476323e-01,5.297650431527599780e-04,-2.672378543402190054e+00,6.244499390896341984e-01,2.073563557378537564e-02,-7.802130215603937380e-01,2.999913291920579955e-02,3.725855038312840151e+00,9.460173432951759054e+00,-3.212013744479577659e-01,1.485980002812448504e+02,2.436231612262782065e+00,6.620000000000000107e+00,6.620000000000000107e+00,2.473729310278316440e-01,1.022479305455726989e-01
7.280000000000005356e-01,5.257063289660718342e-01,4.607651146660072841e-06,-5.315809881055378883e-01,-9.169148806214751923e-01,6.507449284951274384e-04,-2.665665896482642960e+00,6.317305824688992377e-01,2.302786258881478823e-02,-7.741471307464654616e-01,3.289997986490056370e-02,3.804995565654316625e+00,9.375731171371009864e+00,-3.534584839750983254e-01,1.495369993658103738e+02,2.636768152319817204e+00,6.620000000000000107e+00,6.620000000000000107e+00,2.625387558416577560e-01,1.407964484112402270e-01
7.300000000000005373e-01,5.238724992048289231e-01,5.909141003650327833e-06,-5.369123198985031875e-01,-9.225735809335354753e-01,7.908974184229566971e-04,-2.658866237265623322e+00,6.388800416339427413e-01,2.539546058207246826e-02,-7.680515065429546206e-01,3.583638208209363046e-02,3.868581313734090088e+00,9.280559382548075220e+00,-3.861067182407352805e-01,1.504767846749681723e+02,2.833197220080292400e+00,6.620000000000000107e+00,6.620000000000000107e+00,2.769054879985577977e-01,1.776742926938462142e-01
7.320000000000005391e-01,5.220273520429618008e-01,7.490935840496241160e-06,-5.422300523730344546e-01,-9.277393709055288262e-01,9.518038402448220515e-04,-2.651989644188552209e+00,6.458908861223081610e-01,2.782957939723564728e-02,-7.619353314310518543e-01,3.879469618086403560e-02,3.917201955071366815e+00,9.175174905175603968e+00,-4.189635951162204441e-01,1.514161430098793915e+02,3.024193903171359388e+00,6.620000000000000107e+00,6.620000000000000107e+00,2.904728947297736674e-01,2.128921528751478442e-01
7.340000000000005409e-01,5.201718733011507778e-01,9.394543520985885270e-06,-5.475340316614115688e-01,-9.324150816311684853e-01,1.135000355993467068e-03,-2.645046029309062963e+00,6.527564751859226133e-01,3.032142793830019251e-02,-7.558078658081628376e-01,4.176200537740779040e-02,3.951443957531404649e+00,9.060091612602615641e+00,-4.518556276491163537e-01,1.523538815534969331e+02,3.208559600114075483e+00,6.620000000000000107e+00,6.620000000000000107e+00,3.032424128320034273e-01,2.464604506151436003e-01
7.360000000000005427e-01,5.183070431378884457e-01,1.166454423297281927e-05,-5.528241237200296476e-01,-9.366042993285049745e-01,1.341961294373747622e-03,-2.638045091773196571e+00,6.594709392509620072e-01,3.286229838579270146e-02,-7.496784140973591359e-01,4.472611166562094620e-02,3.971891516427532576e+00,8.935820122561070278e+00,-4.846190162239200627e-01,1.532888285324682442e+02,3.385220626260811549e+00,6.620000000000000107e+00,6.620000000000000107e+00,3.152170570268998384e-01,2.783894718447365024e-01
7.380000000000005445e-01,5.164338345392314178e-01,1.434846682172031487e-05,-5.581002139035760035e-01,-9.403113358896498797e-01,1.574083117400915588e-03,-2.630996275196529233e+00,6.660291584501256690e-01,3.544359057708797167e-02,-7.435562897777679980e-01,4.767552740286206542e-02,3.979127301292451957e+00,8.802867498830662996e+00,-5.171002257273022984e-01,1.542198344040756979e+02,3.553226275271356371e+00,6.620000000000000107e+00,6.620000000000000107e+00,3.264013358733233727e-01,3.086895257844727847e-01
7.400000000000005462e-01,5.145532118674520650e-01,1.749663305652214749e-05,-5.633622064539690610e-01,-9.435411973606806502e-01,1.832669153229749513e-03,-2.623908729048880950e+00,6.724267384962259175e-01,3.805683630639346976e-02,-7.374507797745674109e-01,5.059946615883294252e-02,3.973733013099483458e+00,8.661736938576657607e+00,-5.491564520007098382e-01,1.551457735026441185e+02,3.711746334980980055e+00,6.620000000000000107e+00,6.620000000000000107e+00,3.368011731789333219e-01,3.373711232696456896e-01
7.420000000000005480e-01,5.126661294727307139e-01,2.116197136298164690e-05,-5.686100239120668309e-01,-9.462995505965997589e-01,2.118915218728599763e-03,-2.616791274096122333e+00,6.786599841695830637e-01,4.069372330537432414e-02,-7.313711086197184352e-01,5.348783269913756633e-02,3.966709648261256493e+00,8.516158539535593874e+00,-5.806559817909501264e-01,1.560655460733979396e+02,3.860068063532136495e+00,6.620000000000000107e+00,6.620000000000000107e+00,3.464238332574800516e-01,3.490658503988658956e-01
7.440000000000005498e-01,5.107735303715374986e-01,2.539980180043884699e-05,-5.738436064602591147e-01,-9.485926883416321287e-01,2.433896246711322008e-03,-2.609652371916405311e+00,6.847277626191758948e-01,4.335301412953542627e-02,-7.253236028433704963e-01,5.633896007856461358e-02,3.961269139661477201e+00,8.370055014773734925e+00,-6.115713587965639908e-01,1.569785280790877948e+02,3.998067481756659713e+00,6.620000000000000107e+00,6.620000000000000107e+00,3.490658503988658956e-01,3.490658503988658956e-01
7.460000000000005516e-01,5.088763449948542350e-01,3.026759429386149101e-05,-5.790629112040919235e-01,-9.504273204157526189e-01,2.778576947620848159e-03,-2.602500096714345457e+00,6.906317442468427048e-01,4.603544970649309231e-02,-7.193117324015947389e-01,5.915372210014275406e-02,3.955637273704140533e+00,8.223980993582820531e+00,-6.419146761829802594e-01,1.578845561418027614e+02,4.125780557466853793e+00,6.620000000000000107e+00,6.620000000000000107e+00,3.490658503988658956e-01,3.490658503988658956e-01
7.480000000000005533e-01,5.069754903540227842e-01,3.582474818910318939e-05,-5.842679113975206562e-01,-9.518103524796710513e-01,3.153835607316325933e-03,-2.595342124035351805e+00,6.963740821613811915e-01,4.874055646933264652e-02,-7.133385984711014816e-01,6.193173483956464914e-02,3.949829144591649577e+00,8.077935802776906371e+00,-6.716860554356702817e-01,1.587835111379600335e+02,4.243164876561623444e+00,6.620000000000000107e+00,6.620000000000000107e+00,3.490658503988658956e-01,3.490658503988658956e-01
7.500000000000005551e-01,5.050718696490634763e-01,4.213241940373584397e-05,-5.894585956455913323e-01,-9.527488433525438394e-01,3.560468124900864183e-03,-2.588185734307363539e+00,7.019569315274535315e-01,5.146788186101502321e-02,-7.074072178028520952e-01,6.467264968849370521e-02,3.943859567177829373e+00,7.931918769878413045e+00,-7.008858034800242720e-01,1.596752673890164544e+02,4.350185162795651372e+00,6.620000000000000107e+00,6.620000000000000107e+00,3.490658503988658956e-01,3.490658503988658956e-01
7.520000000000005569e-01,5.031663719623583608e-01,4.925335565353756951e-05,-5.946349671142060478e-01,-9.532499921163799517e-01,3.999187068019679700e-03,-2.581037818608410195e+00,7.073824470384870722e-01,5.421699443236484978e-02,-7.015205237904519331e-01,6.737615184419923353e-02,3.937743075625068201e+00,7.785929223848241598e+00,-7.295144025717770209e-01,1.605596929510997484e+02,4.446813152021158899e+00,6.620000000000000107e+00,6.620000000000000107e+00,3.490658503988658956e-01,3.490658503988658956e-01
7.540000000000005587e-01,5.012598719781256040e-01,5.725172978957692577e-05,-5.997970427514228708e-01,-9.533211256473304029e-01,4.470620743225004780e-03,-2.573904884806542448e+00,7.126527804681505041e-01,5.698748388966245332e-02,-6.956813675643365169e-01,7.004195881579904082e-02,3.931493922292018883e+00,7.639966495773122368e+00,-7.575725003720634732e-01,1.614366499075926527e+02,4.533027462882421865e+00,6.620000000000000107e+00,6.620000000000000107e+00,3.490658503988658956e-01,3.490658503988658956e-01
7.560000000000005604e-01,4.993532297268309383e-01,6.619297127602693826e-05,-6.049448525210359140e-01,-9.529696865695409524e-01,4.975312289248226896e-03,-2.566793064043868977e+00,7.177700782991995876e-01,5.977896109372492217e-02,-6.898925191092180054e-01,7.266981894881124893e-02,3.925126076840385281e+00,7.494029919510952098e+00,-7.850609002093236199e-01,1.623059946636068105e+02,4.608813464064847487e+00,6.620000000000000107e+00,6.620000000000000107e+00,3.490658503988658956e-01,3.490658503988658956e-01
7.580000000000005622e-01,4.974472903536918400e-01,7.614359585452338858e-05,-6.100784386491236999e-01,-9.522032216271882898e-01,5.513718800824157773e-03,-2.559708117537087269e+00,7.227364794284638627e-01,6.259105801234185473e-02,-6.841566684023361322e-01,7.525950996957996020e-02,3.918653225549553198e+00,7.348118832294941782e+00,-8.119805515299900467e-01,1.631675782412879414e+02,4.674163138217009461e+00,6.620000000000000107e+00,6.620000000000000107e+00,3.490658503988658956e-01,3.490658503988658956e-01
7.600000000000005640e-01,4.955428839104374372e-01,8.717103345617170759e-05,-6.151978548841978700e-01,-9.510293704703058904e-01,6.086210490422566156e-03,-2.552655443667579682e+00,7.275541129467052448e-01,6.542342762790707977e-02,-6.784764265701201946e-01,7.781083755100598465e-02,3.912088770828035411e+00,7.202232575297421668e+00,-8.383325405396204744e-01,1.640212465749017099e+02,4.729074942680659532e+00,6.620000000000000107e+00,6.620000000000000107e+00,3.490658503988658956e-01,3.490658503988658956e-01
7.620000000000005658e-01,4.936408251694968108e-01,9.934345443701683980e-05,-6.203031657715329938e-01,-9.494558548500362516e-01,6.693069894864478800e-03,-2.545640085334816227e+00,7.322250959920666435e-01,6.827574380206015425e-02,-6.728543270609476101e-01,8.032363390088684274e-02,3.905445830910931893e+00,7.056370494154177386e+00,-8.641180810358821685e-01,1.648668408046664524e+02,4.773553667180568283e+00,6.620000000000000107e+00,6.620000000000000107e+00,3.490658503988658956e-01,3.490658503988658956e-01
7.640000000000005675e-01,4.917419134597967312e-01,1.127295942267457962e-04,-6.253944459422026148e-01,-9.474904682189985161e-01,7.334491133342662707e-03,-2.538666737547506713e+00,7.367515316757980992e-01,7.114770109911947027e-02,-6.672928268317439571e-01,8.279775637404682143e-02,3.898737239732827042e+00,6.910531939450235583e+00,-8.893385054345495089e-01,1.657041975683129351e+02,4.807610288642434782e+00,6.620000000000000107e+00,6.620000000000000107e+00,3.490658503988658956e-01,3.490658503988658956e-01
7.660000000000005693e-01,4.898469325233587579e-01,1.273985764934311199e-04,-6.304717794172975953e-01,-9.451410657325348685e-01,8.010579222835410157e-03,-2.531739755227650157e+00,7.411355070789396038e-01,7.403901457005468423e-02,-6.617943075462492386e-01,8.523308610932117668e-02,3.891975546965784627e+00,6.764716267168023656e+00,-9.139952559894503059e-01,1.665331492893764107e+02,4.831261823323250937e+00,6.620000000000000107e+00,6.620000000000000107e+00,3.490658503988658956e-01,3.490658503988658956e-01
7.680000000000005711e-01,4.879566503918936760e-01,1.434197349391019437e-04,-6.355352589277528663e-01,-9.424155546466809197e-01,8.721349456309179446e-03,-2.524863161203364736e+00,7.453790913186193468e-01,7.694941949870785780e-02,-6.563610767828307324e-01,8.762952669234465308e-02,3.885173018212321860e+00,6.618922839098853927e+00,-9.380898762070768448e-01,1.673535244612516806e+02,4.844531176453831911e+00,6.620000000000000107e+00,6.620000000000000107e+00,3.490658503988658956e-01,3.490658503988658956e-01
7.700000000000005729e-01,4.860718192826002926e-01,1.608624338517202889e-04,-6.405849852501596109e-01,-9.393218851087856702e-01,9.466726848458398985e-03,-2.518040654367136533e+00,7.494843336826215729e-01,7.987867111193339142e-02,-6.509953692498007261e-01,8.998700284498796498e-02,3.878341635343483418e+00,6.473151023218703060e+00,-9.616240024563782463e-01,1.681651479260721942e+02,4.847446989607917978e+00,6.620000000000000107e+00,6.620000000000000107e+00,3.490658503988658956e-01,3.490658503988658956e-01
7.720000000000005747e-01,4.841931755123827230e-01,1.797958875486370791e-04,-6.456210665588938413e-01,-9.358680413367831408e-01,1.024654565303978644e-02,-2.511275617976913566e+00,7.534532618308675822e-01,8.282654425528349074e-02,-6.456993480062566126e-01,9.230545914218225845e-02,3.871493096972367542e+00,6.327400194029265457e+00,-9.845993557740561064e-01,1.689678411475098017e+02,4.840043486026018194e+00,6.620000000000000107e+00,6.620000000000000107e+00,3.490658503988658956e-01,3.490658503988658956e-01
7.740000000000005764e-01,4.823214394297091756e-01,2.002889788547166467e-04,-6.506436177948476951e-01,-9.320620331831779293e-01,1.106054895513420427e-02,-2.504571128078281639e+00,7.572878800624514017e-01,8.579283303582188602e-02,-6.404751056865263248e-01,9.458485875677383192e-02,3.864638819053691332e+00,6.181669732865272771e+00,-1.007017733865510856e+00,1.697614224766296616e+02,4.822360314134792603e+00,6.620000000000000107e+00,6.620000000000000107e+00,3.490658503988658956e-01,3.490658503988658956e-01
7.760000000000005782e-01,4.804573153633427962e-01,2.224100767649850546e-04,-6.556527600510042575e-01,-9.279118880798524760e-01,1.190838834092179319e-02,-2.497929962026799622e+00,7.609901676468736609e-01,8.877735043360254763e-02,-6.353246657263725838e-01,9.682518223295859261e-02,3.857789935600211884e+00,6.035959028169065377e+00,-1.028881003301416630e+00,1.705457074099772683e+02,4.794442389514531833e+00,6.620000000000000107e+00,6.620000000000000107e+00,3.490658503988658956e-01,3.490658503988658956e-01
7.780000000000005800e-01,4.786014915871830699e-01,2.462268534468286130e-04,-6.606486199750578603e-01,-9.234256433598220237e-01,1.278962364679628316e-02,-2.491354607090453310e+00,7.645620772181116465e-01,9.177992788330144314e-02,-6.302499835891625102e-01,9.902642628875621411e-02,3.850957299507062448e+00,5.890267475733431901e+00,-1.050191091909749463e+00,1.713205088391195829e+02,4.756339735577645556e+00,6.620000000000000107e+00,6.620000000000000107e+00,3.490658503988658956e-01,3.490658503988658956e-01
7.800000000000005818e-01,4.767546403004634392e-01,2.718061007404211924e-04,-6.656313291892387296e-01,-9.186113389520600414e-01,1.370372278888222842e-02,-2.484847269113084067e+00,7.680055332301793936e-01,9.480041482744197556e-02,-6.252529479902817489e-01,1.011886026479014711e-01,3.844151483475287900e+00,5.744594478913700009e+00,-1.070949981362947501e+00,1.720856372909098866e+02,4.708107323230430907e+00,6.620000000000000107e+00,6.620000000000000107e+00,3.490658503988658956e-01,3.490658503988658956e-01
7.820000000000005835e-01,4.749174176225593458e-01,2.992135463181856735e-04,-6.706010237274648844e-01,-9.134770104454824624e-01,1.465006167326433038e-02,-2.478409881220585920e+00,7.713224304728261149e-01,9.783867824260293611e-02,-6.203353821181235572e-01,1.033117369014491110e-01,3.837382781026104084e+00,5.598939448810089203e+00,-1.091159699959750817e+00,1.728409011577970773e+02,4.649804909798485930e+00,6.620000000000000107e+00,6.620000000000000107e+00,3.490658503988658956e-01,3.490658503988658956e-01
7.840000000000005853e-01,4.730904636016683984e-01,3.285136696647143100e-04,-6.755578434899061069e-01,-9.080306825181175823e-01,1.562792418650046575e-02,-2.472044112552623130e+00,7.745146326460448094e-01,1.008946021399492465e-01,-6.154990448500546885e-01,1.053958673993155709e-01,3.830661207597632512e+00,5.453301804421320398e+00,-1.110822315601144972e+00,1.735861069175520583e+02,4.581496877503056453e+00,6.620000000000000107e+00,6.620000000000000107e+00,3.490658503988658956e-01,3.490658503988658956e-01
7.860000000000005871e-01,4.712744022366321395e-01,3.597695180377152272e-04,-6.805019317150113878e-01,-9.022803627273940918e-01,1.663650226527833842e-02,-2.465751377003604805e+00,7.775839709920620013e-01,1.039680870413721842e-01,-6.107456319618042029e-01,1.074410441719080844e-01,3.823996501716100394e+00,5.307680972770463690e+00,-1.129939928959717621e+00,1.743210593418371843e+02,4.503252071781383314e+00,6.620000000000000107e+00,6.620000000000000107e+00,3.490658503988658956e-01,3.490658503988658956e-01
7.880000000000005889e-01,4.694698415111773770e-01,3.930425225682718801e-04,-6.854334344690186098e-01,-8.962340356573597067e-01,1.767489604339799597e-02,-2.459532841957658977e+00,7.805322429835056530e-01,1.070590494324765024e-01,-6.060767773287955018e-01,1.094473278819270839e-01,3.817398126233717548e+00,5.162076389004017329e+00,-1.148514666841638832e+00,1.750455616931008649e+02,4.415143639748811744e+00,6.620000000000000107e+00,6.620000000000000107e+00,3.490658503988658956e-01,3.490658503988658956e-01
7.900000000000005906e-01,4.676773734398626536e-01,4.283923146550678847e-04,-6.903525001529339233e-01,-8.898996574184887542e-01,1.874211407362614407e-02,-2.453389437003377527e+00,7.833612110664524009e-01,1.101674211935978059e-01,-6.014940541179827349e-01,1.114147888063636016e-01,3.810875269625678907e+00,5.016487496465184215e+00,-1.166548675740378904e+00,1.757594159093333985e+02,4.317248869104148845e+00,6.620000000000000107e+00,6.620000000000000107e+00,3.490658503988658956e-01,3.490658503988658956e-01
7.920000000000005924e-01,4.658975741250256930e-01,4.658765428023201776e-04,-6.952592790269406242e-01,-8.832851504955627764e-01,1.983707362137972566e-02,-2.447321862615129628e+00,7.860726014570880160e-01,1.132931490099839678e-01,-5.969989759688228981e-01,1.133435058486565311e-01,3.804436847338965144e+00,4.870913746742311368e+00,-1.184044115581193601e+00,1.764624227762766395e+02,4.209649027782496056e+00,6.620000000000000107e+00,6.620000000000000107e+00,3.490658503988658956e-01,3.490658503988658956e-01
7.940000000000005942e-01,4.641310038240345492e-01,5.055506900450796801e-04,-7.001539227521709208e-01,-8.763983989389015905e-01,2.095860102666114236e-02,-2.441330598788796991e+00,7.886681029907202101e-01,1.164361937622204329e-01,-5.925929981620552400e-01,1.152335655809181431e-01,3.798091503185838658e+00,4.725354599693441848e+00,-1.201003153655334055e+00,1.771543820867348700e+02,4.092429204661743647e+00,6.620000000000000107e+00,6.620000000000000107e+00,3.490658503988658956e-01,3.490658503988658956e-01
7.960000000000005960e-01,4.623782070261567290e-01,5.474678920984019266e-04,-7.050365839497485521e-01,-8.692472438940000989e-01,2.210543213019048117e-02,-2.435415913620833983e+00,7.911493660219175439e-01,1.195965298979302649e-01,-5.882775187750249879e-01,1.170850613160866888e-01,3.791847610775161304e+00,4.579809523447911701e+00,-1.217427958742867133e+00,1.778350927866883353e+02,3.965678151630099624e+00,6.620000000000000107e+00,6.620000000000000107e+00,3.490658503988658956e-01,3.490658503988658956e-01
7.980000000000005977e-01,4.606397125383687174e-01,5.916787563587828924e-04,-7.099074157769902360e-01,-8.618394794643799983e-01,2.327621275926460356e-02,-2.429577871820594037e+00,7.935180013745634087e-01,1.227741447857270268e-01,-5.840538798223309236e-01,1.188980922098164805e-01,3.785713274974875198e+00,4.434277994385924515e+00,-1.233320695422938318e+00,1.785043531079651018e+02,3.829488127322774105e+00,6.620000000000000107e+00,6.620000000000000107e+00,3.490658503988658956e-01,3.490658503988658956e-01
8.000000000000005995e-01,4.589160335794399415e-01,6.382311818773121022e-04,-7.147665715206313886e-01,-8.541828489022061932e-01,2.446949926852169319e-02,-2.423816343146922403e+00,7.957755793406454670e-01,1.259690380523497411e-01,-5.799233683806339634e-01,1.206727623918721209e-01,3.779696333399218400e+00,4.288759497096997997e+00,-1.248683518570254947e+00,1.791619606872770021e+02,3.683954742836028196e+00,6.620000000000000107e+00,6.620000000000000107e+00,3.490658503988658956e-01,3.490658503988658956e-01
8.020000000000006013e-01,4.572076678816355266e-01,6.871701804143555154e-04,-7.196142042069252343e-01,-8.462850411209438262e-01,2.568375913050451390e-02,-2.418131010761033650e+00,7.979236287266220362e-01,1.291812209038588066e-01,-5.758872176965073031e-01,1.224091801267526564e-01,3.773804357914453789e+00,4.143253524318180503e+00,-1.263518568036525069e+00,1.798077126714764802e+02,3.529176809726694675e+00,6.620000000000000107e+00,6.620000000000000107e+00,3.490658503988658956e-01,3.490658503988658956e-01
8.040000000000006031e-01,4.555150977993936423e-01,7.385376986753645727e-04,-7.244504662284473318e-01,-8.381536875240513940e-01,2.691737157069677353e-02,-2.412521379488713258e+00,7.999636359462400925e-01,1.324107154317238633e-01,-5.719466082762626469e-01,1.241074570032340285e-01,3.768044656157118144e+00,3.997759576852907504e+00,-1.277827963515552945e+00,-1.795585941910622694e+02,3.365256190604930087e+00,6.620000000000000107e+00,6.620000000000000107e+00,3.490658503988658956e-01,3.490658503988658956e-01
8.060000000000006048e-01,4.538387904243455506e-01,7.923724418167581553e-04,-7.292755089874247698e-01,-8.297963591434166508e-01,2.816862824155454831e-02,-2.406986783985880507e+00,8.018970441587072173e-01,1.356575539045861978e-01,-5.681026689567300059e-01,1.257677071524831991e-01,3.762424273059001401e+00,3.852277163471356403e+00,-1.291613799590662248e+00,-1.789371634729892548e+02,3.192297652627552385e+00,6.620000000000000107e+00,6.620000000000000107e+00,3.490658503988658956e-01,3.490658503988658956e-01
8.080000000000006066e-01,4.521791977060587442e-01,8.487096982998672658e-04,-7.340894825553965219e-01,-8.212205640809542295e-01,2.943573392996771260e-02,-2.401526396802505570e+00,8.037252524511485641e-01,1.389217780464326035e-01,-5.643564779560155120e-01,1.273900464943658883e-01,3.756949992373285419e+00,3.706805800793134154e+00,-1.304878140963096289e+00,-1.783281990044609131e+02,3.010408724198891495e+00,6.620000000000000107e+00,6.620000000000000107e+00,3.490658503988658956e-01,3.490658503988658956e-01
8.100000000000006084e-01,4.505367565778968242e-01,9.075811661598026832e-04,-7.388925353490015668e-01,-8.124337452464948095e-01,3.071680729256277137e-02,-2.396139236340828926e+00,8.054496150643174479e-01,1.422034383018713766e-01,-5.607090639033091017e-01,1.289745920115411004e-01,3.746133842473236442e+00,3.563048797491546793e+00,-1.317623017860028778e+00,-1.777319048235286232e+02,2.819699555186067741e+00,6.620000000000000107e+00,6.620000000000000107e+00,3.409562126401738391e-01,3.490658503988658956e-01
8.120000000000006102e-01,4.489118890874038148e-01,9.690147807449282650e-04,-7.436848138216832771e-01,-8.034432783848138859e-01,3.200988161329617471e-02,-2.390824174704716754e+00,8.070731890249475127e-01,1.454979499848614299e-01,-5.571607512889670266e-01,1.305186244580368304e-01,3.729253728607555995e+00,3.421228986096003233e+00,-1.329838354968073233e+00,-1.771483195327492979e+02,2.620311145107068640e+00,6.620000000000000107e+00,6.620000000000000107e+00,3.317751915160987997e-01,3.490658503988658956e-01
8.140000000000006120e-01,4.473050025306342103e-01,1.033034543971520555e-03,-7.484664621710926946e-01,-7.942563900396845122e-01,3.331293902438538235e-02,-2.385579976373204403e+00,8.085992635422780683e-01,1.488000932152125089e-01,-5.537117628480436871e-01,1.320191158194201353e-01,3.706293738421135409e+00,3.281349738294304430e+00,-1.341514634194817424e+00,-1.765774503793275301e+02,2.412412391117010557e+00,6.620000000000000107e+00,6.620000000000000107e+00,3.225659771310466772e-01,3.490658503988658956e-01
8.160000000000006137e-01,4.457164897505548340e-01,1.099660422020291243e-03,-7.532376221238391567e-01,-7.848801472405527724e-01,3.462391584524652371e-02,-2.380405311754111963e+00,8.100311409429786780e-01,1.521046107134047254e-01,-5.503623085529072423e-01,1.334730962653303821e-01,3.677252964356547693e+00,3.143409618651024307e+00,-1.352644572426038971e+00,-1.760192927193751871e+02,2.196197251866787159e+00,6.620000000000000107e+00,6.620000000000000107e+00,3.133511536772085604e-01,3.490658503988658956e-01
8.180000000000006155e-01,4.441467294560737522e-01,1.168908253710784339e-03,-7.579984327473473504e-01,-7.753214579953550123e-01,3.594070376713808662e-02,-2.375298766499395864e+00,8.113721330905721008e-01,1.554062234431303202e-01,-5.471125884937012573e-01,1.348776589021345729e-01,3.642144705822473849e+00,3.007402643999008696e+00,-1.363223091686862176e+00,-1.754738295542392734e+02,1.971883472922966840e+00,6.620000000000000107e+00,6.620000000000000107e+00,3.041521274087564120e-01,3.490658503988658956e-01
8.200000000000006173e-01,4.425960865400830335e-01,1.240789661245060614e-03,-7.627490302803461297e-01,-7.655870723043328718e-01,3.726115116072344774e-02,-2.370258850283674779e+00,8.126255575862851854e-01,1.586996455283461727e-01,-5.439627952670524902e-01,1.362299637818761289e-01,3.600995667595060734e+00,2.873318544551434872e+00,-1.373247278936347682e+00,-1.749410311415869046e+02,1.739711222449872086e+00,6.620000000000000107e+00,6.620000000000000107e+00,2.949891182997276262e-01,3.490658503988658956e-01
8.220000000000006191e-01,4.410649123954743511e-01,1.315311963566507397e-03,-7.674895479809135113e-01,-7.556835836614286261e-01,3.858306449299581109e-02,-2.365284005049892002e+00,8.137947337531138414e-01,1.619795984103934439e-01,-5.409131158893530911e-01,1.375272412047065795e-01,3.553845157528570553e+00,2.741143025639146025e+00,-1.382716336819319158e+00,-1.744208546857917952e+02,1.499941653694578214e+00,6.620000000000000107e+00,6.620000000000000107e+00,2.858811564323269216e-01,3.490658503988658956e-01
8.240000000000006208e-01,4.395535452281514877e-01,1.392478092552499030e-03,-7.722201159910132562e-01,-7.456174310103871328e-01,3.990420983956327605e-02,-2.360372612729126462e+00,8.148829784091212725e-01,1.652408242167695274e-01,-5.379637332537861028e-01,1.387667943525807690e-01,3.500744286528626237e+00,2.610858029019268667e+00,-1.391631526641742944e+00,-1.739132441107989280e+02,1.252855410258948421e+00,6.620000000000000107e+00,6.620000000000000107e+00,2.768460829469228668e-01,3.490658503988658956e-01
8.260000000000006226e-01,4.380623103661306916e-01,1.472286512231625556e-03,-7.769408612164715455e-01,-7.353949011232974176e-01,4.122231447815306871e-02,-2.355523002444344094e+00,8.158936014398137093e-01,1.684780983190662940e-01,-5.351148271526628974e-01,1.399460012924175489e-01,3.441755173605848928e+00,2.482441992748031456e+00,-1.399996104772276206e+00,-1.734181299173234834e+02,9.987510894750951662e-01,6.620000000000000107e+00,6.620000000000000107e+00,2.679005553621028879e-01,3.490658503988658956e-01
8.280000000000006244e-01,4.365915205638841168e-01,1.554731141187931740e-03,-7.816519072213602426e-01,-7.250221313699835024e-01,4.253506854933929854e-02,-2.350733457210352206e+00,8.168299011828444867e-01,1.716862410633857861e-01,-5.323665748886098337e-01,1.410623163871885244e-01,3.376950158682053171e+00,2.355870108662275086e+00,-1.407815253603976080e+00,-1.729354291249885591e+02,7.379436784349409084e-01,6.620000000000000107e+00,6.620000000000000107e+00,2.590600570540387837e-01,3.490658503988658956e-01
8.300000000000006262e-01,4.351414763011441367e-01,1.639801278286610311e-03,-7.863533741357809914e-01,-7.145051128473947077e-01,4.384012677090075999e-02,-2.346002220144419503e+00,8.176951596412544987e-01,1.748601286621711826e-01,-5.297191514997023898e-01,1.421132711534973114e-01,3.306411025667286285e+00,2.231114576569500407e+00,-1.415096008137837647e+00,-1.724650452988426821e+02,4.707629763737209982e-01,6.620000000000000107e+00,6.620000000000000107e+00,2.503389106685922072e-01,3.490658503988658956e-01
8.320000000000006279e-01,4.337124660754493322e-01,1.727481531828411934e-03,-7.910453785760698242e-01,-7.038496938389594559e-01,4.513511019284487114e-02,-2.341327500203907785e+00,8.184926375439559587e-01,1.779947032418168762e-01,-5.271727296247959993e-01,1.430964746041551161e-01,3.230228238165730570e+00,2.108144854304653482e+00,-1.421847179174950071e+00,-1.720068686586426168e+02,1.975520161858127788e-01,6.620000000000000107e+00,6.620000000000000107e+00,2.417502952269349192e-01,3.490658503988658956e-01
8.340000000000006297e-01,4.323047666877714024e-01,1.817751752214101599e-03,-7.957280335764775892e-01,-6.930615835747493403e-01,4.641760798095854318e-02,-2.336707477468872973e+00,8.192255692742325124e-01,1.810849820456222337e-01,-5.247274790361053931e-01,1.440096131140555513e-01,3.148500190003376442e+00,1.986927902872444918e+00,-1.428079274027681755e+00,-1.715607762683432043e+02,-8.133450312661098802e-02,6.620000000000000107e+00,6.620000000000000107e+00,2.333062666755488790e-01,3.490658503988658956e-01
8.360000000000006315e-01,4.309186435206219246e-01,1.910586968176018665e-03,-8.004014485314153715e-01,-6.821463562642473555e-01,4.768517921773388762e-02,-2.332140307988916472e+00,8.198971576886258106e-01,1.841260657965934633e-01,-5.223835658665149095e-01,1.448504498473010549e-01,3.061332472601907551e+00,1.867428425956186855e+00,-1.433804415583412428e+00,-1.711266323024171072e+02,-3.655317622912297448e-01,6.620000000000000107e+00,6.620000000000000107e+00,2.250177816242061590e-01,3.490658503988658956e-01
8.380000000000006333e-01,4.295543508080934547e-01,2.005957326611486607e-03,-8.050657291473931609e-01,-6.711094553745325930e-01,4.893535471063354542e-02,-2.327624128214622612e+00,8.205105688497612570e-01,1.871131462292637548e-01,-5.201411515592321289e-01,1.456168237830476331e-01,2.968837161052675366e+00,1.749609103137282462e+00,-1.439036260477776663e+00,-1.707042883849357793e+02,-6.546663361558455740e-01,6.620000000000000107e+00,6.620000000000000107e+00,2.168947240105157936e-01,3.490658503988658956e-01
8.400000000000006350e-01,4.282121318973444168e-01,2.103828036032753899e-03,-8.097209774038224284e-01,-6.599561981277679568e-01,5.016563879887423610e-02,-2.323157059034714589e+00,8.210689266974200429e-01,1.900415128040645607e-01,-5.180003915672289905e-01,1.463066483769172588e-01,2.871132120573204549e+00,1.633430816233079952e+00,-1.443789917058971417e+00,-1.702935839967761638e+02,-9.483576679582883528e-01,6.620000000000000107e+00,6.620000000000000107e+00,2.089459344268229657e-01,3.490658503988658956e-01
8.420000000000006368e-01,4.268922195010888543e-01,2.204159313630502451e-03,-8.143672915218919117e-01,-6.486917801930111027e-01,5.137351115118728162e-02,-2.318737209440616009e+00,8.215753076825377255e-01,1.929065586218319528e-01,-5.159614338294846725e-01,1.469179098940882888e-01,2.768340334857378071e+00,1.518852868224300101e+00,-1.448081863751070841e+00,-1.698943469458774587e+02,-1.246219495865088511e+00,6.620000000000000107e+00,6.620000000000000107e+00,2.011792418443146824e-01,3.490658503988658956e-01
8.440000000000006386e-01,4.255948359407028536e-01,2.306906335932877063e-03,-8.190047659407730940e-01,-6.373212805485478638e-01,5.255642854833222910e-02,-2.314362679840433756e+00,8.220327353888065014e-01,1.957037855597491549e-01,-5.140244170503912580e-01,1.474486654493205318e-01,2.660589257660312956e+00,1.405833194306217671e+00,-1.451929868353085240e+00,-1.695063938951498130e+02,-1.547861225218291281e+00,6.620000000000000107e+00,6.620000000000000107e+00,1.936014974700590030e-01,3.490658503988658956e-01
8.460000000000006404e-01,4.243201933796057479e-01,2.412019193029541625e-03,-8.236334913004539349e-01,-6.258496664921681107e-01,5.371182664546774593e-02,-2.310031565044498247e+00,8.224441751662214806e-01,1.984288086534066187e-01,-5.121894688078169056e-01,1.478970407882114479e-01,2.548010188790819974e+00,1.294328564659821490e+00,-1.455352908742187257e+00,-1.691295309424266691e+02,-1.852889240958646822e+00,6.620000000000000107e+00,6.620000000000000107e+00,1.862186104751851201e-01,3.490658503988658956e-01
8.480000000000006422e-01,4.230684940466213906e-01,2.519442846320477016e-03,-8.282535544305429376e-01,-6.142817987780562206e-01,5.483712171079866554e-02,-2.305741956944539428e+00,8.228125288002772209e-01,2.010773597526955836e-01,-5.104567035142995035e-01,1.482612278429272790e-01,2.430737675519039520e+00,1.184294778599939146e+00,-1.458371095384503491e+00,-1.687635542467454854e+02,-2.160908155690275834e+00,6.620000000000000107e+00,6.620000000000000107e+00,1.790355853363063132e-01,3.490658503988658956e-01
8.500000000000006439e-01,4.218399304490652590e-01,2.629117089742074274e-03,-8.328650383444320404e-01,-6.026224368602389747e-01,5.592971233819892668e-02,-2.301491946908333475e+00,8.231406292396038493e-01,2.036452904819340548e-01,-5.088262202546682822e-01,1.485394820945109551e-01,2.308908940245150365e+00,1.075686849816470003e+00,-1.461005595995469530e+00,-1.684082506952283325e+02,-2.471521989808920683e+00,6.620000000000000107e+00,6.620000000000000107e+00,1.720565605376023210e-01,3.490658503988658956e-01
8.520000000000006457e-01,4.206346855753447800e-01,2.740976514418472232e-03,-8.374680222382486772e-01,-5.908762442238181256e-01,5.698698113273905491e-02,-2.297279627911280819e+00,8.234312354036850135e-01,2.061285745369593470e-01,-5.072981005221035566e-01,1.487301197726533242e-01,2.182663335117544179e+00,9.684591824821513484e-01,-1.463278562634190871e+00,-1.680633986049006978e+02,-2.784335281026186326e+00,6.620000000000000107e+00,6.620000000000000107e+00,1.652848483873697871e-01,3.490658503988658956e-01
8.540000000000006475e-01,4.194529330868971284e-01,2.854950476683950321e-03,-8.420625814940712051e-01,-5.790477937864971780e-01,5.800629636920952986e-02,-2.293103096425872067e+00,8.236870270909573133e-01,2.085233093539106131e-01,-5.058724058732768647e-01,1.488315149225340472e-01,2.052141824136278547e+00,8.625657380554307974e-01,-1.465213061462729671e+00,-1.677287684539286374e+02,-3.098954121479505552e+00,6.620000000000000107e+00,6.620000000000000107e+00,1.587229757104559047e-01,3.490658503988658956e-01
8.560000000000006493e-01,4.182948374993241125e-01,2.970963069422369405e-03,-8.466487876869229767e-01,-5.671415733541848025e-01,5.898501362481612526e-02,-2.288960454089374430e+00,8.239106000060675283e-01,2.108257171860713763e-01,-5.045491755217682561e-01,1.488420963670030184e-01,1.917486493130400982e+00,7.579601926598467099e-01,-1.466833005351825925e+00,-1.674041236369515957e+02,-3.414987121418381122e+00,6.620000000000000107e+00,6.620000000000000107e+00,1.523727251864421817e-01,3.490658503988658956e-01
8.580000000000006510e-01,4.171605543526157311e-01,3.088933096672001437e-03,-8.512267085951017442e-01,-5.551619911157111842e-01,5.992047738822169761e-02,-2.284849809169375856e+00,8.241044609234250418e-01,2.130321456264611946e-01,-5.033284238874899952e-01,1.487603445909967403e-01,1.778840087856498942e+00,6.545960849716142560e-01,-1.468163089469319615e+00,-1.670892212394377054e+02,-3.732046299197762540e+00,6.620000000000000107e+00,6.620000000000000107e+00,1.462351771128810873e-01,3.490658503988658956e-01
8.600000000000006528e-01,4.160502303703842997e-01,3.208774051448444638e-03,-8.557964082134404959e-01,-5.431133811629160757e-01,6.081002264801488311e-02,-2.280769277846045551e+00,8.242710230024360429e-01,2.151390676148595693e-01,-5.022101381183413649e-01,1.485847885736726881e-01,1.636345580330919036e+00,5.524269545947655402e-01,-1.469228729946438605e+00,-1.667838128262756356e+02,-4.049747897987969303e+00,6.620000000000000107e+00,6.620000000000000107e+00,1.403107513829536246e-01,3.490658503988658956e-01
8.620000000000006546e-01,4.149640036080584626e-01,3.330394096744474387e-03,-8.603579467691325755e-01,-5.310000090235516002e-01,6.165097646449668733e-02,-2.276716985329138243e+00,8.244126012679942050e-01,2.171430809686368257e-01,-5.011942755988286757e-01,1.483140025923133931e-01,1.490145763379993049e+00,4.514064709480435367e-01,-1.470056005680104416e+00,-1.664876452401292966e+02,-4.367713130225774343e+00,6.620000000000000107e+00,6.620000000000000107e+00,1.345992494777479842e-01,3.490658503988658956e-01
8.640000000000006564e-01,4.139020035900113359e-01,3.453696049673467619e-03,-8.649113807397909026e-01,-5.188260771955833794e-01,6.244065952938959024e-02,-2.272691066826904915e+00,8.245314082679569001e-01,2.190409074771644260e-01,-5.002807614589056540e-01,1.479466030206094684e-01,1.340382873271597219e+00,3.514885527297297863e-01,-1.470671603296370256e+00,-1.662004614054193326e+02,-4.685568851383616895e+00,6.620000000000000107e+00,6.620000000000000107e+00,1.290998962846611753e-01,3.490658503988658956e-01
8.660000000000006581e-01,4.128643514356201694e-01,3.578577368732246879e-03,-8.694567628734447551e-01,-5.065957306725575870e-01,6.317638771869163450e-02,-2.268689668383177871e+00,8.246295499174660648e-01,2.208293915997001922e-01,-4.994694860948422632e-01,1.474812451424848403e-01,1.187198240177775865e+00,2.526274780656108110e-01,-1.471102765270914992e+00,-1.659220011341361669e+02,-5.002948165123820345e+00,6.620000000000000107e+00,6.620000000000000107e+00,1.238113815652293059e-01,3.490658503988658956e-01
8.680000000000006599e-01,4.118511599742750717e-01,3.704930144169630169e-03,-8.739941422102111002e-01,-4.943130624507283133e-01,6.385547364442235863e-02,-2.264710947597990742e+00,8.247090215381384093e-01,2.225054988065122696e-01,-4.987603027125325217e-01,1.469166200011920997e-01,1.030731966112189868e+00,1.547779854813163547e-01,-1.471377241177000528e+00,-1.656520019300408251e+02,-5.319490962333893513e+00,6.620000000000000107e+00,6.620000000000000107e+00,1.187319009078288690e-01,3.490658503988658956e-01
8.700000000000006617e-01,4.108625338493736012e-01,3.832641091458474820e-03,-8.785235641054071065e-01,-4.819821190096028607e-01,6.447522821144224814e-02,-2.260753074246191208e+00,8.247717040983323367e-01,2.240663136026350144e-01,-4.981530249023101153e-01,1.462514513019858298e-01,8.711226298880080376e-01,5.789536587327048789e-02,-1.471523242009272536e+00,-1.653901997881514774e+02,-5.634844396909445052e+00,6.620000000000000107e+00,6.620000000000000107e+00,1.138591960131008496e-01,3.490658503988658956e-01
8.720000000000006635e-01,4.098985696113544019e-01,3.961591547881359622e-03,-8.830450702538994445e-01,-4.696069057584565387e-01,6.503296218587754918e-02,-2.256814230807601795e+00,8.248193606589616644e-01,2.255090372730650938e-01,-4.976474242530666281e-01,1.454844923852887661e-01,7.085070185516684216e-01,-3.806445431752536468e-02,-1.471569397513032174e+00,-1.651363299867521448e+02,-5.948663301465802355e+00,6.620000000000000107e+00,6.620000000000000107e+00,1.091905941725443974e-01,3.490658503988658956e-01
8.740000000000006652e-01,4.089593557998374984e-01,4.091657472253114498e-03,-8.875586987155146268e-01,-4.571913924421931452e-01,6.552598778195349583e-02,-2.252892612921402637e+00,8.248536330276436956e-01,2.268309853874216908e-01,-4.972432280122668913e-01,1.446145232859038510e-01,5.430198846657581235e-01,-1.331448384976871568e-01,-1.471544716432922284e+00,-1.648901278694801817e+02,-6.260610546420440237e+00,6.620000000000000107e+00,6.620000000000000107e+00,1.047230468133832360e-01,3.490658503988658956e-01
8.760000000000006670e-01,4.080449730149531273e-01,4.222709447817021150e-03,-8.920644839413574001e-01,-4.447395185006792206e-01,6.595162027423778772e-02,-2.248986429776560936e+00,8.248760386223937813e-01,2.280295851011363006e-01,-4.969401167973368505e-01,1.436403478925049881e-01,3.747937287401412743e-01,-2.273883736244376452e-01,-1.471478549582113216e+00,-1.646513296153565591e+02,-6.570357346099910956e+00,6.620000000000000107e+00,6.620000000000000107e+00,1.004531669954863426e-01,3.490658503988658956e-01
8.780000000000006688e-01,4.071554939779517546e-01,4.354612688365496441e-03,-8.965624568009105122e-01,-4.322551983763582850e-01,6.630717964242859030e-02,-2.245093904449289468e+00,8.248879675446038062e-01,2.291023722891250280e-01,-4.967377223628694494e-01,1.425607912203656624e-01,2.039586060443652482e-01,-3.208368119431403431e-01,-1.471400555622816242e+00,-1.644196729949057385e+02,-6.877583515689642546e+00,6.620000000000000107e+00,6.620000000000000107e+00,9.637726575872007651e-02,3.490658503988658956e-01
8.800000000000006706e-01,4.062909835811990278e-01,4.487227047650354031e-03,-9.010526446098090503e-01,-4.197423267655566725e-01,6.658999225589520843e-02,-2.241213274197738414e+00,8.248906798596733481e-01,2.300469885466457087e-01,-4.966356254271452331e-01,1.413746968090604517e-01,3.064195697624597092e-02,-4.135310204649262911e-01,-1.471340669441069116e+00,-1.641948981107758243e+02,-7.181977682966910415e+00,6.620000000000000107e+00,6.620000000000000107e+00,9.249138723156868913e-02,3.490658503988658956e-01
8.820000000000006724e-01,4.054514989276679082e-01,4.620407032162144462e-03,-9.055350711582045298e-01,-4.072047838094244865e-01,6.679739260520067834e-02,-2.237342790723359620e+00,8.248853030824275789e-01,2.308611780906800193e-01,-4.966333535606135552e-01,1.400809242557087553e-01,-1.450315398887622731e-01,-5.055109378745399340e-01,-1.471329072992980436e+00,-1.639767481215067733e+02,-7.483237458839746559e+00,6.620000000000000107e+00,6.620000000000000107e+00,8.879134242408176503e-02,3.490658503988658956e-01
8.840000000000006741e-01,4.046370893600490515e-01,4.754001817372545402e-03,-9.100097567396512321e-01,-3.946464402209157729e-01,6.692672508781130625e-02,-2.233480720407670095e+00,8.248728298633400957e-01,2.315427845937199358e-01,-4.967303791382142730e-01,1.386783468932228647e-01,-3.229400929854245872e-01,-5.968155385458000506e-01,-1.471396168495785473e+00,-1.637649699473073213e+02,-7.781069570761083298e+00,6.620000000000000107e+00,6.620000000000000107e+00,8.527274164013670665e-02,3.490658503988658956e-01
8.860000000000006759e-01,4.038477964796072239e-01,4.887855267548167626e-03,-9.144767181804666079e-01,-3.820711623446028660e-01,6.697534585513482963e-02,-2.229625344532471853e+00,8.248541158705984255e-01,2.320897479803019359e-01,-4.969261173567497414e-01,1.371658496219791135e-01,-5.029649021369037021e-01,-6.874828033319418941e-01,-1.471572553834918251e+00,-1.635593149568896081e+02,-8.075189963101705004e+00,6.620000000000000107e+00,6.620000000000000107e+00,8.193102545567387818e-02,3.490658503988658956e-01
8.880000000000006777e-01,4.030836541549180363e-01,5.021805959258437285e-03,-9.189359688695315498e-01,-3.694828171464434874e-01,6.694062472793216312e-02,-2.225774959490952831e+00,8.248298778621980798e-01,2.325001012150337276e-01,-4.972199243179283856e-01,1.355423269023513788e-01,-6.849902431042049766e-01,-7.775496967904501622e-01,-1.471889000057643004e+00,-1.633595396345697566e+02,-8.365323868550603947e+00,6.620000000000000107e+00,6.620000000000000107e+00,7.876149422072331596e-02,3.490658503988658956e-01
8.900000000000006795e-01,4.023446885206251600e-01,5.155687208714301861e-03,-9.233875187885134395e-01,-3.568852771308774208e-01,6.681994718702392866e-02,-2.221927876996506512e+00,8.248006919415441507e-01,2.327719671092193798e-01,-4.976110951772111934e-01,1.338066809146354619e-01,-8.689035333086505553e-01,-8.670521504967034776e-01,-1.472376430824418048e+00,-1.631654062269813892e+02,-8.651205854570642728e+00,6.620000000000000107e+00,6.620000000000000107e+00,7.575933605386264702e-02,3.490658503988658956e-01
8.920000000000006812e-01,4.016309179663634099e-01,5.289327103088349406e-03,-9.278313745425064152e-01,-3.442824251828262572e-01,6.661071644606678110e-02,-2.218082424295570121e+00,8.247669919894384805e-01,2.329035551715154806e-01,-4.980988623581678598e-01,1.319578198920452472e-01,-1.054595379743238581e+00,-9.560250520977040534e-01,-1.473065903690891298e+00,-1.629766833688576071e+02,-8.932579848873883677e+00,6.620000000000000107e+00,6.620000000000000107e+00,7.291965330805433299e-02,3.490658503988658956e-01
8.940000000000006830e-01,4.009423531159977405e-01,5.422548535980483211e-03,-9.322675393910975217e-01,-3.316781593323078203e-01,6.631035561301086567e-02,-2.214236944390277184e+00,8.247290682648914517e-01,2.328931585263708803e-01,-4.986823938317295757e-01,1.299946566316870222e-01,-1.241959610096450950e+00,-1.044502239756219586e+00,-1.473988593096080324e+00,-1.627931466874278215e+02,-9.209199147797273000e+00,6.620000000000000107e+00,6.620000000000000107e+00,7.023748749657021673e-02,3.490658503988658956e-01
8.960000000000006848e-01,4.002789967973331420e-01,5.555169247206504825e-03,-9.366960132798780592e-01,-3.190763974394588143e-01,6.591630994667270482e-02,-2.210389796276263308e+00,8.246870661668518343e-01,2.327391509223130650e-01,-4.993607914594566655e-01,1.279161071877051303e-01,-1.430893288113743056e+00,-1.132516501636677830e+00,-1.475175774935715278e+00,-1.626145793850382404e+02,-9.480826411358409089e+00,6.620000000000000107e+00,6.620000000000000107e+00,6.770784267690010960e-02,3.490658503988658956e-01
8.980000000000006866e-01,3.996408440024541986e-01,5.687001867099849943e-03,-9.411167928724305520e-01,-3.064810817977900448e-01,6.542604921467130852e-02,-2.206539355200543451e+00,8.246409851487365161e-01,2.324399838504682680e-01,-5.001330893997623095e-01,1.257210897501471747e-01,-1.621296714218010804e+00,-1.220099580086973168e+00,-1.476658812603760751e+00,-1.624407727996505457e+02,-9.747233648655141636e+00,6.620000000000000107e+00,6.620000000000000107e+00,6.532570729906383988e-02,3.490658503988658956e-01
9.000000000000006883e-01,3.990278818388586224e-01,5.817853965529192622e-03,-9.455298715828316380e-01,-2.938961836534790817e-01,6.483707015878191482e-02,-2.202684012943998848e+00,8.245906777775490193e-01,2.319941837920476979e-01,-5.009982525759155703e-01,1.234085237125172457e-01,-1.813073412401316586e+00,-1.307282180174768493e+00,-1.478469144389663370e+00,-1.622715269428985323e+02,-1.000820219714385750e+01,6.620000000000000107e+00,6.620000000000000107e+00,6.308607453242515151e-02,3.490658503988658956e-01
9.020000000000006901e-01,3.984400894715516839e-01,5.947528105846756376e-03,-9.499352396087196171e-01,-2.813257076384419464e-01,6.414689907356455056e-02,-2.198822178132668004e+00,8.245358489293664883e-01,2.314003496119000081e-01,-5.019551752045893211e-01,1.209773289304632848e-01,-2.006130104386699031e+00,-1.394093982242697427e+00,-1.480638272123760091e+00,-1.621066510153873139e+02,-1.026352269919170723e+01,6.620000000000000107e+00,6.620000000000000107e+00,6.098396109182252500e-02,3.490658503988658956e-01
9.040000000000006919e-01,3.978774380562747903e-01,6.075821903993885303e-03,-9.543328839649849460e-01,-2.687736961148181614e-01,6.335309450392591357e-02,-2.194952276581724426e+00,8.244760551130928539e-01,2.306571501136411018e-01,-5.030026793837285570e-01,1.184264251735868412e-01,-2.200376672041969073e+00,-1.480563658153750239e+00,-1.483197750968436646e+00,-1.619459638989117138e+02,-1.051299507914904474e+01,6.620000000000000107e+00,6.620000000000000107e+00,5.901442458905548083e-02,3.490658503988658956e-01
9.060000000000006937e-01,3.973398906640451811e-01,6.202528093001737075e-03,-9.587227885181484055e-01,-2.562442334283581147e-01,6.245325006707366094e-02,-2.191072751675742669e+00,8.244107039145667226e-01,2.297633217703196618e-01,-5.041395137385676906e-01,1.157547317719567204e-01,-2.395726109008350591e+00,-1.566718890905652639e+00,-1.486179180257936272e+00,-1.617892946252469528e+02,-1.075642852403211336e+01,6.620000000000000107e+00,6.620000000000000107e+00,5.717257943899151096e-02,3.490658503988658956e-01
9.080000000000006954e-01,3.968274021971884835e-01,6.327434593135883995e-03,-9.631049340214998811e-01,-2.437414500680200324e-01,6.144499740412454752e-02,-2.187182064788609104e+00,8.243390535533910990e-01,2.287176666430702499e-01,-5.053643521247309645e-01,1.129611674585555697e-01,-2.592094462487868789e+00,-1.652586397300493282e+00,-1.489614195295111854e+00,-1.616364828211260658e+02,-1.099364147074291509e+01,6.620000000000000107e+00,6.620000000000000107e+00,5.545361134947007775e-02,3.490658503988658956e-01
9.100000000000006972e-01,3.963399192970524232e-01,6.450324587944132951e-03,-9.674792981510771384e-01,-2.312695267288678025e-01,6.032600926643170297e-02,-2.183278695746206477e+00,8.242602125452243023e-01,2.275190504987489037e-01,-5.066757923875011560e-01,1.100446504085823007e-01,-2.789400766118125485e+00,-1.738191953362110631e+00,-1.493534460018824506e+00,-1.614873791289733731e+02,-1.122446160258533965e+01,6.620000000000000107e+00,6.620000000000000107e+00,5.385279041876311901e-02,3.490658503988658956e-01
9.120000000000006990e-01,3.958773802435947009e-01,6.570976606476996301e-03,-9.718458555425695256e-01,-2.188326982751156724e-01,5.909400274150321958e-02,-2.179361143334810791e+00,8.241731394626957696e-01,2.261664011361275706e-01,-5.080723551765217172e-01,1.070040984762655606e-01,-2.987566964857701457e+00,-1.823560422196890185e+00,-1.497971660461053789e+00,-1.613418456029035042e+02,-1.144872585766379380e+01,6.620000000000000107e+00,6.620000000000000107e+00,5.236548284981734636e-02,3.490658503988658956e-01
9.140000000000007008e-01,3.954397148470444878e-01,6.689164611960002685e-03,-9.762045778292391951e-01,-2.064352575998904815e-01,5.774674262319350049e-02,-2.175427925857956080e+00,8.240766427886202505e-01,2.246587069288449312e-01,-5.095524828154142094e-01,1.038384296296078202e-01,-3.186517832820591867e+00,-1.908715783990317716e+00,-1.502957498918063406e+00,-1.611997560794313245e+02,-1.166628045157349014e+01,6.620000000000000107e+00,6.620000000000000107e+00,5.098716126012042826e-02,3.490658503988658956e-01
9.160000000000007025e-01,3.950268443318447065e-01,6.804658097206389526e-03,-9.805554336809551019e-01,-1.940815593779809667e-01,5.628204493066125275e-02,-2.171477581744378771e+00,8.239693808557640997e-01,2.229950155919480370e-01,-5.111145382260288139e-01,1.005465625832588222e-01,-3.386180885053073020e+00,-1.993681167815924526e+00,-1.508523688765147641e+00,-1.610609965222623146e+02,-1.187698091661033217e+01,6.620000000000000107e+00,6.620000000000000107e+00,4.971341350727132014e-02,3.490658503988658956e-01
9.180000000000007043e-01,3.946386812130887600e-01,6.917222187067711796e-03,-9.848983888444438062e-01,-1.817760237075174978e-01,5.469778058040317137e-02,-2.167508670209513433e+00,8.238498618680668573e-01,2.211744331774778416e-01,-5.127568039072867290e-01,9.712741762948856605e-02,-3.586486284376056766e+00,-2.078478884894363166e+00,-1.514701949849569518e+00,-1.609254653404507565e+02,-1.208069215954101949e+01,6.620000000000000107e+00,6.620000000000000107e+00,4.853994984014559089e-02,3.490658503988658956e-01
9.200000000000007061e-01,3.942751291656736989e-01,7.026617748228517965e-03,-9.892334061848628846e-01,-1.695231396361748522e-01,5.299187921549038810e-02,-2.163519771972896244e+00,8.237164439989829168e-01,2.191961233030898792e-01,-5.144774809688106298e-01,9.357991766695411551e-02,-3.787366744685161102e+00,-2.163130462858180891e+00,-1.521524004401348051e+00,-1.607930736791167021e+02,-1.227728853977865242e+01,6.620000000000000107e+00,6.620000000000000107e+00,4.746260797968129830e-02,3.490658503988658956e-01
9.220000000000007079e-01,3.939360828864013619e-01,7.132601506659498776e-03,-9.935604457288086389e-01,-1.573274685671146311e-01,5.116233319595581142e-02,-2.159509490033735712e+00,8.235673355634972603e-01,2.170593066160376450e-01,-5.162746882197257747e-01,8.990298942655956804e-02,-3.988757432632471733e+00,-2.247656680414354291e+00,-1.529021573406700751e+00,-1.606637456817985310e+02,-1.246665396959981464e+01,6.620000000000000107e+00,6.620000000000000107e+00,4.647735534594488183e-02,3.490658503988658956e-01
9.240000000000007097e-01,3.936214279492671331e-01,7.234926173051410038e-03,-9.978794647088761183e-01,-1.451936475394806636e-01,4.920720175410557562e-02,-2.155476450506820907e+00,8.234005952614896762e-01,2.147632604927580957e-01,-5.181464613131003816e-01,8.609556489306535720e-02,-4.190595870647930710e+00,-2.332077601477628104e+00,-1.537226373394472212e+00,-1.605374187233691146e+02,-1.264868203780496181e+01,6.620000000000000107e+00,6.620000000000000107e+00,4.558028690724885701e-02,3.490658503988658956e-01
9.260000000000007114e-01,3.933310406541881687e-01,7.333340576559621050e-03,-1.002190417609889694e+00,-1.331263923778225056e-01,4.712461531835946543e-02,-2.151419303520879289e+00,8.232141324916407710e-01,2.123073189713672593e-01,-5.200907519463700002e-01,8.215658291996627560e-02,-4.392821846274845399e+00,-2.416412607224517561e+00,-1.546170113592350459e+00,-1.604140436122301026e+02,-1.282327615794414122e+01,6.620000000000000107e+00,6.620000000000000107e+00,4.476761567762804761e-02,3.490658503988658956e-01
9.280000000000007132e-01,3.930647878694324970e-01,7.427589807196340217e-03,-1.006493256216931531e+00,-1.211305007043353005e-01,4.491278000906803042e-02,-2.147336724181446499e+00,8.230057077372825436e-01,2.096908729097642365e-01,-5.221054271175170625e-01,7.808499103304486488e-02,-4.595377336788777356e+00,-2.500680423282329201e+00,-1.555884493418222547e+00,-1.602935847601627302e+02,-1.299034974186264790e+01,6.620000000000000107e+00,6.620000000000000107e+00,4.403564997080833265e-02,3.490658503988658956e-01
9.300000000000007150e-01,3.928225268680238247e-01,7.517415367214476223e-03,-1.010787929665294405e+00,-1.092108548072397711e-01,4.256998230961885760e-02,-2.143227413600296671e+00,8.227729330292206100e-01,2.069133703541145286e-01,-5.241882684353437183e-01,7.387974741396001466e-02,-4.798206466187080466e+00,-2.584899136755742344e+00,-1.566401200284953221e+00,-1.601760203176274899e+02,-1.314982639878214954e+01,6.620000000000000107e+00,6.620000000000000107e+00,4.338074543634357072e-02,3.490658503988658956e-01
9.320000000000007168e-01,3.926041051584093222e-01,7.602555331833713709e-03,-1.015074384492494985e+00,-9.737242435792572981e-02,4.009459391605179474e-02,-2.139090099993519623e+00,8.225132724968917675e-01,2.039743170877812151e-01,-5.263369714789070120e-01,6.953982304722676477e-02,-4.994416228622780451e+00,-2.666965398724581160e+00,-1.577751907719047164e+00,-1.600613422712195870e+02,-1.330164015924672327e+01,6.620000000000000107e+00,6.620000000000000107e+00,4.279920668953851592e-02,3.389713396305167326e-01
9.340000000000007185e-01,3.924093603096934779e-01,7.682744519665817354e-03,-1.019352564692481922e+00,-8.562026896852756308e-02,3.748507676839517300e-02,-2.134923539850448027e+00,8.222237970030550347e-01,2.008787631452242373e-01,-5.285469463043568350e-01,6.506823888398320654e-02,-5.167266089904450688e+00,-2.741710586133453198e+00,-1.589941874185909043e+00,-1.599494880972108035e+02,-1.344600510297537355e+01,6.620000000000000107e+00,6.620000000000000107e+00,4.227175937850236043e-02,3.042235933722808872e-01
9.360000000000007203e-01,3.922381197717564327e-01,7.757714673202607998e-03,-1.023622411772182828e+00,-7.395944515430320776e-02,3.474003519820545449e-02,-2.130726559593391300e+00,8.219010225277559867e-01,1.976452399461470499e-01,-5.308083330125011878e-01,6.047794555826743745e-02,-5.317782621988750513e+00,-2.809449093342770709e+00,-1.602907181995320673e+00,-1.598402466927515775e+02,-1.358381087774479035e+01,6.620000000000000107e+00,6.620000000000000107e+00,4.175768659974876673e-02,2.709922672547007139e-01
9.380000000000007221e-01,3.920902008814478035e-01,7.827194743599018290e-03,-1.027883864891369514e+00,-6.239477019310031569e-02,3.185832965836059294e-02,-2.126498154432759691e+00,8.215418049195833960e-01,1.942915316700534745e-01,-5.331118971103498971e-01,5.578143642988760142e-02,-5.446999673388847718e+00,-2.870492942945283232e+00,-1.616579814605795473e+00,-1.597334298710671874e+02,-1.371592760603065919e+01,6.620000000000000107e+00,6.620000000000000107e+00,4.124525327145907305e-02,2.392767636859129132e-01
9.400000000000007239e-01,3.919654113410616092e-01,7.890911402915739420e-03,-1.032136861200235067e+00,-5.093082567661858656e-02,2.883906279263939373e-02,-2.122237481462675213e+00,8.211433546625378499e-01,1.908346653338302279e-01,-5.354490319068355708e-01,5.099074259619203880e-02,-5.555969887530032736e+00,-2.925153828008843604e+00,-1.630888977556121722e+00,-1.596288683196557088e+02,-1.384320307013363660e+01,6.620000000000000107e+00,6.620000000000000107e+00,4.071918681044141286e-02,2.090898659461893072e-01
9.420000000000007256e-01,3.918635496897083792e-01,7.948589528501017951e-03,-1.036381336163160416e+00,-3.957196103655220148e-02,2.568156507327154850e-02,-2.117943852655737480e+00,8.207032462535753803e-01,1.872908902332433845e-01,-5.378117585937275402e-01,4.611741908221266006e-02,-5.645789155886073551e+00,-2.973746510053321135e+00,-1.645762334122169213e+00,-1.595264079936800954e+02,-1.396645965922642674e+01,6.620000000000000107e+00,6.620000000000000107e+00,4.015432072836075394e-02,1.804704934531633498e-01
9.440000000000007274e-01,3.917844057676352909e-01,7.999952658647561249e-03,-1.040617223868471886e+00,-2.832229726297074909e-02,2.238538011233687230e-02,-2.113616727739436651e+00,8.202194241094278304e-01,1.836756364302229716e-01,-5.401927256905371122e-01,4.117251518403100552e-02,-5.717651316500455216e+00,-3.016593689192034411e+00,-1.661127207912342696e+00,-1.594259067066932971e+02,-1.408649051027900434e+01,6.620000000000000107e+00,6.620000000000000107e+00,3.949672521285774868e-02,1.535094977671153660e-01
9.460000000000007292e-01,3.917277611731093678e-01,8.044723418872235660e-03,-1.044844457323950815e+00,-1.718573108366132363e-02,1.895024972291378673e-02,-2.109255706909743289e+00,8.196902094816070905e-01,1.800034277474907018e-01,-5.425852097719646716e-01,3.616651235419460902e-02,-5.772983669639508264e+00,-3.054028472644549463e+00,-1.676911855194334056e+00,-1.593272302132377547e+02,-1.420405355409734049e+01,6.620000000000000107e+00,6.620000000000000107e+00,3.859826459218474587e-02,1.284035317183804814e-01
9.480000000000007310e-01,3.916933897109420304e-01,8.082623918318062803e-03,-1.049062968737770385e+00,-6.165939934344034923e-03,1.537609877847894747e-02,-2.104860523304106223e+00,8.191143228001501742e-01,1.762876831399714239e-01,-5.449831167269775234e-01,3.110918577111737582e-02,-5.813830984840183902e+00,-3.086358835642125431e+00,-1.693047034921100202e+00,-1.592302452268360753e+02,-1.431986005765571157e+01,6.620000000000000107e+00,6.620000000000000107e+00,3.694259647114128686e-02,1.055478346694237873e-01
9.500000000000007327e-01,3.916810578310733204e-01,8.113376115875019917e-03,-1.053272689784378491e+00,4.733612069018322197e-03,1.166301996025491394e-02,-2.100431035174653793e+00,8.184909815364247443e-01,1.725402020716301499e-01,-5.473809553210624568e-01,2.600925920555859430e-02,-5.844001610759349319e+00,-3.113525654021940703e+00,-1.709468398499303099e+00,-1.591347980524553520e+02,-1.443454718745325671e+01,6.620000000000000107e+00,6.620000000000000107e+00,3.235312057617631409e-02,8.536893283885213513e-02
9.520000000000007345e-01,3.916905250552113471e-01,8.136702155795530120e-03,-1.057473551854727800e+00,1.550966877182016757e-02,7.811259089373667405e-03,-2.095967218274263910e+00,8.178203601496512043e-01,1.687697038760672119e-01,-5.497735381786804654e-01,2.087348310116123387e-02,-5.869426972729656633e+00,-3.134020050877625252e+00,-1.726120274647527042e+00,-1.590406222611718192e+02,-1.454860219719410175e+01,6.620000000000000107e+00,6.620000000000000107e+00,1.980999538273443134e-02,6.597971844486712201e-02
9.540000000000007363e-01,3.917215443927549723e-01,8.152324673974278152e-03,-1.061665486291276217e+00,2.615919366061136841e-02,3.821206447107870427e-03,-2.091469163892783367e+00,8.171046658690811482e-01,1.649800624086950329e-01,-5.521547571784916064e-01,1.570567247084118934e-02,-5.887056498397204685e+00,-3.148594354401068163e+00,-1.742954683510796965e+00,-1.589471107312776041e+02,-1.466226782727176570e+01,6.620000000000000107e+00,6.620000000000000107e+00,1.132006434671109854e-02,4.612510727968380242e-02
9.560000000000007381e-01,3.917738627800761986e-01,8.159967086868493910e-03,-1.065848424619061818e+00,3.667945099821275090e-02,-3.065900340401793434e-04,-2.086937100147509216e+00,8.163453432919062225e-01,1.611777158803522347e-01,-5.545191958378903330e-01,1.051122431077674245e-02,-5.891161031481975563e+00,-3.158890013377864125e+00,-1.759918177640211079e+00,-1.588538199718092017e+02,-1.477590714338700195e+01,6.620000000000000107e+00,6.620000000000000107e+00,1.097881522512748551e-02,2.594847903246855908e-02
9.580000000000007399e-01,3.918472216820726439e-01,8.159353906800413669e-03,-1.070022298819356843e+00,4.706797617491939589e-02,-4.571446713213982507e-03,-2.082371375534289193e+00,8.155422171611992344e-01,1.573738464716360752e-01,-5.568629009507759520e-01,5.298492163176062204e-03,-5.880309770925552293e+00,-3.165139826091058595e+00,-1.776949006922574847e+00,-1.587606501492332995e+02,-1.489012107969609211e+01,6.620000000000000107e+00,6.620000000000000107e+00,1.226609543711839299e-02,5.277811777072358157e-03
9.600000000000007416e-01,3.919413576344225048e-01,8.150211013373985167e-03,-1.074187041570425327e+00,5.732250206258294317e-02,-8.972577094062458153e-03,-2.077772429437334090e+00,8.146950382138478108e-01,1.535808260682231252e-01,-5.591823662228678771e-01,7.667681292978405835e-05,-5.854571894307318836e+00,-3.167442233442356869e+00,-1.793982099318133683e+00,-1.586675672143557563e+02,-1.500557695643770728e+01,6.620000000000000107e+00,6.620000000000000107e+00,1.375730806362404808e-02,-1.509758061162667572e-02
9.620000000000007434e-01,3.920560026385476737e-01,8.132265859185860979e-03,-1.078342586429299921e+00,6.744095440373250316e-02,-1.350910342731878946e-02,-2.073140786814148040e+00,8.138038092882949881e-01,1.498109814231864401e-01,-5.614744508910337606e-01,-5.144981000351218914e-03,-5.814484081929021997e+00,-3.165933836062007511e+00,-1.810952974656242498e+00,-1.585745457176955142e+02,-1.512294707582642417e+01,6.620000000000000107e+00,6.620000000000000107e+00,1.519905511025084616e-02,-3.474146388846700850e-02
9.640000000000007452e-01,3.921908845473551231e-01,8.105247652331223213e-03,-1.082488868002928317e+00,7.742145391937077514e-02,-1.818006673864714859e-02,-2.068477054955014438e+00,8.128688273035308276e-01,1.460762064346742550e-01,-5.637364049422691759e-01,-1.035747336964618591e-02,-5.760755510493157594e+00,-3.160780023891425650e+00,-1.827799619371778261e+00,-1.584815598980790128e+02,-1.524288884606546546e+01,6.620000000000000107e+00,6.620000000000000107e+00,1.653277843605145681e-02,-5.345805627461762410e-02
9.660000000000007470e-01,3.923457274551938601e-01,8.068887518853928853e-03,-1.086625822112838424e+00,8.726231629298988879e-02,-2.298443738470416081e-02,-2.063781919503103524e+00,8.118906750432502983e-01,1.423878156126067440e-01,-5.659658760290131596e-01,-1.555213533882558036e-02,-5.694164536426607803e+00,-3.152160390200759554e+00,-1.844463421980188977e+00,-1.583885821045953435e+02,-1.536603691788395842e+01,6.620000000000000107e+00,6.620000000000000107e+00,1.774117117504216135e-02,-7.116270034599629646e-02
9.680000000000007487e-01,3.925202520877798529e-01,8.022918644084520504e-03,-1.090753385951844567e+00,9.696205030540178127e-02,-2.792112574711692885e-02,-2.059056139969615895e+00,8.108702009568354852e-01,1.387564822268778919e-01,-5.681609002737629810e-01,-2.072069594271970169e-02,-5.615515537286193570e+00,-3.140259897928201926e+00,-1.860889682871951223e+00,-1.582955826194967983e+02,-1.549299958602998473e+01,6.620000000000000107e+00,6.620000000000000107e+00,1.881758400313847390e-02,-8.782369751198318419e-02
9.700000000000007505e-01,3.927141761883906623e-01,7.967076392590286688e-03,-1.094871498231783757e+00,1.065193547641847538e-01,-3.298899272491145201e-02,-2.054300545028807878e+00,8.098084952638983092e-01,1.351922121989251879e-01,-5.703198839459280300e-01,-2.585530380956854724e-02,-5.525618340829112185e+00,-3.125263872923944142e+00,-1.877027902553863870e+00,-1.582025298276085152e+02,-1.562435700962760343e+01,6.620000000000000107e+00,6.620000000000000107e+00,1.975851204841053144e-02,-1.034365020491673087e-01
9.720000000000007523e-01,3.929272148979190415e-01,7.901098407140464200e-03,-1.098980099321841264e+00,1.159331146392397899e-01,-3.818685982788549982e-02,-2.049516027762845916e+00,8.087068648025581563e-01,1.317043354078688000e-01,-5.724415801781622681e-01,-3.094854017747732111e-02,-5.425277377841982052e+00,-3.107355118346645462e+00,-1.892831937191171487e+00,-1.581093905038954119e+02,-1.576066032780612680e+01,6.620000000000000107e+00,6.620000000000000107e+00,2.056149082180409177e-02,-1.180114843006968561e-01
9.740000000000007541e-01,3.931590811271974961e-01,7.824724687484692354e-03,-1.103079131377366906e+00,1.252023966520016685e-01,-4.351351875840524241e-02,-2.044703540953300980e+00,8.075668075913635668e-01,1.283015065310003089e-01,-5.745250630408961223e-01,-3.599342490543749190e-02,-5.315285479283560655e+00,-3.086712204585767783e+00,-1.908260065161715424e+00,-1.580161301580805286e+02,-1.590243127000105972e+01,6.620000000000000107e+00,6.620000000000000107e+00,2.122447981794398086e-02,-1.315676988819175219e-01
9.760000000000007558e-01,3.934094859205015116e-01,7.737697649967881577e-03,-1.107168538459273543e+00,1.343264444743561548e-01,-4.896774041704660130e-02,-2.039864092475708546e+00,8.063899876148172829e-01,1.249917116495403990e-01,-5.765697003222439720e-01,-4.098341815674492322e-02,-5.196420078280430843e+00,-3.063508432916990376e+00,-1.923274988902782923e+00,-1.579227134125089265e+02,-1.605016206728421224e+01,6.620000000000000107e+00,6.620000000000000107e+00,2.174570012494125848e-02,-1.441295021032068802e-01
9.780000000000007576e-01,3.936781388094502399e-01,7.639762169133788167e-03,-1.111248266644224936e+00,1.433046736427946444e-01,-5.454828329595577674e-02,-2.034998740831005737e+00,8.051782101644164857e-01,1.217822786541879060e-01,-5.785751258481282022e-01,-4.591241914823308845e-02,-5.069440740709919346e+00,-3.037911200943658407e+00,-1.937843787144843732e+00,-1.578291043979777442e+02,-1.620431556247768867e+01,6.620000000000000107e+00,6.620000000000000107e+00,2.212361723988874596e-02,-1.557246117396924312e-01
9.800000000000007594e-01,3.939647481567358223e-01,7.530665602541876391e-03,-1.115318264125886971e+00,1.521366662644932644e-01,-6.025390124191808139e-02,-2.030108590834416304e+00,8.039333979805728392e-01,1.186798903456764975e-01,-5.805412118939660138e-01,-5.077476274324906058e-02,-4.935087470739625282e+00,-3.010081617134448440e+00,-1.951937827884960175e+00,-1.577352671543185636e+02,-1.636532546080939454e+01,6.620000000000000107e+00,6.620000000000000107e+00,2.235696840590319090e-02,-1.663829390248572071e-01
9.820000000000007612e-01,3.942690214892647926e-01,7.410157800058040332e-03,-1.119378481307555795e+00,1.608221655747228140e-01,-6.608335058345600477e-02,-2.025194789474178414e+00,8.026575683881045364e-01,1.156905995640811480e-01,-5.824680420724732688e-01,-5.556521435267299663e-02,-4.794079490897702911e+00,-2.980174275514951177e+00,-1.965532649793870545e+00,-1.576411660234140868e+02,-1.653359668556985085e+01,6.620000000000000107e+00,6.620000000000000107e+00,2.244479986420498674e-02,-1.761358540391573246e-01
9.840000000000007629e-01,3.945906658204142436e-01,7.277991098891128073e-03,-1.123428870886504116e+00,1.693610703940360840e-01,-7.203539662515362485e-02,-2.020258521947231323e+00,8.013528115795436335e-01,1.128198459157710720e-01,-5.843558849772966246e-01,-6.027896344084376912e-02,-4.647114326779377080e+00,-2.948337136900450073e+00,-1.978607818135728502e+00,-1.575467660232640412e+02,-1.670950581562451731e+01,6.620000000000000107e+00,6.620000000000000107e+00,2.238650199733403789e-02,-1.850157039875128528e-01
9.860000000000007647e-01,3.949293879612023050e-01,7.133920305640821004e-03,-1.127469387930398526e+00,1.777534295262604702e-01,-7.810881951906555043e-02,-2.015301007875369255e+00,8.000212701689639605e-01,1.100724737981756268e-01,-5.862051687917232412e-01,-6.491161584073273927e-02,-4.494867097334072525e+00,-2.914711483353441324e+00,-1.991146760219706380e+00,-1.574520331928849544e+02,-1.689340158873510234e+01,6.620000000000000107e+00,6.620000000000000107e+00,2.218183845348732641e-02,-1.930554837661406509e-01
9.880000000000007665e-01,3.952848948202548063e-01,6.977702666602690271e-03,-1.131499989946149309e+00,1.859994361329350143e-01,-8.430241952820818896e-02,-2.010323497702827478e+00,7.986651201114297605e-01,1.074527514982105553e-01,-5.880164570212160768e-01,-6.945918503031664470e-02,-4.337989951776522801e+00,-2.879431924605477366e+00,-2.003136584654487962e+00,-1.573569348991862284e+02,-1.708560545888510518e+01,6.620000000000000107e+00,6.620000000000000107e+00,2.183096833429205852e-02,-2.002886005533295877e-01
9.900000000000007683e-01,3.956568936925206614e-01,6.809097827546273761e-03,-1.135520636941554917e+00,1.940994221156270849e-01,-9.061502170115630361e-02,-2.005327269274407520e+00,7.972865530582814442e-01,1.049643911850880601e-01,-5.897904254701878957e-01,-7.391808249192362290e-02,-4.177111617638907148e+00,-2.842626442562512956e+00,-2.014567888112204219e+00,-1.572614400984315637e+02,-1.728641219844512378e+01,6.620000000000000107e+00,6.620000000000000107e+00,2.133446162666222112e-02,-2.067486975753863310e-01
9.920000000000007701e-01,3.960450925367519082e-01,6.627867784143961528e-03,-1.139531291480103681e+00,2.020538525340642988e-01,-9.704547997993072384e-02,-2.000313624591832706e+00,7.958877601957193848e-01,1.026105696456107025e-01,-5.915278405528666683e-01,-7.828510725870291287e-02,-4.012837038570549630e+00,-2.804416464650072882e+00,-2.025434552857369841e+00,-1.571655195463969221e+02,-1.749609053772735123e+01,6.620000000000000107e+00,6.620000000000000107e+00,2.069330843920934304e-02,-2.124695156586372535e-01
9.940000000000007718e-01,3.964492002418200101e-01,6.433776824184099866e-03,-1.143531918729287389e+00,2.098633200849473468e-01,-1.035926807658280185e-01,-1.995283886744950497e+00,7.944709175933202250e-01,1.003939496273604931e-01,-5.932295390028080595e-01,-8.255743474189679298e-02,-3.845747089082554027e+00,-2.764916959733579205e+00,-2.035733537918781977e+00,-1.570691459528189853e+02,-1.771488383564400237e+01,6.620000000000000107e+00,6.620000000000000107e+00,1.990892270944095988e-02,-2.174847791840887612e-01
9.960000000000007736e-01,3.968689268819898808e-01,6.226591462652444203e-03,-1.147522486502777328e+00,2.175285396635089630e-01,-1.102555459697237977e-01,-1.990239397013559008e+00,7.930381730700941656e-01,9.831670166671444000e-02,-5.948964090240829172e-01,-8.673260492615511574e-02,-3.676398358697780644e+00,-2.724236552297096381e+00,-2.045464666454525737e+00,-1.569722940771526964e+02,-1.794301077601924987e+01,6.620000000000000107e+00,6.620000000000000107e+00,1.898314105147404229e-02,-2.218280979693654231e-01
9.980000000000007754e-01,3.973039839613168867e-01,6.006080370712996337e-03,-1.151502965296804515e+00,2.250503430272662031e-01,-1.170330355747622592e-01,-1.985181512134978066e+00,7.915916345684398392e-01,9.638052628686624712e-02,-5.965293729085145991e-01,-9.080851001589423932e-02,-3.505323001159915020e+00,-2.682477651853764744e+00,-2.054630411567859305e+00,-1.568749407639957383e+02,-1.818066608473685974e+01,6.620000000000000107e+00,6.620000000000000107e+00,1.791821738153122345e-02,-2.255328796920230694e-01
1.000000000000000666e+00,3.977540846473714420e-01,5.772014299563471909e-03,-1.155473328321074522e+00,2.324296735789273260e-01,-1.239241497402897296e-01,-1.980111601731978643e+00,7.901333600108493282e-01,9.458667645751035746e-02,-5.981293711269950464e-01,-9.478338161256741334e-02,-3.329484011457877646e+00,-2.668925667468135199e+00,-2.063235682566003426e+00,-1.567770649177738278e+02,-1.842802126341198132e+01,6.620000000000000107e+00,6.620000000000000107e+00,8.879945094150792917e-02,-1.617813398652043488e-01
1.002000000000000668e+00,3.982189439945292841e-01,5.524166000082892519e-03,-1.159433551524538419e+00,2.396675812830370567e-01,-1.309279304764541518e-01,-1.975031045895301096e+00,7.886475028938032539e-01,9.293600820538766571e-02,-5.997207074768798885e-01,-9.865641176146344726e-02,-3.153417316581489160e+00,-2.653409715913454203e+00,-2.071367990381395074e+00,-1.566821179785213474e+02,-1.868540007845587070e+01,6.620000000000000107e+00,6.620000000000000107e+00,8.449319358460712082e-02,-1.664316005954914468e-01
1.004000000000000670e+00,3.986982791570953810e-01,5.262310139129984521e-03,-1.163383613616328915e+00,2.467637087200388046e-01,-1.380435031022213821e-01,-1.969940853064978459e+00,7.871365372311294184e-01,9.142856733335176511e-02,-6.013033065268993393e-01,-1.024266683582710225e-01,-2.977638792563312542e+00,-2.636026447006004858e+00,-2.079025475471442341e+00,-1.565899889967981835e+02,-1.895294816374164171e+01,6.620000000000000107e+00,6.620000000000000107e+00,8.004369539235589581e-02,-1.704727156784374698e-01
1.006000000000000671e+00,3.991918065745354571e-01,4.986223132925541798e-03,-1.167323495322458937e+00,2.537178467361164702e-01,-1.452700145028044121e-01,-1.964842071018722436e+00,7.856028694819517932e-01,9.006397771234632421e-02,-6.028770771823900310e-01,-1.060935492307229222e-01,-2.802545993560874749e+00,-2.616847418259722335e+00,-2.086208745188744995e+00,-1.565005666532949817e+02,-1.923078258109292094e+01,6.620000000000000107e+00,6.620000000000000107e+00,7.547764857875136069e-02,-1.740523545848780829e-01
1.008000000000000673e+00,3.996992422680076817e-01,4.695683103919932530e-03,-1.171253179464496474e+00,2.605299297773005507e-01,-1.526066359307320375e-01,-1.959735783555648148e+00,7.840488375458020132e-01,8.884153993020582618e-02,-6.044418970960288018e-01,-1.096567105144951731e-01,-2.628512351685176274e+00,-2.595941149562046135e+00,-2.092920429888534883e+00,-1.564137401483936571e+02,-1.951899699939002630e+01,6.620000000000000107e+00,6.620000000000000107e+00,7.080487731942847196e-02,-1.771960806859934068e-01
1.010000000000000675e+00,4.002203021275622663e-01,4.390469832058468275e-03,-1.175172651031607840e+00,2.672000323407444089e-01,-1.600525653654764069e-01,-1.954623107562304396e+00,7.824767069359390703e-01,8.776025322367755899e-02,-6.059976069149176636e-01,-1.131160531056374374e-01,-2.455887522485908470e+00,-2.573373260168240861e+00,-2.099165039044859515e+00,-1.563293992392623579e+02,-1.981766265369117974e+01,6.620000000000000107e+00,6.620000000000000107e+00,6.603529295873482308e-02,-1.799288503847821796e-01
1.012000000000000677e+00,4.007547021922437391e-01,4.070364701327515086e-03,-1.179081897246732513e+00,2.737283654403488975e-01,-1.676070295238067109e-01,-1.949505190142158062e+00,7.808886679437666567e-01,8.681883703925223628e-02,-6.075440056235098529e-01,-1.164717091962776535e-01,-2.284997774407642179e+00,-2.549206606384880835e+00,-2.104948817553351059e+00,-1.562474342206967322e+02,-2.012682932348335640e+01,6.620000000000000107e+00,6.620000000000000107e+00,6.117886617082284040e-02,-1.822749772825548731e-01
1.014000000000000679e+00,4.013021589231244302e-01,3.735150642279901588e-03,-1.182980907627016798e+00,2.801152730930899781e-01,-1.752692855394865912e-01,-1.944383205810642057e+00,7.792868337115351762e-01,8.601575216166830462e-02,-6.090808469162649619e-01,-1.197240289318656642e-01,-2.116146420796493288e+00,-2.523501419829042192e+00,-2.110279603122157344e+00,-1.561677358544498020e+02,-2.044652632378180002e+01,6.620000000000000107e+00,6.620000000000000107e+00,5.624559961486234883e-02,-1.842580979456091284e-01
1.016000000000000680e+00,4.018623894693106324e-01,3.384612071200928350e-03,-1.186869674038638189e+00,2.863612288313944210e-01,-1.830386223311425420e-01,-1.939258353757636888e+00,7.776732391292691116e-01,8.534922135455284831e-02,-6.106078365314390188e-01,-1.228735672256545536e-01,-1.949614292587568354e+00,-2.496315446100237700e+00,-2.115166685551696624e+00,-1.560901952521365672e+02,-2.077676350324027510e+01,6.620000000000000107e+00,6.620000000000000107e+00,5.124550128345180255e-02,-1.859011397205538041e-01
1.018000000000000682e+00,4.024351119269733990e-01,3.018534826538643318e-03,-1.190748190746153456e+00,2.924668322459324510e-01,-1.909143616771950824e-01,-1.934131855179046733e+00,7.760498404716974497e-01,8.481724946337261539e-02,-6.121246304757876899e-01,-1.259210707634013660e-01,-1.785660249416753498e+00,-2.467704083654018277e+00,-2.119620668608299674e+00,-1.560147037170254691e+02,-2.111753224388034056e+01,6.620000000000000107e+00,6.620000000000000107e+00,4.618855870658261642e-02,-1.872262909935402675e-01
1.020000000000000684e+00,4.030200455914652591e-01,2.636706103184253188e-03,-1.194616454456511656e+00,2.984328055622628706e-01,-1.988958590166783058e-01,-1.929004950678943509e+00,7.744185156917666735e-01,8.441764293660401763e-02,-6.136308340691326579e-01,-1.288674652284639011e-01,-1.624521726576376501e+00,-2.437720522620612229e+00,-2.123653335106663764e+00,-1.559411525501409130e+02,-2.146880645748878180e+01,6.620000000000000107e+00,6.620000000000000107e+00,4.108471413881302492e-02,-1.882549742329144848e-01
1.022000000000000686e+00,4.036169112025898009e-01,2.238914385150896687e-03,-1.198474464357869529e+00,3.042599902538848933e-01,-2.069825039945905054e-01,-1.923878897743593219e+00,7.727810652890055865e-01,8.414802872671801881e-02,-6.151260017376402045e-01,-1.317138427746359086e-01,-1.466415314971922790e+00,-2.406415883269974021e+00,-2.127277515731407664e+00,-1.558694328261117050e+02,-2.183054357416533264e+01,6.620000000000000107e+00,6.620000000000000107e+00,3.594384082509913259e-02,-1.890078220979921619e-01
1.024000000000000687e+00,4.042254311830975610e-01,1.824949377161715677e-03,-1.202322222153356712e+00,3.099493436934321333e-01,-2.151737207701340249e-01,-1.918754968288538310e+00,7.711392136734318559e-01,8.400587253814549571e-02,-6.166096374852098050e-01,-1.344614497712422196e-01,-1.311537371034095845e+00,-2.373839353787011941e+00,-2.130506962048963171e+00,-1.557994351441252547e+02,-2.220268551892282716e+01,6.620000000000000107e+00,6.620000000000000107e+00,3.077572041154046090e-02,-1.895046568399058051e-01
1.026000000000000689e+00,4.048453298704844383e-01,1.394601935621447592e-03,-1.206159732089933767e+00,3.155019358429876353e-01,-2.234689681058290023e-01,-1.913634446279788071e+00,7.694946109487982300e-01,8.398849639479070983e-02,-6.180811959735159622e-01,-1.371116748422541998e-01,-1.160064653394040857e+00,-2.340038326988163941e+00,-2.133356224087562314e+00,-1.557310493591886598e+02,-2.258515967264620983e+01,6.620000000000000107e+00,6.620000000000000107e+00,2.559002154123904416e-02,-1.897644731649881789e-01
1.028000000000000691e+00,4.054763337421704028e-01,9.476639994097895824e-04,-1.209987000982493344e+00,3.209189459838140968e-01,-2.318677392550359817e-01,-1.908518625430065896e+00,7.678488350426129205e-01,8.409309550484680984e-02,-6.195400841429001826e-01,-1.396660372185130616e-01,-1.012154983035643996e+00,-2.305058535583423662e+00,-2.135840532795167945e+00,-1.556641642986754732e+02,-2.297787981410423441e+01,6.620000000000000107e+00,6.620000000000000107e+00,2.039627965286693045e-02,-1.898054246776798015e-01
1.030000000000000693e+00,4.061181716341380477e-01,4.839285208997176255e-04,-1.213804038233353477e+00,3.262016594851797624e-01,-2.403695616649095812e-01,-1.903408806970969813e+00,7.662033941144628102e-01,8.431675440560308654e-02,-6.209856633084072097e-01,-1.421261754195897176e-01,-8.679479235931837344e-01,-2.268944185566737826e+00,-2.137975687622779120e+00,-1.555986674688554956e+02,-2.338074704007518534e+01,6.620000000000000107e+00,6.620000000000000107e+00,1.520387798042692473e-02,-1.896448139692186730e-01
1.032000000000000695e+00,4.067705749531084214e-01,3.189397569898456616e-06,-1.217610855847295337e+00,3.313514646114206208e-01,-2.489739965112389708e-01,-1.898306297501821449e+00,7.645597291786219163e-01,8.465646237559336373e-02,-6.224172516677440870e-01,-1.444938362793868614e-01,-7.275654784605337655e-01,-2.231738087302543860e+00,-2.139777949423503411e+00,-1.555344447557773435e+02,-2.379365066099629900e+01,6.620000000000000107e+00,6.620000000000000107e+00,1.002202973684668263e-02,-1.892990863711292437e-01
1.034000000000000696e+00,4.074332778823312462e-01,-4.947585954525794780e-04,-1.221407468442299082e+00,3.363698493659125210e-01,-2.576806380810242048e-01,-1.893212406915908863e+00,7.629192168816406605e-01,8.510912810579718268e-02,-6.238341271607290572e-01,-1.467708643273123725e-01,-5.911128014147074561e-01,-2.193481783867235357e+00,-2.141263938805987088e+00,-1.554713801245074194e+02,-2.421646906987490055e+01,6.620000000000000107e+00,6.620000000000000107e+00,4.859761451670760457e-03,-1.887838273489135799e-01
1.036000000000000698e+00,4.081060175810630741e-01,-1.010119871614627990e-03,-1.225193893256130817e+00,3.412583983702336399e-01,-2.664891130179964929e-01,-1.888128446404760297e+00,7.612831723805077999e-01,8.567159362565986147e-02,-6.252355306228438714e-01,-1.489591915347307227e-01,-4.586789175268225494e-01,-2.154215676201430174e+00,-2.142450540034039896e+00,-1.554093553203378235e+02,-2.464907058250702931e+01,6.620000000000000107e+00,6.620000000000000107e+00,-2.741025762906940111e-04,-1.881137634719323715e-01
1.038000000000000700e+00,4.087885343778035474e-01,-1.543098097650621005e-03,-1.228970150148940288e+00,3.460187897764742115e-01,-2.753990794456274149e-01,-1.883055726541026154e+00,7.596528522719777632e-01,8.634064748343672768e-02,-6.266206691787408189e-01,-1.510608274344371615e-01,-3.303374512326367474e-01,-2.113979144631968676e+00,-2.143354810522355436e+00,-1.553482495751579506e+02,-2.509131424733902804e+01,6.620000000000000107e+00,6.620000000000000107e+00,-5.370954756949194997e-03,-1.873027668602288420e-01
1.040000000000000702e+00,4.094805719573564873e-01,-2.093896256541875889e-03,-1.232736261602022321e+00,3.506527922103968020e-01,-2.844102259814931810e-01,-1.877995555440484354e+00,7.580294575286925518e-01,8.711303718379111161e-02,-6.279887198249386460e-01,-1.530778496190946525e-01,-2.061473585578746381e-01,-2.072810666331299068e+00,-2.143993895940875749e+00,-1.552879393217627069e+02,-2.554305062357714462e+01,6.620000000000000107e+00,6.620000000000000107e+00,-1.042241766706791806e-02,-1.863638629781963207e-01
1.042000000000000703e+00,4.101818775417772622e-01,-2.662716708504862285e-03,-1.236492252712903195e+00,3.551622617429617268e-01,-2.935222706561715356e-01,-1.872949237003622702e+00,7.564141364027344716e-01,8.798548088868796135e-02,-6.293388331544137460e-01,-1.550123946229233496e-01,-8.615366063608176361e-02,-2.030747928296054994e+00,-2.144384950907305409e+00,-1.552282979184335261e+02,-2.600412252640342814e+01,6.620000000000000107e+00,6.620000000000000107e+00,-1.542035653960507902e-02,-1.853092416183949043e-01
1.044000000000000705e+00,4.108922020652631679e-01,-3.249761249817205433e-03,-1.240238151186910498e+00,3.595491388876045913e-01,-3.027349597491595934e-01,-1.867918069237191503e+00,7.548079872621659137e-01,8.895467839043194602e-02,-6.306701371793124178e-01,-1.568666491894301906e-01,2.961182418556239371e-02,-1.987827935445761307e+00,-2.144545065218244506e+00,-1.551691953856986572e+02,-2.647436573839192775e+01,6.620000000000000107e+00,6.620000000000000107e+00,-2.035689083500637209e-02,-1.841502708965138402e-01
1.046000000000000707e+00,4.116113003430383888e-01,-3.855231169315524471e-03,-1.243973987325384778e+00,3.638154456205849874e-01,-3.120480665536143894e-01,-1.862903342656049954e+00,7.532120613309122303e-01,9.001732136821287422e-02,-6.319817412115478206e-01,-1.586428419266065482e-01,1.411297521881126893e-01,-1.944087113466329342e+00,-2.144491195544117268e+00,-1.551104981567495145e+02,-2.695360968643933219e+01,6.620000000000000107e+00,6.620000000000000107e+00,-2.522440494312341852e-02,-1.828975140601711291e-01
1.048000000000000709e+00,4.123389312342795598e-01,-4.479327302422753468e-03,-1.247699794010696861e+00,3.679632824217095033e-01,-3.214613900810377456e-01,-1.857906338765557219e+00,7.516273653069505123e-01,9.117010294175138807e-02,-6.332727397645382394e-01,-1.603432353497885599e-01,2.483925324294520010e-01,-1.899561406050809031e+00,-2.144240102491187017e+00,-1.550520688425728224e+02,-2.744167808373019568e+01,6.620000000000000107e+00,6.620000000000000107e+00,-3.001555806113893887e-02,-1.815607488998766672e-01
1.050000000000000711e+00,4.130748577991229520e-01,-5.122250082584828799e-03,-1.251415606688228044e+00,3.719948253327655108e-01,-3.309747537163617581e-01,-1.852928328624683818e+00,7.500548638381943078e-01,9.240972653760240463e-02,-6.345422164428045075e-01,-1.619701183112683129e-01,3.514036133776022308e-01,-1.854286366221314708e+00,-2.143808292915189817e+00,-1.549937660124514878e+02,-2.793838953644863565e+01,6.620000000000000107e+00,6.620000000000000107e+00,-3.472329328845157048e-02,-1.801489895396447549e-01
1.052000000000000712e+00,4.138188474497884739e-01,-5.784199590017552461e-03,-1.255121463345477473e+00,3.759123230310808528e-01,-3.405880038332384507e-01,-1.847970571489927272e+00,7.484954818396246656e-01,9.373291408538300673e-02,-6.357892477894948602e-01,-1.635257988147394426e-01,4.501767800240306094e-01,-1.808297241450531612e+00,-2.143211967355188818e+00,-1.549354439900985767e+02,-2.844355811512766508e+01,6.620000000000000107e+00,6.620000000000000107e+00,-3.934084597447179421e-02,-1.786705103773953141e-01
1.054000000000000714e+00,4.145706720958506342e-01,-6.465375597684029640e-03,-1.258817404488457248e+00,3.797180939157402957e-01,-3.503010083787038154e-01,-1.843034313540026004e+00,7.469501066391494026e-01,9.513641356266619442e-02,-6.370129070651751046e-01,-1.650125972117613693e-01,5.447354632902928762e-01,-1.761629052338300028e+00,-2.142466972442860218e+00,-1.548769526653155708e+02,-2.895699389069461560e+01,6.620000000000000107e+00,6.620000000000000107e+00,-4.386175134968324507e-02,-1.771328719408726271e-01
1.056000000000000716e+00,4.153301082836821090e-01,-7.165977614441437424e-03,-1.262503473115537345e+00,3.834145232041425433e-01,-3.601136554357737274e-01,-1.838120786681359586e+00,7.454195899433117001e-01,9.661700590853503079e-02,-6.382122679343512628e-01,-1.664328397766105805e-01,6.351120633622459044e-01,-1.714316664637875576e+00,-2.141588758131297787e+00,-1.548181373207155502e+02,-2.947850343542702589e+01,6.620000000000000107e+00,6.620000000000000107e+00,-4.827985146462657196e-02,-1.755429484232852722e-01
1.058000000000000718e+00,4.160969373300903995e-01,-7.886204925312985045e-03,-1.266179714688900004e+00,3.870040600367621320e-01,-3.700258517719370310e-01,-1.833231207433809962e+00,7.439047496173275542e-01,9.817151132683979431e-02,-6.393864080391870042e-01,-1.677888526551498949e-01,7.213472884114795480e-01,-1.666394854467087017e+00,-2.140592339578311076e+00,-1.547588384727193898e+02,-3.000789028917843027e+01,6.620000000000000107e+00,6.620000000000000107e+00,-5.258930145573983278e-02,-1.739069566637833630e-01
1.060000000000000719e+00,4.168709454501638989e-01,-8.626256628856859496e-03,-1.269846177103767682e+00,3.904892145881867505e-01,-3.800375213809441544e-01,-1.828366775896738572e+00,7.424063712770055945e-01,9.979679500106214407e-02,-6.405344124427286845e-01,-1.690829561826779348e-01,8.034895099949367347e-01,-1.617898366581250080e+00,-2.139492263511856951e+00,-1.546988917257231435e+02,-3.054495539136845039e+01,6.620000000000000107e+00,6.620000000000000107e+00,-5.678457515145967499e-02,-1.722304863409926112e-01
1.062000000000000721e+00,4.176519238793402478e-01,-9.386331671618747957e-03,-1.273502910655561093e+00,3.938725551827263471e-01,-3.901486040247451603e-01,-1.823528674794601567e+00,7.409252096928669040e-01,1.014897722433757282e-01,-6.416553769266307716e-01,-1.703174595651086587e-01,8.815941362619753585e-01,-1.568861965626847876e+00,-2.138302578899466511e+00,-1.546381276380470240e+02,-3.108949747935633923e+01,6.620000000000000107e+00,6.620000000000000107e+00,-6.086047002685365803e-02,-1.705185311528651382e-01
1.064000000000000723e+00,4.184396689897056931e-01,-1.016662887966823803e-02,-1.277149968005150349e+00,3.971567054131333596e-01,-4.003590537819131656e-01,-1.818718068601584692e+00,7.394619900092674891e-01,1.032474131010223950e-01,-6.427484111309005321e-01,-1.714946559172725316e-01,9.557230039441604319e-01,-1.519320480337206458e+00,-2.137036811739100539e+00,-1.545763715980069435e+02,-3.164131345393202110e+01,6.620000000000000107e+00,6.620000000000000107e+00,-6.481211151039871499e-02,-1.687755207627704424e-01
1.066000000000000725e+00,4.192339824005319460e-01,-1.096734698723206454e-02,-1.280787404142353481e+00,4.003443412612244234e-01,-4.106688376083948433e-01,-1.813936102744492684e+00,7.380174087835089658e-01,1.050667464435057763e-01,-6.438126415255304158e-01,-1.726168176516127140e-01,1.025943789957420638e+00,-1.469308840673243965e+00,-2.135707943785634999e+00,-1.545134437082042211e+02,-3.220019871276397083e+01,6.620000000000000107e+00,6.620000000000000107e+00,-6.863495664242501293e-02,-1.670053532997739787e-01
1.068000000000000727e+00,4.200346710830543673e-01,-1.178868466244885338e-02,-1.284415276347842472e+00,4.034381882194563174e-01,-4.210779339159616552e-01,-1.809183902882967709e+00,7.365921348518312817e-01,1.069448635543565340e-01,-6.448472142060684975e-01,-1.736861922100728650e-01,1.092329443309167702e+00,-1.418862107953432927e+00,-2.134328395024966518e+00,-1.544491586758992980e+02,-3.276594745273898468e+01,6.620000000000000107e+00,6.620000000000000107e+00,-7.232479708140657215e-02,-1.652114282102863929e-01
1.070000000000000728e+00,4.208415474594932593e-01,-1.263084053028077670e-02,-1.288033644153608437e+00,4.064410184127698611e-01,-4.315863311732927032e-01,-1.804462574265954355e+00,7.351868100308102116e-01,1.088789212513563004e-01,-6.458512975071936113e-01,-1.747049981315269840e-01,1.154957637874733045e+00,-1.368015498057048696e+00,-2.132910009706409316e+00,-1.543833257071266871e+02,-3.333835294221413648e+01,6.620000000000000107e+00,6.620000000000000107e+00,-7.587776145154651042e-02,-1.633966792683423652e-01
1.072000000000000730e+00,4.216544294963188166e-01,-1.349401319262736286e-02,-1.291642569302140275e+00,4.093556477202793809e-01,-4.421940265342007570e-01,-1.799773201163151537e+00,7.338020496640480506e-01,1.108661445591313383e-01,-6.468240844301992309e-01,-1.756754214466852704e-01,1.213910246487990507e+00,-1.316804397823209127e+00,-2.131464045743521218e+00,-1.543157484020137531e+02,-3.391720776427776940e+01,6.620000000000000107e+00,6.620000000000000107e+00,-7.929031702320479824e-02,-1.615636075626378787e-01
1.074000000000000732e+00,4.224731407917593495e-01,-1.437840124569576480e-02,-1.295242115704466679e+00,4.121849328966421533e-01,-4.529010244971201637e-01,-1.795116846370023556e+00,7.324384430251661415e-01,1.129038289579546162e-01,-6.477647948819786894e-01,-1.765996123920201277e-01,1.269272836680193972e+00,-1.265264374804886849e+00,-2.130001167293636755e+00,-1.542462246485878268e+02,-3.450230403218159836e+01,6.620000000000000107e+00,6.620000000000000107e+00,-8.255927071649518667e-02,-1.597143142898117263e-01
1.076000000000000734e+00,4.232975106575526114e-01,-1.528420329469000472e-02,-1.298832349397206709e+00,4.149317686931939253e-01,-4.637073355996050306e-01,-1.790494550784760941e+00,7.310965535889859535e-01,1.149893422324333586e-01,-6.486726777246172304e-01,-1.774796824338890910e-01,1.321134188298602075e+00,-1.213431180571685530e+00,-2.128531440327136703e+00,-1.541745465121895222e+02,-3.509343357816203479e+01,6.620000000000000107e+00,6.620000000000000107e+00,-8.568176941795699331e-02,-1.578505331952554103e-01
1.078000000000000735e+00,4.241273741949390108e-01,-1.621161796588921344e-02,-1.302413338498776163e+00,4.175990849791755277e-01,-4.746129751512387918e-01,-1.785907333055403168e+00,7.297769191834437841e-01,1.171201259435188241e-01,-6.495470126360679552e-01,-1.783177015936877607e-01,1.369585833142101139e+00,-1.161340747787532823e+00,-2.127064330998763797e+00,-1.541005001174546578e+02,-3.569038811691380175e+01,6.620000000000000107e+00,6.620000000000000107e+00,-8.865529960039418567e-02,-1.559736625146839195e-01
1.080000000000000737e+00,4.249625723648973730e-01,-1.716084391619169050e-02,-1.305985153164886947e+00,4.201898438636015864e-01,-4.856179620080334769e-01,-1.781356189295150383e+00,7.284800520352376907e-01,1.192936965469635069e-01,-6.503871117835997584e-01,-1.791156960645421958e-01,1.414721616664370352e+00,-1.109029181319333812e+00,-2.125608706635059519e+00,-1.540238655196794753e+02,-3.629295938501368113e+01,6.620000000000000107e+00,6.620000000000000107e+00,-9.147768623692217882e-02,-1.540847962818461259e-01
1.082000000000000739e+00,4.258029520526245837e-01,-1.813207984020775640e-02,-1.309547865543477352e+00,4.227070368185332772e-01,-4.967223173910941258e-01,-1.776842092863716749e+00,7.272064387224699278e-01,1.215076461809762726e-01,-6.511923213127909227e-01,-1.798756461097510417e-01,1.456637281715767118e+00,-1.056532743659914786e+00,-2.124172839154207626e+00,-1.539444165622417984e+02,-3.690093925761592430e+01,6.620000000000000107e+00,6.620000000000000107e+00,-9.414709100172438672e-02,-1.521847548798184180e-01
1.084000000000000741e+00,4.266483661262616689e-01,-1.912552447498994460e-02,-1.313101549729204676e+00,4.251536818047074173e-01,-5.079260637520430777e-01,-1.772365994212389495e+00,7.259565400476309938e-01,1.237596431453920481e-01,-6.519620226557725218e-01,-1.805994842329054217e-01,1.495430074222606320e+00,-1.003887834973132387e+00,-2.122764410737185692e+00,-1.538619207166124738e+02,-3.751411984375398134e+01,6.620000000000000107e+00,6.620000000000000107e+00,-9.666200975207273061e-02,-1.502741147253347787e-01
1.086000000000000743e+00,4.274986734898710838e-01,-2.014137660249402939e-02,-1.316646281717629430e+00,4.275328204006447197e-01,-5.192292236874390676e-01,-1.767928820790290789e+00,7.247307908442133240e-01,1.260474320941914750e-01,-6.526956336632547817e-01,-1.812890936093619065e-01,1.531198370636410733e+00,-9.511309680907586994e-01,-2.121390521572133814e+00,-1.537761389013528515e+02,-3.813229356158457506e+01,6.620000000000000107e+00,6.620000000000000107e+00,-9.902126928867500955e-02,-1.483532369874180357e-01
1.088000000000000744e+00,4.283537391306723729e-01,-2.117983504986890864e-02,-1.320182139359209916e+00,4.298475149365070802e-01,-5.306318189041860922e-01,-1.763531477009162796e+00,7.235295997300187354e-01,1.283688339626750663e-01,-6.533926095655524513e-01,-1.819463067685062330e-01,1.564041326925594610e+00,-8.982987388095957648e-01,-2.120057699497217563e+00,-1.536868252763518115e+02,-3.875525319490134990e+01,6.620000000000000107e+00,6.620000000000000107e+00,-1.012240233943161316e-01,-1.464222952531367694e-01
1.090000000000000746e+00,4.292134341605453596e-01,-2.224109868767728052e-02,-1.323709202313228195e+00,4.321008456340958426e-01,-5.421338692377041246e-01,-1.759174844263831750e+00,7.223533488199053165e-01,1.307217456500306962e-01,-6.540524437684278602e-01,-1.825729045160433273e-01,1.594058548827465449e+00,-8.454277918532332459e-01,-2.118771911370979311e+00,-1.535937270084106387e+02,-3.938279193222423658e+01,6.620000000000000107e+00,6.620000000000000107e+00,-1.032697481539710249e-01,-1.444813020645447643e-01
1.092000000000000748e+00,4.300776358518135778e-01,-2.332536642615268968e-02,-1.327227552001755795e+00,4.342959077544783497e-01,-5.537353917244332013e-01,-1.754859781005354780e+00,7.212023934102576028e-01,1.331041394774266085e-01,-6.546746684900375257e-01,-1.831706150853610604e-01,1.621349783028984026e+00,-7.925547828758983115e-01,-2.117538576003238582e+00,-1.534965840041265324e+02,-4.001470338973897611e+01,6.620000000000000107e+00,6.620000000000000107e+00,-1.051582365630695237e-01,-1.425301342617767419e-01
1.094000000000000750e+00,4.309462276673225456e-01,-2.443283720960155725e-02,-1.330737271563766422e+00,4.364358087547955956e-01,-5.654363997300549949e-01,-1.750587122863697553e+00,7.200770616469367447e-01,1.355140624411309280e-01,-6.552588552456740656e-01,-1.837411135068677814e-01,1.646014628900017485e+00,-7.397163368960285590e-01,-2.116362578483982571e+00,-1.533951286058585026e+02,-4.065078161931806733e+01,6.620000000000000107e+00,6.620000000000000107e+00,-1.068895924341968923e-01,-1.405685570777189530e-01
1.096000000000000751e+00,4.318190992848321419e-01,-2.556371000906166799e-02,-1.334238445809493800e+00,4.385236654558408720e-01,-5.772369021346495099e-01,-1.746357682816662704e+00,7.189776541878414307e-01,1.379496352794959690e-01,-6.558046151872867213e-01,-1.842860211840749440e-01,1.668152270362500911e+00,-6.869490035545349205e-01,-2.115248285752390878e+00,-1.532890852463743272e+02,-4.129082110279995277e+01,6.620000000000000107e+00,6.620000000000000107e+00,-1.084642236162978168e-01,-1.385962469397783448e-01
1.098000000000000753e+00,4.326961466157438485e-01,-2.671818381333096806e-02,-1.337731161175127026e+00,4.405626012220015264e-01,-5.891369025758512734e-01,-1.742172251401656657e+00,7.179044438705194375e-01,1.404090513719630229e-01,-6.563115993049909447e-01,-1.848069056651037989e-01,1.687861227442649215e+00,-6.342892095973240441e-01,-2.114199563253148284e+00,-1.531781700575730838e+02,-4.193461673363769648e+01,6.620000000000000107e+00,6.620000000000000107e+00,-1.098828345441730248e-01,-1.366128129438168581e-01
1.100000000000000755e+00,4.335772718181878371e-01,-2.789645761848267083e-02,-1.341215505677930242e+00,4.425557431551271903e-01,-6.011363987509338314e-01,-1.738031596966774783e+00,7.168576753945341551e-01,1.428905754875417766e-01,-6.567794984979310469e-01,-1.853052805982330076e-01,1.705239127020834911e+00,-5.817732089835703224e-01,-2.113219792532490704e+00,-1.530620904284512278e+02,-4.258196378695171092e+01,6.620000000000000107e+00,6.620000000000000107e+00,-1.111464181398483519e-01,-1.346178169744945419e-01
1.102000000000000757e+00,4.344623833044981009e-01,-2.909873041598453822e-02,-1.344691568871863696e+00,4.445062193038204490e-01,-6.132353817786292405e-01,-1.733936465957587547e+00,7.158375650275035085e-01,1.453925423995008348e-01,-6.572080435219461725e-01,-1.857826058600747232e-01,1.720382492264708407e+00,-5.294370310206085728e-01,-2.112311889632007222e+00,-1.529405445072218299e+02,-4.323265787893338086e+01,6.620000000000000107e+00,6.620000000000000107e+00,-1.122562470909934246e-01,-1.326107924548598771e-01
1.104000000000000759e+00,4.353513957431057180e-01,-3.032520117954179764e-02,-1.348159441803778780e+00,4.464171558895432268e-01,-6.254338356213826611e-01,-1.729887583235929283e+00,7.148443003429133524e-01,1.479133553822762903e-01,-6.575970048215166175e-01,-1.862402878449703203e-01,1.733386550205324950e+00,-4.773164269232563761e-01,-2.111478324144045349e+00,-1.528132206422092736e+02,-4.388649491644802225e+01,6.620000000000000107e+00,6.620000000000000107e+00,-1.132138645350917322e-01,-1.305912617161844591e-01
1.106000000000000760e+00,4.362442300548848295e-01,-3.157606885078455966e-02,-1.351619216970250559e+00,4.482916745507880552e-01,-6.377317365686471229e-01,-1.725885652426925709e+00,7.138780399969768542e-01,1.504514846058679911e-01,-6.579461922534521889e-01,-1.866796799042361732e-01,1.744345056893268797e+00,-4.254468151900211992e-01,-2.110721138798634211e+00,-1.526797967558145217e+02,-4.454327103757580630e+01,6.620000000000000107e+00,6.620000000000000107e+00,-1.140210741813575956e-01,-1.285587519866673023e-01
1.108000000000000762e+00,4.371408134039864168e-01,-3.285153232392185041e-02,-1.355070988275104416e+00,4.501328896063777063e-01,-6.501290527817424891e-01,-1.721931356290455684e+00,7.129389135509635045e-01,1.530054654422481064e-01,-6.582554547097106967e-01,-1.871020829239614380e-01,1.753350139551823395e+00,-3.738632261811382085e-01,-2.110041969458117617e+00,-1.525399396454754708e+02,-4.520278254370987980e+01,6.620000000000000107e+00,6.620000000000000107e+00,-1.146799299054600818e-01,-1.265128100047613613e-01
1.110000000000000764e+00,4.380410791831991779e-01,-3.415179042948533750e-02,-1.358514850987685429e+00,4.519439053387262484e-01,-6.626257439007325889e-01,-1.718025357113212914e+00,7.120270213445776264e-01,1.555738966975599713e-01,-6.585246796466323049e-01,-1.875087460301675946e-01,1.760492155126976321e+00,-3.226002462738740695e-01,-2.109442065402158395e+00,-1.523933042051287146e+02,-4.586482582369878713e+01,6.620000000000000107e+00,6.620000000000000107e+00,-1.151927248549304145e-01,-1.244530152695131064e-01
1.112000000000000766e+00,4.389449669938766396e-01,-3.547704191728680290e-02,-1.361950901701911798e+00,4.537278132976159672e-01,-6.752217607137159794e-01,-1.714168297117535600e+00,7.111424344251284779e-01,1.581554387831389519e-01,-6.587537925277383577e-01,-1.879008674102805865e-01,1.765859564619323585e+00,-2.716919619591897095e-01,-2.108922309792391481e+00,-1.522395325602049923e+02,-4.652919727038017328e+01,6.620000000000000107e+00,6.620000000000000107e+00,-1.155619801056120138e-01,-1.223789919464178672e-01
1.114000000000000767e+00,4.398524226204718612e-01,-3.682748543871423169e-02,-1.365379238296146935e+00,4.554876896247146423e-01,-6.879170448888739520e-01,-1.710360798883186373e+00,7.102851945364068165e-01,1.607488118376403097e-01,-6.589427561870698780e-01,-1.882795952400402040e-01,1.769538822570630554e+00,-2.211719042308261107e-01,-2.108483240212757792e+00,-1.520782531086545362e+02,-4.719569318969831784e+01,6.620000000000000107e+00,6.620000000000000107e+00,-1.157904329117255410e-01,-1.202904194529517551e-01
1.116000000000000769e+00,4.407633979997213070e-01,-3.820331952849197882e-02,-1.368799959893913343e+00,4.572265923986716385e-01,-7.007115287695800943e-01,-1.706603465778314677e+00,7.094553141703768828e-01,1.633527938118195244e-01,-6.590915701198504228e-01,-1.886460287051786866e-01,1.771614281067795726e+00,-1.710729936033470178e-01,-2.108125069188399259e+00,-1.519090794598938032e+02,-4.786410970243581886e+01,6.620000000000000107e+00,6.620000000000000107e+00,-1.158810245939669026e-01,-1.181870417530797579e-01
1.118000000000000771e+00,4.416778511845186328e-01,-3.960474258603113862e-02,-1.372213166825470010e+00,4.589475590001864669e-01,-7.136051352328380837e-01,-1.702896882395906752e+00,7.086527766840218234e-01,1.659662185267789525e-01,-6.592002697070511452e-01,-1.890012191074399717e-01,1.772168107619171096e+00,-1.214274860797981970e-01,-2.107847704592892946e+00,-1.517316092628836088e+02,-4.853424263841311870e+01,6.620000000000000107e+00,6.620000000000000107e+00,-1.158368881115740129e-01,-1.160686753947225008e-01
1.120000000000000773e+00,4.425957463025190219e-01,-4.103195285649681445e-02,-1.375618960590261786e+00,4.606536034959307080e-01,-7.265977776112841902e-01,-1.699241614992128779e+00,7.078775364829215100e-01,1.685879737157675307e-01,-6.592689253801998772e-01,-1.893461710447774671e-01,1.771280216252518525e+00,-7.226692037258453105e-02,-2.107650769860538453e+00,-1.515454229137822040e+02,-4.920588742282274808e+01,6.620000000000000107e+00,6.620000000000000107e+00,-1.156613353654998011e-01,-1.139352163283999797e-01
1.122000000000000774e+00,4.435170535095108724e-01,-4.248514841171938117e-02,-1.379017443820246047e+00,4.623477140396213270e-01,-7.396893596789618774e-01,-1.695638211923110372e+00,7.071295192724411649e-01,1.712169990589113844e-01,-6.592976417325471239e-01,-1.896818436558681820e-01,1.769028211180249555e+00,-2.362206666310501940e-02,-2.107533623927327682e+00,-1.513500821327550057e+02,-4.987883895416457136e+01,6.620000000000000107e+00,6.620000000000000107e+00,-1.153578442806392212e-01,-1.117866455490203192e-01
1.124000000000000776e+00,4.444417489375901420e-01,-4.396452713107730503e-02,-1.382408720244092226e+00,4.640328502878790506e-01,-7.528797757010452507e-01,-1.692087204076890838e+00,7.064086223767241934e-01,1.738522842195505402e-01,-6.592865565824418406e-01,-1.900091519194012923e-01,1.765487342375935631e+00,2.447712283324695454e-02,-2.107495380831104992e+00,-1.511451283985589100e+02,-5.055289147303439279e+01,6.620000000000000107e+00,6.620000000000000107e+00,-1.149300457156120364e-01,-1.096230336061616989e-01
1.126000000000000778e+00,4.453698146381658840e-01,-4.547028668247939803e-02,-1.385792894652245977e+00,4.657119408277549666e-01,-7.661689105476522377e-01,-1.688589105297468196e+00,7.057147151250623418e-01,1.764928668901754594e-01,-6.592358399945297265e-01,-1.903289679989511041e-01,1.760730472406306202e+00,7.200156124973083882e-02,-2.107534928908205707e+00,-1.509300812284409119e+02,-5.122783842078910510e+01,6.620000000000000107e+00,6.620000000000000107e+00,-1.143817102487640902e-01,-1.074445440310848876e-01
1.128000000000000780e+00,4.463012385198213972e-01,-4.700262450357470256e-02,-1.389170072862840888e+00,4.673878806119571849e-01,-7.795566398718450918e-01,-1.685144412798164959e+00,7.050476393046153367e-01,1.791378308552868115e-01,-6.591456932641175381e-01,-1.906421226246115819e-01,1.754828053865008952e+00,1.189230721717676603e-01,-2.107650949530548434e+00,-1.507044362896866403e+02,-5.190347228686631098e+01,6.620000000000000107e+00,6.620000000000000107e+00,-1.137167348890040230e-01,-1.052514357313087678e-01
1.130000000000000782e+00,4.472360142810453132e-01,-4.856173778331838997e-02,-1.392540361688437311e+00,4.690635283968521141e-01,-7.930428303518526345e-01,-1.681753607561850439e+00,7.044072096779213643e-01,1.817863040778538442e-01,-6.590163478697966815e-01,-1.909494065029632981e-01,1.747848116758209391e+00,1.652144322551334921e-01,-2.107841935333670147e+00,-1.504676633278178315e+02,-5.257958444327225322e+01,6.620000000000000107e+00,6.620000000000000107e+00,-1.129391297596914340e-01,-1.030440644057095262e-01
1.132000000000000783e+00,4.481741413378390049e-01,-5.014782344402209796e-02,-1.395903868903560996e+00,4.707417041772309352e-01,-8.066273399974661640e-01,-1.678417154725957872e+00,7.037932145631341507e-01,1.844374568154161231e-01,-6.588480643991602159e-01,-1.912515717473502463e-01,1.739856265197582630e+00,2.108494111735716992e-01,-2.108106207892546990e+00,-1.502192038949534378e+02,-5.325596496446804906e+01,6.620000000000000107e+00,6.620000000000000107e+00,-1.120530048031872922e-01,-1.008228830349311850e-01
1.134000000000000785e+00,4.491156247461934869e-01,-5.176107812401702785e-02,-1.399260703213012880e+00,4.724251866106146114e-01,-8.203100185204449390e-01,-1.675135503950716309e+00,7.032054164744800939e-01,1.870904997712628526e-01,-6.586411314521913862e-01,-1.915493333208688476e-01,1.730915682763305652e+00,2.558028087316753796e-01,-2.108441934808175766e+00,-1.499584688602062386e+02,-5.393240243057625349e+01,6.620000000000000107e+00,6.620000000000000107e+00,-1.110625565529154285e-01,-9.858844150344041324e-02
1.136000000000000787e+00,4.500604751194147157e-01,-5.340169816105791445e-02,-1.402610974220914297e+00,4.741167104224960349e-01,-8.340907077686043891e-01,-1.671909089769591628e+00,7.026435528200261071e-01,1.897446822855365922e-01,-6.583958645266554388e-01,-1.918433704849078214e-01,1.721087145908225535e+00,3.000504890000665892e-01,-2.108847146173792542e+00,-1.496848356821808750e+02,-5.460868371149647515e+01,6.620000000000000107e+00,6.620000000000000107e+00,-1.099720550187166246e-01,-9.634138541070040584e-02
1.138000000000000789e+00,4.510087085402597062e-01,-5.506987957659512101e-02,-1.405954792400453401e+00,4.758189637823728169e-01,-8.479692422230398208e-01,-1.668738331921629792e+00,7.021073366534942295e-01,1.923992905705423639e-01,-6.581126048895780123e-01,-1.921343282465240720e-01,1.710429044784334884e+00,3.435694113511065240e-01,-2.109319750395252768e+00,-1.493976454216532659e+02,-5.528459372915465053e+01,6.620000000000000107e+00,6.620000000000000107e+00,-1.087858307302379951e-01,-9.408245412994901968e-02
1.140000000000000790e+00,4.519603464678244586e-01,-5.676581806104120248e-02,-1.409292269064296610e+00,4.775345856386827847e-01,-8.619454495576397424e-01,-1.665623635666229729e+00,7.015964574765539696e-01,1.950536459939993250e-01,-6.577917184386545824e-01,-1.924228187983937355e-01,1.698997410883944514e+00,3.863376582944993420e-01,-2.109857549345449446e+00,-1.490961994703469884e+02,-5.595991519471255771e+01,6.620000000000000107e+00,6.620000000000000107e+00,-1.075082619818594765e-01,-9.181247817374693643e-02
1.142000000000000792e+00,4.529154156391018149e-01,-5.848970896015648346e-02,-1.412623516335629104e+00,4.792661629987972072e-01,-8.760191512596400276e-01,-1.662565392081890581e+00,7.011105820877679973e-01,1.977071034134549599e-01,-6.574335945572070683e-01,-1.927094229455383334e-01,1.686845950900383029e+00,4.283344600331853713e-01,-2.110458252837727589e+00,-1.487797559693718483e+02,-5.663442831712658432e+01,6.620000000000000107e+00,6.620000000000000107e+00,-1.061437623214757375e-01,-8.953237592603066619e-02
1.144000000000000794e+00,4.538739479650993891e-01,-6.024174726267576135e-02,-1.415948647119792847e+00,4.810162281380269134e-01,-8.901901633094359001e-01,-1.659563978351693336e+00,7.006493554741456409e-01,2.003590495645856950e-01,-6.570386449660736705e-01,-1.929946915134868046e-01,1.674026086226539478e+00,4.695402156808102800e-01,-2.111119492407998788e+00,-1.484475258883577453e+02,-5.730791047896279622e+01,6.620000000000000107e+00,6.620000000000000107e+00,-1.046967683242419622e-01,-8.724314980077042814e-02
1.146000000000000796e+00,4.548359804213754631e-01,-6.202212758929463027e-02,-1.419267775076496152e+00,4.827872557191269509e-01,-9.044582969171637288e-01,-1.656619758039765467e+00,7.002124017410942258e-01,2.030089015056369128e-01,-6.566073025756016257e-01,-1.932791467329965374e-01,1.660586997523975983e+00,5.099365111028297814e-01,-2.111838834399698772e+00,-1.480986687336173588e+02,-5.798013587484094700e+01,6.620000000000000107e+00,6.620000000000000107e+00,-1.031717276913550613e-01,-8.494588188767636383e-02
1.148000000000000798e+00,4.558015549328137128e-01,-6.383104418312895989e-02,-1.422581014592575688e+00,4.845816598010192489e-01,-9.188233593126418075e-01,-1.653733081364769708e+00,6.997993250764316109e-01,2.056561051198106116e-01,-6.561400203407038445e-01,-1.935632835969182397e-01,1.646575673810491303e+00,5.495061333639771339e-01,-2.112613792349838704e+00,-1.477322878508213080e+02,-5.865087510728798748e+01,6.620000000000000107e+00,6.620000000000000107e+00,-1.015730877130414517e-01,-8.264172914564425765e-02
1.150000000000000799e+00,4.567707182524157750e-01,-6.566869090175424251e-02,-1.425888480755305165e+00,4.864017907123611151e-01,-9.332851545840578078e-01,-1.650904285478643541e+00,6.994097107440355732e-01,2.083001336769858547e-01,-6.556372701217313415e-01,-1.938475711852436223e-01,1.632036965529764849e+00,5.882330817854650729e-01,-2.113441838678176143e+00,-1.473474252847120169e+02,-5.931989473412235014e+01,6.620000000000000107e+00,6.620000000000000107e+00,-9.990528413435120769e-02,-8.033191820498096491e-02
1.152000000000000801e+00,4.577435218338404832e-01,-6.753526121092236212e-02,-1.429190289326262464e+00,4.882499317621452062e-01,-9.478434845592367264e-01,-1.648133694761476642e+00,6.990431261026646137e-01,2.109404864557610781e-01,-6.550995415537229638e-01,-1.941324539548268946e-01,1.617013641082855058e+00,6.261025756360022454e-01,-2.114320415684963983e+00,-1.469430561553783718e+02,-5.998695676075529093e+01,6.620000000000000107e+00,6.620000000000000107e+00,-9.817273046213235987e-02,-7.801773983985242633e-02
1.154000000000000803e+00,4.587200216973647549e-01,-6.943094818004083568e-02,-1.432486556715785397e+00,4.901282957556996056e-01,-9.624981497213221937e-01,-1.645421621146652580e+00,6.986991216454742082e-01,2.135766874264324600e-01,-6.545273409263927533e-01,-1.944183529907101693e-01,1.601546446317634542e+00,6.631010585016593462e-01,-2.115246945865851824e+00,-1.465180825076492113e+02,-6.065181806997577496e+01,6.620000000000000107e+00,6.620000000000000107e+00,-9.637980775193868976e-02,-7.570054317310365155e-02
1.156000000000000805e+00,4.597002782888761629e-01,-7.135594447948348518e-02,-1.435777399958078737e+00,4.920390212802538965e-01,-9.772489501481378404e-01,-1.642768364494337385e+00,6.983772320557880553e-01,2.162082839951742219e-01,-6.539211900770366404e-01,-1.947056672164169389e-01,1.585674166488505232e+00,6.992161994010023252e-01,-2.116218841555286723e+00,-1.460713265873744433e+02,-6.131422978086981601e+01,6.620000000000000107e+00,6.620000000000000107e+00,-9.453085491459686796e-02,-7.338172967654661705e-02
1.158000000000000806e+00,4.606843563314366730e-01,-7.331044237977976663e-02,-1.439062936687067307e+00,4.939841687196435127e-01,-9.920956864612153758e-01,-1.640174213036223128e+00,6.980769772747481561e-01,2.188348458093584137e-01,-6.532816252983483229e-01,-1.949947745609957039e-01,1.569433690214649291e+00,7.344368907340050878e-01,-2.117233513912223142e+00,-1.456015234959352256e+02,-6.197393652750444915e+01,6.620000000000000107e+00,6.620000000000000107e+00,-9.263015958402907868e-02,-7.106274703127235526e-02
1.160000000000000808e+00,4.616723246688759774e-01,-7.529463375270219194e-02,-1.442343285113139695e+00,4.959657159527649517e-01,-1.007038160766304147e+00,-1.637639443920328342e+00,6.977978635765689219e-01,2.214559636236478890e-01,-6.526091962629567700e-01,-1.952860330810038958e-01,1.552860074980336957e+00,7.687532431764411145e-01,-2.118288381264092024e+00,-1.451073131725129599e+02,-6.263067564686942745e+01,6.620000000000000107e+00,6.620000000000000107e+00,-9.068194959092067131e-02,-6.874508291464911935e-02
1.162000000000000810e+00,4.626642561007814902e-01,-7.730871007423480157e-02,-1.445618564000980433e+00,4.979855536851154341e-01,-1.022076177561876520e+00,-1.635164323891854732e+00,6.975393846472593973e-01,2.240712482262124938e-01,-6.519044649663130464e-01,-1.955797820360142547e-01,1.535986613735076611e+00,8.021565776561363492e-01,-2.119380876826835181e+00,-1.445872316528133297e+02,-6.328417626430770326e+01,6.620000000000000107e+00,6.620000000000000107e+00,-8.869038509104708312e-02,-6.643025878352595837e-02
1.164000000000000812e+00,4.636602272081516984e-01,-7.935286242935855883e-02,-1.448888892648764193e+00,5.000454803572569329e-01,-1.037209544585438792e+00,-1.632749110154874561e+00,6.973010226628409969e-01,2.266803294241551414e-01,-6.511680046893659757e-01,-1.958763429166022196e-01,1.518844902164237842e+00,8.346394145742586090e-01,-2.120508455820362403e+00,-1.440397015535707794e+02,-6.393415826327176887e+01,6.620000000000000107e+00,6.620000000000000107e+00,-8.665955140305241222e-02,-6.411982372714515599e-02
1.166000000000000814e+00,4.646603181688662154e-01,-8.142728151852943186e-02,-1.452154390869073941e+00,5.021471965684992655e-01,-1.052438073558999543e+00,-1.630394051470326122e+00,6.970822493632995442e-01,2.292828550869915882e-01,-6.504003989822806364e-01,-1.961760204241344840e-01,1.501464906211739114e+00,8.661954604643804512e-01,-2.121668602000079229e+00,-1.434630217348999395e+02,-6.458033112471207460e+01,6.620000000000000107e+00,6.620000000000000107e+00,-8.459345261838190078e-02,-6.181534846851903520e-02
1.168000000000000815e+00,4.656646125620031995e-01,-8.353215766564743572e-02,-1.455415178972014667e+00,5.042922989487691465e-01,-1.067761580784403197e+00,-1.628099389558807619e+00,6.968825271187372161e-01,2.318784902468003228e-01,-6.496022406702468555e-01,-1.964791034020201832e-01,1.483085791325350344e+00,8.965127856270438400e-01,-2.122858833626164898e+00,-1.428553560983032469e+02,-6.522239261973973612e+01,6.620000000000000107e+00,6.620000000000000107e+00,-8.234828060863857990e-02,-5.820581286411874444e-02
1.170000000000000817e+00,4.666731971599007434e-01,-8.566768082721623601e-02,-1.458671377751132203e+00,5.064822734069236443e-01,-1.083179887525897778e+00,-1.625865360892458700e+00,6.967012946969315390e-01,2.344663063074018672e-01,-6.487741905594882619e-01,-1.967864498334780388e-01,1.463372740190415300e+00,9.254523819445988897e-01,-2.124075644714034539e+00,-1.422145974430872286e+02,-6.585997199339068686e+01,6.620000000000000107e+00,6.620000000000000107e+00,-8.002267197161783141e-02,-5.401755736408966890e-02
1.172000000000000819e+00,4.676861617067145649e-01,-8.783404060226802923e-02,-1.461923108472917177e+00,5.087184700747636734e-01,-1.098692822222505416e+00,-1.623692197139738669e+00,6.965379880478590469e-01,2.370451118783414024e-01,-6.479169416422029260e-01,-1.970991701500526827e-01,1.442376392268075236e+00,9.530296777042760459e-01,-2.125315038844001414e+00,-1.415384078409368271e+02,-6.649265491626245250e+01,6.620000000000000107e+00,6.620000000000000107e+00,-7.770037795715679929e-02,-4.990276325006766378e-02
1.174000000000000821e+00,4.687035986468641169e-01,-9.003142624671303662e-02,-1.465170492867196694e+00,5.110020867157993862e-01,-1.114300221427727555e+00,-1.621580127194238052e+00,6.963920525754105917e-01,2.396137515769245774e-01,-6.470311877170257242e-01,-1.974183408058461930e-01,1.420147888025430127e+00,9.792596992135136347e-01,-2.126573052707593892e+00,-1.408242616330652766e+02,-6.712000742196875080e+01,6.620000000000000107e+00,6.620000000000000107e+00,-7.537999468740551323e-02,-4.586080874942739111e-02
1.176000000000000822e+00,4.697256028202957401e-01,-9.226002668956849451e-02,-1.468413653121585227e+00,5.133341597887447483e-01,-1.130001929229931923e+00,-1.619529380909974448e+00,6.962629423411550444e-01,2.421711062849555562e-01,-6.461176238205839084e-01,-1.977450039611630406e-01,1.396738725742927345e+00,1.004157055675137800e+00,-2.127845769723905711e+00,-1.400694321402959304e+02,-6.774157355981100181e+01,6.620000000000000107e+00,6.620000000000000107e+00,-7.306018819507137385e-02,-4.189092840808866097e-02
1.178000000000000824e+00,4.707522711398732240e-01,-9.452003054802836368e-02,-1.471652711883405074e+00,5.157155544413790649e-01,-1.145797795930706187e+00,-1.617540193866586096e+00,6.961501192678026806e-01,2.447160933079617351e-01,-6.451769466198193914e-01,-1.980801672804215208e-01,1.372200623932972041e+00,1.027735931665545666e+00,-2.129129332799778673e+00,-1.392709781920959529e+02,-6.835687276303418969e+01,6.620000000000000107e+00,6.620000000000000107e+00,-7.073970847680567664e-02,-3.799223549137077660e-02
1.180000000000000826e+00,4.717837022487559873e-01,-9.681162613988977816e-02,-1.474887792271138309e+00,5.181469533868402477e-01,-1.161687675759115690e+00,-1.615612813413325632e+00,6.960530523505847889e-01,2.472476664421536519e-01,-6.442098547632084671e-01,-1.984248038384041346e-01,1.346585389088660767e+00,1.050010087330703001e+00,-2.130419956243620572e+00,-1.384257308053462339e+02,-6.896539691096403146e+01,6.620000000000000107e+00,6.620000000000000107e+00,-6.841740401311119379e-02,-3.416374446110478913e-02
1.182000000000000828e+00,4.728199961555296649e-01,-9.913500149140801188e-02,-1.478119017897965071e+00,5.206288446478986032e-01,-1.177671423347187218e+00,-1.613747506289417766e+00,6.959712168846330371e-01,2.497648159541848711e-01,-6.432170491887722052e-01,-1.987798521288919873e-01,1.319944788405240432e+00,1.070992866525932952e+00,-2.131713936845549551e+00,-1.375302804771323224e+02,-6.956660706529925164e+01,6.620000000000000107e+00,6.620000000000000107e+00,-6.609223707616235233e-02,-3.040439373759868530e-02
1.184000000000000830e+00,4.738612538448254696e-01,-1.014903443381023895e-01,-1.481346512910543867e+00,5.231615082068876710e-01,-1.193748888629544203e+00,-1.611944568173042214e+00,6.959040937163876173e-01,2.522665684785609930e-01,-6.421992333864204872e-01,-1.991462161697246380e-01,1.292330427035481399e+00,1.090697213257417530e+00,-2.133007664138922621e+00,-1.365809657282412388e+02,-7.015992986470550363e+01,6.620000000000000107e+00,6.620000000000000107e+00,-6.376330019994179421e-02,-2.671306900098075615e-02
1.186000000000000831e+00,4.749075768612392445e-01,-1.038778421153614823e-01,-1.484570402046889948e+00,5.257450016766188616e-01,-1.209919909757513734e+00,-1.610204335570756262e+00,6.958511685271173697e-01,2.547519868373087082e-01,-6.411571136117177883e-01,-1.995247656983457352e-01,1.263793629354443837e+00,1.109135696937101123e+00,-2.134297629860140155e+00,-1.355738637540656839e+02,-7.074475356839583640e+01,6.620000000000000107e+00,6.620000000000000107e+00,-6.142983424201892140e-02,-2.308862733555486907e-02
1.188000000000000833e+00,4.759590668645924949e-01,-1.062976819348765145e-01,-1.487790810718031542e+00,5.283791452195426563e-01,-1.226184303535719167e+00,-1.608527200520982747e+00,6.958119311567866339e-01,2.572201697862446235e-01,-6.400913990475427529e-01,-1.999163364519219444e-01,1.234385323620961206e+00,1.126320547138130124e+00,-2.135580436624985534e+00,-1.345047843167271253e+02,-7.132042374958848541e+01,6.620000000000000107e+00,6.620000000000000107e+00,-5.909124851941573858e-02,-1.952992257092116268e-02
1.190000000000000835e+00,4.770158251550316031e-01,-1.087500505419479596e-01,-1.491007865119073461e+00,5.310635060994823853e-01,-1.242541852799220248e+00,-1.606913628644474734e+00,6.957858749768041084e-01,2.596702516918958370e-01,-6.390028019093773048e-01,-2.003217305261615622e-01,1.204155929336088171e+00,1.142263698732718380e+00,-2.136852805840657954e+00,-1.333692683559587806e+02,-7.188623865489221032e+01,6.620000000000000107e+00,6.620000000000000107e+00,-5.674714354593819732e-02,-1.603583222080726817e-02
1.192000000000000837e+00,4.780779521672305910e-01,-1.112351342475463994e-01,-1.494221692376362487e+00,5.337973834653847449e-01,-1.258992290056271779e+00,-1.605364181123473788e+00,6.957724963206225466e-01,2.621014021428150764e-01,-6.378920374890419964e-01,-2.007417168069910440e-01,1.173155246518700290e+00,1.156976848502738076e+00,-2.138111584873118698e+00,-1.321625932148290019e+02,-7.244144426738903064e+01,6.620000000000000107e+00,6.620000000000000107e+00,-5.439733692533528508e-02,-1.260528645864014349e-02
1.194000000000000838e+00,4.791455469341613371e-01,-1.137531188276589417e-01,-1.497432420738609382e+00,5.365797942542891441e-01,-1.275535276634244042e+00,-1.603879541217108740e+00,6.957712939817520814e-01,2.645128254987172411e-01,-6.367598241306196005e-01,-2.011770314692654382e-01,1.141432346054831015e+00,1.170471524524293594e+00,-2.139353753489396492e+00,-1.308797868742672108e+02,-7.298522914141254603e+01,6.620000000000000107e+00,6.620000000000000107e+00,-5.204189294828832912e-02,-9.237299587587118749e-03
1.196000000000000840e+00,4.802187065226699025e-01,-1.163041893809274308e-01,-1.500640179821043585e+00,5.394094614761655304e-01,-1.292170376498418483e+00,-1.602460545904720757e+00,6.957817687894812808e-01,2.669037603805465841e-01,-6.356068831310571765e-01,-2.016283785366715375e-01,1.109035460244458093e+00,1.182759169822249934e+00,-2.140576429594098773e+00,-1.295156541647308757e+02,-7.351671911802924342e+01,6.620000000000000107e+00,6.620000000000000107e+00,-4.968115637952594255e-02,-5.931004447238413108e-03
1.198000000000000842e+00,4.812975254456222096e-01,-1.188885301339242667e-01,-1.503845100912853061e+00,5.422848066195021799e-01,-1.308897023887521494e+00,-1.601108223164508404e+00,6.958034232734816582e-01,2.692734791042981080e-01,-6.344339385565490597e-01,-2.020964304969196101e-01,1.076011872688083182e+00,1.193851241939211771e+00,-2.141776874278554565e+00,-1.280648185583604572e+02,-7.403497208450795597e+01,6.620000000000000107e+00,6.620000000000000107e+00,-4.731579077309988612e-02,-2.685690127571919300e-03
1.200000000000000844e+00,4.823820950588612044e-01,-1.215063241816993073e-01,-1.507047317359182070e+00,5.452039485003218333e-01,-1.325714483958947643e+00,-1.599823835205534062e+00,6.958357614294179427e-01,2.716212870611716679e-01,-6.332417169642994281e-01,-2.025818289661758531e-01,1.042407806754634736e+00,1.203759330120795390e+00,-2.142952496199777901e+00,-1.265217838037499831e+02,-7.453897301108354156e+01,6.620000000000000107e+00,6.620000000000000107e+00,-4.494682137710651060e-02,4.991567964496637644e-04
1.202000000000000846e+00,4.834725029558618603e-01,-1.241577531496172032e-01,-1.510246965029593103e+00,5.481647115620263966e-01,-1.342621805806968771e+00,-1.598608927629190601e+00,6.958782885986523059e-01,2.739465220464879502e-01,-6.320309470177358779e-01,-2.030851853964438791e-01,1.008268312091094243e+00,1.212495291720745438e+00,-2.144100855304788666e+00,-1.248810202794582267e+02,-7.502762958610219357e+01,6.620000000000000107e+00,6.620000000000000107e+00,-4.257568223012326430e-02,3.623807578432097082e-03
1.204000000000000847e+00,4.845688323789859031e-01,-1.268429967612311471e-01,-1.513444182884851497e+00,5.511646473883619057e-01,-1.359617767570119762e+00,-1.597465383943960759e+00,6.959305114759605226e-01,2.762485535397864456e-01,-6.308023589818317900e-01,-2.036070818192235177e-01,9.736371490229674963e-01,1.220071409087414294e+00,-2.145219665913806306e+00,-1.231370813983008929e+02,-7.549976887699271799e+01,6.620000000000000107e+00,6.620000000000000107e+00,-4.020426634612314643e-02,6.688243686175522618e-03
1.206000000000000849e+00,4.856711616737626191e-01,-1.295622322963713990e-01,-1.516639113652739512e+00,5.542010739471996406e-01,-1.376700813954915947e+00,-1.596395484031209344e+00,6.959919382596795323e-01,2.785267819387276522e-01,-6.295566840840872702e-01,-2.041480716182243471e-01,9.385566713140053308e-01,1.226500567493320926e+00,-2.146306799173477220e+00,-1.212847555202864953e+02,-7.595413556792368581e+01,6.620000000000000107e+00,6.620000000000000107e+00,-3.783497686306806773e-02,9.692107465724101797e-03
1.208000000000000851e+00,4.867795638216569909e-01,-1.323156339242812229e-01,-1.519831904620801977e+00,5.572711377118432230e-01,-1.393868987455830100e+00,-1.595401964001152084e+00,6.960620789585783008e-01,2.807806377499236228e-01,-6.282946537262277253e-01,-2.047086803231555063e-01,9.030677086706823120e-01,1.231796453473957609e+00,-2.147360284888739201e+00,-1.193192583858367328e+02,-7.638939246001973515e+01,6.620000000000000107e+00,6.620000000000000107e+00,-3.547077563123882116e-02,1.263465325220391317e-02
1.210000000000000853e+00,4.878941060970806709e-01,-1.351033718991928867e-01,-1.523022708548804172e+00,5.603719041059169736e-01,-1.411119855923333777e+00,-1.594488073353360624e+00,6.961404458685982455e-01,2.830095807407272401e-01,-6.270169985322140427e-01,-2.052894064156267906e-01,8.672094516563505495e-01,1.235973771099169394e+00,-2.148378312739331442e+00,-1.172364697491798466e+02,-7.680412405518491425e+01,6.620000000000000107e+00,6.620000000000000107e+00,-3.311522391039251750e-02,1.551470237221422126e-02
1.212000000000000854e+00,4.890148499052924813e-01,-1.379256116110395558e-01,-1.526211684695510939e+00,5.635004813945966307e-01,-1.428450440965838508e+00,-1.593657623488903052e+00,6.962265542299349574e-01,2.852130990574380798e-01,-6.257244472202458940e-01,-2.058907221369652152e-01,8.310193433655903572e-01,1.239048471069140511e+00,-2.149359232884631155e+00,-1.150332153085273319e+02,-7.719684416023399365e+01,6.620000000000000107e+00,6.620000000000000107e+00,-3.077250767026999331e-02,1.833060706404322782e-02
1.214000000000000856e+00,4.901418508680816521e-01,-1.407825124929712457e-01,-1.529398999942488846e+00,5.666541818209955839e-01,-1.445857153932151418e+00,-1.592915019538269084e+00,6.963199230701124787e-01,2.873907083174442878e-01,-6.244177252907330278e-01,-2.065130742862947288e-01,7.945329842955844990e-01,1.241037984020232576e+00,-2.150301555958847199e+00,-1.127075908310686145e+02,-7.756600851434070876e+01,6.620000000000000107e+00,6.620000000000000107e+00,-2.844743761214128114e-02,2.108023013663198886e-02
1.216000000000000858e+00,4.912751592317236571e-01,-1.436742268008355528e-01,-1.532584829981565422e+00,5.698307210398297906e-01,-1.463335748734629238e+00,-1.592265265454057888e+00,6.964200762311058002e-01,2.895419506856100611e-01,-6.230975535294186463e-01,-2.071568849956139935e-01,7.577840592427200761e-01,1.241961445078277437e+00,-2.151203952458209834e+00,-1.102593193015658386e+02,-7.791003341929133796e+01,6.620000000000000107e+00,6.620000000000000107e+00,-2.614541180632034417e-02,2.376094897302053963e-02
1.218000000000000860e+00,4.924148206738033218e-01,-1.466008982983048048e-01,-1.535769360512473591e+00,5.730284523638963234e-01,-1.480881303160960893e+00,-1.591713930856405002e+00,6.965265435675651595e-01,2.916663939487530444e-01,-6.217646463356247821e-01,-2.078225524669712332e-01,7.208042975136655928e-01,1.241839891754818570e+00,-2.152065251523396672e+00,-1.076901240028710163e+02,-7.822732119003700291e+01,6.620000000000000107e+00,6.620000000000000107e+00,-2.387232737898353427e-02,2.636969385807827471e-02
1.220000000000000862e+00,4.935608775785311209e-01,-1.495626609046267208e-01,-1.538952788374186476e+00,5.762466258731365754e-01,-1.498488241954032185e+00,-1.591267067910235422e+00,6.966388622884553961e-01,2.937636306062516023e-01,-6.204197099004329363e-01,-2.085104516554092402e-01,6.836234798487641484e-01,1.240696412301503182e+00,-2.152884439124849170e+00,-1.050040911735685114e+02,-7.851629289310969284e+01,6.620000000000000107e+00,6.620000000000000107e+00,-2.163442785642257643e-02,2.890303097311603883e-02
1.222000000000000863e+00,4.947133708302773880e-01,-1.525596373885347856e-01,-1.542135322510006956e+00,5.794856543685364958e-01,-1.516150414947958991e+00,-1.590931068393139247e+00,6.967565783960217862e-01,2.958332769993889944e-01,-6.190634402784679358e-01,-2.092209348804721647e-01,6.462695065810478701e-01,1.238556217558256511e+00,-2.153660655666693735e+00,-1.022079864895903683e+02,-7.877542826605312598e+01,6.620000000000000107e+00,6.620000000000000107e+00,-1.943807565009358571e-02,3.135729899335563953e-02
1.224000000000000865e+00,4.958723421390144881e-01,-1.555919382184307032e-01,-1.545317184646793240e+00,5.827473595258861883e-01,-1.533861240964632611e+00,-1.590712455856678975e+00,6.968792481548581330e-01,2.978749725064639975e-01,-6.176965214190582865e-01,-2.099543323491745994e-01,6.087685408949239374e-01,1.235446607464327773e+00,-2.154393193037263288e+00,-9.931148209023842810e+01,-7.900331190825220062e+01,6.620000000000000107e+00,6.620000000000000107e+00,-1.728944575540411824e-02,3.372880428320813168e-02
1.226000000000000867e+00,4.970378368580662398e-01,-1.586596607003599724e-01,-1.548498609558506489e+00,5.860351643077974515e-01,-1.551613922220233865e+00,-1.590617615766561466e+00,6.970064395019029968e-01,2.998883788341623613e-01,-6.163196232459730028e-01,-2.107109525749425172e-01,5.711452377669961056e-01,1.231396805273197836e+00,-2.155081491150821815e+00,-9.632724786683418472e+01,-7.919868385339553640e+01,6.620000000000000107e+00,6.620000000000000107e+00,-1.519414757364538973e-02,3.601407272492390677e-02
1.228000000000000869e+00,4.982099071866818440e-01,-1.617628885448004483e-01,-1.551679844790039509e+00,5.893541943088813628e-01,-1.569401724513666219e+00,-1.590652477278964527e+00,6.971377332885788647e-01,3.018731794371270483e-01,-6.149333998965651471e-01,-2.114910826806494226e-01,5.334230626470504166e-01,1.226437639498297205e+00,-2.155725134045226365e+00,-9.327086500920309220e+01,-7.936049159834270483e+01,6.620000000000000107e+00,6.620000000000000107e+00,-1.315679633142764413e-02,3.821014643099790442e-02
1.230000000000000870e+00,4.993886155752996214e-01,-1.649016919938277870e-01,-1.554861149744597437e+00,5.927112539153547299e-01,-1.587218306398571865e+00,-1.590822172262639889e+00,6.972727242331896447e-01,3.038290790959005672e-01,-6.135384882466969891e-01,-2.122949885798549874e-01,4.956246941120109328e-01,1.220601066393216305e+00,-2.156323845621995527e+00,-9.016053327611231794e+01,-7.948793976416206419e+01,6.620000000000000107e+00,6.620000000000000107e+00,-1.118057178533417469e-02,4.031490222465400342e-02
1.232000000000000872e+00,5.005740380831302794e-01,-1.680761286066249360e-01,-1.558042794089122607e+00,5.961146546965669923e-01,-1.605058068116040459e+00,-1.591130707546261291e+00,6.974110214596653812e-01,3.057558036773805887e-01,-6.121355068524988452e-01,-2.131229150387624061e-01,4.577724924399686479e-01,1.213919543717779881e+00,-2.156877485135461736e+00,-8.701656607233260843e+01,-7.958053303434473946e+01,6.620000000000000107e+00,6.620000000000000107e+00,-9.266816011686506566e-03,4.232735824716573475e-02
1.234000000000000874e+00,5.017662673925233907e-01,-1.712862447428570301e-01,-1.561225055504215087e+00,5.995738929528912076e-01,-1.622916481554777857e+00,-1.591580691808586634e+00,6.975522485117077176e-01,3.076531000910609492e-01,-6.107250554295837741e-01,-2.139750856318377858e-01,4.198890031977432491e-01,1.206425287360961995e+00,-2.157386042552307703e+00,-8.386069634508726267e+01,-7.963810806461320624e+01,6.620000000000000107e+00,6.620000000000000107e+00,-7.414729319366278326e-03,4.424792858778547888e-02
1.236000000000000876e+00,5.029654151784291871e-01,-1.745320777059665984e-01,-1.564408216887832159e+00,6.030991976581210334e-01,-1.640790359293474943e+00,-1.592173156226792230e+00,6.976960427612086679e-01,3.095207364389239713e-01,-6.093077149625425459e-01,-2.148517026155037091e-01,3.819974542476245460e-01,1.198149462243885077e+00,-2.157849633907675369e+00,-8.071524600331068200e+01,-7.966085080419316000e+01,6.620000000000000107e+00,6.620000000000000107e+00,-5.621219402911235841e-03,4.607858648271621893e-02
1.238000000000000878e+00,5.041716135737454030e-01,-1.778136584245535445e-01,-1.567592563200285838e+00,6.067009935536840093e-01,-1.658678026032180730e+00,-1.592907497000796813e+00,6.978420541751217954e-01,3.113585023383184658e-01,-6.078840484933581978e-01,-2.157529467553347124e-01,3.441221989814111093e-01,1.189121373261353476e+00,-2.158268496776059031e+00,-7.760223502036696175e+01,-7.964929706651879826e+01,6.620000000000000107e+00,6.620000000000000107e+00,-3.880941945278378741e-03,4.782290595428033420e-02
1.240000000000000879e+00,5.053850155608528016e-01,-1.811310144766179187e-01,-1.570778378194287450e+00,6.103893404798654831e-01,-1.676579369216560700e+00,-1.593781549912492324e+00,6.979899434606877673e-01,3.131662093779790101e-01,-6.064546025815888974e-01,-2.166789771509477491e-01,3.062890602482483682e-01,1.179367726948344686e+00,-2.158642985953459714e+00,-7.454251740448782471e+01,-7.960431601856089401e+01,6.620000000000000107e+00,6.620000000000000107e+00,-2.186543118654703244e-03,4.948596876231441122e-02
1.242000000000000881e+00,5.066057942418125126e-01,-1.844841732150510338e-01,-1.573965941294112492e+00,6.141734143507137089e-01,-1.694495764485472789e+00,-1.594791786346246187e+00,6.981393796669108642e-01,3.149436916506543893e-01,-6.050199093698203079e-01,-2.176299311075867715e-01,2.685255388802901266e-01,1.168912028251253510e+00,-2.158973569413787708e+00,-7.155502669723978215e+01,-7.952707817417605440e+01,6.620000000000000107e+00,6.620000000000000107e+00,-5.290819429283680209e-04,5.107414452927634685e-02
1.244000000000000883e+00,5.078341410705139447e-01,-1.878731647440219921e-01,-1.577155524866804992e+00,6.180610862422940555e-01,-1.712429890990147641e+00,-1.595933601948562153e+00,6.982900373710694275e-01,3.166908062946621749e-01,-6.035804891344619394e-01,-2.186059241030559042e-01,2.308608664312921943e-01,1.157774160265002905e+00,-2.159260824562104553e+00,-6.865619480058131785e+01,-7.941901110131327357e+01,6.620000000000000107e+00,6.620000000000000107e+00,1.101418472842979890e-03,5.259477159725903239e-02
1.246000000000000885e+00,5.090702632429985330e-01,-1.912980245260022805e-01,-1.580347392070702073e+00,6.220586366978481108e-01,-1.730385466808817441e+00,-1.597201657736497582e+00,6.984415936145651482e-01,3.184074339732319014e-01,-6.021368531630354459e-01,-2.196070498928614501e-01,1.933259005521662244e-01,1.145970171685869010e+00,-2.159505434766459953e+00,-6.585957980980803939e+01,-7.928174709296061451e+01,6.620000000000000107e+00,6.620000000000000107e+00,2.715359747404434004e-03,5.405577962758954108e-02
1.248000000000000886e+00,5.103143805163942170e-01,-1.947587954596199100e-01,-1.583541795386175011e+00,6.261706182388524500e-01,-1.748366942417791670e+00,-1.598590230987092742e+00,6.985937247675880757e-01,3.200934792253977701e-01,-6.006895067801021337e-01,-2.206333807858747442e-01,1.559528794772156168e-01,1.133512272035202439e+00,-2.159708186115301132e+00,-6.317570814441004501e+01,-7.911706737740719575e+01,6.620000000000000107e+00,6.620000000000000107e+00,4.322969235469296262e-03,5.546529934691354219e-02
1.250000000000000888e+00,5.115667217528718780e-01,-1.982555293444555056e-01,-1.586738975848149158e+00,6.303998564564065044e-01,-1.766379189826171814e+00,-1.600093538869877152e+00,6.987461034962171302e-01,3.217488706344629468e-01,-5.992389523460383005e-01,-2.216849681090804769e-01,1.187750660347094561e-01,1.120409013224133776e+00,-2.159869964323470448e+00,-6.061211012852008650e+01,-7.892684710310642515e+01,6.620000000000000107e+00,6.620000000000000107e+00,5.933774668040736611e-03,5.683130030474603522e-02
1.252000000000000890e+00,5.128275214657846970e-01,-2.017882877241078399e-01,-1.589939162925888994e+00,6.347475636085752049e-01,-1.784427218198740173e+00,-1.601706008689831595e+00,6.988983959820262992e-01,3.233735607773851606e-01,-5.977856920730675316e-01,-2.227618428650406934e-01,8.182631946638690978e-02,1.106665621023190438e+00,-2.159991751698825624e+00,-5.817351046304198547e+01,-7.871300450965848938e+01,6.620000000000000107e+00,6.620000000000000107e+00,7.556193947834348446e-03,5.816128662289256346e-02
1.254000000000000892e+00,5.140970165930018876e-01,-2.053571421605053238e-01,-1.593142574943268608e+00,6.392135303473259755e-01,-1.802515936514189177e+00,-1.603422481259543897e+00,6.990502595089950200e-01,3.249675259378915215e-01,-5.963302305356052990e-01,-2.238640165715876928e-01,4.514063485777907586e-02,1.092284432660187043e+00,-2.160074624082822581e+00,-5.586212698938832943e+01,-7.847745662985579429e+01,6.620000000000000107e+00,6.620000000000000107e+00,9.197258674188264066e-03,5.946206719941145996e-02
1.256000000000000894e+00,5.153754436536965855e-01,-2.089621740335337041e-01,-1.596349419905787714e+00,6.437963604803903506e-01,-1.820649973022074208e+00,-1.605238345328825034e+00,6.992013404922862163e-01,3.265307655848816437e-01,-5.948730767904139016e-01,-2.249914822615450005e-01,8.751686236504359340e-03,1.077265396418000565e+00,-2.160119747689336567e+00,-5.367803154817861611e+01,-7.822208278387893188e+01,6.620000000000000107e+00,6.620000000000000107e+00,1.086246944493732616e-02,6.073960409554953616e-02
1.258000000000000895e+00,5.166630363746573806e-01,-2.126034739795778505e-01,-1.599559896596445263e+00,6.484937183832691909e-01,-1.838833552154681250e+00,-1.607149609394931122e+00,6.993512729842785713e-01,3.280633016335525176e-01,-5.934147460603181878e-01,-2.261442156119182201e-01,-2.730759776785394999e-02,1.061606593900331186e+00,-2.160128375782890409e+00,-5.161953298888883523e+01,-7.794869618874284356e+01,6.620000000000000107e+00,6.620000000000000107e+00,1.255576620200004462e-02,6.199893310088826215e-02
1.260000000000000897e+00,5.179600238114239197e-01,-2.162811410838872128e-01,-1.602774195815235059e+00,6.533025661935939477e-01,-1.857070423192831443e+00,-1.609152922091110494e+00,6.994996776593782606e-01,3.295651775184114118e-01,-5.919557609688946842e-01,-2.273221761672634955e-01,-6.300540544127664067e-02,1.045304753367021444e+00,-2.160101845156658928e+00,-4.968355161688611332e+01,-7.765902329971018503e+01,6.620000000000000107e+00,6.620000000000000107e+00,1.427958881287277534e-02,6.324414454894917992e-02
1.262000000000000899e+00,5.192666289438111482e-01,-2.199952819302728735e-01,-1.605992501659417204e+00,6.582193759939470867e-01,-1.875363831486815736e+00,-1.611245554118253098e+00,6.996461612528881435e-01,3.310364571145921753e-01,-5.904966523402070955e-01,-2.285253086205663864e-01,-9.831134892061449415e-02,1.028355731234019244e+00,-2.160041572389236553e+00,-4.786596418076348414e+01,-7.735469004366152035e+01,6.620000000000000107e+00,6.620000000000000107e+00,1.603500089481827567e-02,6.447841004932453046e-02
1.264000000000000901e+00,5.205830676957990955e-01,-2.237460095932465032e-01,-1.609214992767653785e+00,6.632403093288893325e-01,-1.893716521899788008e+00,-1.613425354208832374e+00,6.997903164111238805e-01,3.324772235469924397e-01,-5.890379595965729020e-01,-2.297535441163174597e-01,-1.331967021093610204e-01,1.010754947057721731e+00,-2.159949049875297344e+00,-4.616190731695994032e+01,-7.703721386962249085e+01,6.620000000000000107e+00,6.620000000000000107e+00,1.782185187893722475e-02,6.570404102198948437e-02
1.266000000000000902e+00,5.219095483144569059e-01,-2.275334426370460850e-01,-1.612441843476071446e+00,6.683613618915701382e-01,-1.912130764636628566e+00,-1.615690689826094095e+00,6.999317218993883483e-01,3.338875779264777188e-01,-5.875802307990404261e-01,-2.310068015437941324e-01,-1.676345707795843520e-01,9.924977642560700586e-01,-2.159825841637997623e+00,-4.456603438472531309e+01,-7.670800047845126812e+01,6.620000000000000107e+00,6.620000000000000107e+00,1.963895663057893190e-02,6.692256673114804766e-02
1.268000000000000904e+00,5.232462710382400628e-01,-2.313577041663193445e-01,-1.615673224855723733e+00,6.735784749274036365e-01,-1.930608395033380553e+00,-1.618040380976361492e+00,7.000699431099864922e-01,3.352676380496655839e-01,-5.861240223809119909e-01,-2.322849887930750756e-01,-2.015999999535321163e-01,9.735798141421697638e-01,-2.159673578940133787e+00,-4.307272565209222392e+01,-7.636834414711701413e+01,6.620000000000000107e+00,6.620000000000000107e+00,2.148427707264056671e-02,6.813482203101565993e-02
1.270000000000000906e+00,5.245934279880948292e-01,-2.352189209563861072e-01,-1.618909305617676431e+00,6.788876170580003810e-01,-1.949150860652139494e+00,-1.620473633177727635e+00,7.002045328126473844e-01,3.366175370945234113e-01,-5.846698986257504727e-01,-2.335880039513890116e-01,-2.350700259814324511e-01,9.539972645892045300e-01,-2.159493955716964120e+00,-4.167625501506093855e+01,-7.601943068443549123e+01,6.620000000000000107e+00,6.620000000000000107e+00,2.335509517868818857e-02,6.934103762790656822e-02
1.272000000000000908e+00,5.259512032222107836e-01,-2.391172226776903942e-01,-1.622150252884031918e+00,6.842848411950038789e-01,-1.967759270783735026e+00,-1.622989973583100154e+00,7.003350320930207262e-01,3.379374223389411958e-01,-5.832184309392532962e-01,-2.349157364225201439e-01,-2.680236818062086135e-01,9.337470370283195154e-01,-2.159288723856832348e+00,-4.037091820418221744e+01,-7.566234220710104807e+01,6.620000000000000107e+00,6.620000000000000107e+00,2.524817086494742305e-02,7.054092796863621617e-02
1.274000000000000909e+00,5.273197729046007476e-01,-2.430527412192578507e-01,-1.625396232831198162e+00,6.897663213698895790e-01,-1.986434445001729499e+00,-1.625589192622856727e+00,7.004609714300785717e-01,3.392274539241627029e-01,-5.817701969603727985e-01,-2.362680679568227582e-01,-3.004419640726104790e-01,9.128269767981380678e-01,-2.159059688356905760e+00,-3.915112814889345572e+01,-7.529806308165326811e+01,6.620000000000000107e+00,6.620000000000000107e+00,2.715988151943876314e-02,7.173377372670095009e-02
1.276000000000000911e+00,5.286993055473405700e-01,-2.470256101092613010e-01,-1.628647411216443963e+00,6.953283739738346236e-01,-2.005176958653722696e+00,-1.628271292322801322e+00,7.005818718693314073e-01,3.404878036798792973e-01,-5.803257795520466722e-01,-2.376448735837262682e-01,-3.323077703055859478e-01,8.912359824088290638e-01,-2.158808702381077360e+00,-3.801148318439557272e+01,-7.492748652403003007e+01,6.620000000000000107e+00,6.620000000000000107e+00,2.908634219007771859e-02,7.291849725173403518e-02
1.278000000000000913e+00,5.300899622952882639e-01,-2.510359640265687475e-01,-1.631903953801089546e+00,7.009674673221021335e-01,-2.023987184113599014e+00,-1.631036441616877219e+00,7.006972462550707936e-01,3.417186540231593184e-01,-5.788857657065478168e-01,-2.390460224423420765e-01,-3.636058135988130546e-01,8.689740993083608922e-01,-2.158537662245862965e+00,-3.694681338063072928e+01,-7.455142147561380739e+01,6.620000000000000107e+00,6.620000000000000107e+00,3.102350695070768896e-02,7.409373032450761176e-02
1.280000000000000915e+00,5.314918972299325084e-01,-2.550839383947959282e-01,-1.635166026684323315e+00,7.066802227924448010e-01,-2.042865327285628307e+00,-1.633884938437596190e+00,7.008066004909357938e-01,3.429201969393288474e-01,-5.774507453951944758e-01,-2.404713785088863909e-01,-3.943225213029707410e-01,8.460425834430123082e-01,-2.158248502358362853e+00,-3.595220965347374431e+01,-7.417059948039617723e+01,6.620000000000000107e+00,6.620000000000000107e+00,3.296725285089562724e-02,7.525787419933264999e-02
1.282000000000000917e+00,5.329052576755174409e-01,-2.591696690493671684e-01,-1.638433796561198585e+00,7.124634101357383287e-01,-2.061811459298771521e+00,-1.636817178054990274e+00,7.009094348037042677e-01,3.440926330494833985e-01,-5.760213103872673379e-01,-2.419208012221368831e-01,-4.244459232103587332e-01,8.224439394341792609e-01,-2.157943190128313038e+00,-3.502303962287200534e+01,-7.378568137247985703e+01,6.620000000000000107e+00,6.620000000000000107e+00,3.491344830194761939e-02,7.640915230189400387e-02
1.284000000000000918e+00,5.343301844957889513e-01,-2.632932919679646933e-01,-1.641707430917308530e+00,7.183139389721102663e-01,-2.080825543609215789e+00,-1.639833626980846892e+00,7.010052449902200999e-01,3.452361707664819424e-01,-5.745980530585813595e-01,-2.433941460101004262e-01,-4.539655337772767196e-01,7.981819376491826601e-01,-2.157623720874149331e+00,-3.415495349701128447e+01,-7.339726364873621378e+01,6.620000000000000107e+00,6.620000000000000107e+00,3.685800790101748103e-02,7.754565615733850781e-02
1.286000000000000920e+00,5.357668123737331367e-01,-2.674549430551831364e-01,-1.644987098171270201e+00,7.242288479892626807e-01,-2.099907458887330769e+00,-1.642934801706063874e+00,7.010935236317056285e-01,3.463510255390027659e-01,-5.731815652063076971e-01,-2.448912647225447159e-01,-4.828722320529935108e-01,7.732616138894553570e-01,-2.157292112740941015e+00,-3.334388263330210833e+01,-7.300588445088742162e+01,6.620000000000000107e+00,6.620000000000000107e+00,3.879693565825012569e-02,7.866538521034183162e-02
1.288000000000000922e+00,5.372152700697117034e-01,-2.716547579729577944e-01,-1.648272967774682352e+00,7.302052929548580318e-01,-2.119057018139538950e+00,-1.646121251555417109e+00,7.011737612634395544e-01,3.474374191814730839e-01,-5.717724368833423387e-01,-2.464120059751196690e-01,-5.111581422150710541e-01,7.476892548933786742e-01,-2.156950401646134718e+00,-3.258603287810944238e+01,-7.261202911755943035e+01,6.620000000000000107e+00,6.620000000000000107e+00,4.072635844850275300e-02,7.976628121020402917e-02
1.290000000000000924e+00,5.386756806556214361e-01,-2.758928720092368447e-01,-1.651565210277793128e+00,7.362405343349615050e-01,-2.138273984534855288e+00,-1.649393544997661776e+00,7.012454474909013413e-01,3.484955792863367874e-01,-5.703712552627114851e-01,-2.479562154115212969e-01,-5.388165169505987340e-01,7.214723723731383265e-01,-2.156600636267284266e+00,-3.187787432359010253e+01,-7.221613529271049003e+01,6.620000000000000107e+00,6.620000000000000107e+00,4.264255131417879485e-02,8.084625780152689123e-02
1.292000000000000925e+00,5.401481617242913646e-01,-2.801694199783065775e-01,-1.654863997367788553e+00,7.423319250641943201e-01,-2.157558084391119291e+00,-1.652752258820575193e+00,7.013080720460949102e-01,3.495257387141475491e-01,-5.689786035401644959e-01,-2.495237358906023384e-01,-5.658416253674712904e-01,6.946196678834510863e-01,-2.156244873084379510e+00,-3.121612873831753987e+01,-7.181859759467093340e+01,6.620000000000000107e+00,6.620000000000000107e+00,4.454195603420041394e-02,8.190322590586990303e-02
1.294000000000000927e+00,5.416328255744197184e-01,-2.844845361470887957e-01,-1.658169501885429664e+00,7.484768988277639146e-01,-2.176909017741956553e+00,-1.656197969658033786e+00,7.013611257799130527e-01,3.505281351562913317e-01,-5.675950598811558834e-01,-2.511144076055625285e-01,-5.922286466600565902e-01,6.671409904556727666e-01,-2.155885171487999408e+00,-3.059775562031476426e+01,-7.141977186181441084e+01,6.620000000000000107e+00,6.620000000000000107e+00,4.642119416746318117e-02,8.293511541573864165e-02
1.296000000000000929e+00,5.431297793720752942e-01,-2.888383541825726986e-01,-1.661481897824745646e+00,7.546729590787697450e-01,-2.196326466862188909e+00,-1.659731247432064460e+00,7.014041015881531393e-01,3.515030107647035829e-01,-5.662211964168029077e-01,-2.527280681423986208e-01,-6.179735703780827594e-01,6.390472886202769320e-01,-2.155523588963311532e+00,-3.001993757651692363e+01,-7.101997899820607074e+01,6.620000000000000107e+00,6.620000000000000107e+00,4.827707558877950000e-02,8.393989365760137766e-02
1.298000000000000931e+00,5.446391252902328395e-01,-2.932310071162970710e-01,-1.664801360319609680e+00,7.609176689154525386e-01,-2.215810103083160509e+00,-1.663352650342914574e+00,7.014364952702186740e-01,3.524506118427039869e-01,-5.648575782920782773e-01,-2.543645524847062966e-01,-6.430731038444481573e-01,6.103505581785549916e-01,-2.155162176358905946e+00,-2.948006554116938815e+01,-7.061950844667963167e+01,6.620000000000000107e+00,6.620000000000000107e+00,5.010660336668529974e-02,8.491558101995189123e-02
1.300000000000000933e+00,5.461609606280637408e-01,-2.976626273224634023e-01,-1.668128065620295475e+00,7.672086418733902180e-01,-2.235359592184143818e+00,-1.667062721102595679e+00,7.014578063206816649e-01,3.533711885909866512e-01,-5.635047627684129923e-01,-2.560236929717343290e-01,-6.675245870256468761e-01,5.810637868643868664e-01,-2.154802973248557407e+00,-2.897572419757534234e+01,-7.021862131862950207e+01,6.620000000000000107e+00,6.620000000000000107e+00,5.190697568701901909e-02,8.586026408811521515e-02
1.302000000000000934e+00,5.476953779118105547e-01,-3.021333465068317126e-01,-1.671462191062500713e+00,7.735435336398155393e-01,-2.254974598603860958e+00,-1.670861984161494895e+00,7.014675386547831737e-01,3.542649949028353062e-01,-5.621632983819840890e-01,-2.577053192163147877e-01,-6.913259149673240955e-01,5.512008968528887554e-01,-2.154448003393254041e+00,-2.850467785442770108e+01,-6.981755321008068904e+01,6.620000000000000107e+00,6.620000000000000107e+00,5.367558540301084480e-02,8.677210658014483657e-02
1.304000000000000936e+00,5.492424649790902391e-01,-3.066432957040394203e-01,-1.674803915030823598e+00,7.799200346655145166e-01,-2.274654788678254658e+00,-1.674750943723712471e+00,7.014652012696624972e-01,3.551322882027641570e-01,-5.608337241582351806e-01,-2.594092579889653027e-01,-7.144754677582390023e-01,5.207766859189018049e-01,-2.154099270310200875e+00,-2.806485694246093487e+01,-6.941651673284059143e+01,6.620000000000000107e+00,6.620000000000000107e+00,5.541001768970262725e-02,8.764935833781863084e-02
1.306000000000000938e+00,5.508023050484213146e-01,-3.111926052813959176e-01,-1.678153416918271024e+00,7.863358636297660409e-01,-2.294399833077353623e+00,-1.678730082385438305e+00,7.014503088436546685e-01,3.559733293229829787e-01,-5.595165688825820549e-01,-2.611353330740892043e-01,-7.369720478709098632e-01,4.898067679195116098e-01,-2.153758752954951561e+00,-2.765434523335213512e+01,-6.901570378812874651e+01,6.620000000000000107e+00,6.620000000000000107e+00,5.710804619551387157e-02,8.849036259282720696e-02
1.308000000000000940e+00,5.523749767756808149e-01,-3.157814049475506368e-01,-1.681510877083041811e+00,7.927887617021520672e-01,-2.314209408585326422e+00,-1.682799860262732761e+00,7.014223822764100724e-01,3.567883824123381786e-01,-5.582123504267648695e-01,-2.628833651038031127e-01,-7.588148246400744368e-01,4.583075131667166402e-01,-2.153428401522391233e+00,-2.727136783582356117e+01,-6.861528760829146734e+01,6.620000000000000107e+00,6.620000000000000107e+00,5.876762801384687734e-02,8.929356169992423709e-02
1.310000000000000941e+00,5.539605542990850839e-01,-3.204098237647212688e-01,-1.684876476803567336e+00,7.992764875393010282e-01,-2.334083199343318427e+00,-1.686960714501451575e+00,7.013809491728922874e-01,3.575777148726698162e-01,-5.569215751299152473e-01,-2.646531713745110537e-01,-7.800032855754781558e-01,4.262959891652567945e-01,-2.153110133371893387e+00,-2.691427998986019077e+01,-6.821542459023419269e+01,6.620000000000000107e+00,6.620000000000000107e+00,6.038689774054274706e-02,9.005750150537919496e-02
1.312000000000000943e+00,5.555591072741636882e-01,-3.250779901634078817e-01,-1.688250398232570282e+00,8.057968129528811918e-01,-2.354020897653967825e+00,-1.691213059083576997e+00,7.013255442745270907e-01,3.583415973178408209e-01,-5.556447372330846068e-01,-2.664445656509301652e-01,-8.005371941590289087e-01,3.937899021134160793e-01,-2.152805829081675171e+00,-2.658155665577763216e+01,-6.781625594217078401e+01,6.620000000000000107e+00,6.620000000000000107e+00,6.196416083641768241e-02,9.078083449961046880e-02
1.314000000000000945e+00,5.571707009000694821e-01,-3.297860319587158084e-01,-1.691632824350737474e+00,8.123475191860867195e-01,-2.374022204429176774e+00,-1.695557284861703762e+00,7.012557098409072376e-01,3.590803035510262142e-01,-5.543823183657217157e-01,-2.682573579618563464e-01,-8.204165537444687573e-01,3.608075394988050633e-01,-2.152517328637088667e+00,-2.627178287814949087e+01,-6.741790916328751848e+01,6.620000000000000107e+00,6.620000000000000107e+00,6.349788647615561832e-02,9.146232188675609831e-02
1.316000000000000947e+00,5.587953959384416303e-01,-3.345340763675741513e-01,-1.695023938920460882e+00,8.189263937384864134e-01,-2.394086829348267553e+00,-1.699993759767549184e+00,7.011709959855341179e-01,3.597941105561885955e-01,-5.531347870823813961e-01,-2.700913543915536841e-01,-8.396415771575045373e-01,3.273677140646482631e-01,-2.152246427757368963e+00,-2.598364489345868833e+01,-6.702049937400231272e+01,6.620000000000000107e+00,6.620000000000000107e+00,6.498670003392792438e-02,9.210083469052268712e-02
1.318000000000000949e+00,5.604332487259185980e-01,-3.393222500262706998e-01,-1.698423926439996068e+00,8.255312276827513340e-01,-2.414214490781701361e+00,-1.704522829151724927e+00,7.010709609690973787e-01,3.604832985000099854e-01,-5.519025984477842206e-01,-2.719463568702528700e-01,-8.582126615834605454e-01,2.934897093733480067e-01,-2.151994874365147581e+00,-2.571592194332922432e+01,-6.662413051270024766e+01,6.620000000000000107e+00,6.620000000000000107e+00,6.642937533075460310e-02,9.269535400429269878e-02
1.320000000000000950e+00,5.620843111812841020e-01,-3.441506790078340816e-01,-1.701832972098299424e+00,8.321598134209549080e-01,-2.434404915525650193e+00,-1.709144816221120466e+00,7.009551714537749501e-01,3.611481507408881853e-01,-5.506861936682211356e-01,-2.738221629668641244e-01,-8.761303683260676101e-01,2.591932271516884656e-01,-2.151764365202865292e+00,-2.546747875122222027e+01,-6.622889641316363907e+01,6.620000000000000107e+00,6.620000000000000107e+00,6.782482674795346778e-02,9.324497048396025722e-02
1.322000000000000952e+00,5.637486308081259834e-01,-3.490194888388853944e-01,-1.705251261730741597e+00,8.388099428325275220e-01,-2.454657838384580071e+00,-1.713860022547535555e+00,7.008232027219776228e-01,3.617889538419392648e-01,-5.494859997672045804e-01,-2.757185656866443235e-01,-8.933954070234360056e-01,2.244983365650002616e-01,-2.151556542600048694e+00,-2.523725861870082809e+01,-6.583488177539187802e+01,6.620000000000000107e+00,6.620000000000000107e+00,6.917210129383913331e-02,9.374888317363559709e-02
1.324000000000000954e+00,5.654262506937910437e-01,-3.539288045156545603e-01,-1.708678981775836769e+00,8.454794057703226562e-01,-2.474973001632322589e+00,-1.718668728627001041e+00,7.006746388628780631e-01,3.624059975852729765e-01,-5.483024293032002783e-01,-2.776353532762132481e-01,-9.100086239143425626e-01,1.894254255350268368e-01,-2.151372991395250178e+00,-2.502427709714532611e+01,-6.544216304112636351e+01,6.620000000000000107e+00,6.620000000000000107e+00,7.047037069669538634e-02,9.420639774723076065e-02
1.326000000000000956e+00,5.671172095053317319e-01,-3.588787505189192095e-01,-1.712116319233090822e+00,8.521659888654733450e-01,-2.495350154376628105e+00,-1.723571194473841661e+00,7.005090729299587871e-01,3.629995749851193110e-01,-5.471358801272317995e-01,-2.795723090379874098e-01,-9.259709937586597661e-01,1.539951541874959307e-01,-2.151215236016294163e+00,-2.482761619166141287e+01,-6.505080918415092128e+01,6.620000000000000107e+00,6.620000000000000107e+00,7.171892358516598898e-02,9.461692424253279055e-02
1.328000000000000957e+00,5.688215414830626315e-01,-3.638694508276724693e-01,-1.715563461622038544e+00,8.588674746057048948e-01,-2.515789051847715729e+00,-1.728567660237189108e+00,7.003261070726864990e-01,3.635699822976847795e-01,-5.459867351781296785e-01,-2.815292111557953225e-01,-9.412836150292719362e-01,1.182284104899547494e-01,-2.151084737722307683e+00,-2.464641905550749712e+01,-6.466088242432091704e+01,6.620000000000000107e+00,6.620000000000000107e+00,7.291715780721448603e-02,9.497997435865364324e-02
1.330000000000000959e+00,5.705392764322740895e-01,-3.689010289313678914e-01,-1.719020596942512968e+00,8.655816406554720510e-01,-2.536289454627659534e+00,-1.733658346830536878e+00,7.001253526452774212e-01,3.641175190258996164e-01,-5.448553623131862089e-01,-2.835058325331533124e-01,-9.559477080084639589e-01,8.214626811785916138e-02,-2.150982892010835812e+00,-2.447988513541566036e+01,-6.427243887327776406e+01,6.620000000000000107e+00,6.620000000000000107e+00,7.406457293032329969e-02,9.529515838250753046e-02
1.332000000000000961e+00,5.722704397135850440e-01,-3.739736078406232234e-01,-1.722487913636174151e+00,8.723062593896842021e-01,-2.556851127834458559e+00,-1.738843456567205736e+00,6.999064302953710293e-01,3.646424879174897105e-01,-5.437421141719970263e-01,-2.855019406454200603e-01,-9.699646154389891528e-01,4.576994656685442336e-02,-2.150911026193161213e+00,-2.432726573049800578e+01,-6.388552911891557073e+01,6.620000000000000107e+00,6.620000000000000107e+00,7.516076295838250432e-02,9.556218180517406235e-02
1.334000000000000963e+00,5.740150522323643756e-01,-3.790873100962921516e-01,-1.725965600549308476e+00,8.790390976158773961e-01,-2.577473840272186845e+00,-1.744123173796365833e+00,6.996689700352674013e-01,3.651451949550579279e-01,-5.426473280712870162e-01,-2.875172974068060383e-01,-9.833358053983890512e-01,9.120773511425671332e-03,-2.150870397140747681e+00,-2.418785992988039979e+01,-6.350019875487664223e+01,6.620000000000000107e+00,6.620000000000000107e+00,7.620540929435216937e-02,9.578084168441163004e-02
1.336000000000000965e+00,5.757731304275961470e-01,-3.842422577768365155e-01,-1.729453846896901181e+00,8.857779164624807189e-01,-2.598157363556627075e+00,-1.749497665535655777e+00,6.994126112982164134e-01,3.656259493370958569e-01,-5.415713259285588332e-01,-2.895516590529926271e-01,-9.960628760842391571e-01,-2.777985060566970366e-02,-2.150862189205510422e+00,-2.406101089668719695e+01,-6.311648886065209041e+01,6.620000000000000107e+00,6.620000000000000107e+00,7.719827397243535227e-02,9.595102280540178386e-02
1.338000000000000966e+00,5.775446862605211340e-01,-3.894385725039497537e-01,-1.732952842227972523e+00,8.925204714133384565e-01,-2.618901471224160726e+00,-1.754967082097521613e+00,6.991370029820846987e-01,3.660850634490701583e-01,-5.405144142124497231e-01,-2.916047760399182454e-01,-1.008147562217561743e+00,-6.491048578265781743e-02,-2.150887512316382644e+00,-2.394610246844759871e+01,-6.273443643724138497e+01,6.620000000000000107e+00,6.620000000000000107e+00,7.813919317861711678e-02,9.607269368767332174e-02
1.340000000000000968e+00,5.793297272033478551e-01,-3.946763754463980534e-01,-1.736462776392167617e+00,8.992645124708943394e-01,-2.639705937830355786e+00,-1.760531557707233574e+00,6.988418034825518710e-01,3.665228528239288797e-01,-5.394768839177368491e-01,-2.936763929591068578e-01,-1.019591742791398303e+00,-1.022496835083781530e-01,-2.150947400254402009e+00,-2.384255604635867698e+01,-6.235407480277532954e+01,6.620000000000000107e+00,6.620000000000000107e+00,7.902807107426863820e-02,9.614590248233158276e-02
1.342000000000000970e+00,5.811282562282896746e-01,-3.999557873220587756e-01,-1.739983839507582175e+00,9.060077844324511132e-01,-2.660570538043617983e+00,-1.766191211111181936e+00,6.985266807178134307e-01,3.669396360915590516e-01,-5.384590105629925016e-01,-2.957662484697521355e-01,-1.030397449911261587e+00,-1.397760157046149532e-01,-2.151042809108260290e+00,-2.374982774809279462e+01,-6.197543395201976324e+01,6.620000000000000107e+00,6.620000000000000107e+00,7.986487393373641053e-02,9.617077279995672745e-02
1.344000000000000972e+00,5.829402717971545744e-01,-4.052769283981459969e-01,-1.743516221929804599e+00,9.127480272657020333e-01,-2.681495045738381489e+00,-1.771946146174539827e+00,6.981913121466141181e-01,3.673357349169026898e-01,-5.374610542089691689e-01,-2.978740752476314868e-01,-1.040566878493717873e+00,-1.774681016226596630e-01,-2.151174615911988219e+00,-2.366740580096021063e+01,-6.159854088324662769e+01,6.620000000000000107e+00,6.620000000000000107e+00,8.064962460351386697e-02,9.614749950595949390e-02
1.346000000000000973e+00,5.847657678516859914e-01,-4.106399184896227794e-01,-1.747060114222153571e+00,9.194829765713184999e-01,-2.702479233091594324e+00,-1.777796452467750310e+00,6.978353847812522881e-01,3.677114739265869847e-01,-5.364832594958603984e-01,-2.999995999507928390e-01,-1.050102396608535660e+00,-2.153046327635123047e-01,-2.151343617466125568e+00,-2.359480815422254807e+01,-6.122341989557867237e+01,6.620000000000000107e+00,6.620000000000000107e+00,8.138239728765028769e-02,9.607634451677754539e-02
1.348000000000000975e+00,5.866047338048285820e-01,-4.160448769558059423e-01,-1.750615707127089138e+00,9.262103641217834804e-01,-2.723522869685675918e+00,-1.783742205841568174e+00,6.974585951970490028e-01,3.680671806240699562e-01,-5.355258556976714157e-01,-3.021425432018534640e-01,-1.059006556268540900e+00,-2.532643958977425780e-01,-2.151550529343421836e+00,-2.353158029119476780e+01,-6.085009285957710290e+01,6.620000000000000107e+00,6.620000000000000107e+00,8.206331266136129843e-02,9.595763262691978102e-02
1.350000000000000977e+00,5.884571545330721243e-01,-4.214919226951772679e-01,-1.754183191538772224e+00,9.329279184669077019e-01,-2.744625721620630454e+00,-1.789783468990584048e+00,6.970606495396104441e-01,3.684031852934240292e-01,-5.345890567920158487e-01,-3.043026195866513905e-01,-1.067282104489467587e+00,-2.913262942665106880e-01,-2.151795985079766549e+00,-2.347729322347772296e+01,-6.047857946354375258e+01,6.620000000000000107e+00,6.620000000000000107e+00,8.269253331247941596e-02,9.579174739374926584e-02
1.352000000000000979e+00,5.903230103700058962e-01,-4.269811741384185177e-01,-1.757762758476753451e+00,9.396333655975677157e-01,-2.765787550637620829e+00,-1.795920292005305008e+00,6.966412635310649248e-01,3.687198208919922893e-01,-5.336730615437395020e-01,-3.064795376689130602e-01,-1.074931994459578322e+00,-3.294693670496313120e-01,-2.152080535550707108e+00,-2.343154165122907884e+01,-6.010889743774601612e+01,6.620000000000000107e+00,6.620000000000000107e+00,8.327025950823600808e-02,9.557912710378917154e-02
1.354000000000000981e+00,5.922022771012009912e-01,-4.325127492396937390e-01,-1.761354599060763970e+00,9.463244296601819316e-01,-2.787008113255980302e+00,-1.802152712912956201e+00,6.962001624763090035e-01,3.690174229322479849e-01,-5.327780536008661638e-01,-3.086730000205331614e-01,-1.081959396675592933e+00,-3.676728071899752481e-01,-2.152404648533549292e+00,-2.339394227481956534e+01,-5.974106275853979753e+01,6.620000000000000107e+00,6.620000000000000107e+00,8.379672528305413814e-02,9.532026084147844636e-02
1.356000000000000982e+00,5.940949259605213806e-01,-4.380867654662056743e-01,-1.764958904486589875e+00,9.529988337153016964e-01,-2.808287159925382692e+00,-1.808480758207238637e+00,6.957370812701604290e-01,3.692963293532736668e-01,-5.319042016014472463e-01,-3.108827032670093415e-01,-1.088367709917460902e+00,-4.059159776659692631e-01,-2.152768708454670943e+00,-2.336413224453663062e+01,-5.937508983415943931e+01,6.620000000000000107e+00,6.620000000000000107e+00,8.427219484132475458e-02,9.501568467847548716e-02
1.358000000000000984e+00,5.960009236279519840e-01,-4.437033397860564166e-01,-1.768575866003004426e+00,9.596543005344568833e-01,-2.829624434194672133e+00,-1.814904443367310272e+00,6.952517644061811941e-01,3.695568803823456316e-01,-5.310516592899909849e-01,-3.131083381475298633e-01,-1.094160571949696736e+00,-4.441784263055896798e-01,-2.153173016321300981e+00,-2.334176773619943646e+01,-5.901099167376054311e+01,6.620000000000000107e+00,6.620000000000000107e+00,8.469695926774346850e-02,9.466597799901485533e-02
1.360000000000000986e+00,5.979202322290209093e-01,-4.493625886544457826e-01,-1.772205674889739013e+00,9.662885534300679202e-01,-2.851019671898679775e+00,-1.821423773366278143e+00,6.947439659878110740e-01,3.697994183871708418e-01,-5.302205656422356306e-01,-3.153495895891815781e-01,-1.099341869851335307e+00,-4.824398992360766081e-01,-2.153617789836639762e+00,-2.332652264164562439e+01,-5.864878004114027021e+01,6.620000000000000107e+00,6.620000000000000107e+00,8.507133353647070018e-02,9.427175997427406084e-02
1.362000000000000988e+00,5.998528093358810320e-01,-4.550646279982431541e-01,-1.775848522436471510e+00,9.728993171138268226e-01,-2.872472600364211814e+00,-1.828038743169491331e+00,6.942134497423350092e-01,3.700242877193733460e-01,-5.294110449971267673e-01,-3.176061367947213832e-01,-1.103915749890047815e+00,-5.206803530637418298e-01,-2.154103163696810874e+00,-2.331808736404785165e+01,-5.828846559441547015e+01,6.620000000000000107e+00,6.620000000000000107e+00,8.539565380937604033e-02,9.383368619642720732e-02
1.364000000000000989e+00,6.017986079701086455e-01,-4.608095731989715893e-01,-1.779504599922810515e+00,9.794843185794744889e-01,-2.893982937636267128e+00,-1.834749338222917414e+00,6.936599890380975575e-01,3.702318345498641916e-01,-5.286232071949427125e-01,-3.198776533433384528e-01,-1.107886626868564983e+00,-5.588799658777037216e-01,-2.154629190067752553e+00,-2.331616770892724233e+01,-5.793005801281227463e+01,6.620000000000000107e+00,6.620000000000000107e+00,8.567027501261427480e-02,9.335244548077310800e-02
1.366000000000000991e+00,6.037575766072675876e-01,-4.665975390742441165e-01,-1.783174098599256352e+00,9.860412880063604835e-01,-2.915550391725448609e+00,-1.841555534931870186e+00,6.930833669052730572e-01,3.704224066967600759e-01,-5.278571477206051021e-01,-3.221638073038281536e-01,-1.111259192883288893e+00,-5.970191471702948061e-01,-2.155195839239779865e+00,-2.332048386255662464e+01,-5.757356611160716398e+01,6.620000000000000107e+00,6.620000000000000107e+00,8.589556868012490631e-02,9.282875684235170066e-02
1.368000000000000993e+00,6.057296591832802557e-01,-4.724286398576950097e-01,-1.786857209669119984e+00,9.925679596805744298e-01,-2.937174659877445304e+00,-1.848457301130337349e+00,6.924833760604072186e-01,3.705963534465364639e-01,-5.271129478512950328e-01,-3.244642613595958847e-01,-1.114038425445839753e+00,-6.350785467652385607e-01,-2.155803000457159779e+00,-2.333076945019804427e+01,-5.721899794615924151e+01,6.620000000000000107e+00,6.620000000000000107e+00,8.607192105193740839e-02,9.226336665148147931e-02
1.370000000000000995e+00,6.077147951026413697e-01,-4.783029891774498998e-01,-1.790554124271380720e+00,9.990620729307956305e-01,-2.958855427865390908e+00,-1.855454596541130874e+00,6.918598189348589278e-01,3.707540253691142262e-01,-5.263906748075822817e-01,-3.267786729449160266e-01,-1.116229594928284552e+00,-6.730390628425984012e-01,-2.156450482919681999e+00,-2.334677066730067807e+01,-5.686636090588422121e+01,6.620000000000000107e+00,6.620000000000000107e+00,8.619973141474371325e-02,9.165704597093107808e-02
1.372000000000000997e+00,6.097129192485030158e-01,-4.842207000331806843e-01,-1.794265033464462977e+00,1.005521373076316616e+00,-2.980592369305848699e+00,-1.862547373227059655e+00,6.912125077071848978e-01,3.708957741275831776e-01,-5.256903819073520667e-01,-3.291066943918763976e-01,-1.117838271301953901e+00,-7.108818491469903744e-01,-2.157138016952827364e+00,-2.336824547740656399e+01,-5.651566179894077635e+01,6.620000000000000107e+00,6.620000000000000107e+00,8.627941067181814361e-02,9.101058807580138243e-02
1.374000000000000998e+00,6.117239619946556184e-01,-4.901818847717923644e-01,-1.797990128210917193e+00,1.011943612384970104e+00,-3.002385144999115685e+00,-1.869735576033298319e+00,6.905412643394428507e-01,3.710219522832677308e-01,-5.250121087218964089e-01,-3.314479730874569929e-01,-1.118870330148085346e+00,-7.485883214626758431e-01,-2.157865255342793276e+00,-2.339496287107374073e+01,-5.616690692832935383e+01,6.620000000000000107e+00,6.620000000000000107e+00,8.631138012912070723e-02,9.032480615571830684e-02
1.376000000000001000e+00,6.137478492194256008e-01,-4.961866550617906046e-01,-1.801729599362983825e+00,1.018326551038925443e+00,-3.024233402294493889e+00,-1.877019143021096292e+00,6.898459206173173097e-01,3.711329130968299417e-01,-5.243558812336107655e-01,-3.338021516402047140e-01,-1.119331957926064325e+00,-7.861401634359790336e-01,-2.158631774832272310e+00,-2.342670218063933874e+01,-5.582010216004042746e+01,6.620000000000000107e+00,6.620000000000000107e+00,8.629607048429131788e-02,8.960053119760637286e-02
1.378000000000001002e+00,6.157845023215035019e-01,-5.022351218663796413e-01,-1.805483637649025974e+00,1.024667958106529886e+00,-3.046136774481141618e+00,-1.884398005892949257e+00,6.891263181939102367e-01,3.712290103260953433e-01,-5.237217119948054389e-01,-3.361688680559870024e-01,-1.119229656491788072e+00,-8.235193318220381808e-01,-2.159437077772555558e+00,-2.346325244610948957e+01,-5.547525298383228431e+01,6.620000000000000107e+00,6.620000000000000107e+00,8.623392100520645143e-02,8.883861004610847656e-02
1.380000000000001004e+00,6.178338382377165372e-01,-5.083273954153418872e-01,-1.809252433660811787e+00,1.030965612518545793e+00,-3.068094880205072705e+00,-1.891872090409326912e+00,6.883823086369895705e-01,3.713105980212700330e-01,-5.231096002872153150e-01,-3.385477559223293853e-01,-1.118570246864700524e+00,-8.607080612292545840e-01,-2.160280593927202286e+00,-2.350441182788593864e+01,-5.513236456716921907e+01,6.620000000000000107e+00,6.620000000000000107e+00,8.612537888480230330e-02,8.803990363765289151e-02
1.382000000000001005e+00,6.198957694627535986e-01,-5.144635851757520806e-01,-1.813036177841630403e+00,1.037217304047296507e+00,-3.090107322912845067e+00,-1.899441316797030321e+00,6.876137534794346529e-01,3.713780303181967168e-01,-5.225195322818497745e-01,-3.409384446008646985e-01,-1.117360872247347814e+00,-8.976888684309876076e-01,-2.161161682422204411e+00,-2.354998706242313844e+01,-5.479144180280454179e+01,6.620000000000000107e+00,6.620000000000000107e+00,8.597089875901213485e-02,8.720528540322176891e-02
1.384000000000001007e+00,6.219702040708482427e-01,-5.206437998215778240e-01,-1.816835060475224362e+00,1.043420834287359877e+00,-3.112173690322444841e+00,-1.907105600149226143e+00,6.868205242725761162e-01,3.714316612302716036e-01,-5.219514811988883451e-01,-3.433405594274451245e-01,-1.115609000305938681e+00,-9.344445563101040353e-01,-2.162079633837281634e+00,-2.359979295725912607e+01,-5.445248935045398042e+01,6.620000000000000107e+00,6.620000000000000107e+00,8.577094237486519723e-02,8.633563983407070708e-02
1.386000000000001009e+00,6.240570457394229997e-01,-5.268681472022227474e-01,-1.820649271675522707e+00,1.049574017636569101e+00,-3.134293553921841724e+00,-1.914864850817186381e+00,6.860025026420913941e-01,3.714718444396204466e-01,-5.214054074673850625e-01,-3.457537219194955491e-01,-1.113322424724394910e+00,-9.709582174979562996e-01,-2.163033672432657095e+00,-2.365365192218054702e+01,-5.411551167296803300e+01,6.620000000000000107e+00,6.620000000000000107e+00,8.552597839604349217e-02,8.543186120393765626e-02
1.388000000000001011e+00,6.261561937746961126e-01,-5.331367343100664735e-01,-1.824479001377157017e+00,1.055674682276176890e+00,-3.156466468495664923e+00,-1.922718974793744096e+00,6.851595803460827083e-01,3.714989330880993923e-01,-5.208812588845935787e-01,-3.481775499902093340e-01,-1.110509266047765120e+00,-1.007213237765270053e+00,-2.164022958505396943e+00,-2.371139353357127888e+01,-5.378051306737977910e+01,6.620000000000000107e+00,6.620000000000000107e+00,8.523648233351782677e-02,8.449485244067683753e-02
1.390000000000001013e+00,6.282675431392484855e-01,-5.394496672470577847e-01,-1.828324439326744599e+00,1.061720671149117390e+00,-3.178691971680417616e+00,-1.930667874088453750e+00,6.842916593349350762e-01,3.715132795686563183e-01,-5.203789707747779048e-01,-3.506116581692135248e-01,-1.107177971833724683e+00,-1.043193299218313719e+00,-2.165046590869147636e+00,-2.377285412925640173e+01,-5.344749769117591143e+01,6.620000000000000107e+00,6.620000000000000107e+00,8.490293658925557319e-02,8.352552413980462998e-02
1.392000000000001014e+00,6.303909844815467345e-01,-5.458070511904186128e-01,-1.832185775074921530e+00,1.067709842935374631e+00,-3.200969583548619379e+00,-1.938711447094433105e+00,6.833986518125313436e-01,3.715152353175554256e-01,-5.198984661474167490e-01,-3.530556578293554959e-01,-1.103337316133194745e+00,-1.078882383349603735e+00,-2.166103609450865441e+00,-2.383787643139269008e+01,-5.311646958411215991e+01,6.620000000000000107e+00,6.620000000000000107e+00,8.452583060137219828e-02,8.252479371200288627e-02
1.394000000000001016e+00,6.325264041674174553e-01,-5.522089903575158054e-01,-1.836063197969110439e+00,1.073640073023520047e+00,-3.223298806222239854e+00,-1.946849588946847120e+00,6.824804802983784890e-01,3.715051506079337096e-01,-5.194396558547501597e-01,-3.555091574192850712e-01,-1.098996398322950041e+00,-1.114264773988322466e+00,-2.167192997997918091e+00,-2.390630919517354869e+01,-5.278743268587128057e+01,6.620000000000000107e+00,6.620000000000000107e+00,8.410566107957172244e-02,8.149358465637328297e-02
1.396000000000001018e+00,6.346736843134644923e-01,-5.586555879699602878e-01,-1.839956897147004167e+00,1.079509254477529767e+00,-3.245679123515753162e+00,-1.955082191872980379e+00,6.815370776901811256e-01,3.714833743451217973e-01,-5.190024387486545931e-01,-3.579717627015280845e-01,-1.094164641314481434e+00,-1.149325060191597858e+00,-2.168313686888733827e+00,-2.397800688131514590e+01,-5.246039084984032286e+01,6.620000000000000107e+00,6.620000000000000107e+00,8.364293232015101998e-02,8.043282595099643384e-02
1.398000000000001020e+00,6.368327028224195496e-01,-5.651469462169917968e-01,-1.843867061530750195e+00,1.085315298998026812e+00,-3.268110000609117716e+00,-1.963409145533836941e+00,6.805683873263947969e-01,3.714502538641312746e-01,-5.185867018368697234e-01,-3.604430769957724934e-01,-1.088851789164373418e+00,-1.184048139113829556e+00,-2.169464556039985226e+00,-2.405282935046919590e+01,-5.213534785326514509e+01,6.620000000000000107e+00,6.620000000000000107e+00,8.313815659033275962e-02,7.934345155221388113e-02
1.400000000000001021e+00,6.390033334204155979e-01,-5.716831662182100260e-01,-1.847793879821817864e+00,1.091056137877127297e+00,-3.290590883750950102e+00,-1.971830337357191931e+00,6.795743630482676823e-01,3.714061347296678250e-01,-5.181923204386231774e-01,-3.629227014271002028e-01,-1.083067904112076985e+00,-1.218419218887394351e+00,-2.170644437903132218e+00,-2.413064157787357900e+01,-5.181230740402272517e+01,6.620000000000000107e+00,6.620000000000000107e+00,8.259185457221999982e-02,7.822639999400539390e-02
1.402000000000001023e+00,6.411854456961698645e-01,-5.782643479857119129e-01,-1.851737540496532164e+00,1.096729722946087726e+00,-3.313121199992135502e+00,-1.980345652862015360e+00,6.785549692608872085e-01,3.713513605390029726e-01,-5.178191583397353526e-01,-3.654102351789235148e-01,-1.076823363071261808e+00,-1.252423821544290439e+00,-2.171852120542988374e+00,-2.421131338669972521e+01,-5.149127314423656543e+01,6.620000000000000107e+00,6.620000000000000107e+00,8.200455585711730055e-02,7.708261407880037663e-02
1.404000000000001025e+00,6.433789051420620853e-01,-5.848905903856961297e-01,-1.855698231802256126e+00,1.102334027514968007e+00,-3.335700356950080270e+00,-1.988954975974177142e+00,6.775101809927304153e-01,3.712862727279956920e-01,-5.174670679473004631e-01,-3.679052757503948889e-01,-1.070128853600936347e+00,-1.286047786004658633e+00,-2.173086350790844445e+00,-2.429471919869241248e+01,-5.117224865094610209e+01,6.620000000000000107e+00,6.620000000000000107e+00,8.137679948154220855e-02,7.591304065116503963e-02
1.406000000000001027e+00,6.455835731970920310e-01,-5.915619910995962849e-01,-1.859676141754204481e+00,1.107867047303534802e+00,-3.358327742603777644e+00,-1.997658189333341605e+00,6.764399839532291292e-01,3.712112103805280117e-01,-5.171358904440708226e-01,-3.704074192180770164e-01,-1.062995369382277788e+00,-1.319277271154588149e+00,-2.174345837464564557e+00,-2.438073780082109820e+01,-5.085523743402899299e+01,6.620000000000000107e+00,6.620000000000000107e+00,8.070913449668218331e-02,7.471863044585316804e-02
1.408000000000001029e+00,6.477993072916991002e-01,-5.982786465848037860e-01,-1.863671458132871273e+00,1.113326801362637841e+00,-3.381002725119827801e+00,-2.006455174590950463e+00,6.753443745878479065e-01,3.711265100415797047e-01,-5.168254559426772587e-01,-3.729162605016701493e-01,-1.055434205226632782e+00,-1.352098759032271502e+00,-2.175629254647958088e+00,-2.446925212677476935e+01,-5.054024293156283676e+01,6.620000000000000107e+00,6.620000000000000107e+00,8.000212056366237667e-02,7.350033800194508138e-02
1.410000000000001030e+00,6.500259608944243261e-01,-6.050406520350434247e-01,-1.867684368482053214e+00,1.118711332985291129e+00,-3.403724652709513965e+00,-2.015345812699194106e+00,6.742233601301834689e-01,3.710325055341399114e-01,-5.165355836398428657e-01,-3.754313936336039492e-01,-1.047456951639493150e+00,-1.384499058138323635e+00,-2.176935245021657916e+00,-2.456014905223440081e+01,-5.022726850280338340e+01,6.620000000000000107e+00,6.620000000000000107e+00,7.925632856737485632e-02,7.225912163490558204e-02
1.412000000000001032e+00,6.522633835603949271e-01,-6.118481013404624136e-01,-1.871715060107451700e+00,1.124018710606692784e+00,-3.426492853516994064e+00,-2.024329984190865517e+00,6.730769586505981339e-01,3.709295277801228363e-01,-5.162660819707541870e-01,-3.779524120323122793e-01,-1.039075488964418481e+00,-1.416465306883029296e+00,-2.178262423237654843e+00,-2.465331920295114898e+01,-4.991631741894600793e+01,6.620000000000000107e+00,6.620000000000000107e+00,7.847234124221005858e-02,7.099594345870054168e-02
1.414000000000001034e+00,6.545114209816083051e-01,-6.187010870474963786e-01,-1.875763720075833474e+00,1.129247028692410337e+00,-3.449306635538640808e+00,-2.033407569449994234e+00,6.719051991008996305e-01,3.708179046254220235e-01,-5.160167487637634665e-01,-3.804789087790103608e-01,-1.030301981129914557e+00,-1.447984977180354349e+00,-2.179609379329584762e+00,-2.474865677474228676e+01,-4.960739285182948777e+01,6.620000000000000107e+00,6.620000000000000107e+00,7.765075380344936551e-02,6.971176945031511141e-02
1.416000000000001036e+00,6.567699150389931795e-01,-6.255997003185737038e-01,-1.879830535214733533e+00,1.134394408613957461e+00,-3.472165286573507093e+00,-2.042578448973153105e+00,6.707081213545956766e-01,3.706979606692156759e-01,-5.157873713956069306e-01,-3.830104768978050966e-01,-1.021148869021217598e+00,-1.479045878195798247e+00,-2.180974682150834454e+00,-2.484605936459565712e+01,-4.930049786073286100e+01,6.620000000000000107e+00,6.620000000000000107e+00,7.679217457855801177e-02,6.840756954933686906e-02
1.418000000000001037e+00,6.590387038562210975e-01,-6.325440308917207322e-01,-1.883915692112679841e+00,1.139458999510975845e+00,-3.495068074204867425e+00,-2.051842503621336355e+00,6.694857762422484759e-01,3.705700170976030106e-01,-5.155777269473197366e-01,-3.855467096389635917e-01,-1.011628863497773034e+00,-1.509636160252564530e+00,-2.182356882832497735e+00,-2.494542781214230942e+01,-4.899563537740895214e+01,6.620000000000000107e+00,6.620000000000000107e+00,7.589722563306633418e-02,6.708431778554679870e-02
1.420000000000001039e+00,6.613176218552430097e-01,-6.395341670401304413e-01,-1.888019377119922515e+00,1.144438979139230206e+00,-3.518014245812735030e+00,-2.061199614862306184e+00,6.682382255814797167e-01,3.704343915216342653e-01,-5.153875823610445384e-01,-3.880872007651753330e-01,-1.001754938076005130e+00,-1.539744318898076836e+00,-2.183754518253218979e+00,-2.504666605082166342e+01,-4.869280818949260947e+01,6.620000000000000107e+00,6.620000000000000107e+00,7.496654338613827073e-02,6.574299242780272390e-02
1.422000000000001041e+00,6.636064998135214887e-01,-6.465701955317558758e-01,-1.892141776349647087e+00,1.149332554703615283e+00,-3.541003028617208948e+00,-2.070649665003311046e+00,6.669655422011686596e-01,3.702913978197672207e-01,-5.152166945979186341e-01,-3.906315448406327828e-01,-9.915403212957177859e-01,-1.569359199130577975e+00,-2.185166114512961055e+00,-2.514968096812162202e+01,-4.839201892241462843e+01,6.620000000000000107e+00,6.620000000000000107e+00,7.400077921134839976e-02,6.438457614781939453e-02
1.424000000000001043e+00,6.659051649229287273e-01,-6.536522015889902892e-01,-1.896283075679653818e+00,1.154137963675363254e+00,-3.564033629752469512e+00,-2.080192537414080611e+00,6.656678099594129927e-01,3.701413459847665566e-01,-5.150648107972318757e-01,-3.931793375227594645e-01,-9.809984887872031933e-01,-1.598469999783413975e+00,-2.186590190402766254e+00,-2.525438227432878691e+01,-4.809327001994837758e+01,6.620000000000000107e+00,6.620000000000000107e+00,7.300060001857149039e-02,6.301005619279524683e-02
1.426000000000001044e+00,6.682134408502794498e-01,-6.607802688484952780e-01,-1.900443460754482006e+00,1.158853474592629551e+00,-3.587105236371185057e+00,-2.089828116740005903e+00,6.643451237548277932e-01,3.699845419750417141e-01,-5.149316684370440766e-01,-3.957301758564075733e-01,-9.701431550548859084e-01,-1.627066278062607507e+00,-2.188025260862613841e+00,-2.536068237927157298e+01,-4.779656372351006155e+01,6.620000000000000107e+00,6.620000000000000107e+00,7.196668881321725830e-02,6.162042456117751421e-02
1.428000000000001046e+00,6.705311477994646552e-01,-6.679544793212376375e-01,-1.904623116987961939e+00,1.163477387843629751e+00,-3.610217015779054073e+00,-2.099556289105424689e+00,6.629975895307692602e-01,3.698212875703992819e-01,-5.148169954964441075e-01,-3.982836585703408150e-01,-9.589882649920635771e-01,-1.655137954231491682e+00,-2.189469840419539182e+00,-2.546849627658314574e+01,-4.750190205033030111e+01,6.620000000000000107e+00,6.620000000000000107e+00,7.089974522945124980e-02,6.021667817622126245e-02
1.430000000000001048e+00,6.728581025751518840e-01,-6.751749133527957802e-01,-1.908822229566172757e+00,1.168008036431485097e+00,-3.633368115599151515e+00,-2.109376942306929070e+00,6.616253242720885330e-01,3.696518802321720476e-01,-5.147205106196326430e-01,-4.008393863758128450e-01,-9.475479851401046316e-01,-1.682675316434470769e+00,-2.190922446598249085e+00,-2.557774143505018216e+01,-4.720928677060980760e+01,6.620000000000000107e+00,6.620000000000000107e+00,6.980048603430270837e-02,5.879981905234592243e-02
1.432000000000001050e+00,6.751941186480148183e-01,-6.824416495839941144e-01,-1.913040983450786658e+00,1.172443786719932879e+00,-3.656557663965705363e+00,-2.119289965996630887e+00,6.602284559940330144e-01,3.694766129676709809e-01,-5.146419232820000911e-01,-4.033969622670419697e-01,-9.358366947042744410e-01,-1.709669025650398799e+00,-2.192381603296554182e+00,-2.568833769664918520e+01,-4.691871938376905860e+01,6.620000000000000107e+00,6.620000000000000107e+00,6.866964559987528971e-02,5.737085444960465103e-02
1.434000000000001052e+00,6.775390062214546871e-01,-6.897547649119255553e-01,-1.917279563382779939e+00,1.176783039159046362e+00,-3.679784769746879736e+00,-2.129295251855313875e+00,6.588071237229263799e-01,3.692957741988925902e-01,-5.145809339583677922e-01,-4.059559918233740516e-01,-9.238689763372531782e-01,-1.736110120764645659e+00,-2.193845844118047950e+00,-2.580020718090478837e+01,-4.663020109389763945e+01,6.620000000000000107e+00,6.620000000000000107e+00,6.750797634117410018e-02,5.593079701199792780e-02
1.436000000000001053e+00,6.798925722997727350e-01,-6.971143344514193485e-01,-1.921538153886490630e+00,1.181024228990106062e+00,-3.703048522796088537e+00,-2.139392693755425956e+00,6.573614774682787765e-01,3.691096476354052691e-01,-5.145372342935515819e-01,-4.085160835129156842e-01,-9.116596067003323034e-01,-1.761990023747597611e+00,-2.195313715654573006e+00,-2.591327419523361897e+01,-4.634373278450697597e+01,6.620000000000000107e+00,6.620000000000000107e+00,6.631624911728754845e-02,5.448066488561414261e-02
1.438000000000001055e+00,6.822546207577528943e-01,-7.045204314970114901e-01,-1.925816939274001438e+00,1.185165826928759047e+00,-3.726347994231312910e+00,-2.149582187913858355e+00,6.558916781859878142e-01,3.689185121513239296e-01,-5.145105072753971553e-01,-4.110768489974054862e-01,-8.992235468113054520e-01,-1.787300544926161194e+00,-2.196783780711162315e+00,-2.602746515096382396e+01,-4.605931499268645268e+01,6.620000000000000107e+00,6.620000000000000107e+00,6.509525359393261712e-02,5.302148181300331276e-02
1.440000000000001057e+00,6.846249524116103657e-01,-7.119731274854741443e-01,-1.930116103649829107e+00,1.189206339825600534e+00,-3.749682236741850083e+00,-2.159863633034479147e+00,6.543978977323158253e-01,3.687226416662777728e-01,-5.145004274104284514e-01,-4.136379034380843756e-01,-8.865759321871415910e-01,-1.812033888333746789e+00,-2.198254621466279257e+00,-2.614270848474428632e+01,-4.577694788276059512e+01,6.620000000000000107e+00,6.620000000000000107e+00,6.384579856553915245e-02,5.155427720040740153e-02
1.442000000000001059e+00,6.870033650912615864e-01,-7.194724919589577938e-01,-1.934435830915897991e+00,1.193144311303312444e+00,-3.773050284921865227e+00,-2.170236930440391898e+00,6.528803188083389664e-01,3.685223050302653958e-01,-5.145066609022416193e-01,-4.161988658023075272e-01,-8.737320627887100732e-01,-1.836182657123262896e+00,-2.199724842560363491e+00,-2.625893458507923128e+01,-4.549663121954313993e+01,6.620000000000000107e+00,6.620000000000000107e+00,6.256871223532566029e-02,5.008008615490568832e-02
1.444000000000001060e+00,6.893896537138681779e-01,-7.270185925288015216e-01,-1.938776304776778758e+00,1.196978322369493197e+00,-3.796451155630069962e+00,-2.180701984195902110e+00,6.513391348945876125e-01,3.683177659122884862e-01,-5.145288658327651365e-01,-4.187593591706327278e-01,-8.607073927740749308e-01,-1.859739859026766862e+00,-2.201193074105856518e+00,-2.637607572374317400e+01,-4.521836434128063331e+01,6.620000000000000107e+00,6.620000000000000107e+00,6.126484245191905070e-02,4.859994948872052578e-02
1.446000000000001062e+00,6.917836103586071372e-01,-7.346114948400616074e-01,-1.943137708745170666e+00,1.200706992004319851e+00,-3.819883848374800106e+00,-2.191258701218186999e+00,6.497745501756082565e-01,3.681092826926462003e-01,-5.145666923464946585e-01,-4.213190110441010772e-01,-8.475175200662262709e-01,-1.882698911844665313e+00,-2.202657974612095781e+00,-2.649406599184887412e+01,-4.494214613237717515e+01,6.620000000000000107e+00,6.620000000000000107e+00,5.993505690129458108e-02,4.711491368830479642e-02
1.448000000000001064e+00,6.941850243426157530e-01,-7.422512625368111738e-01,-1.947520226147607003e+00,1.204328977722184169e+00,-3.843347345723712838e+00,-2.201906991378671297e+00,6.481867794542045536e-01,3.678971083587734836e-01,-5.146197828378050732e-01,-4.238774536514176017e-01,-8.341781757405479780e-01,-1.905053648946674283e+00,-2.204118233818666894e+00,-2.661284124035651288e+01,-4.466797499598909127e+01,6.620000000000000107e+00,6.620000000000000107e+00,5.858024325294255985e-02,4.562603084607084331e-02
1.450000000000001066e+00,6.965936822980600684e-01,-7.499379572282586226e-01,-1.951924040130364357e+00,1.207842976106458632e+00,-3.866840613737274612e+00,-2.212646767594123265e+00,6.465760480551274725e-01,3.676814904045012655e-01,-5.146877721414258033e-01,-4.264343242557216418e-01,-8.207052132368545250e-01,-1.926798324766167747e+00,-2.205572575431041127e+00,-2.673233902482631308e+01,-4.439584882657730702e+01,6.620000000000000107e+00,6.620000000000000107e+00,5.720130925931107835e-02,4.413435855291492071e-02
1.452000000000001068e+00,6.990093682502729333e-01,-7.576716384557331541e-01,-1.956349333665552637e+00,1.211247723316552394e+00,-3.890362602425165406e+00,-2.223477945907499365e+00,6.449425917180060530e-01,3.674626707326141828e-01,-5.147702877261557397e-01,-4.289892654606248801e-01,-8.071145974004391155e-01,-1.947927620269036098e+00,-2.207019759752575805e+00,-2.685249855422933507e+01,-4.412576498250251689e+01,6.620000000000000107e+00,6.620000000000000107e+00,5.579918280771167111e-02,4.264095974993969973e-02
1.454000000000001069e+00,7.014318636969060217e-01,-7.654523636605834458e-01,-1.960796289557367622e+00,1.214541995566435384e+00,-3.913912246224667157e+00,-2.234400445558575754e+00,6.432866564793310316e-01,3.672408855605830413e-01,-5.148669498918846399e-01,-4.315419255151802247e-01,-7.934223933562930542e-01,-1.968436648377749343e+00,-2.208458586207207031e+00,-2.697326064364286324e+01,-4.385772025874777569e+01,6.620000000000000107e+00,6.620000000000000107e+00,5.437481192396956958e-02,4.114690253802522069e-02
1.456000000000001071e+00,7.038609476880388627e-01,-7.732801881530327881e-01,-1.965265090448484742e+00,1.217724609573819894e+00,-3.937488464500066065e+00,-2.245414189044413256e+00,6.416084985433225807e-01,3.670163653293480044e-01,-5.149773719699717311e-01,-4.340919586174330491e-01,-7.796447552204480713e-01,-1.988320959330968529e+00,-2.209887895747450148e+00,-2.709456767066578919e+01,-4.359171085985013860e+01,6.620000000000000107e+00,6.620000000000000107e+00,5.292916472723434990e-02,3.965325994414749256e-02
1.458000000000001073e+00,7.062963969071864856e-01,-7.811551650820329762e-01,-1.969755918826573637e+00,1.220794422979209148e+00,-3.961090162062042008e+00,-2.256519102169722846e+00,6.399083841415360574e-01,3.667893346150293277e-01,-5.151011605270243709e-01,-4.366390252161904129e-01,-7.657979146522787550e-01,-2.007576545958761560e+00,-2.211306573142614251e+00,-2.721636353539933495e+01,-4.332773237312271419e+01,6.620000000000000107e+00,6.620000000000000107e+00,5.146322933544449085e-02,3.816110964355752533e-02
1.460000000000001075e+00,7.087379857531449501e-01,-7.890773454061570380e-01,-1.974268957030913096e+00,1.223750334734041711e+00,-3.984716229705984158e+00,-2.267715114087196060e+00,6.381865893810785284e-01,3.665600120434459597e-01,-5.152379155721069637e-01,-4.391827923106347287e-01,-7.518981692515731563e-01,-2.026199848853272645e+00,-2.212713549142445668e+00,-2.733859362384538372e+01,-4.306577974224574490e+01,6.620000000000000107e+00,6.620000000000000107e+00,4.997801372105682705e-02,3.667153363717742115e-02
1.462000000000001076e+00,7.111854864226130335e-01,-7.970467778655689894e-01,-1.978804387259087472e+00,1.226591285457184100e+00,-4.008365544768114574e+00,-2.279002157327893130e+00,6.364434000813306014e-01,3.663286102073211037e-01,-5.153872307673952324e-01,-4.417229337473927431e-01,-7.379618708042173791e-01,-2.044187761414526072e+00,-2.214107802511733780e+00,-2.746120477458198295e+01,-4.280584724130469709e+01,6.620000000000000107e+00,6.620000000000000107e+00,4.847454551670223738e-02,3.518561788372580323e-02
1.464000000000001078e+00,7.136386689935273475e-01,-8.050635089551052559e-01,-1.983362391573743277e+00,1.229316257759048181e+00,-4.032036971698267358e+00,-2.290380167821780333e+00,6.346791115990939591e-01,3.660953355860631087e-01,-5.155486936422863931e-01,-4.442591305146630920e-01,-7.240054133804756376e-01,-2.061537634750968184e+00,-2.215488361931757133e+00,-2.758414524858140382e+01,-4.254792844935110452e+01,6.620000000000000107e+00,6.620000000000000107e+00,4.695387177056271205e-02,3.370445188636121692e-02
1.466000000000001080e+00,7.160973015090454918e-01,-8.131275828985018439e-01,-1.987943151909386863e+00,1.231924276532639029e+00,-4.055729362648132330e+00,-2.301849084908522691e+00,6.328940286420993155e-01,3.658603884680052265e-01,-5.157218858109543502e-01,-4.467910710329904833e-01,-7.100452212900295601e-01,-2.078247282414299679e+00,-2.216854307764793752e+00,-2.770736470204151303e+01,-4.229201622556060158e+01,6.620000000000000107e+00,6.620000000000000107e+00,4.541705865128314173e-02,3.222912823372878904e-02
1.468000000000001082e+00,7.185611500621107428e-01,-8.212390416237981272e-01,-1.992546850079203846e+00,1.234414409210867980e+00,-4.079441558073717111e+00,-2.313408851338655037e+00,6.310884650708419308e-01,3.656239628749998749e-01,-5.159063831933368149e-01,-4.493184514422694509e-01,-6.960977368982104174e-01,-2.094314984948178804e+00,-2.218204773678282837e+00,-2.783081416210559667e+01,-4.203810268506091319e+01,6.620000000000000107e+00,6.620000000000000107e+00,4.386519110236482971e-02,3.076074209555790945e-02
1.470000000000001084e+00,7.210299788805324406e-01,-8.293979247399455579e-01,-1.997173667781881212e+00,1.236785765989500741e+00,-4.103172387350770833e+00,-2.325059413265256225e+00,6.292627436887262560e-01,3.653862464892633222e-01,-5.161017562395252556e-01,-4.518409758845489121e-01,-6.821794083081759164e-01,-2.109739494230445711e+00,-2.219538948125607369e+00,-2.795444600534969481e+01,-4.178617917550052852e+01,6.620000000000000107e+00,6.620000000000000107e+00,4.229937244603382968e-02,2.930039067308561410e-02
1.472000000000001085e+00,7.235035504125114647e-01,-8.376042695146470596e-01,-2.001823786608411648e+00,1.239037500015141902e+00,-4.126920669401848762e+00,-2.336800720226270389e+00,6.274171960205291443e-01,3.651474205823713737e-01,-5.163075701575148280e-01,-4.543583567821998237e-01,-6.683066769141673413e-01,-2.124520037588635724e+00,-2.220856075680850417e+00,-2.807821393891979511e+01,-4.153623625442767775e+01,6.620000000000000107e+00,6.620000000000000107e+00,4.072072393663342393e-02,2.784917260473862566e-02
1.474000000000001087e+00,7.259816254125417423e-01,-8.458581108534507509e-01,-2.006497388048864128e+00,1.241168807537700092e+00,-4.150685213333684231e+00,-2.348632725117622666e+00,6.255521620792144910e-01,3.649076599463151327e-01,-5.165233851442687651e-01,-4.568703151110059535e-01,-6.544959648314101486e-01,-2.138656321668726434e+00,-2.222155458225281155e+00,-2.820207298420429964e+01,-4.128826366754651644e+01,6.620000000000000107e+00,6.620000000000000107e+00,3.913038426371950873e-02,2.640818732770876254e-02
1.476000000000001089e+00,7.284639630276171784e-01,-8.541594812801180936e-01,-2.011194653499099427e+00,1.243178928026810626e+00,-4.174464819083502753e+00,-2.360555384157291492e+00,6.236679901211538146e-01,3.646671328265279621e-01,-5.167487566200308358e-01,-4.593765806677261865e-01,-6.407636622087024003e-01,-2.152148536037279847e+00,-2.223436455983735627e+00,-2.832597946292895585e+01,-4.104225032791630667e+01,6.620000000000000107e+00,6.620000000000000107e+00,3.752950900504024856e-02,2.497853439614536319e-02
1.478000000000001091e+00,7.309503208836708454e-01,-8.625084109182851178e-01,-2.015915764267413923e+00,1.245067144251744029e+00,-4.198258278072873217e+00,-2.372568656840507550e+00,6.217650363898313826e-01,3.644260008568032116e-01,-5.169832354658152607e-01,-4.618768923316759478e-01,-6.271261144302469059e-01,-2.164997356497413428e+00,-2.224698488409479591e+00,-2.844989098556385443e+01,-4.079818429615655617e+01,6.620000000000000107e+00,6.620000000000000107e+00,3.591927002974174693e-02,2.356131275690226748e-02
1.480000000000001092e+00,7.334404551721743770e-01,-8.709049274744308233e-01,-2.020660901581095015e+00,1.246832782324362121e+00,-4.222064373867679521e+00,-2.384672505886258342e+00,6.198436648481403521e-01,3.641844189960272149e-01,-5.172263682639917093e-01,-4.643709983198712199e-01,-6.135996092138443769e-01,-2.177203948099333264e+00,-2.225941034916564032e+00,-2.857376644193353243e+01,-4.055605276171989004e+01,6.620000000000000107e+00,6.620000000000000107e+00,3.430085485210759150e-02,2.215761998382626691e-02
1.482000000000001094e+00,7.359341207368230720e-01,-8.793490562221661921e-01,-2.025430246592867523e+00,1.248475211704740628e+00,-4.245881882842767574e+00,-2.396866897175283562e+00,6.179042468993963810e-01,3.639425354666596668e-01,-5.174776975418728941e-01,-4.668586564352756874e-01,-6.002003636131384434e-01,-2.188769967826538210e+00,-2.227163635459126656e+00,-2.869756599392222185e+01,-4.031584202529118244e+01,6.620000000000000107e+00,6.620000000000000107e+00,3.267546593634997748e-02,2.076855147181246031e-02
1.484000000000001096e+00,7.384310711602325439e-01,-8.878408199878516927e-01,-2.030223980387217964e+00,1.249993845169115714e+00,-4.269709574849808398e+00,-2.409151799679762007e+00,6.159471610972195865e-01,3.637004916948974320e-01,-5.177367620181985153e-01,-4.693396343076906563e-01,-5.869445109322090071e-01,-2.199697566939187166e+00,-2.228365890957526574e+00,-2.882125107016748089e+01,-4.007753748236989821e+01,6.620000000000000107e+00,6.620000000000000107e+00,3.104431995293333718e-02,1.939519959186813622e-02
1.486000000000001098e+00,7.409310588505707562e-01,-8.963802391375512713e-01,-2.035042283986577605e+00,1.251388138739868428e+00,-4.293546213886898499e+00,-2.421527185384888980e+00,6.139727928444643767e-01,3.634584222524691599e-01,-5.180030968524069745e-01,-4.718137096268290587e-01,-5.738480875614410115e-01,-2.209989392956579035e+00,-2.229547463571651900e+00,-2.894478436263595356e+01,-3.984112360808973108e+01,6.620000000000000107e+00,6.620000000000000107e+00,2.940864698707446392e-02,1.803865280864417817e-02
1.488000000000001100e+00,7.434338351280505020e-01,-9.049673315653250505e-01,-2.039885338357347422e+00,1.252657591577309493e+00,-4.317390558768407161e+00,-2.433993029202556446e+00,6.119815340813968829e-01,3.632164548000094140e-01,-5.182762338965706261e-01,-4.742806703671151869e-01,-5.609270197442207673e-01,-2.219648591261180748e+00,-2.230708076822185859e+00,-2.906812982497567432e+01,-3.960658394332733678e+01,6.620000000000000107e+00,6.620000000000000107e+00,2.776968970010703155e-02,1.669999476193474025e-02
1.490000000000001101e+00,7.459391503112051680e-01,-9.136021126828618444e-01,-2.044753324415752527e+00,1.253801745833081238e+00,-4.341241363793570507e+00,-2.446549308877350892e+00,6.099737829633435915e-01,3.629747100319724584e-01,-5.185557019498618914e-01,-4.767403150037549664e-01,-5.481971102846643351e-01,-2.228678806307162752e+00,-2.231847515561071305e+00,-2.919125267253938105e+01,-3.937390108214877671e+01,6.620000000000000107e+00,6.620000000000000107e+00,2.612870244450730961e-02,1.538030331380617170e-02
1.492000000000001103e+00,7.484467538028712896e-01,-9.222845954104489374e-01,-2.049646423033507414e+00,1.254820186465046561e+00,-4.365097379412338441e+00,-2.459196004885090492e+00,6.079499435280650843e-01,3.627333016230512297e-01,-5.188410270154142356e-01,-4.791924527196284034e-01,-5.356740252072210717e-01,-2.237084182416982259e+00,-2.232965625792865172e+00,-2.931411938397357630e+01,-3.914305666064006317e+01,6.620000000000000107e+00,6.620000000000000107e+00,2.448695033346407618e-02,1.408064956309865515e-02
1.494000000000001105e+00,7.509563941758014005e-01,-9.310147901692735761e-01,-2.054564815043277815e+00,1.255712541013593642e+00,-4.388957352886951213e+00,-2.471933100324132049e+00,6.059104253531231166e-01,3.624923361760737373e-01,-5.191317325594250187e-01,-4.816369036025577310e-01,-5.233732803796430355e-01,-2.244869364150166025e+00,-2.234062314349125611e+00,-2.943669770426818033e+01,-3.891403134716492218e+01,6.620000000000000107e+00,6.620000000000000107e+00,2.284570826596607485e-02,1.280209682915335948e-02
1.496000000000001107e+00,7.534678192578285749e-01,-9.397927048750475132e-01,-2.059508681243926276e+00,1.256478479339338206e+00,-4.412820028947761486e+00,-2.484760580799671548e+00,6.038556432035421251e-01,3.622519131713562990e-01,-5.194273397723456753e-01,-4.840734988325151034e-01,-5.113102281114434433e-01,-2.252039496229090165e+00,-2.235137548418425268e+00,-2.955895664916146970e+01,-3.868680483408966353e+01,6.620000000000000107e+00,6.620000000000000107e+00,2.120625990847599396e-02,1.154569960670772180e-02
1.498000000000001108e+00,7.559807762165072775e-01,-9.486183449329430584e-01,-2.064478202405525487e+00,1.257117713322266628e+00,-4.436684150441785768e+00,-2.497678434301277672e+00,6.017860166700834679e-01,3.620121249175016209e-01,-5.197273678319940249e-01,-4.865020808583415124e-01,-4.995000437405893723e-01,-2.258600223007266816e+00,-2.236191354935026077e+00,-2.968086651079480376e+01,-3.846135583101233379e+01,6.620000000000000107e+00,6.620000000000000107e+00,1.956989663437791807e-02,1.031250249401284742e-02
1.500000000000001110e+00,7.584950116431518063e-01,-9.574917132338266468e-01,-2.069473559274128238e+00,1.257629996522419802e+00,-4.460548458972506403e+00,-2.510686651073893660e+00,5.997019697984780073e-01,3.617730565036363366e-01,-5.200313341684174029e-01,-4.889225035635586525e-01,-4.879577122217825247e-01,-2.264557687466365987e+00,-2.237223819829693650e+00,-2.980239886451159492e+01,-3.823766205952956199e+01,6.620000000000000107e+00,6.620000000000000107e+00,1.793791642245667894e-02,9.103539096293081917e-03
1.502000000000001112e+00,7.610102716361966113e-01,-9.664128101517716063e-01,-2.074494932576275819e+00,1.258015123802278312e+00,-4.484411695529442632e+00,-2.523785223482541973e+00,5.976039307099799691e-01,3.615347857530874509e-01,-5.203387547303242044e-01,-4.913346324208646143e-01,-4.766980147302655180e-01,-2.269918529728980783e+00,-2.238235087146557056e+00,-2.992352657669485438e+01,-3.801570024957138827e+01,6.620000000000000107e+00,6.620000000000000107e+00,1.631162271578715656e-02,7.919830906761682332e-03
1.504000000000001114e+00,7.635263018838012172e-01,-9.753816335428304729e-01,-2.079542503023240840e+00,1.258272930911068510e+00,-4.508272601106026123e+00,-2.536974145870975139e+00,5.954923312136348734e-01,3.612973831785094569e-01,-5.206491442529024294e-01,-4.937383446349216665e-01,-4.657355152956531574e-01,-2.274689885074957729e+00,-2.239225358030342949e+00,-3.004422381353724703e+01,-3.779544613733063585e+01,6.620000000000000107e+00,6.620000000000000107e+00,1.469232324251017532e-02,6.762386167484429542e-03
1.506000000000001116e+00,7.660428477456233676e-01,-9.843981787450425402e-01,-2.084616451314982744e+00,1.258403294031271047e+00,-4.532129917304349220e+00,-2.550253414414507258e+00,5.933676064106665482e-01,3.610609119384750598e-01,-5.209620165268276093e-01,-4.961335292730521540e-01,-4.550845474808195013e-01,-2.278879381449958164e+00,-2.240194889588727811e+00,-3.016446605063775266e+01,-3.757687446481003235e+01,6.620000000000000107e+00,6.620000000000000107e+00,1.308132880009135746e-02,5.632198712470309031e-03
1.508000000000001117e+00,7.685596543336858932e-01,-9.934624385796512192e-01,-2.089716958143811976e+00,1.258406129287671815e+00,-4.555982386925359506e+00,-2.563623026967267737e+00,5.912301942914183206e-01,3.608254277955555422e-01,-5.212768846682667157e-01,-4.985200873834799706e-01,-4.447592011213717389e-01,-2.282495136455799933e+00,-2.241143993634941545e+00,-3.028423008331868971e+01,-3.735995898100621559e+01,6.620000000000000107e+00,6.620000000000000107e+00,1.147995200471496613e-02,4.530246795389316836e-03
1.510000000000001119e+00,7.710764665922612560e-01,-1.002574403353502008e+00,-2.094844204197746418e+00,1.258281392219358086e+00,-4.579828754543110669e+00,-2.577082982904108199e+00,5.890805353252951404e-01,3.605909790759180833e-01,-5.215932613896685499e-01,-5.008979321007656083e-01,-4.347733091417112505e-01,-2.285545753813054137e+00,-2.242073035316148211e+00,-3.040349403755716295e+01,-3.714467244474626284e+01,6.620000000000000107e+00,6.620000000000000107e+00,9.889506007641390289e-03,3.457491904459069742e-03
1.512000000000001121e+00,7.735930293766999366e-01,-1.011734060862588214e+00,-2.099998370163554728e+00,1.258029077215120584e+00,-4.603667767061717875e+00,-2.590633282957398809e+00,5.869190720441803677e-01,3.603576066304793324e-01,-5.219106592711361126e-01,-5.032669887381041596e-01,-4.251404344641028787e-01,-2.288040319287316215e+00,-2.242982431633491647e+00,-3.052223738142449605e+01,-3.693098662918843189e+01,6.620000000000000107e+00,6.620000000000000107e+00,8.311303180394967113e-03,2.414877567020548739e-03
1.514000000000001123e+00,7.761090875311301707e-01,-1.020941396396711554e+00,-2.105179636729469728e+00,1.257649216912785972e+00,-4.627498174253686258e+00,-2.604273929048941838e+00,5.847462486198133913e-01,3.601253437976583704e-01,-5.222285910321635694e-01,-5.056271948661730242e-01,-4.158738570275692936e-01,-2.289988396071558796e+00,-2.243872649860039648e+00,-3.064044093692834991e+01,-3.671887232799453216e+01,6.620000000000000107e+00,6.620000000000000107e+00,6.746653770783520368e-03,1.403328146430212267e-03
1.516000000000001124e+00,7.786243859649557564e-01,-1.030196392745218903e+00,-2.110388184587567828e+00,1.257141881563059282e+00,-4.651318729278325570e+00,-2.618004924117225407e+00,5.825625104356371153e-01,3.598942163677806838e-01,-5.225465698035222095e-01,-5.079785003782365527e-01,-4.069865609337611767e-01,-2.291400019617986672e+00,-2.244744205863198783e+00,-3.075808689215153890e+01,-3.650829936317800417e+01,6.620000000000000107e+00,6.620000000000000107e+00,5.196864531848395009e-03,4.237476339128110579e-04
1.518000000000001126e+00,7.811386697280818803e-01,-1.039499030203775654e+00,-2.115624194435802075e+00,1.256507178358518217e+00,-4.675128189179006633e+00,-2.631826271940238549e+00,5.803683036536358975e-01,3.596642425491896611e-01,-5.228641093990700206e-01,-5.103208675412322926e-01,-3.984912217372654220e-01,-2.292285691913855228e+00,-2.245597662338468581e+00,-3.087515881358263314e+01,-3.629923659462698282e+01,6.620000000000000107e+00,6.620000000000000107e+00,3.663237325921588940e-03,-5.229815619268664197e-04
1.520000000000001128e+00,7.836516840847989052e-01,-1.048849286582133722e+00,-2.120887846979682578e+00,1.255745250728460327e+00,-4.698925315358060573e+00,-2.645737976954056769e+00,5.781640747767060606e-01,3.594354329361317824e-01,-5.231807245872637235e-01,-5.126542710325905361e-01,-3.904001938980568021e-01,-2.292656375196787000e+00,-2.246433626961695129e+00,-3.099164165853392916e+01,-3.609165193129817339e+01,6.620000000000000107e+00,6.620000000000000107e+00,2.147067706101150972e-03,-1.435999825190484389e-03
1.522000000000001130e+00,7.861631745862558418e-01,-1.058247137212849909e+00,-2.126179322933590576e+00,1.254856277600356007e+00,-4.722708874028163528e+00,-2.659740044067404163e+00,5.759502702071092051e-01,3.592077904784838349e-01,-5.234959313621397881e-01,-5.149786979625562422e-01,-3.827254984140039951e-01,-2.292523485106203740e+00,-2.247252750467239935e+00,-3.110752178754313135e+01,-3.588551234407277235e+01,6.620000000000000107e+00,6.620000000000000107e+00,6.496434774882865271e-04,-2.314471539646434546e-03
1.524000000000001132e+00,7.886728871414565578e-01,-1.067692554960906204e+00,-2.131498803021725230e+00,1.253840472628723335e+00,-4.746477636639108155e+00,-2.673832478472387031e+00,5.737273358015789748e-01,3.589813104534018695e-01,-5.238092472135378319e-01,-5.172941478818093852e-01,-3.754788106514995172e-01,-2.291898883268614906e+00,-2.248055724659715260e+00,-3.122278697665582214e+01,-3.568078388026182068e+01,6.620000000000000107e+00,6.620000000000000107e+00,-8.277567593295077127e-04,-3.157586289755361618e-03
1.526000000000001133e+00,7.911805680867139978e-01,-1.077185510234184518e+00,-2.136846467978669839e+00,1.252698083392289830e+00,-4.770230380278912108e+00,-2.688015285451585967e+00,5.714957164236600384e-01,3.587559804389732210e-01,-5.241201913963320358e-01,-5.196006327742019870e-01,-3.686714483923817509e-01,-2.290794869315631921e+00,-2.248843280367142317e+00,-3.133742642948737611e+01,-3.547743167974444845e+01,6.620000000000000107e+00,6.620000000000000107e+00,-2.283865080007729548e-03,-3.964560052979956145e-03
1.528000000000001135e+00,7.936859642534985770e-01,-1.086725970994742330e+00,-2.142222498549573029e+00,1.251429390560364174e+00,-4.793965888048270507e+00,-2.702288470181683167e+00,5.692558554938677018e-01,3.585317802899609108e-01,-5.244282851984338745e-01,-5.218981770344537363e-01,-3.623143601153751003e-01,-2.289224172334726859e+00,-2.249616185343565888e+00,-3.145143078896398947e+01,-3.527541999271755202e+01,6.620000000000000107e+00,6.620000000000000107e+00,-3.717425720779926959e-03,-4.734636380583436693e-03
1.530000000000001137e+00,7.961888230346193529e-01,-1.096313902770838844e+00,-2.147627075489936477e+00,1.250034707029389569e+00,-4.817682949407423365e+00,-2.716652037533787034e+00,5.670081945382744459e-01,3.583086821157369650e-01,-5.247330522073363479e-01,-5.241868174306780759e-01,-3.564181135302658676e-01,-2.287199941753923049e+00,-2.250375242129306397e+00,-3.156479214864425487e+01,-3.507471219903289494e+01,6.620000000000000107e+00,6.620000000000000107e+00,-5.127196572689981906e-03,-5.467087564113842259e-03
1.532000000000001139e+00,7.986888924486781338e-01,-1.105949268669653707e+00,-2.153060379565003846e+00,1.248514377030702338e+00,-4.841380360494568436e+00,-2.731105991870610428e+00,5.647531727361274623e-01,3.580866502605025703e-01,-5.250340185749576838e-01,-5.264666030516290673e-01,-3.509928843829911438e-01,-2.284735737662770383e+00,-2.251121285877142775e+00,-3.167750406352408632e+01,-3.487527082909171838e+01,6.620000000000000107e+00,6.620000000000000107e+00,-6.511950682985394659e-03,-6.161215784782294105e-03
1.534000000000001140e+00,8.011859212027395705e-01,-1.115632029390642765e+00,-2.158522591548745151e+00,1.246868775210567160e+00,-4.865056924415006812e+00,-2.745650336840639305e+00,5.624912264671179107e-01,3.578656412859029246e-01,-5.253307132805532520e-01,-5.287375952385944267e-01,-3.460484455497041534e-01,-2.281845520573153596e+00,-2.251855182152810997e+00,-3.178956156023069468e+01,-3.467705758626475898e+01,6.620000000000000107e+00,6.620000000000000107e+00,-7.870477760843881676e-03,-6.816354242958183249e-03
1.536000000000001142e+00,8.036796587531607194e-01,-1.125362143239472701e+00,-2.164013892222426350e+00,1.245098305683607798e+00,-4.888711451500293848e+00,-2.760285075169421454e+00,5.602227888589256244e-01,3.576456039561470845e-01,-5.256226683914589914e-01,-5.309998675018787750e-01,-3.415941564377248940e-01,-2.278543640624653754e+00,-2.252577824718247523e+00,-3.190096114651215231e+01,-3.448003337080066188e+01,6.620000000000000107e+00,6.620000000000000107e+00,-9.201585684584300678e-03,-7.431868265037676162e-03
1.538000000000001144e+00,8.061698553645278986e-01,-1.135139566142473244e+00,-2.169534462372765038e+00,1.243203401060794633e+00,-4.912342759536715064e+00,-2.775010208448080995e+00,5.579482893356622064e-01,3.574264792257462742e-01,-5.259094193214292057e-01,-5.332535054218513482e-01,-3.376389527110814082e-01,-2.274844826240388862e+00,-2.253290133306026455e+00,-3.201170081993310390e+01,-3.428415830518221696e+01,6.620000000000000107e+00,6.620000000000000107e+00,-1.050410200743977229e-02,-8.007156384936844201e-03
1.540000000000001146e+00,8.086562621666495421e-01,-1.144964251661546584e+00,-2.175084482789661156e+00,1.241184521453194689e+00,-4.935949673962491957e+00,-2.789825736919160803e+00,5.556681531678510089e-01,3.572082002299945547e-01,-5.261905050863411315e-01,-5.354986065345631596e-01,-3.341913363580851781e-01,-2.270764172240435030e+00,-2.253993051393423652e+00,-3.212178007568830651e+01,-3.408939176088642142e+01,6.620000000000000107e+00,6.620000000000000107e+00,-1.177687545897579575e-02,-8.541651397552236721e-03
1.542000000000001148e+00,8.111386312095559825e-01,-1.154836151009471568e+00,-2.180664134263499587e+00,1.239042153452727613e+00,-4.959531028033190125e+00,-2.804731659259869669e+00,5.533828010245716023e-01,3.569906922783122050e-01,-5.264654685570301362e-01,-5.377352802019571554e-01,-3.312593661180718851e-01,-2.266317127421125566e+00,-2.254687543984492670e+00,-3.223119991345004820e+01,-3.389569238650081928e+01,6.620000000000000107e+00,6.620000000000000107e+00,-1.301877743914655987e-02,-9.034821381509853394e-03
1.544000000000001149e+00,8.136167155164614195e-01,-1.164755213065537864e+00,-2.186273597582019335e+00,1.236776809091211016e+00,-4.983085662954871431e+00,-2.819727972362798152e+00,5.510926485284045606e-01,3.567738728505818191e-01,-5.267338567090296131e-01,-5.399636474667313113e-01,-3.288506482840887757e-01,-2.261519481609682636e+00,-2.255374595408447647e+00,-3.233996284316732073e+01,-3.370301813714463890e+01,6.620000000000000107e+00,6.620000000000000107e+00,-1.422870350206443396e-02,-9.486170688663994252e-03
1.546000000000001151e+00,8.160902691346438864e-01,-1.174721384391447687e+00,-2.191913053526744815e+00,1.234389024779011024e+00,-5.006612427984616254e+00,-2.834814671114149309e+00,5.487981058138102775e-01,3.565576515966080717e-01,-5.269952208689888673e-01,-5.421838408919351648e-01,-3.269723278978909353e-01,-2.256387352204820562e+00,-2.256055207142529717e+00,-3.244807288973886727e+01,-3.351132630514078414e+01,6.620000000000000107e+00,6.620000000000000107e+00,-1.540557482641325728e-02,-9.895240897760851362e-03
1.548000000000001153e+00,8.185590471842019156e-01,-1.184734609247416914e+00,-2.197582682868973070e+00,1.231879360224647835e+00,-5.030110180498104988e+00,-2.849991748169511840e+00,5.464995770895711980e-01,3.563419303388354331e-01,-5.272491169575461711e-01,-5.443960043854109143e-01,-3.256310803531729525e-01,-2.250937170215097982e+00,-2.256730395667382094e+00,-3.255553559648573980e+01,-3.332057355188124603e+01,6.620000000000000107e+00,6.620000000000000107e+00,-1.654833966956527347e-02,-1.026161172983799941e-02
1.550000000000001155e+00,8.210228059046512650e-01,-1.194794829608413211e+00,-2.203282666365312004e+00,1.229248397336736964e+00,-5.053577786024042950e+00,-2.865259193727187181e+00,5.441974602059255206e-01,3.561266030784616121e-01,-5.274951057284383849e-01,-5.466002930092150880e-01,-3.248331034224448133e-01,-2.245185665807932551e+00,-2.257401190362769761e+00,-3.266235802735181437e+01,-3.313071594082537530e+01,6.620000000000000107e+00,6.620000000000000107e+00,-1.765597480237045963e-02,-1.058490192295939714e-02
1.552000000000001156e+00,8.234813026993247354e-01,-1.204901985180461210e+00,-2.209013184752766534e+00,1.226496739109671497e+00,-5.077014118245261720e+00,-2.880616995299060346e+00,5.418921462270146483e-01,3.559115560050857274e-01,-5.277327530036328707e-01,-5.487968727741849850e-01,-3.245841097224387295e-01,-2.239149853383298527e+00,-2.258068631451252806e+00,-3.276854876776650372e+01,-3.294170897156836020e+01,6.620000000000000107e+00,6.620000000000000107e+00,-1.872748692167551521e-02,-1.086477006398244363e-02
1.554000000000001158e+00,8.259342961775441028e-01,-1.215056013416951686e+00,-2.214774418743364670e+00,1.223625008494476418e+00,-5.100418058966440960e+00,-2.896065137478984752e+00,5.395840190092595634e-01,3.556966675100334263e-01,-5.279616299042707572e-01,-5.509859204198394034e-01,-3.248893196323378585e-01,-2.232847016187222700e+00,-2.258733767997174624e+00,-3.287411792410621558e+01,-3.275350761491412754e+01,6.620000000000000107e+00,6.620000000000000107e+00,-1.976191403759083171e-02,-1.110091537512499990e-02
1.556000000000001160e+00,8.283815461945330805e-01,-1.225256849534884562e+00,-2.220566549018322622e+00,1.220633847256288984e+00,-5.123788498048447160e+00,-2.911603601708637967e+00,5.372734547862743071e-01,3.554818082035006155e-01,-5.281813130772158305e-01,-5.531676231798269283e-01,-3.257534546784997542e-01,-2.226294690481247507e+00,-2.259397655968032659e+00,-3.297907712169676842e+01,-3.256606634888495933e+01,6.620000000000000107e+00,6.620000000000000107e+00,-2.075832683260203648e-02,-1.129307845321325665e-02
1.558000000000001162e+00,8.308228138890456638e-01,-1.235504426530981359e+00,-2.226389756221740068e+00,1.217523914819936159e+00,-5.147124333309371913e+00,-2.927232366040775968e+00,5.349608217609173044e-01,3.552668409356617429e-01,-5.283913849170114307e-01,-5.553421785331652538e-01,-3.271807313986880295e-01,-2.219510649285057813e+00,-2.260061356364984064e+00,-3.308343950130328892e+01,-3.237933919559809937e+01,6.620000000000000107e+00,6.620000000000000107e+00,-2.171582998965840977e-02,-1.144104195958952838e-02
1.560000000000001164e+00,8.332578617186855441e-01,-1.245798675197600014e+00,-2.232244220953821578e+00,1.214295887105095950e+00,-5.170424470392433136e+00,-2.942951404899800671e+00,5.326464797050676214e-01,3.550516208218853498e-01,-5.285914337830485143e-01,-5.575097939415343262e-01,-3.291748556981327622e-01,-2.212512885710475441e+00,-2.260725933428887835e+00,-3.318721971405837223e+01,-3.219327975893725124e+01,6.620000000000000107e+00,6.620000000000000107e+00,-2.263356348639061766e-02,-1.154463125873365220e-02
1.562000000000001165e+00,8.356864534928957200e-01,-1.256139524138384811e+00,-2.238130123763621082e+00,1.210950455352544752e+00,-5.193687822600972837e+00,-2.958760688839536357e+00,5.303307795677046910e-01,3.548359952722026089e-01,-5.287810542117592494e-01,-5.596706865729137448e-01,-3.317390177089986070e-01,-2.205319595905971042e+00,-2.261392452927907470e+00,-3.329043391478496261e+01,-3.200784126294622212e+01,6.620000000000000107e+00,6.620000000000000107e+00,-2.351070385270512958e-02,-1.160371500381901164e-02
1.564000000000001167e+00,8.381083544036007638e-01,-1.266526899783586790e+00,-2.244047645141300062e+00,1.207488324943001734e+00,-5.216913310700869388e+00,-2.974660184298081322e+00,5.280140630918559452e-01,3.546198040251724581e-01,-5.289598471236519606e-01,-5.618250830118752814e-01,-3.348758871641016599e-01,-2.197949161631779447e+00,-2.262061980532295458e+00,-3.339309975367480376e+01,-3.182297659086950503e+01,6.620000000000000107e+00,6.620000000000000107e+00,-2.434646538904964783e-02,-1.161820566747098077e-02
1.566000000000001169e+00,8.405233310534867552e-01,-1.276960726404988478e+00,-2.249996965509896363e+00,1.203910214210089036e+00,-5.240099862690749788e+00,-2.990649853349596210e+00,5.256966624409639133e-01,3.544028791862878225e-01,-5.291274200250151161e-01,-5.639732189568682497e-01,-3.385876092949043903e-01,-2.190420132486569305e+00,-2.262735580281544312e+00,-3.349523636628891410e+01,-3.163863832476434013e+01,6.620000000000000107e+00,6.620000000000000107e+00,-2.514010134272866293e-02,-1.158806001619213863e-02
1.568000000000001171e+00,8.429311514819068929e-01,-1.287440926130369867e+00,-2.255978265216595613e+00,1.200216853248929683e+00,-5.263246413540463742e+00,-3.006729653452854034e+00,5.233788998352083555e-01,3.541850452710632036e-01,-5.292833872041209364e-01,-5.661153389048512174e-01,-3.428758012630184759e-01,-2.182751207807475780e+00,-2.263414313148638168e+00,-3.359686436185162250e+01,-3.145477878560785356e+01,6.620000000000000107e+00,6.620000000000000107e+00,-2.589090503969958268e-02,-1.151327952695605991e-02
1.570000000000001172e+00,8.453315851884047882e-01,-1.297967418957450825e+00,-2.261991724523501279e+00,1.196408982721911096e+00,-5.286351904898357823e+00,-3.022899537196375164e+00,5.210610871983029080e-01,3.539661192529447442e-01,-5.294273699217668661e-01,-5.682516958236494276e-01,-3.477415491335933417e-01,-2.174961218266072471e+00,-2.264099235705664181e+00,-3.369800580981525684e+01,-3.127135007382167586e+01,6.620000000000000107e+00,6.620000000000000107e+00,-2.659821096942403817e-02,-1.139391074469700907e-02
1.572000000000001174e+00,8.477244031538485602e-01,-1.308540122767247516e+00,-2.268037523597894012e+00,1.192487352663136990e+00,-5.309415284767959875e+00,-3.039159452039933651e+00,5.187435258152712780e-01,3.537459106161811584e-01,-5.295589965960058043e-01,-5.703825508124360510e-01,-3.531854053981230424e-01,-2.167069107183627441e+00,-2.264791398894535401e+00,-3.379868422467765043e+01,-3.108830411013704165e+01,6.620000000000000107e+00,6.620000000000000107e+00,-2.726139582038445905e-02,-1.123004557945197351e-02
1.574000000000001176e+00,8.501093778591748418e-01,-1.319158953336783346e+00,-2.274115842501974072e+00,1.188452721283088653e+00,-5.332435507154743348e+00,-3.055509340052219081e+00,5.164265060016859366e-01,3.535242214137881978e-01,-5.296779029809153272e-01,-5.725081727507529417e-01,-3.592073870533064039e-01,-2.159093911589658354e+00,-2.265491846906073192e+00,-3.389892454904101271e+01,-3.090559267672263744e+01,6.620000000000000107e+00,6.620000000000000107e+00,-2.787987946402476630e-02,-1.102182154214371469e-02
1.576000000000001178e+00,8.524862833017410324e-01,-1.329823824351092920e+00,-2.280226861182078402e+00,1.184305853775010409e+00,-5.355411531683722970e+00,-3.071949137644409245e+00,5.141103067848358243e-01,3.533008463307391600e-01,-5.297837323392707853e-01,-5.746288379365043220e-01,-3.658069742417054959e-01,-2.151054743048472773e+00,-2.266201616170158140e+00,-3.399875313490504425e+01,-3.072316745849809649e+01,6.620000000000000107e+00,6.620000000000000107e+00,-2.845312588492670408e-02,-1.076942191803596273e-02
1.578000000000001180e+00,8.548548950092910159e-01,-1.340534647414460379e+00,-2.286370759457367008e+00,1.180047521124525822e+00,-5.378342323188695318e+00,-3.088478775299397849e+00,5.117951955972724898e-01,3.530755727525096144e-01,-5.298761356089951580e-01,-5.767448297133792590e-01,-3.729831094590358442e-01,-2.142970768278944949e+00,-2.266921734459119264e+00,-3.409819772319391262e+01,-3.054098008455641633e+01,6.620000000000000107e+00,6.620000000000000107e+00,-2.898064405521726117e-02,-1.047307587711407764e-02
1.580000000000001181e+00,8.572149900515401155e-01,-1.351291332060837735e+00,-2.292547717007965780e+00,1.175678498923977466e+00,-5.401226851273994711e+00,-3.105098177296401474e+00,5.094814279831559878e-01,3.528481808390963592e-01,-5.299547715632600964e-01,-5.788564380881647820e-01,-3.807341973319913753e-01,-2.134861189593330266e+00,-2.267653220105970480e+00,-3.419728742152170042e+01,-3.035898216961930629e+01,6.620000000000000107e+00,6.620000000000000107e+00,-2.946198875125730782e-02,-1.013305852073125360e-02
1.582000000000001183e+00,8.595663470493880576e-01,-1.362093785763385689e+00,-2.298757913362558636e+00,1.171199566192971275e+00,-5.424064089849703230e+00,-3.121807261430655345e+00,5.071692473178102123e-01,3.526184436046311266e-01,-5.300193069641319088e-01,-5.809639593384382517e-01,-3.890581049695815419e-01,-2.126745225181409182e+00,-2.268397081338543231e+00,-3.429605268020640096e+01,-3.017712535545037511e+01,6.620000000000000107e+00,6.620000000000000107e+00,-2.989676131079512661e-02,-9.749690863989199721e-03
1.584000000000001185e+00,8.619087461817740436e-01,-1.372941913943085179e+00,-2.305001527885420121e+00,1.166611504206591654e+00,-5.446853016641315826e+00,-3.138605938727898614e+00,5.048588845408682468e-01,3.523861270026994452e-01,-5.300694167096545728e-01,-5.830676956111305875e-01,-3.979521628899951868e-01,-2.118642089266660200e+00,-2.269154315729993598e+00,-3.439452526654865494e+01,-2.999536135215308263e+01,6.620000000000000107e+00,6.620000000000000107e+00,-3.028461032892024868e-02,-9.323339753533377988e-03
1.586000000000001187e+00,8.642419691901872536e-01,-1.383835619976367726e+00,-2.311278739762876011e+00,1.161915095332729964e+00,-5.469592612674909482e+00,-3.155494113153324953e+00,5.025505579033693326e-01,3.521509900174714103e-01,-5.301047839742780710e-01,-5.851679545124722770e-01,-4.074131665240790512e-01,-2.110570972161557979e+00,-2.269925909765586169e+00,-3.449273823739619615e+01,-2.981364197928059667e+01,6.620000000000000107e+00,6.620000000000000107e+00,-3.062523229124519686e-02,-8.854417720486730883e-03
1.588000000000001188e+00,8.665657993808527637e-01,-1.394774805201717482e+00,-2.317589727989182613e+00,1.157111121879954130e+00,-5.492281861738927518e+00,-3.172471681314674274e+00,5.002444727291456283e-01,3.519127847607440573e-01,-5.301251003425462294e-01,-5.872650486898423061e-01,-4.174373782955512757e-01,-2.102551020249374236e+00,-2.270712838525091204e+00,-3.459072591002080088e+01,-2.963191920668793244e+01,6.620000000000000107e+00,6.620000000000000107e+00,-3.091837214292017522e-02,-8.343382768484898862e-03
1.590000000000001190e+00,8.688800216246126418e-01,-1.405759368925195263e+00,-2.323934671351811865e+00,1.152200364957320922e+00,-5.514919749823737227e+00,-3.189538532159122752e+00,4.979408211908138426e-01,3.516712565749871011e-01,-5.301300659359655665e-01,-5.893592954060503653e-01,-4.280205302771165066e-01,-2.094601315920158857e+00,-2.271516065479545432e+00,-3.468852383133977924e+01,-2.945014519505777173e+01,6.620000000000000107e+00,6.620000000000000107e+00,-3.116382379212928946e-02,-7.790738096803901877e-03
1.592000000000001192e+00,8.711844223545273103e-01,-1.416789208424842794e+00,-2.330313748416130259e+00,1.147183603347507574e+00,-5.537505264540167005e+00,-3.206694546663621193e+00,4.956397821006632842e-01,3.514261441424793575e-01,-5.301193895329919803e-01,-5.914510161065957838e-01,-4.391578274206997534e-01,-2.086740857488742051e+00,-2.272336542400577475e+00,-3.478616874551889282e+01,-2.926827233603389544e+01,6.620000000000000107e+00,6.620000000000000107e+00,-3.136143054696915317e-02,-7.197031758819753128e-03
1.594000000000001194e+00,8.734787895612223796e-01,-1.427864218953923237e+00,-2.336727137509457375e+00,1.142061612394615677e+00,-5.560037394518285048e+00,-3.223939597518325151e+00,4.933415207167043959e-01,3.511771796006089019e-01,-5.300927886820717694e-01,-5.935405359804465375e-01,-4.508439513590561387e-01,-2.078988539122768486e+00,-2.273175209379924233e+00,-3.488369855999923175e+01,-2.908625329189890607e+01,6.620000000000000107e+00,6.620000000000000107e+00,-3.151108548464295889e-02,-6.562856256089951920e-03
1.596000000000001195e+00,8.757629127860115936e-01,-1.438984293742959775e+00,-2.343175016704494240e+00,1.136835162907968044e+00,-5.582515128787704839e+00,-3.241273548802750870e+00,4.910461885641264623e-01,3.509240886634112377e-01,-5.300499898076945771e-01,-5.956281835149016546e-01,-4.630730647750757045e-01,-2.071363130808847597e+00,-2.274032994956221909e+00,-3.498115230999461289e+01,-2.890404103473516528e+01,6.620000000000000107e+00,6.620000000000000107e+00,-3.161273175210741609e-02,-5.888848068522006124e-03
1.598000000000001197e+00,8.780365831118275288e-01,-1.450149324000535200e+00,-2.349657563802099780e+00,1.131505020083192647e+00,-5.604937456140762997e+00,-3.258696255654288443e+00,4.887539232723777105e-01,3.506665907494005974e-01,-5.299907283094130728e-01,-5.977142900450926888e-01,-4.758388163341439880e-01,-2.063883258384951347e+00,-2.274910816345618869e+00,-3.507857012151165321e+01,-2.872158888501096996e+01,6.620000000000000107e+00,6.620000000000000107e+00,-3.166636279738820059e-02,-5.175687121203286986e-03
1.600000000000001199e+00,8.802995931519939088e-01,-1.461359198912816737e+00,-2.356174956313408231e+00,1.126071942441853491e+00,-5.627303364479940839e+00,-3.276207563928702271e+00,4.864648484280637009e-01,3.504043991157475557e-01,-5.299147486538020591e-01,-5.997991892986939133e-01,-4.891343461739993126e-01,-2.056567383667150750e+00,-2.275809579772233082e+00,-3.517599317294841654e+01,-2.853885054953705946e+01,6.620000000000000107e+00,6.620000000000000107e+00,-3.167202253098729686e-02,-4.424096188621249454e-03
1.602000000000001201e+00,8.825517370368776149e-01,-1.472613805641776574e+00,-2.362727371441265767e+00,1.120536680790857664e+00,-5.649611840150932096e+00,-3.293807309852240017e+00,4.841790734438357058e-01,3.501372209988454220e-01,-5.298218044593376863e-01,-6.018832169364135565e-01,-5.029522919455916563e-01,-2.049433784698727390e+00,-2.276730180893970612e+00,-3.527346365533225736e+01,-2.835578015874157032e+01,6.620000000000000107e+00,6.620000000000000107e+00,-3.162980541684773383e-02,-3.634840237069416474e-03
1.604000000000001203e+00,8.847928103984593617e-01,-1.483913029322078359e+00,-2.369314986060970352e+00,1.114899977202830739e+00,-5.671861867262803614e+00,-3.311495319664982784e+00,4.818966934434095739e-01,3.498647577612935544e-01,-5.297116585741805661e-01,-6.039667100888347351e-01,-5.172847953975333590e-01,-2.042500536149545631e+00,-2.277673505318744240e+00,-3.537102473126150670e+01,-2.817233230321516757e+01,6.620000000000000107e+00,6.620000000000000107e+00,-3.153985649257725482e-02,-2.808725706241018555e-03
1.606000000000001204e+00,8.870226103528650041e-01,-1.495256753056603882e+00,-2.375937976700300158e+00,1.109162564018621566e+00,-5.694052426996707439e+00,-3.329271409255063041e+00,4.796177891628399248e-01,3.495867050453227987e-01,-5.295840831468668908e-01,-6.060500068901877313e-01,-5.321235094958324252e-01,-2.035785489893399802e+00,-2.278640429205662343e+00,-3.546872049261914839e+01,-2.798846206948123694e+01,6.620000000000000107e+00,6.620000000000000107e+00,-3.140237131867783249e-02,-1.946599731037931824e-03
1.608000000000001206e+00,8.892409354809022171e-01,-1.506644857910597324e+00,-2.382596519518810130e+00,1.103325162873054488e+00,-5.716182496904631982e+00,-3.347135383783386597e+00,4.773424268681417670e-01,3.493027529326702685e-01,-5.294388596899094468e-01,-6.081334460096228245e-01,-5.474596060697053401e-01,-2.029306255790819247e+00,-2.279631819945324711e+00,-3.556659591713076907e+01,-2.780412507495011809e+01,6.620000000000000107e+00,6.620000000000000107e+00,-3.121759585671102927e-02,-1.049349304796212343e-03
1.610000000000001208e+00,8.914475858066482905e-01,-1.518077222904406609e+00,-2.389290790286376698e+00,1.097388483745017629e+00,-5.738251050199712822e+00,-3.365087037298496231e+00,4.750706582893345353e-01,3.490125861109065197e-01,-5.292757791363292830e-01,-6.102173661805658789e-01,-5.632837839733942920e-01,-2.023080182704521057e+00,-2.280648536912951663e+00,-3.566469682384183670e+01,-2.761927750201948584e+01,6.620000000000000107e+00,6.620000000000000107e+00,-3.098582627644043408e-02,-1.179003852100311833e-04
1.612000000000001210e+00,8.936423627741383324e-01,-1.529553725004806131e+00,-2.396020964360973782e+00,1.091353224032929115e+00,-5.760257055039622820e+00,-3.383126152341232373e+00,4.728025205709535106e-01,3.487158840462019627e-01,-5.290946418891410152e-01,-6.123021057287251212e-01,-5.795862777530480514e-01,-2.017124339774376551e+00,-2.281691432287686894e+00,-3.576306982759259512e+01,-2.743387613128731317e+01,6.620000000000000107e+00,6.620000000000000107e+00,-3.070740869211671664e-02,8.467830556451935720e-04
1.614000000000001211e+00,8.958250692222041733e-01,-1.541074239114885280e+00,-2.402787216665656089e+00,1.085220067656591736e+00,-5.782199473804590539e+00,-3.401252499538844010e+00,4.705380362390534921e-01,3.484123211625115846e-01,-5.288952578638282942e-01,-6.143880020993253144e-01,-5.963568668069006984e-01,-2.011455497978370754e+00,-2.282761351931070770e+00,-3.586176229257177539e+01,-2.724787837384735312e+01,6.620000000000000107e+00,6.620000000000000107e+00,-3.038273882821453109e-02,1.843700035710153784e-03
1.616000000000001213e+00,8.979955093575173741e-01,-1.552638638062494358e+00,-2.409589721664733730e+00,1.078989684186400844e+00,-5.804077262371603929e+00,-3.419465837188230495e+00,4.682772131847064978e-01,3.481015670271450646e-01,-5.286774465238558429e-01,-6.164753913841380939e-01,-6.135848850261415022e-01,-2.006090112005619375e+00,-2.283859136317354821e+00,-3.596082228503249922e+01,-2.706124230264120101e+01,6.620000000000000107e+00,6.620000000000000107e+00,-3.001226161501312217e-02,2.871813620169756665e-03
1.618000000000001215e+00,9.001534887258901829e-01,-1.564246792587237644e+00,-2.416428653339110166e+00,1.072662728000833843e+00,-5.825889369386361594e+00,-3.437765910827999871e+00,4.660200446639674587e-01,3.477832865426752074e-01,-5.284410369092671367e-01,-6.185646078488712396e-01,-6.312592309030805593e-01,-2.001044302467019254e+00,-2.284985621508045739e+00,-3.606029852525610124e+01,-2.687392668284481800e+01,6.620000000000000107e+00,6.620000000000000107e+00,-2.959647071458820430e-02,3.930052029821554799e-03
1.620000000000001217e+00,9.022988141818918395e-01,-1.575898571326010300e+00,-2.423304185160766178e+00,1.066239837473106356e+00,-5.847634735534550821e+00,-3.456152452799049701e+00,4.637665093142644968e-01,3.474571401451303498e-01,-5.281858676584347823e-01,-6.206559834614792104e-01,-6.493683780924344173e-01,-1.996333838468621336e+00,-2.286141640162818511e+00,-3.616024033885127409e+01,-2.668589100127148228e+01,6.620000000000000107e+00,6.620000000000000107e+00,-2.913590797783110337e-02,5.017309798862090373e-03
1.622000000000001219e+00,9.044312938568380700e-01,-1.587593840797079325e+00,-2.430216490066364088e+00,1.059721634187841710e+00,-5.869312292814019116e+00,-3.474625181793399520e+00,4.615165711871459520e-01,3.471227840084021299e-01,-5.279117870230339848e-01,-6.227498474219510527e-01,-6.679003864107863064e-01,-1.991974120572236773e+00,-2.287328022578723363e+00,-3.626069760747769521e+01,-2.649709549477689663e+01,6.620000000000000107e+00,6.620000000000000107e+00,-2.863116283329552800e-02,6.132448980193477145e-03
1.624000000000001220e+00,9.065507371252137236e-01,-1.599332465382707458e+00,-2.437165740429950933e+00,1.053108722188556223e+00,-5.890920963809427313e+00,-3.493183802391023107e+00,4.592701797972925104e-01,3.467798702547874590e-01,-5.276186528763193717e-01,-6.248465256941205803e-01,-6.868429132585630592e-01,-1.987980164167207020e+00,-2.288545597749434890e+00,-3.636172071908437431e+01,-2.630750117765649065e+01,6.620000000000000107e+00,6.620000000000000107e+00,-2.808287160872995070e-02,7.274300396384951808e-03
1.626000000000001222e+00,9.086569545695908356e-01,-1.611114307310326232e+00,-2.444152108034733040e+00,1.046401687256722335e+00,-5.912459660970948327e+00,-3.511828004584450547e+00,4.570272701876847976e-01,3.464280471715748266e-01,-5.273063327147966550e-01,-6.269463405400448330e-01,-7.061832254481446025e-01,-1.984366583276634177e+00,-2.289795194436156311e+00,-3.646336051775372766e+01,-2.611706986802812125e+01,6.620000000000000107e+00,6.620000000000000107e+00,-2.749171678627989820e-02,8.441664934272348486e-03
1.628000000000001224e+00,9.107497579441042879e-01,-1.622939226632268195e+00,-2.451175764043902028e+00,1.039601096223130128e+00,-5.933927285898593418e+00,-3.530557463290945552e+00,4.547877630107922120e-01,3.460669594335702426e-01,-5.269747036533863893e-01,-6.290496100574809457e-01,-7.259082114210411163e-01,-1.981147574820699475e+00,-2.291077642241690970e+00,-3.656566825324362213e+01,-2.592576421319839497e+01,6.620000000000000107e+00,6.620000000000000107e+00,-2.685842619244822871e-02,9.633314881141699995e-03
1.630000000000001226e+00,9.128289601365505712e-01,-1.634807081204065371e+00,-2.458236878970483819e+00,1.032707496312226247e+00,-5.955322728633720253e+00,-3.549371837852083544e+00,4.525515646256313418e-01,3.456962483314486301e-01,-5.266236524141872932e-01,-6.311566477209883397e-01,-7.460043938364404603e-01,-1.978336903358988597e+00,-2.292393772679134134e+00,-3.666869553031880002e+01,-2.573354771401332286e+01,6.620000000000000107e+00,6.620000000000000107e+00,-2.618377212402689044e-02,1.084799530039176965e-02
1.632000000000001227e+00,9.148943751291750415e-01,-1.646717726661332870e+00,-2.465335622646187996e+00,1.025721414520065045e+00,-5.976644866959285984e+00,-3.568270771520591023e+00,4.503185672105217141e-01,3.453155520058047157e-01,-5.262530753089582625e-01,-6.332677619271749325e-01,-7.664579425127664436e-01,-1.975947886333021097e+00,-2.293744420226621283e+00,-3.677249425796442495e+01,-2.554038474819848048e+01,6.620000000000000107e+00,6.620000000000000107e+00,-2.546857041123743934e-02,1.208442544449625511e-02
1.634000000000001229e+00,9.169458179582151702e-01,-1.658671016395251385e+00,-2.472472164189229105e+00,1.018643357026466578e+00,-5.997892565710384538e+00,-3.587253890934342326e+00,4.480886488913449206e-01,3.449245056867641934e-01,-5.258628782154406434e-01,-6.353832555445910746e-01,-7.872546877033280710e-01,-1.973993379829391825e+00,-2.295130423359587279e+00,-3.687711659857310309e+01,-2.534624059269746610e+01,6.620000000000000107e+00,6.620000000000000107e+00,-2.471367941952671773e-02,1.334130020303066211e-02
1.636000000000001231e+00,9.189831046722680696e-01,-1.670666801526672129e+00,-2.479646671971097671e+00,1.011473808641933925e+00,-6.019064676096597566e+00,-3.606320805577441391e+00,4.458616738850978978e-01,3.445227419390072821e-01,-5.254529765476554370e-01,-6.375034254687702573e-01,-8.083801336865559239e-01,-1.972485764883144199e+00,-2.296552625552051641e+00,-3.698261491719656391e+01,-2.515108144502035969e+01,6.620000000000000107e+00,6.620000000000000107e+00,-2.391999899146465131e-02,1.461729158348885893e-02
1.638000000000001233e+00,9.210060522895519020e-01,-1.682704930878865301e+00,-2.486859313582252540e+00,1.004213232289838720e+00,-6.040160035037679620e+00,-3.625471107228359635e+00,4.436374926585107681e-01,3.441098909120441363e-01,-5.250232952203185421e-01,-6.396285621829038703e-01,-8.298194726507931440e-01,-1.971436934340173419e+00,-2.298011876238547302e+00,-3.708904173095239543e+01,-2.495487444361768326e+01,6.620000000000000107e+00,6.620000000000000107e+00,-2.308846933029533657e-02,1.591105022259290194e-02
1.640000000000001235e+00,9.230144787541315621e-01,-1.694785250948940725e+00,-2.494110255796709197e+00,9.968620685243437807e-01,-6.061177464514062585e+00,-3.644704369395134869e+00,4.414159421014827167e-01,3.436855805955710275e-01,-5.245737686075231387e-01,-6.417589493246246279e-01,-8.515575988531177698e-01,-1.970858280296580611e+00,-2.299509031728443897e+00,-3.719644965867490782e+01,-2.475758768729867043e+01,6.620000000000000107e+00,6.620000000000000107e+00,-2.222006982685366047e-02,1.722120692569126602e-02
1.642000000000001236e+00,9.250082028911802423e-01,-1.706907605877968859e+00,-2.501399664535499667e+00,9.894207350844876903e-01,-6.082115770933669729e+00,-3.664020146737683614e+00,4.391968457150725036e-01,3.432494370797258831e-01,-5.241043404958473095e-01,-6.438948632593638477e-01,-8.735791230312053290e-01,-1.970760682132039143e+00,-2.301044956064604019e+00,-3.730489137089743679e+01,-2.455919025371479592e+01,6.620000000000000107e+00,6.620000000000000107e+00,-2.131581783153271153e-02,1.854637423189634329e-02
1.644000000000001238e+00,9.269870443613492661e-01,-1.719071837419836157e+00,-2.508727704828975114e+00,9.818896264848148148e-01,-6.102973744516484444e+00,-3.683417974477323220e+00,4.369800138137636680e-01,3.428010848200507277e-01,-5.236149640320552079e-01,-6.460365726607347758e-01,-8.958683870468181487e-01,-1.971154495153306430e+00,-2.302620521818513843e+00,-3.741441954025242467e+01,-2.435965221693392380e+01,6.620000000000000107e+00,6.620000000000000107e+00,-2.037676737317971332e-02,1.988514800249150533e-02
1.646000000000001240e+00,9.289508236143189102e-01,-1.731277784908869188e+00,-2.516094540777929822e+00,9.742691136428932586e-01,-6.123750158698308077e+00,-3.702897367793642758e+00,4.347652437417096061e-01,3.423401469069601299e-01,-5.231056016655644125e-01,-6.481843380983843828e-01,-9.184094787391193782e-01,-1.972049539863094392e+00,-2.304236610814289321e+00,-3.752508679237284639e+01,-2.415894466413131170e+01,6.620000000000000107e+00,6.620000000000000107e+00,-1.940400782680249195e-02,2.123610903017165638e-02
1.648000000000001242e+00,9.308993618416047111e-01,-1.743525285226265709e+00,-2.523500335513517268e+00,9.665595435440184069e-01,-6.144443769555118173e+00,-3.722457821208913220e+00,4.325523201026476028e-01,3.418662453395031053e-01,-5.225762250858632108e-01,-6.503384116337405096e-01,-9.411862469656691044e-01,-1.973455091868556055e+00,-2.305894114774246439e+00,-3.763694565737696252e+01,-2.395703971142780730e+01,6.620000000000000107e+00,6.620000000000000107e+00,-1.839866253208035166e-02,2.259782466664602904e-02
1.650000000000001243e+00,9.328324809286927533e-01,-1.755814172765375991e+00,-2.530945251155935161e+00,9.587612389433609605e-01,-6.165053315249399368e+00,-3.742098807960281714e+00,4.303410150031571901e-01,3.413790013031973714e-01,-5.220268151550666591e-01,-6.524990364240716989e-01,-9.641823168086472995e-01,-1.975379872442662776e+00,-2.307593935879037605e+00,-3.775004852201559657e+01,-2.375391051890677119e+01,6.620000000000000107e+00,6.620000000000000107e+00,-1.736188736476818040e-02,2.396885046606645267e-02
1.652000000000001245e+00,9.347500034065794328e-01,-1.768144279395874818e+00,-2.538429448771855945e+00,9.508744981057728474e-01,-6.185577515499808499e+00,-3.761819779360033866e+00,4.281310883089241015e-01,3.408780354517061961e-01,-5.214573618358089302e-01,-6.546664463352618313e-01,-9.873811049235887705e-01,-1.977832039750756721e+00,-2.309336987235716343e+00,-3.786444758255859711e+01,-2.354953130484400248e+01,6.620000000000000107e+00,6.620000000000000107e+00,-1.629486926311745493e-02,2.534773184179175270e-02
1.654000000000001247e+00,9.366517524027909714e-01,-1.780515434426874544e+00,-2.545953088330576097e+00,9.428995945834243164e-01,-6.206015071075488443e+00,-3.781620164144279705e+00,4.259222879136588258e-01,3.403629681921194194e-01,-5.208678641146768928e-01,-6.568408655636911453e-01,-1.010765835007705338e+00,-1.980819180753545350e+00,-2.311124193247478420e+00,-3.798019479849433822e+01,-2.334387735918646101e+01,6.620000000000000107e+00,6.620000000000000107e+00,-1.519882471155019517e-02,2.673300573394892660e-02
1.656000000000001249e+00,9.385375515919578415e-01,-1.792927464569025631e+00,-2.553516328658864687e+00,9.348367770314014447e-01,-6.226364663316324766e+00,-3.801499367810459162e+00,4.237143500203067736e-01,3.398334199735918437e-01,-5.202583299213968671e-01,-6.590225082676010038e-01,-1.034319553364687838e+00,-1.984348303796763968e+00,-2.312956489879229416e+00,-3.809734184711303584e+01,-2.313692505631756191e+01,6.620000000000000107e+00,6.620000000000000107e+00,-1.407499818389224520e-02,2.812320228522370569e-02
1.658000000000001251e+00,9.404072251460205978e-01,-1.805380193895658181e+00,-2.561119327394485445e+00,9.266862690613515419e-01,-6.246624953680408154e+00,-3.821456771944128139e+00,4.215069994341708592e-01,3.392890115790825334e-01,-5.196287760439900483e-01,-6.612115782083037852e-01,-1.058025144542768858e+00,-1.988425831896698304e+00,-2.314834824813583936e+00,-3.821594007904143098e+01,-2.292865186714795911e+01,6.620000000000000107e+00,6.620000000000000107e+00,-1.292466054849856875e-02,2.951684652238165119e-02
1.660000000000001252e+00,9.422605976841432751e-01,-1.817873443803019073e+00,-2.568762240938373687e+00,9.184482691332191973e-01,-6.266794583319921230e+00,-3.841491733535543851e+00,4.192999498675645809e-01,3.387293644199357856e-01,-5.189792280401256397e-01,-6.634082684015925047e-01,-1.081865347022750168e+00,-1.993057596729668424e+00,-2.316760157492352423e+00,-3.833604047479331456e+01,-2.271903637057233638e+01,6.620000000000000107e+00,6.620000000000000107e+00,-1.174910743776779072e-02,3.091246004090705823e-02
1.662000000000001254e+00,9.440974942224097388e-01,-1.830407032969658898e+00,-2.576445224405444989e+00,9.101229504850754104e-01,-6.286872172686647886e+00,-3.861603584286626312e+00,4.170929042555953647e-01,3.381541008330325448e-01,-5.183097201448986224e-01,-6.656127607796840095e-01,-1.105822768932672506e+00,-1.998248833332514796e+00,-2.318733459039072020e+00,-3.845769360239616219e+01,-2.250805826433336776e+01,6.620000000000000107e+00,6.620000000000000107e+00,-1.054965758450346520e-02,3.230856269025094568e-02
1.664000000000001256e+00,9.459177401233799243e-01,-1.842980777315032181e+00,-2.584168431574018321e+00,9.017104611009937321e-01,-6.306856321168247348e+00,-3.881791629908935004e+00,4.148855550826723304e-01,3.375628443802377032e-01,-5.176202951752716386e-01,-6.678252258640212657e-01,-1.129879903765856453e+00,-2.004004175520019082e+00,-2.320755712058633957e+00,-3.858094957615162457e+01,-2.229569837533514942e+01,6.620000000000000107e+00,6.620000000000000107e+00,-9.327651127742701137e-03,3.370367425713771681e-02
1.666000000000001258e+00,9.477211610455819057e-01,-1.855594489957368642e+00,-2.591932014833836284e+00,8.932109237168881499e-01,-6.326745606756425389e+00,-3.902055149413361956e+00,4.126775847193225877e-01,3.369552201498620114e-01,-5.169110044314216834e-01,-6.700458224492433779e-01,-1.154019146079102498e+00,-2.010327652024085143e+00,-2.322827910310597765e+00,-3.870585801658254610e+01,-2.208193866944875339e+01,6.620000000000000107e+00,6.620000000000000107e+00,-8.084447890681658450e-03,3.509631614435521768e-02
1.668000000000001259e+00,9.495075828930157336e-01,-1.868247981170881422e+00,-2.599736125132662945e+00,8.846244358641779382e-01,-6.346538585748065842e+00,-3.922393394392308608e+00,4.104686657688919604e-01,3.363308550598509417e-01,-5.161819075952399638e-01,-6.722746972986224367e-01,-1.178222807148013418e+00,-2.017222683358390167e+00,-2.324951058253314606e+00,-3.883246801161682527e+01,-2.186676226085293351e+01,6.620000000000000107e+00,6.620000000000000107e+00,-6.821425633422811483e-03,3.648501304255402644e-02
1.670000000000001261e+00,9.512768317647440908e-01,-1.880941058342377570e+00,-2.607580911921447697e+00,8.759510699511038334e-01,-6.366233792480367804e+00,-3.942805588295172470e+00,4.082584614236973719e-01,3.356893781624085693e-01,-5.154330726262363882e-01,-6.745119848512461935e-01,-1.202473130556579450e+00,-2.024692079411084311e+00,-2.327126170456543353e+00,-3.896082807905305856e+01,-2.165015342095327711e+01,6.620000000000000107e+00,6.620000000000000107e+00,-5.539978283312610441e-03,3.786829459250350138e-02
1.672000000000001263e+00,9.530287339046462636e-01,-1.893673525927338286e+00,-2.615466523098037843e+00,8.671908733814694958e-01,-6.385829739100982394e+00,-3.963290925698041978e+00,4.060466258301933529e-01,3.350304209497607100e-01,-5.146645756551061490e-01,-6.767578069412206743e-01,-1.226752307698448563e+00,-2.032738037766971484e+00,-2.329354270880807487e+00,-3.909098613035004632e+01,-2.143209758692290734e+01,6.620000000000000107e+00,6.620000000000000107e+00,-4.241514145739606195e-03,3.924469703532547371e-02
1.674000000000001265e+00,9.547631156514092554e-01,-1.906445185405540199e+00,-2.623393104949434118e+00,8.583438687105392484e-01,-6.405324915374101202e+00,-3.983848571568556984e+00,4.038328044627054747e-01,3.343536176607551647e-01,-5.138765008752186336e-01,-6.790122725291444228e-01,-1.251042493167614733e+00,-2.041362142759468590e+00,-2.331636392022310211e+00,-3.922298943577759900e+01,-2.121258136990761756e+01,6.620000000000000107e+00,6.620000000000000107e+00,-2.927454098264899163e-03,4.061276484824748872e-02
1.676000000000001267e+00,9.564798033888303186e-01,-1.919255835236288510e+00,-2.631360802092571394e+00,8.494100538377740151e-01,-6.424717788523412132e+00,-4.004477660526964300e+00,4.016166345052804565e-01,3.336586055879956492e-01,-5.130689404322912317e-01,-6.812754774461005081e-01,-1.275325820016659950e+00,-2.050565365251475480e+00,-2.333973573922810907e+00,-3.935688459096218139e+01,-2.099159256293761899e+01,6.620000000000000107e+00,6.620000000000000107e+00,-1.599229771092482155e-03,4.197105236341515389e-02
1.678000000000001268e+00,9.581786234965058435e-01,-1.932105270813335274e+00,-2.639369757413625450e+00,8.403894022360386407e-01,-6.444006803112773518e+00,-4.025177296104463842e+00,3.993977452411967555e-01,3.329450253852015984e-01,-5.122419943125163799e-01,-6.835475041503930038e-01,-1.299584414861121529e+00,-2.060348063143139452e+00,-2.336366863044439857e+00,-3.949271748485667644e+01,-2.076912014858769950e+01,6.620000000000000107e+00,6.620000000000000107e+00,-2.582817168607087766e-04,4.331812536737641994e-02
1.680000000000001270e+00,9.598594023009778819e-01,-1.944993284419560764e+00,-2.647420112005834270e+00,8.312818632168668120e-01,-6.463190380965440518e+00,-4.045946549999999142e+00,3.971757584496743987e-01,3.322125213744832051e-01,-5.113957702294097407e-01,-6.858284214972452109e-01,-1.323800412809088112e+00,-2.070709982603327504e+00,-2.338817311010017885e+00,-3.963053326915981955e+01,-2.054515430642654295e+01,6.620000000000000107e+00,6.620000000000000107e+00,1.093942427124031114e-03,4.465256267884241959e-02
1.682000000000001272e+00,9.615219660274115787e-01,-1.957919665181491631e+00,-2.655512005105834294e+00,8.220873622313190632e-01,-6.482266921122602277e+00,-4.066784461336734324e+00,3.949502888093207043e-01,3.314607418532201644e-01,-5.105303835096505205e-01,-6.881182845216627930e-01,-1.347955972195701291e+00,-2.081650260020463605e+00,-2.341325973210020450e+00,-3.977037632920604437e+01,-2.031968642029474736e+01,6.620000000000000107e+00,6.620000000000000107e+00,2.455989781105873127e-03,4.597295770240751589e-02
1.684000000000001274e+00,9.631661407518742335e-01,-1.970884199023736905e+00,-2.663645574028507657e+00,8.128058012059179438e-01,-6.501234799841948409e+00,-4.087690035919496978e+00,3.927209443078433782e-01,3.306893394002285991e-01,-5.096459569781843779e-01,-6.904171342346498985e-01,-1.372033289102910558e+00,-2.093167424667227383e+00,-2.343893907277902589e+00,-3.991229025634291361e+01,-2.009270908545003209e+01,6.620000000000000107e+00,6.620000000000000107e+00,3.826404066367094375e-03,4.727791995596480890e-02
1.686000000000001275e+00,9.647917523542860474e-01,-1.983886668623420890e+00,-2.671820954100346590e+00,8.034370589130951368e-01,-6.520092370636943357e+00,-4.108662245494562271e+00,3.904873266575619728e-01,3.298979711809019166e-01,-5.087426208428621477e-01,-6.927249974329574567e-01,-1.396014611645522097e+00,-2.105259402072439112e+00,-2.346522171436067339e+00,-4.005631782180903144e+01,-1.986421611561651090e+01,6.620000000000000107e+00,6.620000000000000107e+00,5.203727446736271245e-03,4.856607656952478813e-02
1.688000000000001277e+00,9.663986264721122765e-01,-1.996926853364694887e+00,-2.680038278591335921e+00,7.939809913755317972e-01,-6.538837964357411714e+00,-4.129700027013202046e+00,3.882490317162461402e-01,3.290862992510078522e-01,-5.078205125788848306e-01,-6.950418865225261866e-01,-1.419882254005403910e+00,-2.117923518092311053e+00,-2.349211822715318476e+00,-4.020250095212112740e+01,-1.963420254997350156e+01,6.620000000000000107e+00,6.620000000000000107e+00,6.586502364870239212e-03,4.983607375332571587e-02
1.690000000000001279e+00,9.679865884548632948e-01,-2.010004529293409892e+00,-2.688297678645362510e+00,7.844374323037204277e-01,-6.557469889312003808e+00,-4.150802281900492829e+00,3.860056499128082796e-01,3.282539908588260058e-01,-5.068797768133249670e-01,-6.973677993557759747e-01,-1.443618610196539143e+00,-2.131156503672090530e+00,-2.351963915051179743e+00,-4.035088070597491594e+01,-1.940266466011737734e+01,6.620000000000000107e+00,6.620000000000000107e+00,7.973273370005501404e-03,5.108657823307833495e-02
1.692000000000001281e+00,9.695554633194707339e-01,-2.023119469072033993e+00,-2.696599283209163644e+00,7.748061935660232047e-01,-6.575986431433046064e+00,-4.171967875330948594e+00,3.837567666773784580e-01,3.274007187453086831e-01,-5.059205652099939554e-01,-6.997027190828830623e-01,-1.467206167544583550e+00,-2.144954500287977961e+00,-2.354779497260998333e+00,-4.050149725266051348e+01,-1.916959995702801933e+01,6.620000000000000107e+00,6.620000000000000107e+00,9.362588933806127722e-03,5.231627865031530933e-02
1.694000000000001283e+00,9.711050757066027606e-01,-2.036271441934899951e+00,-2.704943218959825479e+00,7.650870656904479317e-01,-6.594385854484213993e+00,-4.193195635512594777e+00,3.815019628752873149e-01,3.265261614419467939e-01,-5.049430363549167744e-01,-7.020466140171661706e-01,-1.490627519865539208e+00,-2.159313066058079045e+00,-2.357659610906256198e+00,-4.065438985198915844e+01,-1.893500719806982246e+01,6.620000000000000107e+00,6.620000000000000107e+00,1.075300325100171997e-02,5.352388692586166480e-02
1.696000000000001284e+00,9.726352498379836620e-01,-2.049460213643868212e+00,-2.713329610230850619e+00,7.552798183973060686e-01,-6.612666400311425718e+00,-4.214484352981178183e+00,3.792408152444894376e-01,3.256300035660281700e-01,-5.039473556426816714e-01,-7.043994375147043518e-01,-1.513865380329266541e+00,-2.174227182510024559e+00,-2.360605288045013683e+00,-4.080959683572382346e+01,-1.869888639405433395e+01,6.620000000000000107e+00,6.620000000000000107e+00,1.214307802137199258e-02,5.470813958453948217e-02
1.698000000000001286e+00,9.741458094747782459e-01,-2.062685546444491091e+00,-2.721758578936813056e+00,7.453842011618627694e-01,-6.630826289137273122e+00,-4.235832779906262502e+00,3.769728968359533083e-01,3.247119361129706672e-01,-5.029336951639151732e-01,-7.067611278682817133e-01,-1.536902593994663002e+00,-2.189691261991801863e+00,-2.363617548879882513e+00,-4.096715559050287681e+01,-1.846123881638981601e+01,6.620000000000000107e+00,6.620000000000000107e+00,1.353138420971537748e-02,5.586779903928575791e-02
1.700000000000001288e+00,9.756365778771020070e-01,-2.075947199022765588e+00,-2.730230244496625769e+00,7.353999438060317972e-01,-6.648863719899250846e+00,-4.257239629411011528e+00,3.746977774565544150e-01,3.237716567454183569e-01,-5.019022335941374369e-01,-7.091316082157538281e-01,-1.559722150004551278e+00,-2.205699155711259518e+00,-2.366697399307374994e+00,-4.112710254224172246e+01,-1.822206700434054483e+01,6.620000000000000107e+00,6.620000000000000107e+00,1.491650378039583238e-02,5.700165483298113428e-02
1.702000000000001290e+00,9.771073777647141245e-01,-2.089244926462563878e+00,-2.738744723755447641e+00,7.253267571181126749e-01,-6.666776870631982987e+00,-4.278703574907540386e+00,3.724150241140052886e-01,3.228088700787890564e-01,-5.008531560842409691e-01,-7.115107864629146572e-01,-1.582307193429585590e+00,-2.222244162388685051e+00,-2.369845828374906205e+00,-4.128947314199411522e+01,-1.798137477241574089e+01,6.620000000000000107e+00,6.620000000000000107e+00,1.629703140304527426e-02,5.810852483634974808e-02
1.704000000000001291e+00,9.785580312789503576e-01,-2.102578480203827649e+00,-2.747302130905262540e+00,7.151643334995085866e-01,-6.684563898893560285e+00,-4.300223249449748764e+00,3.701242014633638333e-01,3.218232879629642218e-01,-4.997866541528296902e-01,-7.138985552209318186e-01,-1.604641036751817795e+00,-2.239319037505833609e+00,-2.373063805652126934e+00,-4.145430185325077588e+01,-1.773916721790601514e+01,6.620000000000000107e+00,6.620000000000000107e+00,1.767157612605095920e-02,5.918725640042922509e-02
1.706000000000001293e+00,9.799883599459493499e-01,-2.115947608001614633e+00,-2.755902577404162113e+00,7.049123476373085895e-01,-6.702222942236060632e+00,-4.321797245105624796e+00,3.678248722546635374e-01,3.208146297598142849e-01,-4.987029255806456063e-01,-7.162947917584064905e-01,-1.626707170979958761e+00,-2.256916003133774495e+00,-2.376352278523639061e+00,-4.162162214064963450e+01,-1.749545072858182948e+01,6.620000000000000107e+00,6.620000000000000107e+00,1.903876301444193397e-02,6.023672746220101043e-02
1.708000000000001295e+00,9.813981846412239696e-01,-2.129352053886086615e+00,-2.764546171894373572e+00,6.945704572015580780e-01,-6.719752118720213829e+00,-4.343424112351048194e+00,3.655165977812147027e-01,3.197826226162548413e-01,-4.976021743072997494e-01,-7.186993579681031363e-01,-1.648489276389815350e+00,-2.275026758320961573e+00,-2.379712169410499012e+00,-4.179146646006858390e+01,-1.725023299056629256e+01,6.620000000000000107e+00,6.620000000000000107e+00,2.039723474884098595e-02,6.125584760208933888e-02
1.710000000000001297e+00,9.827873255556270893e-01,-2.142791558123526841e+00,-2.773233020119075576e+00,6.841383035659867051e-01,-6.737149527474135979e+00,-4.365102359487172734e+00,3.631989383281330475e-01,3.187270017325347093e-01,-4.964846103305164959e-01,-7.211121003483863534e-01,-1.669971232884900347e+00,-2.293642490021996938e+00,-2.383144372928223120e+00,-4.196386625006824289e+01,-1.700352299639116893e+01,6.620000000000000107e+00,6.620000000000000107e+00,2.174565318217558038e-02,6.224355905217338059e-02
1.712000000000001299e+00,9.841556021627591022e-01,-2.156265857178475187e+00,-2.781963224838050142e+00,6.736155125509052377e-01,-6.754413249295945221e+00,-4.386830452083518850e+00,3.608714536206564794e-01,3.176475106254560976e-01,-4.953504496080829433e-01,-7.235328499993869400e-01,-1.691137129973763642e+00,-2.312753884546670413e+00,-2.386649752989307594e+00,-4.213885192464864105e+01,-1.675533105324248950e+01,6.620000000000000107e+00,6.620000000000000107e+00,2.308270085090151705e-02,6.319883765407723064e-02
1.714000000000001300e+00,9.855028331878609160e-01,-2.169774683677067273e+00,-2.790736885742217233e+00,6.630016951869261987e-01,-6.771541347300018998e+00,-4.408606812448950585e+00,3.585337032718187156e-01,3.165439013862343387e-01,-4.941999139626847559e-01,-7.259614226339112797e-01,-1.711971276362207695e+00,-2.332351139507996773e+00,-2.390229139858528029e+00,-4.231645286728132049e+01,-1.650566879139880072e+01,6.620000000000000107e+00,6.620000000000000107e+00,2.440708243753754794e-02,6.412069376563403478e-02
1.716000000000001302e+00,9.868288365782347249e-01,-2.183317766371667190e+00,-2.799554099367115079e+00,6.522964484981091937e-01,-6.788531867606551806e+00,-4.430429819132742253e+00,3.561852472290568672e-01,3.154159349327065875e-01,-4.930332309897944021e-01,-7.283976186030993727e-01,-1.732458209160194995e+00,-2.352423976247196347e+00,-2.393883327169513464e+00,-4.249669742617440704e+01,-1.625454917286220535e+01,6.620000000000000107e+00,6.620000000000000107e+00,2.571752618142839064e-02,6.500817311559783929e-02
1.718000000000001304e+00,9.881334294752309733e-01,-2.196894830106880470e+00,-2.808414959005380407e+00,6.414993563030770840e-01,-6.805382840073993300e+00,-4.452297806457998774e+00,3.538256462193368201e-01,3.142633812556034911e-01,-4.918506339687612750e-01,-7.308412229368234092e-01,-1.752582702704939432e+00,-2.372961652712788361e+00,-2.397613068911288892e+00,-4.267961291072575136e+01,-1.600198650017921409e+01,6.620000000000000107e+00,6.620000000000000107e+00,2.701278523468202131e-02,6.586035760576045006e-02
1.720000000000001306e+00,9.894164281878371492e-01,-2.210505595787028543e+00,-2.817319554618296529e+00,6.306099900325946583e-01,-6.822092279073860510e+00,-4.474209064089695431e+00,3.514544621923901269e-01,3.130860196586022770e-01,-4.906523617772358681e-01,-7.332920053988121190e-01,-1.772329777003409434e+00,-2.393952976770300278e+00,-2.401419076393640051e+00,-4.286522558911624259e+01,-1.574799642544509481e+01,6.620000000000000107e+00,6.620000000000000107e+00,2.829163896038455056e-02,6.667636606007065758e-02
1.722000000000001307e+00,9.906776481679023805e-01,-2.224149780345176186e+00,-2.826267972746475898e+00,6.196279095620532695e-01,-6.838658184307329080e+00,-4.496161836639668508e+00,3.490712587616655593e-01,3.118836389918839269e-01,-4.894386588090424706e-01,-7.357497205564758058e-01,-1.791684705799204691e+00,-2.415386319918447544e+00,-2.405302015200296850e+00,-4.305356068699273209e+01,-1.549259595948228174e+01,6.620000000000000107e+00,6.620000000000000107e+00,2.955289417027079715e-02,6.745535492043819303e-02
1.724000000000001309e+00,9.919169039870264770e-01,-2.237827096713790986e+00,-2.835260296419755299e+00,6.085526640572528345e-01,-6.855078541662909863e+00,-4.518154323310879406e+00,3.466756016426071341e-01,3.106560378789210985e-01,-4.882097748955926408e-01,-7.382141078653950972e-01,-1.810633024270543956e+00,-2.437249631387084392e+00,-2.409262502139027262e+00,-4.324464238718697828e+01,-1.523580348118018790e+01,6.620000000000000107e+00,6.620000000000000107e+00,3.079538629920311466e-02,6.819651888913323690e-02
1.726000000000001311e+00,9.931340093151409532e-01,-2.251537253797117000e+00,-2.844296605066376937e+00,5.973837928318251889e-01,-6.871351324114423953e+00,-4.540184677583323669e+00,3.442670590878821879e-01,3.094030249362306750e-01,-4.869659652309144549e-01,-7.406848917684327738e-01,-1.829160536367880008e+00,-2.459530452591714766e+00,-2.413301102197816572e+00,-4.343849383041511203e+01,-1.497763874698045683e+01,6.620000000000000107e+00,6.620000000000000107e+00,3.201798051388657362e-02,6.889909151779262386e-02
1.728000000000001313e+00,9.943287769008045673e-01,-2.265279956445345633e+00,-2.853376974421543366e+00,5.861208262146009318e-01,-6.887474492658403058e+00,-4.562251006943952802e+00,3.418452023191925759e-01,3.081244189858263760e-01,-4.857074903003446575e-01,-7.431617818094107264e-01,-1.847253321801443526e+00,-2.482215931918938967e+00,-2.417418325516345501e+00,-4.363513711689889618e+01,-1.471812290048823257e+01,6.620000000000000107e+00,6.620000000000000107e+00,3.321957275350886918e-02,6.956234574331143783e-02
1.730000000000001315e+00,9.955010185532338074e-01,-2.279054905430662359e+00,-2.862501476435431069e+00,5.747632864251761564e-01,-6.903445997289925806e+00,-4.584351372663002522e+00,3.394096059553149414e-01,3.068200492601160789e-01,-4.844346158129138047e-01,-7.456444727612969725e-01,-1.864897742690802662e+00,-2.505292839816854578e+00,-2.421614624381993153e+00,-4.383459330884836191e+01,-1.445727848218657741e+01,6.620000000000000107e+00,6.620000000000000107e+00,3.439909070006898911e-02,7.018559437098886855e-02
1.732000000000001316e+00,9.966505451260841975e-01,-2.292861797425242099e+00,-2.871670179180757287e+00,5.633106884558994887e-01,-6.919263778015812605e+00,-4.606483789619114866e+00,3.369598484360247781e-01,3.054897555989901092e-01,-4.831476126374225077e-01,-7.481326447688266823e-01,-1.882080449890305429e+00,-2.528747584164162454e+00,-2.425890390259588081e+00,-4.403688243374301692e+01,-1.419512943922821613e+01,6.620000000000000107e+00,6.620000000000000107e+00,3.555549467641116318e-02,7.076819050554315760e-02
1.734000000000001318e+00,9.977771665029959713e-01,-2.306700324981273642e+00,-2.880883146759995572e+00,5.517625409584639984e-01,-6.934925765903994233e+00,-4.628646226175660239e+00,3.344955124415735503e-01,3.041333886388546959e-01,-4.818467567421861886e-01,-7.506259635054820523e-01,-1.898788389006011768e+00,-2.552566225891548246e+00,-2.430245950864079241e+00,-4.424202348834644027e+01,-1.393170113527474996e+01,6.620000000000000107e+00,6.620000000000000107e+00,3.668777847018137028e-02,7.130952793076571206e-02
1.736000000000001320e+00,9.988806915849128831e-01,-2.320570176513081506e+00,-2.890140439212347090e+00,5.401183471332569042e-01,-6.950429884167762751e+00,-4.650836604110637040e+00,3.320161853073977931e-01,3.027508099933696184e-01,-4.805323291383945539e-01,-7.531240803447410981e-01,-1.915008806121444085e+00,-2.576734494828801125e+00,-2.434681567285244874e+00,-4.445003444338745169e+01,-1.366702036035029089e+01,6.620000000000000107e+00,6.620000000000000107e+00,3.779497008211697706e-02,7.180904143876040702e-02
1.738000000000001322e+00,9.999609282791793730e-01,-2.334471036281417167e+00,-2.899442112420568485e+00,5.283776056195943482e-01,-6.965774049283515623e+00,-4.673052798602541635e+00,3.295214594337544378e-01,3.013418924256561771e-01,-4.792046158270081846e-01,-7.556266325455066601e-01,-1.930729253251198818e+00,-2.601237805751140275e+00,-2.439197431173454778e+00,-4.466093224883914559e+01,-1.340111534067324683e+01,6.620000000000000107e+00,6.620000000000000107e+00,3.887613239734175052e-02,7.226620710996266295e-02
1.740000000000001323e+00,1.001017683490418531e+00,-2.348402584379984059e+00,-2.908788218017773541e+00,5.165398113849452022e-01,-6.980956172140480476e+00,-4.695292638274570329e+00,3.270109326899843794e-01,2.999065200117450036e-01,-4.778639077490783316e-01,-7.581332434516055985e-01,-1.945937593543044963e+00,-2.626061274598289419e+00,-2.443793661995400157e+00,-4.487473283972506266e+01,-1.313401574842574959e+01,6.620000000000000107e+00,6.620000000000000107e+00,3.993036377859421338e-02,7.268054254522365865e-02
1.742000000000001325e+00,1.002050763113188525e+00,-2.362364496724265184e+00,-2.918178803294322776e+00,5.046044566112320995e-01,-6.995974159220819999e+00,-4.717553905299497252e+00,3.244842088131227320e-01,2.984445882950417794e-01,-4.765105007393517500e-01,-7.606435227052532611e-01,-1.960622006250757776e+00,-2.651189734840046608e+00,-2.448470304368559614e+00,-4.509145114238061325e+01,-1.286575271141727406e+01,6.620000000000000107e+00,6.620000000000000107e+00,4.095679858057615225e-02,7.305160705155025469e-02
1.744000000000001327e+00,1.003059972026411062e+00,-2.376356445042707044e+00,-2.927613911104921751e+00,4.925710315762867886e-01,-7.010825913808392151e+00,-4.739834335567545409e+00,3.219408978005848243e-01,2.969560044315948111e-01,-4.751446954829874336e-01,-7.631570664743629884e-01,-1.974770991501408668e+00,-2.676607753962350067e+00,-2.453227325483025023e+00,-4.531110108109605505e+01,-1.259635882259549255e+01,6.620000000000000107e+00,6.620000000000000107e+00,4.195460758486151132e-02,7.337900178315137634e-02
1.746000000000001329e+00,1.004045114089563651e+00,-2.390378096870323876e+00,-2.937093579776056895e+00,4.804390255285301281e-01,-7.025509337224334239e+00,-4.762131618919531739e+00,3.193806162966690843e-01,2.954406873259539656e-01,-4.737667974751808564e-01,-7.656734576935777525e-01,-1.988373374882256073e+00,-2.702299650048255231e+00,-2.458064612619123679e+00,-4.553369558506630455e+01,-1.232586814935288899e+01,6.620000000000000107e+00,6.620000000000000107e+00,4.292299835517655870e-02,7.366236983973534214e-02
1.748000000000001330e+00,1.005005992140620696e+00,-2.404429115544772344e+00,-2.946617843013895843e+00,4.682079275529503204e-01,-7.040022330087538194e+00,-4.784443399447527057e+00,3.168029879726303455e-01,2.938985677574177391e-01,-4.723771169834569128e-01,-7.681922663188879286e-01,-2.001418311873717659e+00,-2.728249508428703063e+00,-2.462981970769095419e+00,-4.575924659557150420e+01,-1.205431624257528078e+01,6.620000000000000107e+00,6.620000000000000107e+00,4.386121551306898514e-02,7.390139632410040738e-02
1.750000000000001332e+00,1.005942407995726651e+00,-2.418509160204947328e+00,-2.956186729812790848e+00,4.558772274264593083e-01,-7.054362793597961812e+00,-4.806767275865223787e+00,3.142076439000893728e-01,2.923295884964725033e-01,-4.709759690123613285e-01,-7.707130495957007499e-01,-2.013895292156122618e+00,-2.754441198378565492e+00,-2.467979120370865420e+00,-4.598776507331146490e+01,-1.178174014537384018e+01,6.620000000000000107e+00,6.620000000000000107e+00,4.476854093439313481e-02,7.409580836129996129e-02
1.752000000000001334e+00,1.006854162450579571e+00,-2.432617885792143220e+00,-2.965800264364521155e+00,4.434464164607229142e-01,-7.068528630840622107e+00,-4.829100801950150235e+00,3.115942229175539535e-01,2.907337044112326407e-01,-4.695636732702416771e-01,-7.732353523402077933e-01,-2.025794143819028115e+00,-2.780858389834143019e+00,-2.473055695161737066e+00,-4.621926100581612928e+01,-1.150817840143868942e+01,6.620000000000000107e+00,6.620000000000000107e+00,4.564429386731821275e-02,7.424537508175904632e-02
1.754000000000001336e+00,1.007741055283501108e+00,-2.446754943053824682e+00,-2.975458465968421340e+00,4.309149883305833928e-01,-7.082517748108004163e+00,-4.851441487059801716e+00,3.089623719898423881e-01,2.891108825637017099e-01,-4.681405541377807178e-01,-7.757587072339049428e-01,-2.037105037502887850e+00,-2.807484570109094246e+00,-2.478211240159593487e+00,-4.645374341485376135e+01,-1.123367106294890050e+01,6.620000000000000107e+00,6.620000000000000107e+00,4.648783097290472288e-02,7.434990757094625535e-02
1.756000000000001338e+00,1.008602885260162285e+00,-2.460919978550040632e+00,-2.985161348942540815e+00,4.182824398862232118e-01,-7.096328056238514925e+00,-4.873786796723702963e+00,3.063117465602040457e-01,2.874611022956761741e-01,-4.667069406379010243e-01,-7.782826351310959678e-01,-2.047818490503674482e+00,-2.834303060586679024e+00,-2.483445209778953888e+00,-4.669122036375795659e+01,-1.095825969796951327e+01,6.620000000000000107e+00,6.620000000000000107e+00,4.729854628966171509e-02,7.440925878830852158e-02
1.758000000000001339e+00,1.009439450139934635e+00,-2.475112634662517852e+00,-2.994908922535988172e+00,4.055482719472585096e-01,-7.109957471968503029e+00,-4.896134153313322024e+00,3.036420108949490215e-01,2.857843553041269358e-01,-4.652631664066333439e-01,-7.808066453792190664e-01,-2.057925370871743542e+00,-2.861297033367216969e+00,-2.488756966088972344e+00,-4.693169896459462365e+01,-1.068198739726263469e+01,6.620000000000000107e+00,6.620000000000000107e+00,4.807587112386683958e-02,7.442332345834676288e-02
1.760000000000001341e+00,1.010250546683829187e+00,-2.489332549606454670e+00,-3.004701190842614889e+00,3.927119900769974747e-01,-7.123403919295268061e+00,-4.918480936791685743e+00,3.009528384204022688e-01,2.840806457058952517e-01,-4.638095696644981558e-01,-7.833302361518148516e-01,-2.067416901536754725e+00,-2.888449527850757814e+00,-2.494145777220205584e+00,-4.717518538508953441e+01,-1.040489878043618965e+01,6.620000000000000107e+00,6.620000000000000107e+00,4.881927386770343325e-02,7.439203793678994536e-02
1.762000000000001343e+00,1.011035970663983097e+00,-2.503579357445045339e+00,-3.014538152716198294e+00,3.797731053351570130e-01,-7.136665330848378730e+00,-4.940824485544447420e+00,2.982439120520098408e-01,2.823499900915528715e-01,-4.623464931879198714e-01,-7.858528947939594778e-01,-2.076284664490804843e+00,-2.915743467236190156e+00,-2.499610815926706309e+00,-4.742168485523828281e+01,-1.012704000134997351e+01,6.620000000000000107e+00,6.620000000000000107e+00,4.952825974776728368e-02,7.431538005501979460e-02
1.764000000000001345e+00,1.011795516874653300e+00,-2.517852688106742232e+00,-3.024419801687287190e+00,3.667311350073956810e-01,-7.149739649266526165e+00,-4.963162097294054220e+00,2.955149245154312654e-01,2.805924175682804056e-01,-4.608742842801552553e-01,-7.883740981799701730e-01,-2.084520605062094578e+00,-2.943161674919307469e+00,-2.505151158309723680e+00,-4.767120167351962579e+01,-9.848458752694815743e+00,6.620000000000000107e+00,6.620000000000000107e+00,5.020237050672016199e-02,7.419336894590475295e-02
1.766000000000001346e+00,1.012528979144668106e+00,-2.532152167405275378e+00,-3.034346125881875356e+00,3.535856033100976958e-01,-7.162624828577049740e+00,-4.985491030098562426e+00,2.927655786594593468e-01,2.788079697916274191e-01,-4.593932947411845658e-01,-7.908933130831882208e-01,-2.092117036311411660e+00,-2.970686890773758027e+00,-2.510765782709008409e+00,-4.792373921263535408e+01,-9.569204269657692663e+00,6.620000000000000107e+00,6.620000000000000107e+00,5.084118402132321857e-02,7.402606485434976014e-02
1.768000000000001348e+00,1.013236150351288334e+00,-2.546477417062429360e+00,-3.044317107942072553e+00,3.403360420689268140e-01,-7.175318835575174248e+00,-5.007808503436523395e+00,2.899955877606132382e-01,2.769967009860255236e-01,-4.579038808359778834e-01,-7.934099965576344449e-01,-2.099066643583492375e+00,-2.998301787300295729e+00,-2.516453568767439197e+00,-4.817929992469974820e+01,-9.289327332580938901e+00,6.620000000000000107e+00,6.620000000000000107e+00,5.144431386039796661e-02,7.381356893592158630e-02
1.770000000000001350e+00,1.013916822435426246e+00,-2.560828054733579773e+00,-3.054332724948945810e+00,3.269819913697662450e-01,-7.187819651199928828e+00,-5.030111699379242296e+00,2.872046758192586813e-01,2.751586779539353378e-01,-4.564064032605200660e-01,-7.959235963313266993e-01,-2.105362489244849034e+00,-3.025988985631309358e+00,-2.522213296674396421e+00,-4.843788534580386340e+01,-9.008880268521384238e+00,6.620000000000000107e+00,6.620000000000000107e+00,5.201140878662258854e-02,7.355602304691138960e-02
1.772000000000001352e+00,1.014570786418165671e+00,-2.575203694035979485e+00,-3.064392948347704149e+00,3.135230001807641220e-01,-7.200125271903630164e+00,-5.052397763851576684e+00,2.843925778471091959e-01,2.732939800735145752e-01,-4.549012271049412970e-01,-7.984335512110395383e-01,-2.110998017639011959e+00,-3.053731071379265138e+00,-2.528043646593021165e+00,-4.869949609988103845e+01,-8.727916951610549035e+00,6.620000000000000107e+00,6.620000000000000107e+00,5.254215220641459544e-02,7.325360952929835245e-02
1.774000000000001354e+00,1.015197832418527124e+00,-2.589603944579786710e+00,-3.074497743875407085e+00,2.999586269443214603e-01,-7.212233711011747594e+00,-5.074663807982298991e+00,2.815590401459676650e-01,2.714026992847058395e-01,-4.533887218130734920e-01,-8.009392914982786937e-01,-2.115967060289213553e+00,-3.081510610319410315e+00,-2.533943198276203734e+00,-4.896413190180218322e+01,-8.446492802114498488e+00,6.620000000000000107e+00,6.620000000000000107e+00,5.303626157249344275e-02,7.290655099400966677e-02
1.776000000000001355e+00,1.015797749672415762e+00,-2.604028412001810011e+00,-3.084647071491371850e+00,2.862884401379848232e-01,-7.224143000069910059e+00,-5.096906909544901332e+00,2.787038205775660971e-01,2.694849400636480374e-01,-4.518692611377191359e-01,-8.034402394162315497e-01,-2.120263841377432179e+00,-3.109310163898859614e+00,-2.539910430875851333e+00,-4.923179155963224929e+01,-8.164664784088390803e+00,6.620000000000000107e+00,6.620000000000000107e+00,5.349348774401631312e-02,7.251511010590887263e-02
1.778000000000001357e+00,1.016370326552691772e+00,-2.618476698001949821e+00,-3.094840885310461864e+00,2.725120188033425817e-01,-7.235851190174738434e+00,-5.119124114489552291e+00,2.758266888243661175e-01,2.675408193853299754e-01,-4.503432230908990253e-01,-8.059358095474560280e-01,-2.123882983527318302e+00,-3.137112304566022747e+00,-2.545943722949688404e+00,-4.950247297598119900e+01,-7.882491401517092378e+00,6.620000000000000107e+00,6.620000000000000107e+00,5.391361430950533662e-02,7.207958937384317810e-02
1.780000000000001359e+00,1.016915350590298361e+00,-2.632948400382299159e+00,-3.105079133539440761e+00,2.586289530421698735e-01,-7.247356353285170805e+00,-5.141312438566752796e+00,2.729274266411748640e-01,2.655704666744063136e-01,-4.488109898883099746e-01,-8.084254092820434279e-01,-2.126819513916932358e+00,-3.164899630916195861e+00,-2.552041352669547347e+00,-4.977617314838690277e+01,-7.600032692831190317e+00,6.620000000000000107e+00,6.620000000000000107e+00,5.429645687804624671e-02,7.160033094906831375e-02
1.782000000000001361e+00,1.017432608496382729e+00,-2.647443113088869371e+00,-3.115361758416574478e+00,2.446388444792242656e-01,-7.258656583510885163e+00,-5.163468869043066789e+00,2.700058280974347857e-01,2.635740237441134282e-01,-4.472729478872102260e-01,-8.109084392760017579e-01,-2.129068870745359998e+00,-3.192654782651057843e+00,-2.558201498234804472e+00,-5.005288816867057022e+01,-7.317350223683851240e+00,6.620000000000000107e+00,6.620000000000000107e+00,5.464186234452424878e-02,7.107771643524789240e-02
1.784000000000001362e+00,1.017921886185341185e+00,-2.661960426255891132e+00,-3.125688696154660828e+00,2.305413066912603559e-01,-7.269749998374402722e+00,-5.185590366509097215e+00,2.670616998100379114e-01,2.615516447232256181e-01,-4.457294875169218185e-01,-8.133842939195783384e-01,-2.130626910075154701e+00,-3.220360455351723772e+00,-2.564422238494314055e+00,-5.033261322120930004e+01,-7.034507077871910319e+00,6.620000000000000107e+00,6.620000000000000107e+00,5.494970813487916328e-02,7.051216671307995731e-02
1.786000000000001364e+00,1.018382968798723809e+00,-2.676499926252640105e+00,-3.136059876887678843e+00,2.163359656020077959e-01,-7.280634740043447017e+00,-5.207673866779704674e+00,2.640948611665112078e-01,2.595034959710057487e-01,-4.441810032011260789e-01,-8.158523618152420109e-01,-2.131489913070205411e+00,-3.247999415066960438e+00,-2.570701553779886961e+00,-5.061534258007528564e+01,-6.751567846282022778e+00,6.620000000000000107e+00,6.620000000000000107e+00,5.521990143759793190e-02,6.990414178250399513e-02
1.788000000000001366e+00,1.018815640729927807e+00,-2.691061195732726841e+00,-3.146475224621238187e+00,2.020224598430418461e-01,-7.291308976530116226e+00,-5.229716282886243128e+00,2.611051445384129366e-01,2.574297559801125845e-01,-4.426278932711092962e-01,-8.183120262650265264e-01,-2.131654593646029383e+00,-3.275554512720094458e+00,-2.577037326954053853e+00,-5.090106960499615951e+01,-6.468598613740619285e+00,6.620000000000000107e+00,6.620000000000000107e+00,5.545237842780591231e-02,6.925414062519891223e-02
1.790000000000001368e+00,1.019219685649613849e+00,-2.705643813685786991e+00,-3.156934657187010718e+00,1.876004410806700329e-01,-7.301770902853430556e+00,-5.251714507160387235e+00,2.580923954847719193e-01,2.553306152674368334e-01,-4.410705598691068707e-01,-8.207626657669297998e-01,-2.131118106546629587e+00,-3.303008698340057503e+00,-2.583427344674529280e+00,-5.118978673609618113e+01,-6.185666943644084093e+00,6.620000000000000107e+00,6.620000000000000107e+00,5.564710349051588817e-02,6.856270108992999768e-02
1.792000000000001370e+00,1.019594886531775213e+00,-2.720247355491493657e+00,-3.167438086201331604e+00,1.730695743091596461e-01,-7.312018742161853879e+00,-5.273665413408884284e+00,2.550564729453916879e-01,2.532062762528486388e-01,-4.395094088408819655e-01,-8.232036545200472899e-01,-2.129878055858979824e+00,-3.330345035123912556e+00,-2.589869298877481629e+00,-5.148148548738482333e+01,-5.902841860244803840e+00,6.620000000000000107e+00,6.620000000000000107e+00,5.580406844965808688e-02,6.783039980301534821e-02
1.794000000000001371e+00,1.019941025680393576e+00,-2.734871392975817272e+00,-3.177985417028149406e+00,1.584295381108408729e-01,-7.322050746812391431e+00,-5.295565859178357648e+00,2.519972494238322813e-01,2.510569531258491915e-01,-4.379448496166726268e-01,-8.256343629381095450e-01,-2.127932503972875367e+00,-3.357546713340028521e+00,-2.596360788481375526e+00,-5.177615643896525199e+01,-5.620193828466891084e+00,6.620000000000000107e+00,6.620000000000000107e+00,5.592329180961356366e-02,6.705785210594858436e-02
1.796000000000001373e+00,1.020257884756615274e+00,-2.749515494469441990e+00,-3.188576548746506312e+00,1.436800248838361327e-01,-7.331865199402935573e+00,-5.317412688109021346e+00,2.489146111598694311e-01,2.488828717001276281e-01,-4.363772950796375172e-01,-8.280541581710749721e-01,-2.125279980990327111e+00,-3.384597064082876638e+00,-2.602899321312822423e+00,-5.207378922794281095e+01,-5.337794731124874126e+00,6.620000000000000107e+00,6.620000000000000107e+00,5.600481801602587989e-02,6.624571202188658803e-02
1.798000000000001375e+00,1.020545244806382978e+00,-2.764179224868247964e+00,-3.199211374122724383e+00,1.288207410383875318e-01,-7.341460413754579584e+00,-5.339202732375926352e+00,2.458084582912181404e-01,2.466842692560377304e-01,-4.348071614209337854e-01,-8.304624046344176724e-01,-2.121919494584919352e+00,-3.411479572892104351e+00,-2.609482316255518963e+00,-5.237437253802152526e+01,-5.055717843418519486e+00,6.620000000000000107e+00,6.620000000000000107e+00,5.604871674261302505e-02,6.539467225239825598e-02
1.800000000000001377e+00,1.020802886288459721e+00,-2.778862145695756958e+00,-3.209889779587476344e+00,1.138514071629821572e-01,-7.350834735840699352e+00,-5.360932815216103542e+00,2.426787050042946425e-01,2.444613943710158555e-01,-4.332348679805674840e-01,-8.328584645457338675e-01,-2.117850540307571361e+00,-3.438177893250171646e+00,-2.616107105623001861e+00,-5.267789408778470772e+01,-4.774037804576704680e+00,6.620000000000000107e+00,6.620000000000000107e+00,5.605508221067800889e-02,6.450546420549141402e-02
1.802000000000001378e+00,1.021030589102785768e+00,-2.793563815167438236e+00,-3.220611645217908769e+00,9.877175816170399858e-02,-7.359986544659689045e+00,-5.382599753539690113e+00,2.395252796737752377e-01,2.422145067379747607e-01,-4.316608370731681021e-01,-8.352416984682763390e-01,-2.113073112330966286e+00,-3.464675859974343908e+00,-2.622770937755562581e+00,-5.298434061766493386e+01,-4.492830586524345193e+00,6.620000000000000107e+00,6.620000000000000107e+00,5.602403254793785620e-02,6.357885805557518533e-02
1.804000000000001380e+00,1.021228132619109275e+00,-2.808283788256757507e+00,-3.231376844724988207e+00,8.358154336447502775e-02,-7.368914253048352236e+00,-5.404200360622851029e+00,2.363481249906944637e-01,2.399438769717157360e-01,-4.300854937978537684e-01,-8.376114658610047670e-01,-2.107587714620556607e+00,-3.490957502520212419e+00,-2.629470979841281864e+00,-5.329369787561832084e+01,-4.212173459447509316e+00,6.620000000000000107e+00,6.620000000000000107e+00,5.595570919309956343e-02,6.261566283556058155e-02
1.806000000000001382e+00,1.021395295705838313e+00,-2.823021616762854347e+00,-3.242185245446234099e+00,6.828052661208158791e-02,-7.377616308433065484e+00,-5.425731448880028118e+00,2.331471980788098752e-01,2.376497864034143592e-01,-4.285092658313750524e-01,-8.399671256347284176e-01,-2.101395372515548310e+00,-3.517007058215164239e+00,-2.636204320960737757e+00,-5.360595060152794389e+01,-3.932144954133771186e+00,6.620000000000000107e+00,6.620000000000000107e+00,5.585027635244053240e-02,6.161672656088371808e-02
1.808000000000001384e+00,1.021531856759062551e+00,-2.837776849379720634e+00,-3.253036708343993944e+00,5.286848631811603971e-02,-7.386091193515980535e+00,-5.447189832712748370e+00,2.299224705989424966e-01,2.353325268632434353e-01,-4.269325832037492163e-01,-8.423080367138929825e-01,-2.094497644698574135e+00,-3.542808985441304070e+00,-2.642967975354508336e+00,-5.392108251037203104e+01,-3.652824820967269126e+00,6.620000000000000107e+00,6.620000000000000107e+00,5.570792051441450510e-02,6.058293638474651632e-02
1.810000000000001386e+00,1.021637593731698823e+00,-2.852549031766752563e+00,-3.263931088009419224e+00,3.734521551019533842e-02,-7.394337426893686782e+00,-5.468572331431920119e+00,2.266739288409866659e-01,2.329924004512090308e-01,-4.253558780556298546e-01,-8.446335586035513820e-01,-2.086896635527980770e+00,-3.568347976788264209e+00,-2.649758885912148365e+00,-5.423907627420417299e+01,-3.374293985461778167e+00,6.620000000000000107e+00,6.620000000000000107e+00,5.552885002800831554e-02,5.951521878339794541e-02
1.812000000000001387e+00,1.021712284162719309e+00,-2.867337706620539883e+00,-3.274868232672282886e+00,2.171052185304682414e-02,-7.402353563605926112e+00,-5.489875772250240260e+00,2.234015738032633092e-01,2.306297192962844245e-01,-4.237795843766882231e-01,-8.469430519610295915e-01,-2.078595007701748099e+00,-3.593608972197051443e+00,-2.656573927880853336e+00,-5.455991350300394771e+01,-3.096634500218199637e+00,6.620000000000000107e+00,6.620000000000000107e+00,5.531329475019179653e-02,5.841453976973479123e-02
1.814000000000001389e+00,1.021755705206425446e+00,-2.882142413747751597e+00,-3.285847984216783146e+00,5.964227656273978634e-03,-7.410138195612164580e+00,-5.511096993341021211e+00,2.201054212588757497e-01,2.282448053039387581e-01,-4.222041377243270777e-01,-8.492358791717865563e-01,-2.069595995217041295e+00,-3.618577172116617113e+00,-2.663409912791521172e+00,-5.488357472446942609e+01,-2.819929493198807702e+00,6.620000000000000107e+00,6.620000000000000107e+00,5.506150576747449038e-02,5.728190513297620051e-02
1.816000000000001391e+00,1.021767633661738062e+00,-2.896962690138976004e+00,-3.296870178203465063e+00,-9.893830130168809051e-03,-7.417689952194016278e+00,-5.532232846959414196e+00,2.167855018087078145e-01,2.258379898921661078e-01,-4.206299749220908102e-01,-8.515114049289379539e-01,-2.059903416584357494e+00,-3.643238050695146502e+00,-2.670263592599416924e+00,-5.521003936283531743e+01,-2.544263112215260136e+00,6.620000000000000107e+00,6.620000000000000107e+00,5.477375519605361121e-02,5.611836070161209389e-02
1.818000000000001393e+00,1.021747846001477722e+00,-2.911798070043364106e+00,-3.307934643897383786e+00,-2.586379992955742044e-02,-7.425007500281761708e+00,-5.553280202621687422e+00,2.134418609206895356e-01,2.234096137161333540e-01,-4.190575337371898468e-01,-8.537689968158982401e-01,-2.049521688250099505e+00,-3.667577369028144130e+00,-2.677131664036096481e+00,-5.553928571681390025e+01,-2.269720465534740494e+00,6.620000000000000107e+00,6.620000000000000107e+00,5.445033606463060144e-02,5.492499262624977313e-02
1.820000000000001394e+00,1.021696118401618669e+00,-2.926648085043927594e+00,-3.319041204302627168e+00,-4.194581555760452940e-02,-7.432089544703439188e+00,-5.574235950337882883e+00,2.100745589549377068e-01,2.209600263815736654e-01,-4.174872525366101761e-01,-8.560080258915655493e-01,-2.038455838176311818e+00,-3.691581188485227649e+00,-2.684010773168673314e+00,-5.587129093676946923e+01,-1.996387558515589911e+00,6.620000000000000107e+00,6.620000000000000107e+00,5.409156228334276867e-02,5.370292767840890297e-02
1.822000000000001396e+00,1.021612226770503451e+00,-2.941512264133334664e+00,-3.330189676203302973e+00,-5.813999624367924279e-02,-7.438934828355269424e+00,-5.595097003892825605e+00,2.066836711743653410e-01,2.184895861470649014e-01,-4.159195699213447117e-01,-8.582278672774584782e-01,-2.026711519521195992e+00,-3.715235884137127798e+00,-2.690897520161922518e+00,-5.620603100125116214e+01,-1.724351226192317954e+00,6.620000000000000107e+00,6.620000000000000107e+00,5.369776870171927979e-02,5.245333356070121938e-02
1.824000000000001398e+00,1.021495946778016028e+00,-2.956390133790045116e+00,-3.341379870211088843e+00,-7.444644665026155239e-02,-7.445542132292436222e+00,-5.615860304170142037e+00,2.032692877403376452e-01,2.159986596153414262e-01,-4.143549243383463643e-01,-8.604279007461780315e-01,-2.014295024358947028e+00,-3.738528158303710214e+00,-2.697788464238083161e+00,-5.654348069302288593e+01,-1.453699061739588849e+00,6.620000000000000107e+00,6.620000000000000107e+00,5.326931125793837180e-02,5.117741922327315868e-02
1.826000000000001400e+00,1.021347053884715583e+00,-2.971281218054630191e+00,-3.352611590819428944e+00,-9.086525688670521461e-02,-7.451910275739561662e+00,-5.636522822513581055e+00,1.998315136929432190e-01,2.134876214138004824e-01,-4.127937536698794152e-01,-8.626075113105589054e-01,-2.001213297372479438e+00,-3.761445054242876562e+00,-2.704680128828572006e+00,-5.688361357474352786e+01,-1.184519340754617289e+00,6.620000000000000107e+00,6.620000000000000107e+00,5.280656722092062771e-02,4.987643518075328408e-02
1.828000000000001402e+00,1.021165323370942124e+00,-2.986185038606109288e+00,-3.363884636464455902e+00,-1.073965025132547213e-01,-7.458038116020521358e+00,-5.657081564119600614e+00,1.963704689154337768e-01,2.109568538643727953e-01,-4.112364948000187814e-01,-8.647660898128305407e-01,-1.987473949447688515e+00,-3.783973969998964737e+00,-2.711569006911141777e+00,-5.722640196446533167e+01,-9.169009413097279904e-01,6.620000000000000107e+00,6.620000000000000107e+00,5.230993552616991504e-02,4.855167382337834125e-02
1.830000000000001403e+00,1.020950530365915654e+00,-3.001101114838150341e+00,-3.375198799592695309e+00,-1.240402445311567653e-01,-7.463924548407578463e+00,-5.677533571454841166e+00,1.928862880823811465e-01,2.084067466429410653e-01,-4.096835831581334686e-01,-8.669030335131020504e-01,-1.973085271093140580e+00,-3.806102672427746469e+00,-2.718451566525308838e+00,-5.757181691113233768e+01,-6.509332597382934127e-01,6.620000000000000107e+00,6.620000000000000107e+00,5.177983720542948115e-02,4.720446971537720776e-02
1.832000000000001405e+00,1.020702449876853324e+00,-3.016028963934965557e+00,-3.386553866735605212e+00,-1.407965293546262486e-01,-7.469568505890152643e+00,-5.697875927691763209e+00,1.893791205910893838e-01,2.058376964284978905e-01,-4.081354522392745543e-01,-8.690177466764404945e-01,-1.958056245604468337e+00,-3.827819311413296788e+00,-2.725324256458141470e+00,-5.791982817027559349e+01,-3.867061221320358677e-01,6.620000000000000107e+00,6.620000000000000107e+00,5.121671590950825637e-02,4.583619987311893240e-02
1.834000000000001407e+00,1.020420856818144095e+00,-3.030968100946745736e+00,-3.397949618590988763e+00,-1.576653887603734483e-01,-7.474968958863906110e+00,-5.718105760155399508e+00,1.858491304757988460e-01,2.032501065422491759e-01,-4.065925331014824118e-01,-8.711096411578015397e-01,-1.942396561888355633e+00,-3.849112434289905682e+00,-2.732183512091750366e+00,-5.827040418011539202e+01,-1.243096915413090808e-01,6.620000000000000107e+00,6.620000000000000107e+00,5.062103852274907334e-02,4.444828401497495640e-02
1.836000000000001409e+00,1.020105526040623323e+00,-3.045918038864473765e+00,-3.409385830111299587e+00,-1.746468398103752928e-01,-7.480124914741186792e+00,-5.738220243773839435e+00,1.822964963042144060e-01,2.006443865768783585e-01,-4.050552538401226976e-01,-8.731781369840345697e-01,-1.926116626856770875e+00,-3.869971000479794476e+00,-2.739025761403041770e+00,-5.862351203829513935e+01,1.361656291136583430e-01,6.620000000000000107e+00,6.620000000000000107e+00,4.999329586684805871e-02,4.304218477429500034e-02
1.838000000000001410e+00,1.019756232361002546e+00,-3.060878288693956062e+00,-3.420862270598847399e+00,-1.917408847435805863e-01,-7.485035417484245279e+00,-5.758216604524747595e+00,1.787214110558930646e-01,1.980209520161997083e-01,-4.035240390394629340e-01,-8.752226629321629980e-01,-1.909227577298229006e+00,-3.890384396354706897e+00,-2.745847431105494341e+00,-5.897911747948440819e+01,3.946292983959706624e-01,6.620000000000000107e+00,6.620000000000000107e+00,4.933400349081271119e-02,4.161940786644680035e-02
1.840000000000001412e+00,1.019372750591515331e+00,-3.075848359528924547e+00,-3.432378703807896780e+00,-2.089475108322810526e-01,-7.489699547063029428e+00,-5.778092122869904479e+00,1.751240819820291117e-01,1.953802238454406814e-01,-4.019993092018040448e-01,-8.772426571031127773e-01,-1.891741291129171776e+00,-3.910342450326467212e+00,-2.752644952921917909e+00,-5.933718485410135202e+01,6.509907419273306406e-01,6.620000000000000107e+00,6.620000000000000107e+00,4.864370254303385793e-02,4.018150220030915903e-02
1.842000000000001414e+00,1.018954855569850659e+00,-3.090827758623050592e+00,-3.443934888053636456e+00,-2.262666901989549562e-01,-7.494116418839750438e+00,-5.797844137169475331e+00,1.715047304461837507e-01,1.927226281524059837e-01,-4.004814801545922287e-01,-8.792375674900373417e-01,-1.873670397925286224e+00,-3.929835448168330636e+00,-2.759414769976320514e+00,-5.969767710841689023e+01,9.051594621240783844e-01,6.620000000000000107e+00,6.620000000000000107e+00,4.792296072051049904e-02,3.873005992425813948e-02
1.844000000000001416e+00,1.018502322189452691e+00,-3.105815991460730174e+00,-3.455530576327975556e+00,-2.436983795895045768e-01,-7.498285182882791666e+00,-5.817470047067411443e+00,1.678635917455159055e-01,1.900485957197883546e-01,-3.989709624360453510e-01,-8.812068525403593533e-01,-1.855028288629590350e+00,-3.948854148565428268e+00,-2.766153343292182765e+00,-6.006055576631389670e+01,1.157045152012774247e+00,6.620000000000000107e+00,6.620000000000000107e+00,4.717237328946394248e-02,3.726671639625125237e-02
1.846000000000001418e+00,1.018014925430273721e+00,-3.120812561826495912e+00,-3.467165516422110461e+00,-2.612425200989591523e-01,-7.502205023212944468e+00,-5.836967316839153597e+00,1.642009149120867151e-01,1.873585616089041284e-01,-3.974681606599426709e-01,-8.831499817106254202e-01,-1.835829124331551210e+00,-3.967389798888822483e+00,-2.772857158383599252e+00,-6.042578091298447873e+01,1.406557813023525449e+00,6.620000000000000107e+00,6.620000000000000107e+00,4.639256417063993693e-02,3.579315006728202991e-02
1.848000000000001419e+00,1.017492440390075803e+00,-3.135816971872921854e+00,-3.478839451055788956e+00,-2.788990368459066671e-01,-7.505875156985323926e+00,-5.856333478692540950e+00,1.605169624938291573e-01,1.846529647351459746e-01,-3.959734728603471754e-01,-8.850664360132473041e-01,-1.816087844009340424e+00,-3.985434151183658180e+00,-2.779522731924920276e+00,-6.079331118085754326e+01,1.653607876637186669e+00,6.620000000000000107e+00,6.620000000000000107e+00,4.558418708179168277e-02,3.431108226721402144e-02
1.850000000000001421e+00,1.016934642316384085e+00,-3.150828722186892694e+00,-3.490552118013173999e+00,-2.966678385921489580e-01,-7.509294833610722364e+00,-5.875566136012632334e+00,1.568120103147966071e-01,1.819322474354580221e-01,-3.944872898171430387e-01,-8.869557085541762698e-01,-1.795820171125626752e+00,-4.002979478357646670e+00,-2.786146618483693604e+00,-6.116310373805579559e+01,1.898106329740902876e+00,6.620000000000000107e+00,6.620000000000000107e+00,4.474792672895729073e-02,3.282227688176960617e-02
1.852000000000001423e+00,1.016341306639199749e+00,-3.165847311854113943e+00,-3.502303250285199177e+00,-3.145488173043464175e-01,-7.512463333820512013e+00,-5.894662966540948901e+00,1.530863472143317860e-01,1.791968550281539674e-01,-3.930099943633959536e-01,-8.888173050605366887e-01,-1.775042618966052421e+00,-4.020018590551660331e+00,-2.792725417300901292e+00,-6.153511427968736314e+01,2.139964843522109472e+00,6.620000000000000107e+00,6.620000000000000107e+00,4.388450003737091182e-02,3.132853990929401755e-02
1.854000000000001425e+00,1.015712209004591138e+00,-3.180872238521755158e+00,-3.514092576218280861e+00,-3.325418476547327140e-01,-7.515379968679594569e+00,-5.913621725479481839e+00,1.493402747648289730e-01,1.764472353654130132e-01,-3.915419606756636584e-01,-8.906507443972215832e-01,-1.753772494608830446e+00,-4.036544851669576772e+00,-2.799255779101688990e+00,-6.190929702228147846e+01,2.379095905708141334e+00,6.620000000000000107e+00,6.620000000000000107e+00,4.299465741202071478e-02,2.983171888585164910e-02
1.856000000000001426e+00,1.015047125309281650e+00,-3.195902998459114297e+00,-3.525919819669239619e+00,-3.506467864583325267e-01,-7.518044078552233778e+00,-5.932440248509703196e+00,1.455741069677983779e-01,1.736838383788044116e-01,-3.900835535485059347e-01,-8.924555590714324804e-01,-1.732027901413657922e+00,-4.052552196039735932e+00,-2.805734412919026255e+00,-6.228560470167962393e+01,2.615412955934008465e+00,6.620000000000000107e+00,6.620000000000000107e+00,4.207918401720783796e-02,2.833370216720134879e-02
1.858000000000001428e+00,1.014345831736364945e+00,-3.210939086616218852e+00,-3.537784700166259011e+00,-3.688634720445110871e-01,-7.520455032025940234e+00,-5.951116454716699700e+00,1.417881699279828489e-01,1.709071156182075391e-01,-3.886351276545675915e-01,-8.942312957241297378e-01,-1.709827739918514888e+00,-4.068035145175425527e+00,-2.812158092912006691e+00,-6.266398857469407346e+01,2.848830523995610875e+00,6.620000000000000107e+00,6.620000000000000107e+00,4.113890106365204746e-02,2.683641805626526405e-02
1.860000000000001430e+00,1.013608104792276032e+00,-3.225979996680270911e+00,-3.549686933075692608e+00,-3.871917235611149755e-01,-7.522612224798899128e+00,-5.969648349408525512e+00,1.379828015053208012e-01,1.681175197845103109e-01,-3.871970267917284048e-01,-8.959775156073358504e-01,-1.687191707033800725e+00,-4.082988824596829325e+00,-2.818523665159805347e+00,-6.304439842484349299e+01,3.079264370721121580e+00,6.620000000000000107e+00,6.620000000000000107e+00,4.017466709120783713e-02,2.534183376492029488e-02
1.862000000000001432e+00,1.012833721345153704e+00,-3.241025221129868683e+00,-3.561626229774509600e+00,-4.056313402099362975e-01,-7.524515078536707868e+00,-5.988034026820844069e+00,1.341583509446006295e-01,1.653155042564865562e-01,-3.857695831189341118e-01,-8.976937950462244853e-01,-1.664140293424784423e+00,-4.097408980671775502e+00,-2.824828054411678391e+00,-6.342678257247187901e+01,3.306631631167417762e+00,6.620000000000000107e+00,6.620000000000000107e+00,3.918737923452879357e-02,2.385195419913509890e-02
1.864000000000001434e+00,1.012022458664733726e+00,-3.256074251286942278e+00,-3.573602297828151197e+00,-4.241821004127348527e-01,-7.526163039704448110e+00,-6.006271672696974484e+00,1.303151784827049631e-01,1.625015226122706880e-01,-3.843531163824453478e-01,-8.993797258849104415e-01,-1.640694778975426926e+00,-4.111291997427519718e+00,-2.831068270772814532e+00,-6.381108788954941247e+01,3.530850959823468749e+00,6.620000000000000107e+00,6.620000000000000107e+00,3.817797445864930250e-02,2.236882055688478588e-02
1.866000000000001435e+00,1.011174094463908268e+00,-3.271126577366351373e+00,-3.585614841173545120e+00,-4.428437609075931980e-01,-7.527555578380358270e+00,-6.024359566733546778e+00,1.264536549334025761e-01,1.596760281458657338e-01,-3.829479331343542681e-01,-9.010349159148444143e-01,-1.616877226229373354e+00,-4.124634913280720738e+00,-2.837241416305329000e+00,-6.419725981944566229e+01,3.751842677476929566e+00,6.620000000000000107e+00,6.620000000000000107e+00,3.714743075094834035e-02,2.089450872870920323e-02
1.868000000000001437e+00,1.010288406942092987e+00,-3.286181688523111877e+00,-3.597663560307012176e+00,-4.616160557759439453e-01,-7.528692187057547613e+00,-6.042296084882088358e+00,1.225741612497085187e-01,1.568394733791399209e-01,-3.815543259453355596e-01,-9.026589892847050045e-01,-1.592710471707248887e+00,-4.137435437627700274e+00,-2.843344691523258749e+00,-6.458524240195329469e+01,3.969528919375554299e+00,6.620000000000000107e+00,6.620000000000000107e+00,3.609676825565162617e-02,1.943112749130975619e-02
1.870000000000001439e+00,1.009365174830541001e+00,-3.301239072897227178e+00,-3.609748152476776273e+00,-4.804986954012026579e-01,-7.529572379440356400e+00,-6.060079701497082638e+00,1.186770880639009679e-01,1.539923095697868227e-01,-3.801725726137096806e-01,-9.042515868906781940e-01,-1.568218115003359170e+00,-4.149691967232137735e+00,-2.849375401760065873e+00,-6.497497830382634731e+01,4.183833784290295732e+00,6.620000000000000107e+00,6.620000000000000107e+00,3.502705033677336321e-02,1.798081648523389836e-02
1.872000000000001441e+00,1.008404177439738536e+00,-3.316298217656107994e+00,-3.621868311879770541e+00,-4.994913653605520532e-01,-7.530195689242078494e+00,-6.077708991321258303e+00,1.147628352053544770e-01,1.511349862157430057e-01,-3.788029353730017479e-01,-9.058123667460017403e-01,-1.543424505569539473e+00,-4.161403602342540253e+00,-2.855330963386883969e+00,-6.536640885507976861e+01,4.394683484063007128e+00,6.620000000000000107e+00,6.620000000000000107e+00,3.393938455527276132e-02,1.654574396852770413e-02
1.874000000000001442e+00,1.007405194709017460e+00,-3.331358609034592355e+00,-3.634023729862413177e+00,-5.185937252520531615e-01,-7.530561668990828572e+00,-6.095182631299177700e+00,1.108318111964250730e-01,1.482679505565777378e-01,-3.774456601002828537e-01,-9.073410043286559423e-01,-1.518354727099076484e+00,-4.172570162467145849e+00,-2.861208909859588090e+00,-6.575947409127722665e+01,4.602006493198929071e+00,6.620000000000000107e+00,6.620000000000000107e+00,3.283492354607805974e-02,1.512810433888622103e-02
1.876000000000001444e+00,1.006368007258513275e+00,-3.346419732372574174e+00,-3.646214095125011490e+00,-5.378054074599007972e-01,-7.530669888850360039e+00,-6.112499402210564980e+00,1.068844327267016170e-01,1.453916470723899124e-01,-3.761009755276771283e-01,-9.088371929060773402e-01,-1.493034579429541653e+00,-4.183192201729535320e+00,-2.867006897572696111e+00,-6.615411280201141153e+01,4.805733698041255941e+00,6.620000000000000107e+00,6.620000000000000107e+00,3.171486578076641860e-02,1.373011541802311719e-02
1.878000000000001446e+00,1.005292396443593583e+00,-3.361481072150275029e+00,-3.658439093929432673e+00,-5.571260158612862945e-01,-7.530519935462618442e+00,-6.129658190115209848e+00,1.029211241060210419e-01,1.425065169807683552e-01,-3.747690924595111772e-01,-9.103006438357809094e-01,-1.467490557889803870e+00,-4.193271023724030044e+00,-2.872722711498175041e+00,-6.655026258575580300e+01,5.005798545045061054e+00,6.620000000000000107e+00,6.620000000000000107e+00,3.058045620179875718e-02,1.235401549283017195e-02
1.880000000000001448e+00,1.004178144411870921e+00,-3.376542112021200470e+00,-3.670698410309662929e+00,-5.765551244789760554e-01,-7.530111410818725481e+00,-6.146657987601777506e+00,9.894231669673014817e-02,1.396129977323923299e-01,-3.734502029976645154e-01,-9.117310868407757507e-01,-1.441749830023584034e+00,-4.202808695786104387e+00,-2.878354270587377250e+00,-6.694785991123870872e+01,5.202137187647536187e+00,6.620000000000000107e+00,6.620000000000000107e+00,2.943298671447861642e-02,1.100206010913989778e-02
1.882000000000001450e+00,1.003025034162912998e+00,-3.391602334842838129e+00,-3.682991726284866374e+00,-5.960922760843549995e-01,-7.529443931164979453e+00,-6.163497894833391832e+00,9.494844832576578020e-02,1.367115225058700978e-01,-3.721444797777601066e-01,-9.131282702586732691e-01,-1.415840209629514845e+00,-4.211808062589525115e+00,-2.883899632914643352e+00,-6.734684018545971185e+01,5.394688631213941044e+00,6.620000000000000107e+00,6.620000000000000107e+00,2.827379652322029382e-02,9.676518615044538141e-03
1.884000000000001451e+00,1.001832849610744258e+00,-3.406661222705168246e+00,-3.695318722074532936e+00,-6.157369807563058961e-01,-7.528517125950259903e+00,-6.180177120383445910e+00,9.093996267721624061e-02,1.338025197024356461e-01,-3.708520752189055636e-01,-9.144919612633986006e-01,-1.389790128065890196e+00,-4.220272758978822480e+00,-2.889357000541509901e+00,-6.774713782843589627e+01,5.583394875521958234e+00,6.620000000000000107e+00,6.620000000000000107e+00,2.710427229918151160e-02,8.379670452108894246e-03
1.886000000000001453e+00,1.000601375649231572e+00,-3.421718256957068771e+00,-3.707679076315300026e+00,-6.354887144019026879e-01,-7.527330636821004894e+00,-6.196694981855754847e+00,8.691730866611953321e-02,1.308864124411427965e-01,-3.695731207897545723e-01,-9.158219460584282601e-01,-1.363628602776985943e+00,-4.228207221942989591e+00,-2.894724724081021439e+00,-6.814868635472910796e+01,5.768201054233467850e+00,6.620000000000000107e+00,6.620000000000000107e+00,2.592584816694531308e-02,7.113801194150103438e-03
1.888000000000001455e+00,9.993303982204277958e-01,-3.436772918230710960e+00,-3.720072466279011447e+00,-6.553469172454701175e-01,-7.525884116669628199e+00,-6.213050906283879904e+00,8.288093979434969782e-02,1.279636180552188307e-01,-3.683077262937182739e-01,-9.171180300405040731e-01,-1.337385203007015022e+00,-4.235616701634096870e+00,-2.900001306942322721e+00,-6.855141846176869080e+01,5.949055570789406389e+00,6.620000000000000107e+00,6.620000000000000107e+00,2.474000549864836807e-02,5.881198334669678063e-03
1.890000000000001457e+00,9.980197043859369010e-01,-3.451824686464050274e+00,-3.732498568091579205e+00,-6.753109922931036513e-01,-7.524177228741927514e+00,-6.229244430305202584e+00,7.883131348953706374e-02,1.250345475902576442e-01,-3.670559791761952018e-01,-9.183800379327823338e-01,-1.311090012677427641e+00,-4.242507271332785379e+00,-2.905185409236526795e+00,-6.895526612494411722e+01,6.125910230154688385e+00,6.620000000000000107e+00,6.620000000000000107e+00,2.354827250480845402e-02,4.684146825596076022e-03
1.892000000000001458e+00,9.966690824013506589e-01,-3.466873040921534255e+00,-3.744957056952189500e+00,-6.953803037802446241e-01,-7.522209645808619172e+00,-6.245275200106161329e+00,7.476889042806693364e-02,1.220996053049546726e-01,-3.658179438567313313e-01,-9.196078138864216545e-01,-1.284773590413339051e+00,-4.248885836261445448e+00,-2.910275851325800467e+00,-6.936016069940093587e+01,6.298720365831173673e+00,6.620000000000000107e+00,6.620000000000000107e+00,2.235222361203040298e-02,3.524924371542215856e-03
1.894000000000001460e+00,9.952783217937901661e-01,-3.481917460213151294e+00,-3.757447607352401686e+00,-7.155541756103526163e-01,-7.519981049405727092e+00,-6.261142971135900126e+00,7.069413384329661931e-02,1.191591881751030146e-01,-3.645936610890438967e-01,-9.208012215496262920e-01,-1.258466926715259726e+00,-4.254760141145254693e+00,-2.915271616998692750e+00,-6.976603302843075483e+01,6.467444961552751614e+00,6.620000000000000107e+00,6.620000000000000107e+00,2.115347861880594732e-02,2.405796485327028542e-03
1.896000000000001462e+00,9.938472134425694327e-01,-3.496957422311962826e+00,-3.769969893294673469e+00,-7.358318897931154234e-01,-7.517491129148048401e+00,-6.276847607586506506e+00,6.660750882022839492e-02,1.162136854015886900e-01,-3.633831473518602251e-01,-9.219601441032037048e-01,-1.232201398283039984e+00,-4.260138776421261042e+00,-2.920171856255943776e+00,-7.017281355830249368e+01,6.632046767073473958e+00,6.620000000000000107e+00,6.620000000000000107e+00,1.995370162179845031e-02,1.329011312205842510e-03
1.898000000000001464e+00,9.923755496629832473e-01,-3.511992404570258852e+00,-3.782523588509846491e+00,-7.562126848909663801e-01,-7.514739582119410066e+00,-6.292389081638936510e+00,6.250948157797193983e-02,1.132634779231404959e-01,-3.621863942735313313e-01,-9.230844842617309531e-01,-1.206008719509957583e+00,-4.265031182996308345e+00,-2.924975887692340404e+00,-7.058043245933725984e+01,6.792492407460130721e+00,6.620000000000000107e+00,6.620000000000000107e+00,1.875459970619580696e-02,2.967942318998738338e-04
1.900000000000001465e+00,9.908631242932013361e-01,-3.527021883734497543e+00,-3.795108366673124234e+00,-7.766957544829460325e-01,-7.511726112342858031e+00,-6.307767472474706594e+00,5.840051874142477423e-02,1.103089379346050142e-01,-3.610033680933741884e-01,-9.241741642394640799e-01,-1.179920891176095665e+00,-4.269447655455846480e+00,-2.929683200461647541e+00,-7.098881975298452573e+01,6.948752485304302340e+00,6.620000000000000107e+00,6.620000000000000107e+00,1.755792139504865762e-02,-6.886577508250710244e-04
1.902000000000001467e+00,9.893097327842353961e-01,-3.542045335959183472e+00,-3.807723901618073725e+00,-7.972802456551358885e-01,-7.508450430333328818e+00,-6.322982965054432469e+00,5.428108660369205390e-02,1.073504284115316815e-01,-3.598340091626823778e-01,-9.252291256801711272e-01,-1.153970146381541495e+00,-4.273399343627575675e+00,-2.934293455813200335e+00,-7.139790544461224897e+01,7.100801675274354352e+00,6.620000000000000107e+00,6.620000000000000107e+00,1.636545485385530393e-02,-1.625181814646715385e-03
1.904000000000001469e+00,9.877151722929251587e-01,-3.557062236819850121e+00,-3.820369867548182530e+00,-8.179652575270062176e-01,-7.504912252734727396e+00,-6.338035848665310112e+00,5.015165038085821897e-02,1.043883026418652715e-01,-3.586782314883203426e-01,-9.262493295501148527e-01,-1.128188893771450818e+00,-4.276898252406460266e+00,-2.938806488190413901e+00,-7.180761966167843013e+01,7.248618810437545967e+00,6.620000000000000107e+00,6.620000000000000107e+00,1.517902584817394651e-02,-2.510655315099458336e-03
1.906000000000001471e+00,9.860792417778710961e-01,-3.572072061325319403e+00,-3.833045939245513178e+00,-8.387498398230520680e-01,-7.501111302042682283e+00,-6.352926515240664429e+00,4.601267346081081011e-02,1.014229037655540316e-01,-3.575359223217796090e-01,-9.272347559934681627e-01,-1.102609658116611602e+00,-4.279957239750881826e+00,-2.943222305883224532e+00,-7.221789279690823093e+01,7.392186959794054602e+00,6.620000000000000107e+00,6.620000000000000107e+00,1.400049545342937907e-02,-3.343001947226369348e-03
1.908000000000001473e+00,9.844017420982249522e-01,-3.587074283929404750e+00,-3.845751792275994507e+00,-8.596329914990400445e-01,-7.497047306413589851e+00,-6.367655457455725809e+00,4.186461664790151055e-02,9.845456432288952897e-02,-3.564069417965286535e-01,-9.281854041494943530e-01,-1.077265018324718993e+00,-4.282590012763628273e+00,-2.947541091228313537e+00,-7.262865565605693519e+01,7.531493496480133665e+00,6.620000000000000107e+00,6.620000000000000107e+00,1.283175751769687414e-02,-4.120198060119335988e-03
1.910000000000001474e+00,9.826824761152268550e-01,-3.602068378542231830e+00,-3.858487103190905820e+00,-8.806136594320490563e-01,-7.492719999559874999e+00,-6.382223266604837519e+00,3.770793740531040023e-02,9.548360581240147860e-02,-3.552911226164308656e-01,-9.291012919308935247e-01,-1.052187542969171385e+00,-4.284811121775998544e+00,-2.951763200352872651e+00,-7.303983960979826406e+01,7.666530156115240580e+00,6.620000000000000107e+00,6.620000000000000107e+00,1.167473587976043670e-02,-4.840279104401799988e-03
1.912000000000001476e+00,9.809212487963627769e-01,-3.617053818541351440e+00,-3.871251549724115559e+00,-9.016907371832604268e-01,-7.488129120730717680e+00,-6.396630630266312068e+00,3.354308909705570885e-02,9.251033825913318465e-02,-3.541882697979349404e-01,-9.299824557627701660e-01,-1.027409723433685196e+00,-4.286635952358563983e+00,-2.955889162459622632e+00,-7.345137674923738302e+01,7.797293084789449047e+00,6.620000000000000107e+00,6.620000000000000107e+00,1.053138134629563044e-02,-5.501346192245851890e-03
1.914000000000001478e+00,9.791178673219962381e-01,-3.632030076782812866e+00,-3.884044810984648155e+00,-9.228630638421392307e-01,-7.483274414776811767e+00,-6.410878329762164540e+00,2.937052023166322745e-02,8.953505979412533511e-02,-3.530981604686645459e-01,-9.308289502817522765e-01,-1.002963904782452120e+00,-4.288080715188020697e+00,-2.959919678652798591e+00,-7.386320004451047794e+01,7.923782876210696990e+00,6.620000000000000107e+00,6.620000000000000107e+00,9.403668433632226056e-03,-6.101572747936584613e-03
1.916000000000001480e+00,9.772721411943119385e-01,-3.646996625612366483e+00,-3.896866567644172274e+00,-9.441294229602446020e-01,-7.478155632297053046e+00,-6.424967237420930566e+00,2.519067370957578378e-02,8.655805624593325420e-02,-3.520205437249425140e-01,-9.316408479948588006e-01,-9.788822144768165590e-01,-4.289162433706112942e+00,-2.963855620306817595e+00,-7.427524350589854407e+01,8.046004597558342297e+00,6.620000000000000107e+00,6.620000000000000107e+00,8.293591881055439874e-03,-6.639211225673494546e-03
1.918000000000001481e+00,9.753838823483914622e-01,-3.661952936876960774e+00,-3.909716502119014336e+00,-9.654885415824205896e-01,-7.472772529864409208e+00,-6.438898313652726912e+00,2.100398607644395760e-02,8.357960074499758141e-02,-3.509551405506854405e-01,-9.324182388977898528e-01,-9.551964890705713085e-01,-4.289898929513746850e+00,-2.967698026981375747e+00,-7.468744234685013339e+01,8.163967803618575658e+00,6.620000000000000107e+00,6.620000000000000107e+00,7.203162944146535192e-03,-7.112599869882539096e-03
1.920000000000001483e+00,9.734529052652266534e-01,-3.676898481936689667e+00,-3.922594298746319819e+00,-9.869390893825482625e-01,-7.467124870327569219e+00,-6.452672603846617783e+00,1.681088678449369975e-02,8.059995334168071346e-02,-3.499016437999943885e-01,-9.331612300523953740e-01,-9.319381990268975624e-01,-4.290308805451161334e+00,-2.971448103888713277e+00,-7.509973314828000923e+01,8.277686538809208017e+00,6.620000000000000107e+00,6.620000000000000107e+00,6.134405478139831440e-03,-7.520169492039461417e-03
1.922000000000001485e+00,9.714790270864616106e-01,-3.691832731677344714e+00,-3.935499643954012861e+00,-1.008479677910391725e+00,-7.461212423184401921e+00,-6.466291235101202517e+00,1.261179746421432941e-02,7.761936063876814784e-02,-3.488597182456436019e-01,-9.338699451231529114e-01,-9.091383718107103329e-01,-4.290411426323298194e+00,-2.975107218920759689e+00,-7.551205402348537632e+01,8.387179326734839790e+00,6.620000000000000107e+00,6.620000000000000107e+00,5.089351822657630156e-03,-7.860450236832249721e-03
1.924000000000001487e+00,9.694620677306408085e-01,-3.706755156523713346e+00,-3.948432226424215319e+00,-1.030108859955350065e+00,-7.455034965022660387e+00,-6.479755412800155767e+00,8.407131208651641083e-03,7.463805543921994690e-02,-3.478290006955425673e-01,-9.345445238725829107e-01,-8.868275134206894394e-01,-4.290226897238370363e+00,-2.978676899245785936e+00,-7.592434478299952616e+01,8.492469146950913483e+00,6.620000000000000107e+00,6.620000000000000107e+00,4.070038500602123771e-03,-8.132078309307835470e-03
1.926000000000001489e+00,9.674018500107300911e-01,-3.721665226453758635e+00,-3.961391737249815748e+00,-1.051825129032139206e+00,-7.448592280022864109e+00,-6.493066417045173289e+00,4.197291872624487122e-03,7.165625640993721068e-02,-3.468091001791029360e-01,-9.351851216156136237e-01,-8.650355285356342572e-01,-4.289776039536904229e+00,-2.982158827486039776e+00,-7.633654709868658017e+01,8.593583398652205219e+00,6.620000000000000107e+00,6.620000000000000107e+00,3.078501745164893746e-03,-8.333802633631081161e-03
1.928000000000001490e+00,9.652981997526658420e-01,-3.736562411013804486e+00,-3.974377870083906306e+00,-1.073626918992576673e+00,-7.441884160517817648e+00,-6.506225598959471945e+00,-1.732661079058727655e-05,6.867416776228582598e-02,-3.457995982052936568e-01,-9.357919086330055425e-01,-8.437916394598946601e-01,-4.289080364298334835e+00,-2.985554837489595048e+00,-7.674860466636715728e+01,8.690553851042860600e+00,6.620000000000000107e+00,6.620000000000000107e+00,2.116772870157736502e-03,-8.464491413114099555e-03
1.930000000000001492e+00,9.631509459146806451e-01,-3.751446179334839925e+00,-3.987390321281825134e+00,-1.095512603766745752e+00,-7.434910407602801641e+00,-6.519234376875576942e+00,-4.236340894143750258e-03,6.569197895009240562e-02,-3.448000490940060225e-01,-9.363650695440427496e-01,-8.231243040625965124e-01,-4.288162043422397929e+00,-2.988866909711298092e+00,-7.716046336625639412e+01,8.783416580186401035e+00,6.620000000000000107e+00,6.620000000000000107e+00,1.186873499927081251e-03,-8.523138560264209573e-03
1.932000000000001494e+00,9.609599207071471971e-01,-3.766316000150045529e+00,-4.000428790035575943e+00,-1.117480497235866954e+00,-7.427670831790106121e+00,-6.532094232421653324e+00,-8.459378857492202280e-03,6.270986438579673194e-02,-3.438099803821850209e-01,-9.369048026388071548e-01,-8.030611329151811084e-01,-4.287043878293133936e+00,-2.992097166219218618e+00,-7.757207142049220749e+01,8.872211892177606529e+00,6.620000000000000107e+00,6.620000000000000107e+00,2.908106760386676079e-04,-8.508869964835588662e-03
1.934000000000001496e+00,9.587249597126754619e-01,-3.781171341813625908e+00,-4.013492978500419639e+00,-1.139528853238225281e+00,-7.420165253701301644e+00,-6.544806706521087314e+00,-1.268608022590150992e-02,5.972798317540878310e-02,-3.428288933060009147e-01,-9.374113191704498416e-01,-7.836288058414192514e-01,-4.285749266044200034e+00,-2.995247865344406790e+00,-7.798337954703114860e+01,8.956984232523797829e+00,6.620000000000000107e+00,6.620000000000000107e+00,-5.694281411804478360e-04,-8.420949567130776858e-03
1.936000000000001497e+00,9.564459020061990557e-01,-3.796011672321028652e+00,-4.026582591913461684e+00,-1.161655865708498769e+00,-7.412393504790384391e+00,-6.557373395320373888e+00,-1.691609716019975770e-02,5.674647887288011144e-02,-3.418562633601523459e-01,-9.378848426079986478e-01,-7.648529881036081335e-01,-4.284302163455354417e+00,-2.998321395992985305e+00,-7.839434110919518162e+01,9.037782081668025214e+00,6.620000000000000107e+00,6.620000000000000107e+00,-1.391880157469528589e-03,-8.258785203180045095e-03
1.938000000000001499e+00,9.541225902747820786e-01,-3.810836459330609216e+00,-4.039697338704102414e+00,-1.183859668949807764e+00,-7.404355428090788394e+00,-6.569795946060633440e+00,-2.114909481863188820e-02,5.376547925445476078e-02,-3.408915409351933046e-01,-9.383256078503456887e-01,-7.467582464581091761e-01,-4.282727048521396185e+00,-3.001320271640671944e+00,-7.880491226016143003e+01,9.114657836634661336e+00,6.620000000000000107e+00,6.620000000000000107e+00,-2.174612396476704144e-03,-8.021934187916829329e-03
1.940000000000001501e+00,9.517548709368824911e-01,-3.825645170186790622e+00,-4.052836930596223297e+00,-1.206138338036783386e+00,-7.396050878979157694e+00,-6.582076052908272246e+00,-2.538475188708592956e-02,5.078509611351764153e-02,-3.399341520335709688e-01,-9.387338604021849831e-01,-7.293679653227679305e-01,-4.281048879746405689e+00,-3.004247124030721583e+00,-7.921505208170150070e+01,9.187667678824947615e+00,6.620000000000000107e+00,6.620000000000000107e+00,-2.915726898788512794e-03,-7.710108602028147191e-03
1.942000000000001503e+00,9.493425942608089141e-01,-3.840437271944749043e+00,-4.066001082702039859e+00,-1.228489889346923825e+00,-7.387479725948747245e+00,-6.594215452760374241e+00,-2.962276107559651608e-02,4.780542507640696964e-02,-3.389834990648509794e-01,-9.391098555128000180e-01,-7.127042633081109857e-01,-4.279293053227888777e+00,-3.007104696596965887e+00,-7.962472271649488675e+01,9.256871428038977001e+00,6.620000000000000107e+00,6.620000000000000107e+00,-3.613365948003483766e-03,-7.323180247822714053e-03
1.944000000000001505e+00,9.468856144821150567e-01,-3.855212231396646594e+00,-4.079189513607560436e+00,-1.250912281216506106e+00,-7.378641851385381756e+00,-6.606215921040432981e+00,-3.386282957887357115e-02,4.482654543960079563e-02,-3.380389617203783392e-01,-9.394538572787234365e-01,-6.967879103735512558e-01,-4.277485357607207384e+00,-3.009895837634140481e+00,-8.003388949336361691e+01,9.322332382849312538e+00,6.620000000000000107e+00,6.620000000000000107e+00,-4.265717303538230608e-03,-6.861185239259279603e-03
1.946000000000001506e+00,9.443837899196820818e-01,-3.869969515099417556e+00,-4.092401945449640976e+00,-1.273403414716329785e+00,-7.369537152339009189e+00,-6.618079267499934026e+00,-3.810467949865620207e-02,4.184852002862899517e-02,-3.370998979273935325e-01,-9.397661377114303605e-01,-6.816382458791089283e-01,-4.275651926974517458e+00,-3.012623493237989170e+00,-8.044252104480163723e+01,9.384117147500878886e+00,6.620000000000000107e+00,6.620000000000000107e+00,-4.871019419793185326e-03,-6.324328191248141176e-03
1.948000000000001508e+00,9.418369830902494355e-01,-3.884708589404095580e+00,-4.105638103984641241e+00,-1.295961134541624427e+00,-7.360165541284078294e+00,-6.629807332041131041e+00,-4.234804822575320010e-02,3.887139507899885910e-02,-3.361656448823795995e-01,-9.400469757713683094e-01,-6.672730978125114287e-01,-4.273819191828243547e+00,-3.015290700037730254e+00,-8.085058941620314954e+01,9.442295445561155631e+00,6.620000000000000107e+00,6.620000000000000107e+00,-5.427566631397110798e-03,-5.712985973267039295e-03
1.950000000000001510e+00,9.392450608211662111e-01,-3.899428920486663674e+00,-4.118897718648723227e+00,-1.318583230009540364e+00,-7.350526946862240507e+00,-6.641401980576096875e+00,-4.659268877970242084e-02,3.589520013935632026e-02,-3.352355201631659898e-01,-9.402966563697677804e-01,-6.537087034807456121e-01,-4.272013828200813101e+00,-3.017900577743378943e+00,-8.125807016622682966e+01,9.496939920594583029e+00,6.620000000000000107e+00,6.620000000000000107e+00,-5.933714284461559865e-03,-5.027710992709094953e-03
1.952000000000001512e+00,9.366078943611471086e-01,-3.914129974380388344e+00,-4.132180522609875339e+00,-1.341267436156788673e+00,-7.340621314601166958e+00,-6.652865100936804055e+00,-5.083837010406161427e-02,3.291994799703536201e-02,-3.343088229190520067e-01,-9.405154693398256605e-01,-6.409596319643657836e-01,-4.270262705073927911e+00,-3.020456321530101462e+00,-8.166494245777104766e+01,9.548125924184500235e+00,6.620000000000000107e+00,6.620000000000000107e+00,-6.387883794124212151e-03,-4.269233973664029493e-03
1.954000000000001513e+00,9.339253594888334842e-01,-3.928811217009590795e+00,-4.145486252811749317e+00,-1.364011434929197408e+00,-7.330448607603686995e+00,-6.664198598850563648e+00,-5.508487731543361410e-02,2.994563462607694251e-02,-3.333848351379458674e-01,-9.407037083790144028e-01,-6.290387086419402252e-01,-4.268592830217988521e+00,-3.022961194281292840e+00,-8.207118913907412150e+01,9.595931291676054187e+00,6.620000000000000107e+00,6.620000000000000107e+00,-6.788567609096022443e-03,-3.438466197452228444e-03
1.956000000000001515e+00,9.311973366189750800e-01,-3.943472114224798375e+00,-4.158814650009450276e+00,-1.386812856454221921e+00,-7.320008807201861423e+00,-6.675404393994666563e+00,-5.933201190442767559e-02,2.697223915772412051e-02,-3.324628229892291897e-01,-9.408616699644128945e-01,-6.178656631289420886e-01,-4.266989324877970446e+00,-3.025418518711378457e+00,-8.247679681449668010e+01,9.640436106062422184e+00,6.620000000000000107e+00,6.620000000000000107e+00,-7.166855473849395239e-03,-2.703746391362592000e-03
1.958000000000001517e+00,9.284237109060666793e-01,-3.958112131839202075e+00,-4.172165458797439719e+00,-1.409669280386785628e+00,-7.309301913571112586e+00,-6.686484416143519738e+00,-6.357958041062579391e-02,2.399975795044312007e-02,-3.315421266886540708e-01,-9.409896209862750327e-01,-6.068273813359109647e-01,-4.265197483146932811e+00,-3.027831289208051224e+00,-8.288175129156918786e+01,9.681712091193579894e+00,6.620000000000000107e+00,6.620000000000000107e+00,-7.700121131649051778e-03,-3.028951202314761077e-03
1.960000000000001519e+00,9.256043723452931360e-01,-3.972730735666344160e+00,-4.185538427629726499e+00,-1.432578236010475070e+00,-7.298327946106721420e+00,-6.697440604939464137e+00,-6.782732681337362568e-02,2.102839530779093691e-02,-3.306226780303033741e-01,-9.410876181845138078e-01,-5.960201494022299151e-01,-4.263310942024680195e+00,-3.030199960026997097e+00,-8.328601111154436865e+01,9.719762012323416300e+00,6.620000000000000107e+00,6.620000000000000107e+00,-8.081166356944174609e-03,-3.061068816437414325e-03
1.962000000000001521e+00,9.227392158732722338e-01,-3.987327391558557643e+00,-4.198933308839605694e+00,-1.455537194793768307e+00,-7.287086942296218339e+00,-6.708274930012194659e+00,-7.207502570312031287e-02,1.805827522268320384e-02,-3.297043130758022245e-01,-9.411557550719699128e-01,-5.855362842142723956e-01,-4.261415703517758224e+00,-3.032525417209420038e+00,-8.368954541779955036e+01,9.754600098524111473e+00,6.620000000000000107e+00,6.620000000000000107e+00,-8.325636722680470128e-03,-2.821141178123076285e-03
1.964000000000001522e+00,9.198281414836847469e-01,-4.001901565443150233e+00,-4.212349858699630190e+00,-1.478543573483602547e+00,-7.275578956978514533e+00,-6.718989382874388738e+00,-7.632248080335621299e-02,1.508944958303942013e-02,-3.287867749511239612e-01,-9.411941585308216673e-01,-5.754634881576478067e-01,-4.259590535612483464e+00,-3.034808954515036294e+00,-8.409233321354919610e+01,9.786251586671051328e+00,6.620000000000000107e+00,6.620000000000000107e+00,-8.447724350065678040e-03,-2.329742258244962838e-03
1.966000000000001524e+00,9.168710543367175614e-01,-4.016452723357107679e+00,-4.225787837465379226e+00,-1.501594737055181650e+00,-7.263804061942447987e+00,-6.729585969334574536e+00,-8.056952358171542983e-02,1.212190590461109316e-02,-3.278697174039315598e-01,-9.412029853737828855e-01,-5.658842988410341945e-01,-4.257907381759077126e+00,-3.037052247632459956e+00,-8.449436266351227687e+01,9.814752185823188313e+00,6.620000000000000107e+00,6.620000000000000107e+00,-8.460217313198174771e-03,-1.606885690177502126e-03
1.968000000000001526e+00,9.138678648626071821e-01,-4.030980331480992440e+00,-4.239247009404047972e+00,-1.524688001526631309e+00,-7.251762345814517730e+00,-6.740066702424830858e+00,-8.481601193993917875e-02,9.155574572612065060e-03,-3.269527090195961105e-01,-9.411824188952941928e-01,-5.568756284104545706e-01,-4.256431774117253930e+00,-3.039257327129219366e+00,-8.489563043873374681e+01,9.840147472797472261e+00,6.620000000000000107e+00,6.620000000000000107e+00,-8.374556569974711540e-03,-6.719478244025917611e-04
1.970000000000001528e+00,9.108184888595539652e-01,-4.045483856172621628e+00,-4.252727142808897298e+00,-1.547820636645471648e+00,-7.239453914188191064e+00,-6.750433595838318368e+00,-8.906182897286997469e-02,6.190335580657138626e-03,-3.260352379987732641e-01,-9.411326654348416421e-01,-5.485083869490319231e-01,-4.255223246307611618e+00,-3.041426550549175989e+00,-8.529614110341603350e+01,9.862492229259125054e+00,6.620000000000000107e+00,6.620000000000000107e+00,-8.200899134818008529e-03,4.563948806625773083e-04
1.972000000000001529e+00,9.077228475862629820e-01,-4.059962764000998092e+00,-4.266228010000573612e+00,-1.570989868452281391e+00,-7.226878889950126172e+00,-6.760688657869389218e+00,-9.330688178714746650e-02,3.226024761764459316e-03,-3.251167174045129782e-01,-9.410539509717333884e-01,-5.408471843954352209e-01,-4.254335741889127220e+00,-3.043562574013090494e+00,-8.569590654233435600e+01,9.881849730134470988e+00,6.620000000000000107e+00,6.620000000000000107e+00,-7.948186297656627958e-03,1.760215218070583596e-03
1.974000000000001531e+00,9.045808678493584276e-01,-4.074416521780898748e+00,-4.279749387316312159e+00,-1.594192881725409405e+00,-7.214037413761862361e+00,-6.770833885846974987e+00,-9.755110037079463281e-02,2.624395117986564599e-04,-3.241964907922368910e-01,-9.409465177681187731e-01,-5.339501054080482145e-01,-4.253818015239390959e+00,-3.045668323629184382e+00,-8.609494542718182686e+01,9.898290992610364825e+00,6.620000000000000107e+00,6.620000000000000107e+00,-7.624215781654475679e-03,3.222372423992220063e-03
1.976000000000001533e+00,9.013924820859076092e-01,-4.088844596608422144e+00,-4.293291055088006125e+00,-1.617426822309172119e+00,-7.200929644658983442e+00,-6.780871261050205767e+00,-1.017944365054119643e-01,-2.700655989259907654e-03,-3.232738381414678175e-01,-9.408106210747503306e-01,-5.278685516447279014e-01,-4.253714021949511981e+00,-3.047746966975287464e+00,-8.649328272001149287e+01,9.911893994421756560e+00,6.620000000000000107e+00,6.620000000000000107e+00,-7.235716818800677110e-03,4.826538270850749823e-03
1.978000000000001535e+00,8.981576284412892131e-01,-4.103246455897740397e+00,-4.306852797610106975e+00,-1.640688799326676994e+00,-7.187555760733291166e+00,-6.790802744093682008e+00,-1.060368627132335234e-01,-5.663526048420654962e-03,-3.223479820138578367e-01,-9.406465259119535238e-01,-5.226471460138790714e-01,-4.254063296258963511e+00,-3.049801884872758606e+00,-8.689094921180715403e+01,9.922742869555055023e+00,6.620000000000000107e+00,6.620000000000000107e+00,-6.788427207079933585e-03,6.557213111590692520e-03
1.980000000000001537e+00,8.948762508426358897e-01,-4.117621567419207373e+00,-4.320434403098293963e+00,-1.663975887277261201e+00,-7.173915959867179559e+00,-6.800630270768540875e+00,-1.102783712318363418e-01,-8.626459209522393742e-03,-3.214180938677712041e-01,-9.404545039364574643e-01,-5.183236935753645636e-01,-4.254901313446216804e+00,-3.051836643634989521e+00,-8.728798109411860651e+01,9.930927088914531353e+00,6.620000000000000107e+00,6.620000000000000107e+00,-6.287171494960615281e-03,8.399732898716349636e-03
1.982000000000001538e+00,8.915482990680814179e-01,-4.131969399338942139e+00,-4.334035663639831171e+00,-1.687285128017519842e+00,-7.160010460493050566e+00,-6.810355748324357528e+00,-1.145189730098331998e-01,-1.158976446487161235e-02,-3.204833004653727113e-01,-9.402348304031518111e-01,-5.149291939239349913e-01,-4.256259835458340746e+00,-3.053854967939853005e+00,-8.768441956163424322e+01,9.936540632921653682e+00,6.620000000000000107e+00,6.620000000000000107e+00,-5.735939518180457539e-03,1.034026817028652588e-02
1.984000000000001540e+00,8.881737288120463703e-01,-4.146289420259928526e+00,-4.347656375136479845e+00,-1.710613532624050803e+00,-7.145839502354228046e+00,-6.819981052176041558e+00,-1.187586967174153463e-01,-1.455376790896865426e-02,-3.195426903138047781e-01,-9.399877812294418211e-01,-5.124879000679445351e-01,-4.258167238406461941e+00,-3.055860714445890025e+00,-8.808031044353133154e+01,9.939681162444156115e+00,6.620000000000000107e+00,6.620000000000000107e+00,-5.137964589936963936e-03,1.236581595863068227e-02
1.986000000000001542e+00,8.847525017467983144e-01,-4.160581099264637039e+00,-4.361296337240831988e+00,-1.733958083135348049e+00,-7.131403347247396773e+00,-6.829508023019189800e+00,-1.229975877661454442e-01,-1.751880981232530402e-02,-3.185953200875543678e-01,-9.397136301686688231e-01,-5.110174190172450670e-01,-4.260648820873990772e+00,-3.057857846246067712e+00,-8.847570386143695487e+01,9.940449193891147672e+00,6.620000000000000107e+00,6.620000000000000107e+00,-4.495800718371910885e-03,1.446418553724733089e-02
1.988000000000001544e+00,8.812845855805275797e-01,-4.174843905959131796e+00,-4.374955353286870796e+00,-1.757315734169741628e+00,-7.116702279730035663e+00,-6.838938464336779433e+00,-1.272357073329306032e-01,-2.048524209155059422e-02,-3.176402209844785274e-01,-9.394126460980132265e-01,-5.105288495114272962e-01,-4.263727092280737097e+00,-3.059850408230402774e+00,-8.887065391184762575e+01,9.938947283764324681e+00,6.620000000000000107e+00,6.620000000000000107e+00,-3.811398294734352071e-03,1.662397887705543281e-02
1.990000000000001545e+00,8.777699541121880555e-01,-4.189077310518591446e+00,-4.388633230215543968e+00,-1.780683414415902499e+00,-7.101736607779640664e+00,-6.848274140279721145e+00,-1.314731313836290105e-01,-2.345342615048186946e-02,-3.166764049731381481e-01,-9.390850904253967846e-01,-5.110269525489438136e-01,-4.267422040818702911e+00,-3.061842503409299532e+00,-8.926521837088945688e+01,9.935279227427216142e+00,6.620000000000000107e+00,6.620000000000000107e+00,-3.086177761521783844e-03,1.883456663640982812e-02
1.992000000000001547e+00,8.742085872833562643e-01,-4.203280783734150816e+00,-4.402329778496103074e+00,-1.804058027992204050e+00,-7.086506663394685823e+00,-6.857516773903478580e+00,-1.357099496922639925e-01,-2.642373106613353853e-02,-3.157028708940643469e-01,-9.387312146191334472e-01,-5.125103506149149002e-01,-4.271751380724557734e+00,-3.063838270232822403e+00,-8.965945841935010208e+01,9.929549276347295006e+00,6.620000000000000107e+00,6.620000000000000107e+00,-2.321100832456729837e-03,2.108606045963677331e-02
1.994000000000001549e+00,8.706004712273718305e-01,-4.217453797060939813e+00,-4.416044812043909751e+00,-1.827436455671147320e+00,-7.071012803130255264e+00,-6.866668045742839510e+00,-1.399462648523295272e-01,-2.939653209259326938e-02,-3.147186103823151893e-01,-9.383512578634054524e-01,-5.149717517471524841e-01,-4.276730778880025063e+00,-3.065841860927021489e+00,-9.005343838597771366e+01,9.921861377581617347e+00,6.620000000000000107e+00,6.620000000000000107e+00,-1.516738895177810464e-03,2.336928230758608671e-02
1.996000000000001551e+00,8.669455983160295753e-01,-4.231595822667200579e+00,-4.429778148135395277e+00,-1.850815555965106940e+00,-7.055255408564067743e+00,-6.875729592706840698e+00,-1.441821912771779346e-01,-3.237220945568312219e-02,-3.137226135831717722e-01,-9.379454448420827539e-01,-5.183981948229189340e-01,-4.282374060935028481e+00,-3.067857420856529238e+00,-9.044722550711560416e+01,9.912318438816040356e+00,6.620000000000000107e+00,6.620000000000000107e+00,-6.733382831872348345e-04,2.567573149096330498e-02
1.998000000000001553e+00,8.632439672040993495e-01,-4.245706333484328354e+00,-4.443529607320808594e+00,-1.874192166069829080e+00,-7.039234886691191129e+00,-6.884703007275889242e+00,-1.484178541869741463e-01,-3.535114741118845771e-02,-3.127138746370451972e-01,-9.375139836529015058e-01,-5.227713126902857610e-01,-4.288693397329967461e+00,-3.069889068912717622e+00,-9.084088970082576964e+01,9.901021621834134478e+00,6.620000000000000107e+00,6.620000000000000107e+00,2.091178441260780480e-04,2.799755002351979327e-02
2.000000000000001332e+00,8.594955828719597068e-01,-4.259784803257710806e+00,-4.457299013335360272e+00,-1.897563102662407797e+00,-7.022951670248127165e+00,-6.893589836983229802e+00,-1.526533885801883705e-01,-3.833373353971008396e-02,-3.116913969136256291e-01,-9.370570638535974384e-01,-5.280676100052809074e-01,-4.295699469753575528e+00,-3.071940878918448359e+00,-9.123450335374508313e+01,9.888069666882289610e+00,6.620000000000000107e+00,6.620000000000000107e+00,1.130851225532284246e-03,3.032748685811518727e-02
2.002000000000001112e+00,8.557004566666348566e-01,-4.273830706598206852e+00,-4.471086193009326415e+00,-1.920925162550854326e+00,-7.006406217969080252e+00,-6.902391584163072302e+00,-1.568889381880730349e-01,-4.132035825168381415e-02,-3.106541979789898544e-01,-9.365748546412091535e-01,-5.342587528672277930e-01,-4.303401618712074495e+00,-3.074016862033658093e+00,-9.162814111901528236e+01,9.873558250015047832e+00,6.620000000000000107e+00,6.620000000000000107e+00,2.092233992389939956e-03,3.265886151464009179e-02
2.004000000000000892e+00,8.518586063415330978e-01,-4.287843519034145068e+00,-4.484890976177652533e+00,-1.944275123172866548e+00,-6.989599014779178887e+00,-6.911109705947907855e+00,-1.611246544110299939e-01,-4.431141447680733009e-02,-3.096013142827951925e-01,-9.360675031654267508e-01,-5.413118675680199665e-01,-4.311807973004544436e+00,-3.076120950140486698e+00,-9.202187972372955471e+01,9.857579375147649259e+00,6.620000000000000107e+00,6.620000000000000107e+00,3.093738056979863926e-03,3.498552755510367374e-02
2.006000000000000671e+00,8.479700560951873856e-01,-4.301822717063703116e+00,-4.498713195589548519e+00,-1.967609742941973217e+00,-6.972530571931116583e+00,-6.919745614497825770e+00,-1.653606952362225990e-01,-4.730729751298939217e-02,-3.085318055558347594e-01,-9.355351329765586588e-01,-5.491898459852438963e-01,-4.320925561999430009e+00,-3.078256980182184410e+00,-9.241579778444423710e+01,9.840220802211424811e+00,6.620000000000000107e+00,6.620000000000000107e+00,4.135888478569466065e-03,3.730183630859503635e-02
2.008000000000000451e+00,8.440348366093034516e-01,-4.315767778207565186e+00,-4.512552686818544601e+00,-1.990925761439868324e+00,-6.955201427093197886e+00,-6.928300677444918065e+00,-1.695972241362136146e-01,-5.030840501096277978e-02,-3.074447589111088397e-01,-9.349778426083871219e-01,-5.578516553529567767e-01,-4.330760411688707734e+00,-3.080428679426480798e+00,-9.280997562941097101e+01,9.821565512500615824e+00,6.620000000000000107e+00,6.620000000000000107e+00,5.219220854131987469e-03,3.960260119730505540e-02
2.010000000000000231e+00,8.400529850864236758e-01,-4.329678181061751729e+00,-4.526409288173434575e+00,-2.014219899454452900e+00,-6.937612144398046077e+00,-6.936776218536209626e+00,-1.738344089488240707e-01,-5.331513707185683154e-02,-3.063392926441980690e-01,-9.343957042959231130e-01,-5.672526503369116346e-01,-4.341317625560442650e+00,-3.082639651621331023e+00,-9.320449512629538447e+01,9.801691212016669041e+00,6.620000000000000107e+00,6.620000000000000107e+00,6.344242746599310090e-03,4.188306296511148247e-02
2.012000000000000011e+00,8.360245452875147976e-01,-4.343553405350547791e+00,-4.540282840610506909e+00,-2.037488858863854002e+00,-6.919763314462341164e+00,-6.945173518458881645e+00,-1.780724207387943125e-01,-5.632789643628129117e-02,-3.052145597311021197e-01,-9.337887628277815599e-01,-5.773448855225765675e-01,-4.352601451378204978e+00,-3.084893364008845396e+00,-9.359943951425675834e+01,9.780669873355893884e+00,6.620000000000000107e+00,6.620000000000000107e+00,7.511399132201314333e-03,4.413885606239952714e-02
2.013999999999999790e+00,8.319495675697871073e-01,-4.357392931979472195e+00,-4.554173187647424292e+00,-2.060729322367483629e+00,-6.901655554388818281e+00,-6.953493815831939706e+00,-1.823114326421977349e-01,-5.934708874481092050e-02,-3.040697510238609680e-01,-9.331570345326407612e-01,-5.880774265943822243e-01,-4.364615334988158679e+00,-3.087193135161685920e+00,-9.399489323937473273e+01,9.758567316448246487e+00,6.620000000000000107e+00,6.620000000000000107e+00,8.721041819721938454e-03,4.636597639543725557e-02
2.015999999999999570e+00,8.278281089250520974e-01,-4.371196243088249389e+00,-4.568080175279088273e+00,-2.083937953066027138e+00,-6.883289507762487602e+00,-6.961738308348843773e+00,-1.865516186948981969e-01,-6.237312285115780702e-02,-3.029040981462017279e-01,-9.325005063989745269e-01,-5.993966586433264743e-01,-4.377361962292670050e+00,-3.089542123605186319e+00,-9.439094179251725336e+01,9.735442828237278690e+00,6.620000000000000107e+00,6.620000000000000107e+00,9.973402768351024433e-03,4.856075060587006220e-02
2.017999999999999350e+00,8.236602330189199961e-01,-4.384962822103774194e+00,-4.582003651895785623e+00,-2.107111393893098761e+00,-6.864665844653531579e+00,-6.969908154056011718e+00,-1.907931526466565830e-01,-6.540641117075610134e-02,-3.017168760931724925e-01,-9.318191353269628108e-01,-6.112465901876156238e-01,-4.390843290534053089e+00,-3.091943317187854756e+00,-9.478767154885295554e+01,9.711348821193068304e+00,6.620000000000000107e+00,6.620000000000000107e+00,1.126857120709442300e-02,5.071980700587677693e-02
2.019999999999999130e+00,8.194460102311338368e-01,-4.398692153793080983e+00,-4.595943468203897986e+00,-2.130246266902172447e+00,-6.845785261639701247e+00,-6.978004472752497911e+00,-1.950362067627791629e-01,-6.844737004894654864e-02,-3.005074055402502387e-01,-9.311128475112113723e-01,-6.235691516280659208e-01,-4.405060570024807554e+00,-3.094399523162718157e+00,-9.518516960831647111e+01,9.686330530369799519e+00,6.620000000000000107e+00,6.620000000000000107e+00,1.260647443738425327e-02,5.284004825777674497e-02
2.021999999999998909e+00,8.151855176973294981e-01,-4.412383724316359945e+00,-4.609899477149403069e+00,-2.153339172413266223e+00,-6.826648481861219864e+00,-6.986028347496550772e+00,-1.992809506154548105e-01,-7.149642013441717681e-02,-2.992750548687486689e-01,-9.303815379526138019e-01,-6.363044869871190556e-01,-4.420014357442492603e+00,-3.096913358942094519e+00,-9.558352363644021921e+01,9.660425748556635384e+00,6.620000000000000107e+00,6.620000000000000107e+00,1.398686218156167116e-02,5.491862585328858432e-02
2.023999999999998689e+00,8.108788393525029337e-01,-4.426037021280082584e+00,-4.623871533844396531e+00,-2.176386688024743332e+00,-6.807256255121235000e+00,-6.993980826205151935e+00,-2.035275498671535732e-01,-7.455398674502057565e-02,-2.980192419155274219e-01,-9.296250700973972547e-01,-6.493912378982942268e-01,-4.435704521779433307e+00,-3.099487243488816990e+00,-9.598282170506607258e+01,9.633664598922573319e+00,6.620000000000000107e+00,6.620000000000000107e+00,1.540929432313992847e-02,5.695291641731604904e-02
2.025999999999998469e+00,8.065260659764534878e-01,-4.439651533790325288e+00,-4.637859495496806872e+00,-2.199385367496461186e+00,-6.787609358044757180e+00,-7.001862923333042055e+00,-2.077761650486504574e-01,-7.762050021453202608e-02,-2.967394354560166647e-01,-9.288432756010920333e-01,-6.626462031256039609e-01,-4.452078595589522791e+00,-3.102123389307645862e+00,-9.638315213254907121e+01,9.606069344424552625e+00,6.620000000000000107e+00,6.620000000000000107e+00,1.683922619218847574e-02,5.872857046294956834e-02
2.027999999999998249e+00,8.021272952414605362e-01,-4.453226752506414421e+00,-4.651863221343472965e+00,-2.222331739511376192e+00,-6.767708594308790460e+00,-7.009675621618151276e+00,-2.120269257120864226e-01,-8.069637332348252035e-02,-2.954352792846354214e-01,-9.280359227204126871e-01,-6.753656097917521972e-01,-4.468866023173132085e+00,-3.104823272238105503e+00,-9.678459709649776244e+01,9.577640520198690055e+00,6.620000000000000107e+00,6.620000000000000107e+00,1.814225025597696397e-02,5.934260477482528051e-02
2.029999999999998028e+00,7.976826317624378104e-01,-4.466762169695032370e+00,-4.665882572586709465e+00,-2.245222304483592612e+00,-6.747554794291012570e+00,-7.017419877664177186e+00,-2.162798220817445105e-01,-8.378191198433453113e-02,-2.941071223931264189e-01,-9.272025832266498346e-01,-6.874984912629982237e-01,-4.486100159119823516e+00,-3.107585354911491571e+00,-9.718720602077199544e+01,9.548297852736514102e+00,6.620000000000000107e+00,6.620000000000000107e+00,1.956183561476696267e-02,6.000066256691204136e-02
2.031999999999997808e+00,7.931921871534706181e-01,-4.480257279283614835e+00,-4.679917412342037508e+00,-2.268053523426596829e+00,-6.727148811802198480e+00,-7.025096643422324760e+00,-2.205348410996238739e-01,-8.687746638099913543e-02,-2.927553499155087779e-01,-9.263428063045719973e-01,-6.989967429292969214e-01,-4.503810379664431984e+00,-3.110407901452400647e+00,-9.759103138219160201e+01,9.517954710463902401e+00,6.620000000000000107e+00,6.620000000000000107e+00,2.108641318552328947e-02,6.069556674654381229e-02
2.033999999999997588e+00,7.886560801066174742e-01,-4.493711576907219118e+00,-4.693967605628881934e+00,-2.290821816992208326e+00,-6.706491523783166819e+00,-7.032706866013361591e+00,-2.247919645781848719e-01,-8.998342716131245422e-02,-2.913803806881533065e-01,-9.254561195688381092e-01,-7.098147119509984337e-01,-4.522022054478192388e+00,-3.113288983632019669e+00,-9.799612819833313893e+01,9.486518441571920590e+00,6.620000000000000107e+00,6.620000000000000107e+00,2.270465527994911317e-02,6.141975524601977349e-02
2.035999999999997367e+00,7.840744364726330851e-01,-4.507124559954785781e+00,-4.708033019360908789e+00,-2.313523564407011346e+00,-6.685583830346687684e+00,-7.040251487662090746e+00,-2.290511673684379190e-01,-9.310022165028014607e-02,-2.899826652720108311e-01,-9.245420300330133845e-01,-7.199088329846951018e-01,-4.540756558260511611e+00,-3.116226484944113917e+00,-9.840255351623078184e+01,9.453890670718802625e+00,6.620000000000000107e+00,6.620000000000000107e+00,2.440553723716721440e-02,6.216541032035224901e-02
2.037999999999997147e+00,7.794473893438190748e-01,-4.520495727615479353e+00,-4.722113522336233160e+00,-2.336155102322456045e+00,-6.664426655152345447e+00,-7.047731445740272882e+00,-2.333124155528804589e-01,-9.622831012118121530e-02,-2.885626843844545930e-01,-9.236000250438171078e-01,-7.292373088081566257e-01,-4.560031317325697664e+00,-3.119218102807050030e+00,-9.881036590614614568e+01,9.419967559949007807e+00,6.620000000000000107e+00,6.620000000000000107e+00,2.617838824508336368e-02,6.292457561620477813e-02
2.039999999999996927e+00,7.747750791391742053e-01,-4.533824580925783998e+00,-4.736208985227714052e+00,-2.358712723595757232e+00,-6.643020946101314550e+00,-7.055147672912121415e+00,-2.375756646718922560e-01,-9.936818215598779147e-02,-2.871209476892792600e-01,-9.226295731921524412e-01,-7.377598342738865833e-01,-4.579859886545396108e+00,-3.122261349099775263e+00,-9.921962496411204313e+01,9.384640039055357263e+00,6.620000000000000107e+00,6.620000000000000107e+00,2.801293212098649940e-02,6.368926103702997332e-02
2.041999999999996707e+00,7.700576536919826465e-01,-4.547110622817986503e+00,-4.750319280573537917e+00,-2.381192676019526555e+00,-6.621367676337209573e+00,-7.062501097374907388e+00,-2.418408579913176315e-01,-1.025203531212301039e-01,-2.856579928950679359e-01,-9.216301252113467957e-01,-7.454373616055999241e-01,-4.600252052206726283e+00,-3.125353549240748929e+00,-9.963039082651027911e+01,9.347794010431131895e+00,6.620000000000000107e+00,6.620000000000000107e+00,2.989931884491733166e-02,6.445153556423068031e-02
2.043999999999996486e+00,7.652952683399435463e-01,-4.560353358170661231e+00,-4.764444282768288019e+00,-2.403591161018758804e+00,-6.599467845538526056e+00,-7.069792643185865089e+00,-2.461079248181010926e-01,-1.056853607804485312e-01,-2.841743851143063160e-01,-9.206011148718754589e-01,-7.522319047098841027e-01,-4.621213956573517301e+00,-3.128491840016832004e+00,-1.000427236995204936e+02,9.309310533226303974e+00,6.620000000000000107e+00,6.620000000000000107e+00,3.182814765255388700e-02,6.520360831642829647e-02
2.045999999999996266e+00,7.604880860179060731e-01,-4.573552293861737894e+00,-4.778583868054659511e+00,-2.425904332334341884e+00,-6.577322481487679617e+00,-7.077023230665536957e+00,-2.503767788700004826e-01,-1.088637620597521227e-01,-2.826707164382039061e-01,-9.195419598806752193e-01,-7.581063799037689455e-01,-4.642748240188767639e+00,-3.131673166364592031e+00,-1.004566834058742018e+02,9.269065991347710920e+00,6.620000000000000107e+00,6.620000000000000107e+00,3.379048249786637675e-02,6.593789823758772206e-02
2.047999999999996046e+00,7.556362773532373511e-01,-4.586706938824713475e+00,-4.792737914515990738e+00,-2.448128294712721420e+00,-6.554932641901274337e+00,-7.084193776866904990e+00,-2.546473167045875674e-01,-1.120561299787630749e-01,-2.811476056850941152e-01,-9.184520627919972036e-01,-7.630244802543896254e-01,-4.664854198225757642e+00,-3.134894277299753895e+00,-1.008723289509712941e+02,9.226932249533236430e+00,6.620000000000000107e+00,6.620000000000000107e+00,3.577786069044203154e-02,6.664709289948546334e-02
2.049999999999995826e+00,7.507400207638118550e-01,-4.599816804108516344e+00,-4.806906302069724468e+00,-2.470259102621658709e+00,-6.532299416505901846e+00,-7.091305196099092711e+00,-2.589194162119606846e-01,-1.152630507553807776e-01,-2.796056982834487781e-01,-9.173308119356096135e-01,-7.669505805856533520e-01,-4.687527947478479007e+00,-3.138151721182074194e+00,-1.012897181100650101e+02,9.182776801394155086e+00,6.620000000000000107e+00,6.620000000000000107e+00,3.778229549853839853e-02,6.732419698481045822e-02
2.051999999999995605e+00,7.457995025585685278e-01,-4.612881402941527931e+00,-4.821088912461922504e+00,-2.492292759012261438e+00,-6.509423929343563842e+00,-7.098358400494123366e+00,-2.631929351748398260e-01,-1.184851210893504286e-01,-2.780456662538803303e-01,-9.161775823670486041e-01,-7.698496701241684947e-01,-4.710762600874583761e+00,-3.141441840493065296e+00,-1.017089070378958837e+02,9.136462912964725902e+00,6.620000000000000107e+00,6.620000000000000107e+00,3.979627348740475551e-02,6.796257108351949627e-02
2.053999999999995385e+00,7.408149170405440298e-01,-4.625900250800214941e+00,-4.835285629262910945e+00,-2.514225214147556287e+00,-6.486307341290578954e+00,-7.105354300605133844e+00,-2.674677098990042579e-01,-1.217229456265724874e-01,-2.764682082579550948e-01,-9.149917368435674936e-01,-7.716873097279329796e-01,-4.734548446691554169e+00,-3.144760766293108301e+00,-1.021299499018609680e+02,9.087849764931599239e+00,6.620000000000000107e+00,6.620000000000000107e+00,4.181274733395313331e-02,6.855596148751078034e-02
2.055999999999995165e+00,7.357864666122488906e-01,-4.638872865482795760e+00,-4.849496337864120932e+00,-2.536052364517895175e+00,-6.462950852773695409e+00,-7.112293806024539755e+00,-2.717435539163554625e-01,-1.249771346034290187e-01,-2.748740496851307391e-01,-9.137726268284258602e-01,-7.724296106611929780e-01,-4.758873129955146553e+00,-3.148104412512858996e+00,-1.025528985395341550e+02,9.036792596343833139e+00,6.620000000000000107e+00,6.620000000000000107e+00,4.382512482426818845e-02,6.909852170730577947e-02
2.057999999999994944e+00,7.307143618832131482e-01,-4.651798767188343398e+00,-4.863720925476170187e+00,-2.557770051863368366e+00,-6.439355706666940016e+00,-7.119177826010982812e+00,-2.760202567622603298e-01,-1.282483016681237042e-01,-2.732639427526071807e-01,-9.125195935252226054e-01,-7.720432319420342804e-01,-4.783721833794456479e+00,-3.151468470221724605e+00,-1.029778021411159017e+02,8.983142852233163111e+00,6.620000000000000107e+00,6.620000000000000107e+00,4.582725470062259943e-02,6.958482645980852699e-02
2.059999999999994724e+00,7.255988217794864248e-01,-4.664677478601677585e+00,-4.877959281128192437e+00,-2.579374062323206651e+00,-6.415523191352598964e+00,-7.126007270114349978e+00,-2.802975828282447401e-01,-1.315370618741182884e-01,-2.716386665962950975e-01,-9.112319689431195302e-01,-7.704953933900617891e-01,-4.809077458816685358e+00,-3.154848402003826546e+00,-1.034047069571769555e+02,8.926748337209192030e+00,6.620000000000000107e+00,6.620000000000000107e+00,4.781340998049375679e-02,7.000987888896043065e-02
2.061999999999994504e+00,7.204400736548399742e-01,-4.677508524984382632e+00,-4.892211295668420945e+00,-2.600860125731828454e+00,-6.391454643929529666e+00,-7.132783048788795988e+00,-2.845752702905683384e-01,-1.348440298391758163e-01,-2.699990273344032854e-01,-9.099090769930023859e-01,-7.677539016344314682e-01,-4.834920798843798551e+00,-3.158239436559448166e+00,-1.038336560318769841e+02,8.867453376739632631e+00,6.620000000000000107e+00,6.620000000000000107e+00,4.977826932258302972e-02,7.036911178235312481e-02
2.063999999999994284e+00,7.152383534033762702e-01,-4.690291434272241489e+00,-4.906476861765998621e+00,-2.622223915080788004e+00,-6.367151453551827878e+00,-7.139506073984465573e+00,-2.888530301147280710e-01,-1.381698180622768224e-01,-2.683458580883051892e-01,-9.085502346139308072e-01,-7.637871865018562856e-01,-4.861230711619857203e+00,-3.161636563637690855e+00,-1.042646889616786439e+02,8.805098987486198681e+00,6.620000000000000107e+00,6.620000000000000107e+00,5.171689696481872323e-02,7.065838353716905051e-02
2.065999999999994063e+00,7.099939055732147342e-01,-4.703025737179345356e+00,-4.920755873913967626e+00,-2.643461046165345607e+00,-6.342615064880657627e+00,-7.146177259709507901e+00,-2.931305451354923597e-01,-1.415150353897243751e-01,-2.666800189483155004e-01,-9.071547529285950429e-01,-7.585643453846088180e-01,-4.887984283349741332e+00,-3.165034529394057383e+00,-1.046978416794440392e+02,8.739523057744719381e+00,6.620000000000000107e+00,6.620000000000000107e+00,5.362472170789423648e-02,7.087396960968486703e-02
2.067999999999993843e+00,7.047069834808840083e-01,-4.715710967309107104e+00,-4.935048228433386974e+00,-2.664567077433769082e+00,-6.317846981631811687e+00,-7.152797522554942944e+00,-2.974074692116827623e-01,-1.448802856210786028e-01,-2.650023968747795555e-01,-9.057219384259598272e-01,-7.520551933848000914e-01,-4.915156986165222008e+00,-3.168427832255088727e+00,-1.051331462636875216e+02,8.670560538736390654e+00,6.620000000000000107e+00,6.620000000000000107e+00,5.549751536571560090e-02,7.101255015496979461e-02
2.069999999999993623e+00,6.993778493260164320e-01,-4.728346661272370355e+00,-4.949353823478497283e+00,-2.685537510056736910e+00,-6.292848770201329600e+00,-7.159367782176023987e+00,-3.016834264545751876e-01,-1.482661662451308648e-01,-2.633139055274248963e-01,-9.042510941688113313e-01,-7.442303172382852550e-01,-4.942722827831538268e+00,-3.171810719361098929e+00,-1.055706307726687925e+02,8.598043647218572616e+00,6.620000000000000107e+00,6.620000000000000107e+00,5.733137105231091851e-02,7.107119452863557008e-02
2.071999999999993403e+00,6.940067743059029626e-01,-4.740932358812773195e+00,-4.963672559042849208e+00,-2.706367788233382310e+00,-6.267622063351194761e+00,-7.165888961724856010e+00,-3.059580105284981366e-01,-1.516732672959137662e-01,-2.616154850182340064e-01,-9.027415210235428811e-01,-7.350611312349168980e-01,-4.970654493205729274e+00,-3.175177183647555079e+00,-1.060103191029375864e+02,8.521802079628255200e+00,6.620000000000000107e+00,6.620000000000000107e+00,5.912268162378701147e-02,7.104734328184350578e-02
2.073999999999993182e+00,6.885940387294362530e-01,-4.753467602939475789e+00,-4.978004336966298737e+00,-2.727053299749583104e+00,-6.242168563936880687e+00,-7.172361988230205654e+00,-3.102307840219599155e-01,-1.551021703187211165e-01,-2.599081015851673060e-01,-9.011925189092154787e-01,-7.245199335672350971e-01,-4.998923477136322902e+00,-3.178520961615812990e+00,-1.064522308718867691e+02,8.441663237740938186e+00,6.620000000000000107e+00,6.620000000000000107e+00,6.086811854471586847e-02,7.093878823543280088e-02
2.075999999999992962e+00,6.831399321299370664e-01,-4.765951940067349568e+00,-4.992349060942759209e+00,-2.747589376803048822e+00,-6.216490048658182666e+00,-7.178787792921642819e+00,-3.145012778874255455e-01,-1.585534474362475243e-01,-2.581927471858829204e-01,-8.996033880626862489e-01,-7.125799617533383756e-01,-5.027500208652422309e+00,-3.181835531834785513e+00,-1.068963813238303544e+02,8.357452465623312676e+00,6.620000000000000107e+00,6.620000000000000107e+00,6.256461140141189592e-02,7.074365117041830908e-02
2.077999999999992742e+00,6.776447533763310105e-01,-4.778384920164666205e+00,-5.006706636528602594e+00,-2.767971297108622775e+00,-6.190588371814495616e+00,-7.185167311496361897e+00,-3.187689909477065542e-01,-1.620276605052347885e-01,-2.564704390121808619e-01,-8.979734303164433884e-01,-6.992154459881935180e-01,-5.056354166428786101e+00,-3.185114114206706315e+00,-1.073427812590954602e+02,8.268993297477072346e+00,6.620000000000000107e+00,6.620000000000000107e+00,6.420932824035827102e-02,7.046036162105043243e-02
2.079999999999992522e+00,6.721088107821138191e-01,-4.790766096908295246e+00,-5.021076971151595458e+00,-2.788194285295962693e+00,-6.164465469045402379e+00,-7.191501484328242100e+00,-3.230333894667979378e-01,-1.655253603543938301e-01,-2.547422189272355864e-01,-8.963019503856770598e-01,-6.844016594782418306e-01,-5.085453985632712559e+00,-3.188349670022503801e+00,-1.077914369856009387e+02,8.176107715816844035e+00,6.620000000000000107e+00,6.620000000000000107e+00,6.579965686916074141e-02,7.008763420470794092e-02
2.081999999999992301e+00,6.665324222115218689e-01,-4.803095027846386422e+00,-5.035459974120252369e+00,-2.808253514610425494e+00,-6.138123361037178150e+00,-7.197791256619899158e+00,-3.272939067829081505e-01,-1.690470860948435350e-01,-2.530091528287929936e-01,-8.945882571610695999e-01,-6.681149650043464172e-01,-5.114767556359001155e+00,-3.191534902825383657e+00,-1.082423502923868313e+02,8.078616419292947270e+00,6.620000000000000107e+00,6.620000000000000107e+00,6.733318721992181954e-02,6.962444587059679613e-02
2.083999999999992081e+00,6.609159151823009726e-01,-4.815371274568461146e+00,-5.049855556633492171e+00,-2.828144108926542000e+00,-6.111564157175567225e+00,-7.204037578499632666e+00,-3.315499430013731930e-01,-1.725933644948439705e-01,-2.512723299424018952e-01,-8.928316650037971813e-01,-6.503328571360800225e-01,-5.144262113942015269e+00,-3.194662260095060713e+00,-1.086955184445577061e+02,7.976339099361436702e+00,6.620000000000000107e+00,6.620000000000000107e+00,6.880769484124071855e-02,6.907001339794294204e-02
2.085999999999991861e+00,6.552596269644478388e-01,-4.827594402882811941e+00,-5.064263631790491438e+00,-2.847861145081941991e+00,-6.084790059125015915e+00,-7.210241405066293296e+00,-3.358008647451169448e-01,-1.761647094111803979e-01,-2.495328620494399741e-01,-8.910314950392724809e-01,-6.310339996844293031e-01,-5.173904321499965597e+00,-3.197723935759627434e+00,-1.091509341991064304e+02,7.869094724916158690e+00,6.620000000000000107e+00,6.620000000000000107e+00,7.022112555517147359e-02,6.842377142438928195e-02
2.087999999999991640e+00,6.495639046742839318e-01,-4.839763983001062364e+00,-5.078684114600624078e+00,-2.867399655537979264e+00,-6.057803364314396255e+00,-7.216403696386145761e+00,-3.400460049603231671e-01,-1.797616212701637350e-01,-2.477918826552015508e-01,-8.891870764462542764e-01,-6.101982581293268204e-01,-5.203660345117286923e+00,-3.200711873537316787e+00,-1.096085858410920082e+02,7.756701833930265799e+00,6.620000000000000107e+00,6.620000000000000107e+00,7.157158128948230835e-02,6.768535123785619778e-02
2.089999999999991420e+00,6.438291053632079208e-01,-4.851879589729691133e+00,-5.093116921993396495e+00,-2.886754631371623692e+00,-6.030606469309195639e+00,-7.222525417446788332e+00,-3.442846627750062449e-01,-1.833845865918307672e-01,-2.460505461026490370e-01,-8.872977477380585842e-01,-5.878067268921786104e-01,-5.233495922107757714e+00,-3.203617771106317846e+00,-1.100684572396528580e+02,7.638978831106076228e+00,6.620000000000000107e+00,6.620000000000000107e+00,7.285730707336905698e-02,6.685456052016272577e-02
2.091999999999991200e+00,6.380555961004646948e-01,-4.863940802668309082e+00,-5.107561972828290386e+00,-2.905921025601423402e+00,-6.003201873050151072e+00,-7.228607538074100169e+00,-3.485161034082133180e-01,-1.870340775515436649e-01,-2.443100266376163343e-01,-8.853628580327538300e-01,-5.638417514415039467e-01,-5.263376422825220224e+00,-3.206433085097349256e+00,-1.105305279233475062e+02,7.515744290499418945e+00,6.620000000000000107e+00,6.620000000000000107e+00,7.407667916633728367e-02,6.593136418908787655e-02
2.093999999999990980e+00,6.322437540492618080e-01,-4.875947206414409152e+00,-5.122019187904438553e+00,-2.924893756848538029e+00,-5.975592179938416848e+00,-7.234651032819003014e+00,-3.527395581276512870e-01,-1.907105515737896051e-01,-2.425715174313032851e-01,-8.833817683093787565e-01,-5.382869453219675249e-01,-5.293266906501924218e+00,-3.209149036900804219e+00,-1.109947731743216508e+02,7.386817262068012369e+00,6.620000000000000107e+00,6.620000000000000107e+00,7.522819427502785983e-02,6.491586644740621193e-02
2.095999999999990759e+00,6.263939665355647834e-01,-4.887898390774285673e+00,-5.136488489970076898e+00,-2.943667713331971303e+00,-5.947780102747561415e+00,-7.240656880821548569e+00,-3.569542242536128951e-01,-1.944144509535624676e-01,-2.408362295658407204e-01,-8.813538526474120616e-01,-5.111272022837416440e-01,-5.323132171598051521e+00,-3.211756619277923441e+00,-1.114611641408083074e+02,7.252017581089629239e+00,6.620000000000000107e+00,6.620000000000000107e+00,7.631045980115325200e-02,6.380829411296966291e-02
2.097999999999990539e+00,6.205066311089008080e-01,-4.899793950979780988e+00,-5.150969803731720198e+00,-2.962237757195236298e+00,-5.919768465342982289e+00,-7.246626065660464633e+00,-3.611592652071571874e-01,-1.981462025012518391e-01,-2.391053909885428042e-01,-8.792784994468902937e-01,-4.823487037608045203e-01,-5.352936801141312984e+00,-3.214246603763565968e+00,-1.119296679674725965e+02,7.111166179403655363e+00,6.620000000000000107e+00,6.620000000000000107e+00,7.732218505513105411e-02,6.260898127319465545e-02
2.099999999999990319e+00,6.145821555945103487e-01,-4.911633487910466833e+00,-5.165463055863041220e+00,-2.980598729159754878e+00,-5.891560205189790622e+00,-7.252559575196784181e+00,-3.653538106006083419e-01,-2.019062172074818085e-01,-2.373802454402296758e-01,-8.771551126267899123e-01,-4.519389220042592803e-01,-5.382645203524051070e+00,-3.216609548846688149e+00,-1.124002479431136550e+02,6.964085397448365633e+00,6.620000000000000107e+00,6.620000000000000107e+00,7.826217336422731929e-02,6.131835528053739687e-02
2.101999999999990099e+00,6.086209581361908816e-01,-4.923416608320846599e+00,-5.179968175013434539e+00,-2.998745453498365965e+00,-5.863158375630740160e+00,-7.258458401420596395e+00,-3.695369563685325653e-01,-2.056948899248063622e-01,-2.356620513626966618e-01,-8.749831127994578406e-01,-4.198866192208440817e-01,-5.412221649208285967e+00,-3.218835808913549368e+00,-1.128728636652356840e+02,6.810599296092997967e+00,6.620000000000000107e+00,6.620000000000000107e+00,7.912931500066830437e-02,5.993692408232828561e-02
2.103999999999989878e+00,6.026234672291941319e-01,-4.935142925072107722e+00,-5.194485091816275713e+00,-3.016672743320373939e+00,-5.834566147916498302e+00,-7.264323540310217098e+00,-3.737077649374713206e-01,-2.095125990636015345e-01,-2.339520807900604404e-01,-8.727619384190945517e-01,-3.861818430986365680e-01,-5.441630303767817090e+00,-3.220915543937895364e+00,-1.133474712209949047e+02,6.650533967298420279e+00,6.620000000000000107e+00,6.620000000000000107e+00,7.992258085396536371e-02,5.846526485891578168e-02
2.105999999999989658e+00,5.965901217425534364e-01,-4.946812057367941051e+00,-5.209013738896896228e+00,-3.034375406157661104e+00,-5.805786812971343913e+00,-7.270155991713224353e+00,-3.778652654328173988e-01,-2.133597062998733029e-01,-2.322516182283241581e-01,-8.704910469024612629e-01,-3.508159191225338480e-01,-5.470835257671978979e+00,-3.222838729901856158e+00,-1.138240233840207196e+02,6.483717842680142951e+00,6.620000000000000107e+00,6.620000000000000107e+00,8.064101677240831378e-02,5.690401392802499347e-02
2.107999999999989438e+00,5.905213709302381542e-01,-4.958423630993883613e+00,-5.223554050880323096e+00,-3.051848249839498539e+00,-5.776823782878359737e+00,-7.275956759258837891e+00,-3.820084539213400299e-01,-2.172365562930437255e-01,-2.305619595271010680e-01,-8.681699157201833161e-01,-3.137814400925837965e-01,-5.499800553188840091e+00,-3.224595169931024685e+00,-1.143024698265982835e+02,6.309981999093569272e+00,6.620000000000000107e+00,6.620000000000000107e+00,8.128373850074757656e-02,5.525385786025086010e-02
2.109999999999989218e+00,5.844176744305591420e-01,-4.969977278559640332e+00,-5.238105964398840797e+00,-3.069086088641866272e+00,-5.747680592069265515e+00,-7.281726850311020627e+00,-3.861362936879759178e-01,-2.211434764120696617e-01,-2.288844107470154599e-01,-8.657980434571845851e-01,-2.750722532598700587e-01,-5.528490208757523838e+00,-3.226174506127059249e+00,-1.147827573466843774e+02,6.129160460409988076e+00,6.620000000000000107e+00,6.620000000000000107e+00,8.184992714460495589e-02,5.351552574085984004e-02
2.111999999999988997e+00,5.782795022532754015e-01,-4.981472639743778963e+00,-5.252669418099462639e+00,-3.086083749695322620e+00,-5.718360898205263609e+00,-7.287467275971448721e+00,-3.902477155456215985e-01,-2.250807764685069101e-01,-2.272202870258859531e-01,-8.633749508409608309e-01,-2.346834454885825538e-01,-5.556868241150586307e+00,-3.227566232081171993e+00,-1.152648301092111041e+02,5.941090494704805103e+00,6.620000000000000107e+00,6.620000000000000107e+00,8.233882509645190639e-02,5.168978250582158956e-02
2.113999999999988777e+00,5.721073347538847553e-01,-4.992909361540189828e+00,-5.267244352651405670e+00,-3.102836079633779054e+00,-5.688868482736631371e+00,-7.293179051141151170e+00,-3.943416181767687712e-01,-2.290487484553448694e-01,-2.255709114463826659e-01,-8.609001817365447007e-01,-1.926113268401848932e-01,-5.584898685718677314e+00,-3.228759706051983258e+00,-1.157486299011123805e+02,5.745612906133685804e+00,6.620000000000000107e+00,6.620000000000000107e+00,8.274973236308891256e-02,4.977742327507483217e-02
2.115999999999988557e+00,5.659016625946171608e-01,-5.004287098505662890e+00,-5.281830710753688152e+00,-3.119337951464953296e+00,-5.659207251130258243e+00,-7.298863194649165109e+00,-3.984168685059349957e-01,-2.330476662906188767e-01,-2.239376139074579219e-01,-8.583733041071670566e-01,-1.488534129574843323e-01,-5.612545614981598874e+00,-3.229744164791366945e+00,-1.162340963994852103e+02,5.542572320828814014e+00,6.620000000000000107e+00,6.620000000000000107e+00,8.308200324012664229e-02,4.777926860345213522e-02
2.117999999999988336e+00,5.596629866916872365e-01,-5.015605513007923122e+00,-5.296428437142986390e+00,-3.135584271641793652e+00,-5.629381232755930498e+00,-7.304520729455948214e+00,-4.024723021019427360e-01,-2.370777855649514321e-01,-2.223217300014726228e-01,-8.557939109397386668e-01,-1.034084066038232219e-01,-5.639773155802793703e+00,-3.230508738002113578e+00,-1.167211674522766032e+02,5.331817466204545219e+00,6.620000000000000107e+00,6.620000000000000107e+00,8.333504328479400536e-02,4.569616056869640897e-02
2.119999999999988116e+00,5.533918181484036580e-01,-5.026864275473434951e+00,-5.311037478601898343e+00,-3.151569987312827781e+00,-5.599394580423854961e+00,-7.310152682938609203e+00,-4.065067236091986502e-01,-2.411393432922924740e-01,-2.207245998985937485e-01,-8.531616211344027478e-01,-5.627617868659862826e-02,-5.666545505358512536e+00,-3.231042463411395893e+00,-1.172097793708611277e+02,5.113201443119692158e+00,6.620000000000000107e+00,6.620000000000000107e+00,8.350830654430997646e-02,4.352895961665931984e-02
2.121999999999987896e+00,5.470886781737780424e-01,-5.038063064634282995e+00,-5.325657783967775671e+00,-3.167290093728172717e+00,-5.569251569567700066e+00,-7.315760087264218114e+00,-4.105189072072141787e-01,-2.452325576632183868e-01,-2.191475672397145413e-01,-8.504760803575053263e-01,-7.457749065755810147e-03,-5.692826946088810125e+00,-3.231334302444179407e+00,-1.176998672338521033e+02,4.886581990401820619e+00,6.620000000000000107e+00,6.620000000000000107e+00,8.360129300293331345e-02,4.127854208568933203e-02
2.123999999999987676e+00,5.407540979863216801e-01,-5.049201567773418553e+00,-5.340289304142304516e+00,-3.182739641776894945e+00,-5.538956597069321752e+00,-7.321343979856554718e+00,-4.145075970976980217e-01,-2.493576278002199997e-01,-2.175919780388625435e-01,-8.477369618574351895e-01,4.304473258240398836e-02,-5.718581859795126121e+00,-3.231373156480792819e+00,-1.181913652014655014e+02,4.651821741296712887e+00,6.620000000000000107e+00,6.620000000000000107e+00,8.361354621646899243e-02,3.894579833511548073e-02
2.125999999999987455e+00,5.343886187027678814e-01,-5.060279480967556864e+00,-5.354931992102017979e+00,-3.197913745630508675e+00,-5.508514179723251303e+00,-7.326905403960675578e+00,-4.184715080186257041e-01,-2.535147335144583014e-01,-2.160591795958005656e-01,-8.449439672428580295e-01,9.522800560702693318e-02,-5.743774741028778053e+00,-3.231147883682905064e+00,-1.186842068397341023e+02,4.408788471464566427e+00,6.620000000000000107e+00,6.620000000000000107e+00,8.354465110842967945e-02,3.653163140654747121e-02
2.127999999999987235e+00,5.279927912115068844e-01,-5.071296509327003044e+00,-5.369585802909939254e+00,-3.212807590466677077e+00,-5.477928952341038382e+00,-7.332445409308617990e+00,-4.224093257847657545e-01,-2.577040350635025345e-01,-2.145505194193024767e-01,-8.420968272229483187e-01,1.490877167227424027e-01,-5.768370209896108491e+00,-3.230647316372069699e+00,-1.191783254538503485e+02,4.157355338200856565e+00,6.620000000000000107e+00,6.620000000000000107e+00,8.339423190702480171e-02,3.403695615086890780e-02
2.129999999999987015e+00,5.215671760305735649e-01,-5.082252367231685497e+00,-5.384250693728556136e+00,-3.227416440246636764e+00,-5.447205665497552474e+00,-7.337965052888421269e+00,-4.263197078542064755e-01,-2.619256729095879033e-01,-2.130673441613956665e-01,-8.391953023092855179e-01,2.046184376719466791e-01,-5.792333024389471952e+00,-3.229860278944834295e+00,-1.196736544298978799e+02,3.897401110617780162e+00,6.620000000000000107e+00,6.620000000000000107e+00,8.316195020679861827e-02,3.146269875872140243e-02
2.131999999999986795e+00,5.151123431500802541e-01,-5.093146778562680943e+00,-5.398926623834332972e+00,-3.241735645519493225e+00,-5.416349182923377192e+00,-7.343465399817467265e+00,-4.302012839204856776e-01,-2.661797674779429745e-01,-2.116109985627019630e-01,-8.362391834791346179e-01,2.618136820641726592e-01,-5.815628092338476662e+00,-3.228775606308130541e+00,-1.201701275842195429e+02,3.628810390577208000e+00,6.620000000000000107e+00,6.620000000000000107e+00,8.284750314281721928e-02,2.880979663702770352e-02
2.133999999999986574e+00,5.086288718590412650e-01,-5.103979476928527603e+00,-5.413613554633967873e+00,-3.255760651226356828e+00,-5.385364478549500511e+00,-7.348947524319900282e+00,-4.340526565299770989e-01,-2.704664189147459319e-01,-2.101828244088835840e-01,-8.332282927998828637e-01,3.206659212770365808e-01,-5.838220483062994681e+00,-3.227382162818269062e+00,-1.206676795196582930e+02,3.351473824222636733e+00,6.620000000000000107e+00,6.620000000000000107e+00,8.245062166899042033e-02,2.607919857935246666e-02
2.135999999999986354e+00,5.021173505565885709e-01,-5.114750205885626677e+00,-5.428311449682607481e+00,-3.269487004477278802e+00,-5.354256633212497007e+00,-7.354412510806622727e+00,-4.378724017242290323e-01,-2.747857068442682293e-01,-2.087841594981007520e-01,-8.301624840144384843e-01,3.811665993315579981e-01,-5.860075438798230785e+00,-3.225668861706351809e+00,-1.211662459879017604e+02,3.065288304011331455e+00,6.620000000000000107e+00,6.620000000000000107e+00,8.197106893523026239e-02,2.327186518284655656e-02
2.137999999999986134e+00,4.955783765476340363e-01,-5.125458719152051756e+00,-5.443020274704220896e+00,-3.282910362274139349e+00,-5.323030831030408194e+00,-7.359861455055079382e+00,-4.416590697069929239e-01,-2.791376901247709652e-01,-2.074163366193216840e-01,-8.270416430874453217e-01,4.433061466813097429e-01,-5.881158385952438117e+00,-3.223624684972283383e+00,-1.216657642571603475e+02,2.770157161203051999e+00,6.620000000000000107e+00,6.620000000000000107e+00,8.140863876076037675e-02,2.038876946940889820e-02
2.139999999999985913e+00,4.890125558230857816e-01,-5.136104780814112480e+00,-5.457739997614330818e+00,-3.296026499152980183e+00,-5.291692355461456998e+00,-7.365295465484750892e+00,-4.454111855357045791e-01,-2.835224066027142720e-01,-2.060806825412777876e-01,-8.238656887121859063e-01,5.070739928796357265e-01,-5.901434946249676017e+00,-3.221238703728820152e+00,-1.221661734844115159e+02,2.465990348813837940e+00,6.620000000000000107e+00,6.620000000000000107e+00,8.076315420314103544e-02,1.743089767357831193e-02
2.141999999999985693e+00,4.824205028247798288e-01,-5.146688165525035608e+00,-5.472470588545299996e+00,-3.308831314719807626e+00,-5.260246585059591418e+00,-7.370715664522984767e+00,-4.491272498372104183e-01,-2.879398728648482342e-01,-2.047785170118402998e-01,-8.206345727780851584e-01,5.724585781119915229e-01,-5.920870947803034134e+00,-3.218500098976219803e+00,-1.226674150914527957e+02,2.152704615096740604e+00,6.620000000000000107e+00,6.620000000000000107e+00,8.003446622420004597e-02,1.439925016404817321e-02
2.143999999999985473e+00,4.758028401953401931e-01,-5.157208658695155101e+00,-5.487212019874346147e+00,-3.321320841054566486e+00,-5.228698988942664272e+00,-7.376123190054530987e+00,-4.528057395475449387e-01,-2.923900839877555669e-01,-2.035111517675917692e-01,-8.173482807987437759e-01,6.394473636012605322e-01,-5.939432436157892070e+00,-3.215398182787090775e+00,-1.231694331440190666e+02,1.830223667662358888e+00,6.620000000000000107e+00,6.620000000000000107e+00,7.922245245534967339e-02,1.129484246983238072e-02
2.145999999999985253e+00,4.691601985132310415e-01,-5.167666056673040131e+00,-5.501964266254455005e+00,-3.333491249958822067e+00,-5.197055121990704407e+00,-7.381519196946914718e+00,-4.564451086755806353e-01,-2.968730132844274450e-01,-2.022798895533871877e-01,-8.140068323004611139e-01,7.080268409125177742e-01,-5.957085685339991166e+00,-3.211922419879940094e+00,-1.236721747332406096e+02,1.498478328403418214e+00,6.620000000000000107e+00,6.620000000000000107e+00,7.832701606572346764e-02,8.118706386144133869e-03
2.147999999999985032e+00,4.624932160133133907e-01,-5.178060166917021867e+00,-5.516727304648348706e+00,-3.345338860023640670e+00,-5.165320619793348556e+00,-7.386904858642591165e+00,-4.600437890903764648e-01,-3.013886120474663088e-01,-2.010860231517322128e-01,-8.106102811712248002e-01,7.781825402003212933e-01,-5.973797208939007675e+00,-3.208062449558742646e+00,-1.241755903587425962e+02,1.157406679436927543e+00,6.620000000000000107e+00,6.620000000000000107e+00,7.734808473695152509e-02,4.871891138270273425e-03
2.149999999999984812e+00,4.558025382932661129e-01,-5.188390808156608358e+00,-5.531501114365633853e+00,-3.356860143495246085e+00,-5.133501193366929449e+00,-7.392281368807689823e+00,-4.636001913320537682e-01,-3.059368092885303425e-01,-1.999308344218562183e-01,-8.071587159701719694e-01,8.498990374560696504e-01,-5.989533771255048045e+00,-3.203808107994570609e+00,-1.246796343127180506e+02,8.069542003269861707e-01,6.620000000000000107e+00,6.620000000000000107e+00,7.628560974876093248e-02,1.555464585142114775e-03
2.151999999999984592e+00,4.490888180062756474e-01,-5.198657810543342528e+00,-5.546285677103249157e+00,-3.368051732917212604e+00,-5.101602623663050728e+00,-7.397649943026106456e+00,-4.671127054460227357e-01,-3.105175114736549724e-01,-1.988155933484151427e-01,-8.036522601975456537e-01,9.231599608254889011e-01,-6.004262398532670630e+00,-3.199149450823948193e+00,-1.251842650643417727e+02,4.470738968989434459e-01,6.620000000000000107e+00,6.620000000000000107e+00,7.513956517936137836e-02,-1.829485553201705417e-03
2.153999999999984372e+00,4.423527145404412275e-01,-5.208861015790668958e+00,-5.561080976989301483e+00,-3.378910427529209670e+00,-5.069630755891649798e+00,-7.403011820526707254e+00,-4.705797018403742316e-01,-3.151306022541190965e-01,-1.977415570998285466e-01,-8.000910725251946243e-01,9.979479960768411484e-01,-6.017950390304721786e+00,-3.194076776037163778e+00,-1.256894456439341496e+02,7.772642200250311217e-02,6.620000000000000107e+00,6.620000000000000107e+00,7.390994722435312303e-02,-5.281850457456847836e-03
2.155999999999984151e+00,4.355948936853827891e-01,-5.219000277302452417e+00,-5.575887000630355139e+00,-3.389433199403650399e+00,-5.037591493682596955e+00,-7.408368265930521446e+00,-4.739995321662410221e-01,-3.197759421925571166e-01,-1.967099690963303449e-01,-7.964753469876943992e-01,1.074244891309219740e+00,-6.030565330866248352e+00,-3.188580647128248735e+00,-1.261951440263286059e+02,-3.011198113725597203e-01,6.620000000000000107e+00,6.620000000000000107e+00,7.259677363734898248e-02,-8.800498971479171761e-03
2.157999999999983931e+00,4.288160272865754741e-01,-5.229075460289817734e+00,-5.590703737162216136e+00,-3.399617199302961801e+00,-5.005490793110746850e+00,-7.413720571004012605e+00,-4.773705302209112489e-01,-3.244533684840580356e-01,-1.957220580878906435e-01,-7.928053131341857851e-01,1.152031460997280599e+00,-6.042075100896956208e+00,-3.182651916476766374e+00,-1.267013335129481106e+02,-6.894885241803370146e-01,6.620000000000000107e+00,6.620000000000000107e+00,7.120008329480104203e-02,-1.238427637474612264e-02
2.159999999999983711e+00,4.220167928879695607e-01,-5.239086441876039224e+00,-5.605531178304223872e+00,-3.409459762241583647e+00,-4.973334656610101767e+00,-7.419070056403824331e+00,-4.806910128734596110e-01,-3.291626946720380698e-01,-1.947790372422507632e-01,-7.890812361410654008e-01,1.231287589474217015e+00,-6.052447889249027213e+00,-3.176281748929940640e+00,-1.272079931121480882e+02,-1.087395472111007733e+00,6.620000000000000107e+00,6.620000000000000107e+00,6.971993588674159359e-02,-1.603200317295801203e-02
2.161999999999983491e+00,4.151978733634864027e-01,-5.249033111189259415e+00,-5.620369318417031579e+00,-3.418958412738193342e+00,-4.941129126803306626e+00,-7.424418073397818674e+00,-4.839592810126338018e-01,-3.339037103587209065e-01,-1.938821032433947489e-01,-7.853034168856846131e-01,1.311992233958747089e+00,-6.061652204915487729e+00,-3.169461645551992390e+00,-1.277151079174418271e+02,-1.494848352558338034e+00,6.620000000000000107e+00,6.620000000000000107e+00,6.815641173422375132e-02,-1.974247391371012836e-02
2.163999999999983270e+00,4.083599565380099938e-01,-5.258915369442865639e+00,-5.635218154563827575e+00,-3.428110869745024658e+00,-4.908880280273132612e+00,-7.429766005546797558e+00,-4.871736205167098155e-01,-3.386761809101158649e-01,-1.930324354008667032e-01,-7.814721919812561701e-01,1.394123427234529755e+00,-6.069656889192717841e+00,-3.162183467505875090e+00,-1.282226694832846192e+02,-1.911846717189220168e+00,6.620000000000000107e+00,6.620000000000000107e+00,6.650961173328012732e-02,-2.351445603330466066e-02
2.165999999999983050e+00,4.015037347985199179e-01,-5.268733130003411702e+00,-5.650077686574920932e+00,-3.436915051242473762e+00,-4.876594221302866572e+00,-7.435115270330933335e+00,-4.903323032449956043e-01,-3.434798471554385557e-01,-1.922311947704234691e-01,-7.775879337731969043e-01,1.477658280091876275e+00,-6.076431128049006425e+00,-3.154439460030909359e+00,-1.287306761981541570e+02,-2.338381889502873623e+00,6.620000000000000107e+00,6.620000000000000107e+00,6.477965742421595841e-02,-2.734668874012599615e-02
2.167999999999982830e+00,3.946299046960349832e-01,-5.278486318446017123e+00,-5.664947917115583209e+00,-3.445369078488441428e+00,-4.844277075612656525e+00,-7.440467320704767573e+00,-4.934335880506309779e-01,-3.483144250809792619e-01,-1.914795232865918184e-01,-7.736510502971780667e-01,1.562572983642010138e+00,-6.081944464709275522e+00,-3.146222276478112256e+00,-1.292391336547295850e+02,-2.774436886730745844e+00,6.620000000000000107e+00,6.620000000000000107e+00,6.296669118402688226e-02,-3.123788193955748596e-02
2.169999999999982609e+00,3.877391665390580999e-01,-5.288174872597242171e+00,-5.679828851756992592e+00,-3.453471279913043368e+00,-4.811934984118837022e+00,-7.445823646564543985e+00,-4.964757218142957784e-01,-3.531796055184867056e-01,-1.907785429077756001e-01,-7.696619851991950423e-01,1.648842811613620896e+00,-6.086166812464156806e+00,-3.137525002363332316e+00,-1.297480550170357958e+02,-3.219986345392000793e+00,6.620000000000000107e+00,6.620000000000000107e+00,6.107087653871405564e-02,-3.518671520522234641e-02
2.171999999999982389e+00,3.808322239792319985e-01,-5.297798742565479557e+00,-5.694720499050121454e+00,-3.461220194650387771e+00,-4.779574096743119505e+00,-7.451185776111719505e+00,-4.994569404984016692e-01,-3.580750538281989304e-01,-1.901293547746294721e-01,-7.656212176180150486e-01,1.736442122740111227e+00,-6.089068467709522814e+00,-3.128341179396626259e+00,-1.302574613844843441e+02,-3.674996449786775088e+00,6.620000000000000107e+00,6.620000000000000107e+00,5.909239859131019956e-02,-3.919183680115985446e-02
2.173999999999982169e+00,3.739097835899312106e-01,-5.307357890758965802e+00,-5.709622870602345301e+00,-3.468614575700069036e+00,-4.747200566298247715e+00,-7.456555277096672540e+00,-5.023754702212993584e-01,-3.630004095767163652e-01,-1.895330383824810061e-01,-7.615292620304026094e-01,1.825344363343951004e+00,-6.090620123220301885e+00,-3.118664829444682152e+00,-1.307673821528056521e+02,-4.139424862676554184e+00,6.620000000000000107e+00,6.620000000000000107e+00,5.703146456047372692e-02,-4.325186275965169080e-02
2.175999999999981949e+00,3.669725544385310512e-01,-5.316852291891562388e+00,-5.724535981156538611e+00,-3.475653392711835821e+00,-4.714820542476309662e+00,-7.461933757926983546e+00,-5.052295283509993240e-01,-3.679552862099827459e-01,-1.889906507686461568e-01,-7.573866680595849887e-01,1.915522070221984174e+00,-6.090792881659932156e+00,-3.108490478381485733e+00,-1.312778553719307695e+02,-4.613220657372077760e+00,6.620000000000000107e+00,6.620000000000000107e+00,5.488830442362249706e-02,-4.736537601952724857e-02
2.177999999999981728e+00,3.600212476531073902e-01,-5.326281932976515421e+00,-5.739459848672392894e+00,-3.482335834387539464e+00,-4.682440165965407353e+00,-7.467322868625088539e+00,-5.080173246178526503e-01,-3.729392707216991898e-01,-1.885032257155344892e-01,-7.531940202474556312e-01,2.006946873932573983e+00,-6.089558269324164996e+00,-3.097813179780895876e+00,-1.317889281009390174e+02,-5.096324250420359192e+00,6.620000000000000107e+00,6.620000000000000107e+00,5.266317165782041787e-02,-5.153092563005393784e-02
2.179999999999981508e+00,3.530565759843323215e-01,-5.335646813308446035e+00,-5.754394494409643457e+00,-3.488661310494955536e+00,-4.650065562719744250e+00,-7.472724301620718990e+00,-5.107370622456017806e-01,-3.779519233175685500e-01,-1.880717729704927677e-01,-7.489519377910831555e-01,2.099589502582101197e+00,-6.086888250115086052e+00,-3.086628538403309197e+00,-1.323006567602454879e+02,-5.588667334056928837e+00,6.620000000000000107e+00,6.620000000000000107e+00,5.035634407082990871e-02,-5.574702602577760735e-02
2.181999999999981288e+00,3.460792533633423873e-01,-5.344946944433885960e+00,-5.769339943012885108e+00,-3.494629453488355519e+00,-4.617702838407494959e+00,-7.478139792364246752e+00,-5.133869391001614213e-01,-3.829927770758292938e-01,-1.876972774833751134e-01,-7.446610742441422959e-01,2.193419786204788835e+00,-6.082755239738203201e+00,-3.074932733427200748e+00,-1.328131074812536099e+02,-6.090172807564928625e+00,6.620000000000000107e+00,6.620000000000000107e+00,4.796812471418354651e-02,-6.001215637807433972e-02
2.183999999999981068e+00,3.390899944563656732e-01,-5.354182350110701094e+00,-5.784296222597613557e+00,-3.500240119730808175e+00,-4.585358073059995654e+00,-7.483571119747895573e+00,-5.159651488554476417e-01,-3.880613376046038177e-01,-1.873806986628659688e-01,-7.403221171839442505e-01,2.288406661826100308e+00,-6.077132120112278102e+00,-3.062722541375005658e+00,-1.333263564537459160e+02,-6.600754706660887372e+00,6.620000000000000107e+00,6.620000000000000107e+00,4.549884286952213946e-02,-6.432476002955000993e-02
2.185999999999980847e+00,3.320895142169040803e-01,-5.363353066256821400e+00,-5.799263364837109691e+00,-3.505493390313074720e+00,-4.553037315944919783e+00,-7.489020106322739068e+00,-5.184698821755218123e-01,-3.931570826966470089e-01,-1.871229696526099939e-01,-7.359357878448030688e-01,2.384518179296168050e+00,-6.069992253978257146e+00,-3.049995358681605762e+00,-1.338404902713243985e+02,-7.120318130006465296e+00,6.620000000000000107e+00,6.620000000000000107e+00,4.294885509903241527e-02,-6.868324401782249788e-02
2.187999999999980627e+00,3.250785274362779087e-01,-5.372459140888711460e+00,-5.814241405049755507e+00,-3.510389571463631508e+00,-4.520746580685109706e+00,-7.494488618300506388e+00,-5.208993279122718922e-01,-3.982794619821447557e-01,-1.869249966282286179e-01,-7.315028407185397707e-01,2.481721507975954477e+00,-6.061309499690213265e+00,-3.036749223852567070e+00,-1.343556062752469131e+02,-7.648759161927544348e+00,6.620000000000000107e+00,6.620000000000000107e+00,4.031854635046530633e-02,-7.308597869565899852e-02
2.189999999999980407e+00,3.180577482933506506e-01,-5.381500634050081722e+00,-5.829230382286356260e+00,-3.514929194543793489e+00,-4.488491840643686004e+00,-7.499978565330391866e+00,-5.232516743178042828e-01,-4.034278965802699513e-01,-1.867876581163191441e-01,-7.270240631229852868e-01,2.579982944355136532e+00,-6.051058226167676857e+00,-3.022982839158301349e+00,-1.348718128970293435e+02,-8.185964790405968472e+00,6.620000000000000107e+00,6.620000000000000107e+00,3.760833110694543346e-02,-7.753129745479819812e-02
2.191999999999980187e+00,3.110278899042630552e-01,-5.390477617731368909e+00,-5.844230339417016751e+00,-3.519113015621119889e+00,-4.456279024594916649e+00,-7.505491900042402520e+00,-5.255251102706667288e-01,-4.086017787502598808e-01,-1.867118043365443014e-01,-7.225002747394076996e-01,2.679267920677164128e+00,-6.039213327985124558e+00,-3.008695591809465331e+00,-1.353892300001973581e+02,-8.731812819394660252e+00,6.620000000000000107e+00,6.620000000000000107e+00,3.481865457166172240e-02,-8.201749656121022636e-02
2.193999999999979966e+00,3.039896638730208434e-01,-5.399390175780558465e+00,-5.859241323217101893e+00,-3.522942014613256845e+00,-4.424114012699092768e+00,-7.511030617350199279e+00,-5.277178265149770064e-01,-4.138004715428361679e-01,-1.866982565679273787e-01,-7.179323271198558842e-01,2.779541014643585495e+00,-6.025750240570745042e+00,-2.993887574558196540e+00,-1.359079892215764289e+02,-9.286171774495205256e+00,6.620000000000000107e+00,6.620000000000000107e+00,3.194999387745751929e-02,-8.654283510986705841e-02
2.195999999999979746e+00,2.969437798437943310e-01,-5.408238403805956551e+00,-5.874263384451801961e+00,-3.526417393993084293e+00,-4.392002632798357453e+00,-7.516596753507926998e+00,-5.298280169114781835e-01,-4.190233084528408591e-01,-1.867478065404685750e-01,-7.133211031654745904e-01,2.880765960266614023e+00,-6.010644955482940865e+00,-2.978559605669228283e+00,-1.364282343124976364e+02,-9.848900801026683638e+00,6.620000000000000107e+00,6.620000000000000107e+00,2.900285931140158049e-02,-9.110553510740605765e-02
2.197999999999979526e+00,2.898909450558081469e-01,-5.417022409071552858e+00,-5.889296577958817558e+00,-3.529540577044526728e+00,-4.359950657049004974e+00,-7.522192384917180341e+00,-5.318538796994878304e-01,-4.242695930740105759e-01,-1.868612158531944012e-01,-7.086675165769078522e-01,2.982905659936064158e+00,-5.993874035729393590e+00,-2.962713248204515537e+00,-1.369501214802752713e+02,-1.041984955350661046e+01,6.620000000000000107e+00,6.620000000000000107e+00,2.597779554453753109e-02,-9.570378169132265356e-02
2.199999999999979305e+00,2.828318639017191050e-01,-5.425742310385651024e+00,-5.904340962728651832e+00,-3.532313205656600008e+00,-4.327963798904238324e+00,-7.527819626682021870e+00,-5.337936187686568301e-01,-4.295385987568623998e-01,-1.870392154197442758e-01,-7.039725112779754435e-01,3.085922197764306318e+00,-5.975414631089898343e+00,-2.946350828564774815e+00,-1.374738197302716571e+02,-1.099885807555956951e+01,6.620000000000000107e+00,6.620000000000000107e+00,2.287538285725834730e-02,-1.003357234945912585e-01
2.201999999999979085e+00,2.757672374904058810e-01,-5.434398237983459445e+00,-5.919396601982016115e+00,-3.534737137641256410e+00,-4.296047710459717450e+00,-7.533480630911833842e+00,-5.356454449393969197e-01,-4.348295682707092880e-01,-1.872825049425856647e-01,-6.992370608138662735e-01,3.189776854270647277e+00,-5.955244493400693173e+00,-2.929475454231279752e+00,-1.379995112088089115e+02,-1.158575666926575209e+01,6.620000000000000107e+00,6.620000000000000107e+00,1.969623835104824389e-02,-1.049994731646230472e-01
2.203999999999978865e+00,2.686977632151233419e-01,-5.442990333404378767e+00,-5.934463563243840056e+00,-3.536814443558306209e+00,-4.264207980172398216e+00,-7.539177584773778307e+00,-5.374075772507795890e-01,-4.401417134708667245e-01,-1.875917524169330719e-01,-6.944621677251546776e-01,3.294430122464765631e+00,-5.933341991754588207e+00,-2.912091030651383416e+00,-1.385273915471101418e+02,-1.218036575296109270e+01,6.620000000000000107e+00,6.620000000000000107e+00,1.644101713772642276e-02,-1.096931080456889640e-01
2.205999999999978645e+00,2.616241343280067411e-01,-5.451518749364723249e+00,-5.949541918413387975e+00,-3.538547403028190264e+00,-4.232450130961178836e+00,-7.544912708298746828e+00,-5.390782442546504516e-01,-4.454742149721562239e-01,-1.879675936654260360e-01,-6.896488628990072867e-01,3.399841725387358071e+00,-5.909686127567936431e+00,-2.894202277211564311e+00,-1.390576702063536629e+02,-1.278249570650322120e+01,6.620000000000000107e+00,6.620000000000000107e+00,1.311041349779635407e-02,-1.144146710338387607e-01
2.207999999999978424e+00,2.545470395219503468e-01,-5.459983649626645175e+00,-5.964631743829985844e+00,-3.539938500510603880e+00,-4.200779618695643869e+00,-7.550688251946886531e+00,-5.406556853146406993e-01,-4.508262218298479951e-01,-1.884106319045978639e-01,-6.847982048989986748e-01,3.505970635165046811e+00,-5.884256549462418384e+00,-2.875814742242310817e+00,-1.395905708238016132e+02,-1.339194670302303969e+01,6.620000000000000107e+00,6.620000000000000107e+00,9.705162000032692415e-03,-1.191621716132647280e-01
2.209999999999978204e+00,2.474671625209291514e-01,-5.468385208864036784e+00,-5.979733120333879270e+00,-3.540990420523983051e+00,-4.169201831076718712e+00,-7.556506493941156144e+00,-5.421381519086955203e-01,-4.561968512292255418e-01,-1.889214373441410189e-01,-6.799112792750152678e-01,3.612775093635890666e+00,-5.857033567906708704e+00,-2.856934816999892490e+00,-1.401263315598120585e+02,-1.400850852619110043e+01,6.620000000000000107e+00,6.620000000000000107e+00,6.226038574992258379e-03,-1.239335870829651742e-01
2.211999999999977984e+00,2.403851816798811825e-01,-5.476723612526190443e+00,-5.994846133321761528e+00,-3.541706042277645849e+00,-4.137722086910297747e+00,-7.562369737379821544e+00,-5.435239089336710849e-01,-4.615851881849903915e-01,-1.895005468199452703e-01,-6.749891978547739591e-01,3.720212634601427482e+00,-5.827998169560449249e+00,-2.837569748571015182e+00,-1.406652054453633127e+02,-1.463196037204166799e+01,6.620000000000000107e+00,6.620000000000000107e+00,2.673861535815391655e-03,-1.287268639821860516e-01
2.213999999999977764e+00,2.333017695953258919e-01,-5.484999056700011089e+00,-6.009970872796521313e+00,-3.542088433684939197e+00,-4.106345635771747382e+00,-7.568280307141414198e+00,-5.448112360104838681e-01,-4.669902852517586189e-01,-1.901484634618528513e-01,-6.700330980185280616e-01,3.828240107761091693e+00,-5.797132031260547436e+00,-2.817727651647517817e+00,-1.412074607295027420e+02,-1.526207063441579592e+01,6.620000000000000107e+00,6.620000000000000107e+00,-9.505074596906498696e-04,-1.335399197228321899e-01
2.215999999999977543e+00,2.262175927279560239e-01,-5.493211747971554537e+00,-6.025107433410804347e+00,-3.542140844722126314e+00,-4.075077658055666241e+00,-7.574240546598412394e+00,-5.459984287882209131e-01,-4.724111622469333582e-01,-1.908656563970401732e-01,-6.650441419585789715e-01,3.936813704385072388e+00,-5.764417533587716136e+00,-2.797417519119670182e+00,-1.417533812258783712e+02,-1.589859667310914482e+01,6.620000000000000107e+00,6.620000000000000107e+00,-4.646162510958132263e-03,-1.383706444365748744e-01
2.217999999999977323e+00,2.191333110385117744e-01,-5.501361903287666166e+00,-6.040255914504001566e+00,-3.541866700093942111e+00,-4.043923265401236478e+00,-7.580252814158806807e+00,-5.470838002455439275e-01,-4.778468059872692519e-01,-1.916525604898982049e-01,-6.600235159252468842e-01,4.045888984782022746e+00,-5.729837773949372881e+00,-2.776649231438248044e+00,-1.423032666572151470e+02,-1.654128456384131596e+01,6.620000000000000107e+00,6.620000000000000107e+00,-8.412152645150466901e-03,-1.432169030437044910e-01
2.219999999999977103e+00,2.120495776383238828e-01,-5.509449749818468689e+00,-6.055416420132319288e+00,-3.541269591162815811e+00,-4.012887501478894947e+00,-7.586319479657730014e+00,-5.480656819876374986e-01,-4.832961700404702077e-01,-1.925095761192433808e-01,-6.549724294609871045e-01,4.155420907618614379e+00,-5.693376579113530234e+00,-2.755433564697428839e+00,-1.428574329962521006e+02,-1.718986882920253834e+01,6.620000000000000107e+00,6.620000000000000107e+00,-1.224748106010879745e-02,-1.480765375501939540e-01
2.221999999999976882e+00,2.049670384559982572e-01,-5.517475524821426447e+00,-6.070589059091634709e+00,-3.540353267094719758e+00,-3.981975343118802080e+00,-7.592442920624542957e+00,-5.489424255368673400e-01,-4.887581744931918104e-01,-1.934370689936483756e-01,-6.498921146243659130e-01,4.265363861148479430e+00,-5.655018517127238908e+00,-2.733782197392650382e+00,-1.434162128012611390e+02,-1.784407214978176981e+01,6.620000000000000107e+00,6.620000000000000107e+00,-1.615110444292057468e-02,-1.529473695784636100e-01
2.223999999999976662e+00,1.978863319218088224e-01,-5.525439475507663900e+00,-6.085773944932883595e+00,-3.539121625170520868e+00,-3.951191701755567109e+00,-7.598625518454098504e+00,-5.497124036152215565e-01,-4.942317057368392219e-01,-1.944353700056350998e-01,-6.447838252056279362e-01,4.375671696408616640e+00,-5.614748908552382289e+00,-2.711707715809924313e+00,-1.439799555438092113e+02,-1.850360505473974726e+01,6.620000000000000107e+00,6.620000000000000107e+00,-2.012193236664125418e-02,-1.578272031364403860e-01
2.225999999999976442e+00,1.908080886714677848e-01,-5.533341858911175137e+00,-6.100971195969791872e+00,-3.537578700207641980e+00,-3.920541425156811144e+00,-7.604869654514409660e+00,-5.503740114165147634e-01,-4.997156162725770456e-01,-1.955047751254244126e-01,-6.396488359356012898e-01,4.486297762441612491e+00,-5.572553836951317230e+00,-2.689223618005689431e+00,-1.445490279259056194e+02,-1.916816559116271534e+01,6.620000000000000107e+00,6.620000000000000107e+00,-2.415882676708917820e-02,-1.627138276282549256e-01
2.227999999999976222e+00,1.837329312710525020e-01,-5.541182941761488401e+00,-6.116180935278820563e+00,-3.535728653032861324e+00,-3.890029299395284745e+00,-7.611177706226603945e+00,-5.509256678662315387e-01,-5.052087245369792923e-01,-1.966455453348818772e-01,-6.344884416896908741e-01,4.597194943601981443e+00,-5.528420158554932407e+00,-2.666344316339137155e+00,-1.451238141830790767e+02,-1.983743897161997438e+01,6.620000000000000107e+00,6.620000000000000107e+00,-2.826060150114551028e-02,-1.676050211086775876e-01
2.229999999999976001e+00,1.766614739649867705e-01,-5.548963000360278564e+00,-6.131403290691273433e+00,-3.533575757943296036e+00,-3.859660051015277205e+00,-7.617552043156829100e+00,-5.513658168667820991e-01,-5.107098147497662888e-01,-1.978579066022432831e-01,-6.293039566887080882e-01,4.708315699004248955e+00,-5.482335511046211529e+00,-2.643085138522042854e+00,-1.457047163692554648e+02,-2.051109719945378984e+01,6.620000000000000107e+00,6.620000000000000107e+00,-3.242602198755570320e-02,-1.724985537817556591e-01
2.231999999999975781e+00,1.695943224491001655e-01,-5.556682320462309477e+00,-6.146638394777586889e+00,-3.531124389089149496e+00,-3.829438349333830427e+00,-7.623995023163686824e+00,-5.516929285258317384e-01,-5.162176367850805914e-01,-1.991420498981398557e-01,-6.240967136982735752e-01,4.819612104168898625e+00,-5.434288321393359489e+00,-2.619462327154493231e+00,-1.462921546185417867e+02,-2.118879867145599860e+01,6.620000000000000107e+00,6.620000000000000107e+00,-3.665380493103832793e-02,-1.773921917424159111e-01
2.233999999999975561e+00,1.625320736709218727e-01,-5.564341197160977082e+00,-6.161886384823914042e+00,-3.528379005708793592e+00,-3.799368808805628106e+00,-7.630508988648788460e+00,-5.519055003652499902e-01,-5.217309060677568500e-01,-2.004981312533754001e-01,-6.188680632285080696e-01,4.931035894919763685e+00,-5.384267812667953734e+00,-2.595493037718519247e+00,-1.468865673781604642e+02,-2.187018775773614720e+01,6.620000000000000107e+00,6.620000000000000107e+00,-4.094261813037076980e-02,-1.822837009577832346e-01
2.235999999999975341e+00,1.554753156595042873e-01,-5.571939934778588288e+00,-6.177147402801211662e+00,-3.525344136144401563e+00,-3.769455991367255621e+00,-7.637096262962084658e+00,-5.520020585081080178e-01,-5.272483034960380177e-01,-2.019262718588330785e-01,-6.136193727356998862e-01,5.042538513582346837e+00,-5.332264009785440351e+00,-2.571195335005518778e+00,-1.474884116058099153e+02,-2.255489435876401316e+01,6.620000000000000107e+00,6.620000000000000107e+00,-4.529108037139739640e-02,-1.871708514826763980e-01
2.237999999999975120e+00,1.484246273872154853e-01,-5.579478846761323219e+00,-6.192421595327135542e+00,-3.522024360564851353e+00,-3.739704408661614465e+00,-7.643759147017705757e+00,-5.519811588410293846e-01,-5.327684753921745342e-01,-2.034265582078063350e-01,-6.083520258275941783e-01,5.154071157526708191e+00,-5.278267744107642656e+00,-2.546588187957498750e+00,-1.480981629236433150e+02,-2.324253343978088537e+01,6.620000000000000107e+00,6.620000000000000107e+00,-4.969776140625917216e-02,-1.920514219011759394e-01
2.239999999999974900e+00,1.413805786660857766e-01,-5.586958255578646337e+00,-6.207709113621170616e+00,-3.518424292322261504e+00,-3.710118524026509323e+00,-7.650499916180052651e+00,-5.518413881490807915e-01,-5.382900334823235156e-01,-2.049990422809580271e-01,-6.030674214739047967e-01,5.265584830090405788e+00,-5.222270656849692827e+00,-2.521691462906566095e+00,-1.487163157198476426e+02,-2.393270454302174954e+01,6.620000000000000107e+00,6.620000000000000107e+00,-5.416118202100715651e-02,-1.969232039832524706e-01
2.241999999999974680e+00,1.343437300814412649e-01,-5.594378492626699284e+00,-6.223010113453530501e+00,-3.514548557869595413e+00,-3.680702754112633368e+00,-7.657320817483745934e+00,-5.515813652202573580e-01,-5.438115549071244059e-01,-2.066437417740087934e-01,-5.977669732235876277e-01,5.377030393906004235e+00,-5.164265201237024705e+00,-2.496525915201777135e+00,-1.493433831874624218e+02,-2.462499127848295188e+01,6.620000000000000107e+00,6.620000000000000107e+00,-5.867981419495325868e-02,-2.017840075421815094e-01
2.243999999999974460e+00,1.273146329657020848e-01,-5.601739898134924900e+00,-6.238324755088497930e+00,-3.510401775169675442e+00,-3.651461469975221252e+00,-7.664224067254620465e+00,-5.511997419165087786e-01,-5.493315822642856894e-01,-2.083606403681446950e-01,-5.924521084303500107e-01,5.488358626643280225e+00,-5.104244643361695921e+00,-2.471113179217380385e+00,-1.499798972885913031e+02,-2.531896079431021462e+01,6.620000000000000107e+00,6.620000000000000107e+00,-6.325208135676525789e-02,-2.066316654747321624e-01
2.245999999999974239e+00,1.202938294153627352e-01,-5.609042821074875285e+00,-6.253653203223007218e+00,-3.505988530531098935e+00,-3.622398997460402281e+00,-7.671211849202120625e+00,-5.506952042081255660e-01,-5.548486236844428765e-01,-2.101496880430045733e-01,-5.871242674877935608e-01,5.599520279157830238e+00,-5.042203061691321153e+00,-2.445475756741705364e+00,-1.506264086305237413e+02,-2.601416322827975947e+01,6.620000000000000107e+00,6.620000000000000107e+00,-6.787635874459120588e-02,-2.114640389620913719e-01
2.247999999999974019e+00,1.132818523543005357e-01,-5.616287619069796122e+00,-6.268995626921411102e+00,-3.501313353814468954e+00,-3.593519616681714712e+00,-7.678286313056008616e+00,-5.500664731682055608e-01,-5.603611529414705972e-01,-2.120108014319679601e-01,-5.817849030755029016e-01,5.710466136014474614e+00,-4.978135345188281491e+00,-2.419637003751413218e+00,-1.512834862384950725e+02,-2.671013114230575169e+01,6.620000000000000107e+00,6.620000000000000107e+00,-7.255097388032513694e-02,-2.162790228047711816e-01
2.249999999999973799e+00,1.062792256466715962e-01,-5.623474658303159401e+00,-6.284352199547523554e+00,-3.496380691963625775e+00,-3.564827560354252078e+00,-7.685449573822028313e+00,-5.493123059238214090e-01,-5.658676095983140586e-01,-2.139438642193028095e-01,-5.764354794173035534e-01,5.821147078324865554e+00,-4.912037190001553810e+00,-2.393621115581558989e+00,-1.519517172078648173e+02,-2.740637894244022732e+01,6.620000000000000107e+00,6.620000000000000107e+00,-7.727420717179644960e-02,-2.210745508597019293e-01
2.251999999999973578e+00,9.928646426274434500e-02,-5.630604313423868135e+00,-6.299723098695167778e+00,-3.491194880831875125e+00,-3.536327010723613995e+00,-7.692703711731760485e+00,-5.484314965604367709e-01,-5.713663991892801164e-01,-2.159487275785552940e-01,-5.710774715528171841e-01,5.931514148803058717e+00,-4.843905094698431668e+00,-2.367453110507925729e+00,-1.526317062163896594e+02,-2.810240228744483915e+01,6.620000000000000107e+00,6.620000000000000107e+00,-8.204429266105134344e-02,-2.258486015419723381e-01
2.253999999999973358e+00,9.230407450108059353e-02,-5.637676967445315768e+00,-6.315108506118630949e+00,-3.485760115293304207e+00,-3.508022094794318591e+00,-7.700050772961077428e+00,-5.474228769760628444e-01,-5.768558934395568993e-01,-2.180252106513610455e-01,-5.657123646233399583e-01,6.041518618899519133e+00,-4.773736354008505600e+00,-2.341158811764326941e+00,-1.533240748750168621e+02,-2.879767748971663011e+01,6.620000000000000107e+00,6.620000000000000107e+00,-8.685941894229287641e-02,-2.305992033474423830e-01
2.255999999999973138e+00,8.533255427049397934e-02,-5.644693011634904778e+00,-6.330508607664553367e+00,-3.480080417655025737e+00,-3.479916877527877261e+00,-7.707492771188904968e+00,-5.462853176816249157e-01,-5.823344305225357509e-01,-2.201731010656328980e-01,-5.603416531729752403e-01,6.151112057821932488e+00,-4.701529051057431907e+00,-2.314764828024101551e+00,-1.540294608932317146e+02,-2.949166091315142424e+01,6.620000000000000107e+00,6.620000000000000107e+00,-9.171773027944223056e-02,-2.353244403455771461e-01
2.257999999999972918e+00,7.837239343518392909e-02,-5.651652845389960156e+00,-6.345923593206931557e+00,-3.474159604418531444e+00,-3.452015352644791868e+00,-7.715031690063002046e+00,-5.450177285440249708e-01,-5.878003153552737725e-01,-2.223921554918280863e-01,-5.549668404658524290e-01,6.260246403189097641e+00,-4.627282048073178444e+00,-2.288298532381755290e+00,-1.547485170324917192e+02,-3.018378837343929177e+01,6.620000000000000107e+00,6.620000000000000107e+00,-9.661732796075866991e-02,-2.400224575842949404e-01
2.259999999999972697e+00,7.142407422634686198e-02,-5.658556876095249599e+00,-6.361353656587057870e+00,-3.468001251478272096e+00,-3.424321430627895513e+00,-7.722669486631597024e+00,-5.436190594684499056e-01,-5.932518199321537011e-01,-2.246821002357137220e-01,-5.495894378201734431e-01,6.368874032990935241e+00,-4.550994975552400845e+00,-2.261788039877680845e+00,-1.554819098186911219e+02,-3.087347454731382257e+01,6.620000000000000107e+00,6.620000000000000107e+00,-1.015562719366987499e-01,-2.446914663406149215e-01
2.261999999999972477e+00,6.448807172339031391e-02,-5.665405518956505126e+00,-6.376798995560321259e+00,-3.461608657894222230e+00,-3.396838923487645268e+00,-7.730408095788399159e+00,-5.420883010165969962e-01,-5.986871836964740012e-01,-2.270426318657373654e-01,-5.442109639597527693e-01,6.476947838441927452e+00,-4.472668219879295748e+00,-2.235262183616065990e+00,-1.562303179819772367e+02,-3.156011239843211058e+01,6.620000000000000107e+00,6.620000000000000107e+00,-1.065325827970669409e-01,-2.493297491421304080e-01
2.263999999999972257e+00,5.756485440760186756e-02,-5.672199196803480170e+00,-6.392259811751897836e+00,-3.454984808433606336e+00,-3.369571525814364588e+00,-7.738249435762985406e+00,-5.404244849576829157e-01,-6.041046139493231326e-01,-2.294734178727570462e-01,-5.388329443836534782e-01,6.584421297215905966e+00,-4.392302909393512422e+00,-2.208750489533448658e+00,-1.569944305896395917e+02,-3.224307262884945402e+01,6.620000000000000107e+00,6.620000000000000107e+00,-1.115442441547644520e-01,-2.539356644751606384e-01
2.265999999999972037e+00,5.065488479073465555e-02,-5.678938339855108985e+00,-6.407736310623423748e+00,-3.448132335146302907e+00,-3.342522791609589206e+00,-7.746195414668155088e+00,-5.386266847493785814e-01,-6.095022862946593012e-01,-2.319740973595000588e-01,-5.334569107544878674e-01,6.691248546435984323e+00,-4.309900898907259581e+00,-2.182283149882871420e+00,-1.577749448352985269e+02,-3.292170316648093831e+01,6.620000000000000107e+00,6.620000000000000107e+00,-1.165892055158232882e-01,-2.585076510858917431e-01
2.267999999999971816e+00,4.375862012044205024e-02,-5.685623385438328015e+00,-6.423228701452759815e+00,-3.441053478319692438e+00,-3.315696106360584761e+00,-7.754247938089661396e+00,-5.366940159461908166e-01,-6.148783451190179550e-01,-2.345442817566905369e-01,-5.280844003059413927e-01,6.797384454663464304e+00,-4.225464752674552571e+00,-2.155890995506176466e+00,-1.585725634453341968e+02,-3.359532870051112496e+01,6.620000000000000107e+00,6.620000000000000107e+00,-1.216653857289848734e-01,-2.630442317708511224e-01
2.269999999999971596e+00,3.687651316380266553e-02,-5.692254777651049480e+00,-6.438737197328939565e+00,-3.433750047252817073e+00,-3.289094653801279744e+00,-7.762408917670954978e+00,-5.346256365333017513e-01,-6.202309041037168402e-01,-2.371835555623183767e-01,-5.227169552701198540e-01,6.902784691983281817e+00,-4.138997725817255890e+00,-2.129605466974590744e+00,-1.593879916615487105e+02,-3.426325027842278104e+01,6.620000000000000107e+00,6.620000000000000107e+00,-1.267706771225498574e-01,-2.675440165433096706e-01
2.271999999999971376e+00,3.000901306929703097e-02,-5.698832966958652158e+00,-6.454262015164281330e+00,-3.426223381397238033e+00,-3.262721376792326655e+00,-7.770680280605344770e+00,-5.324207471845044948e-01,-6.255580467667989364e-01,-2.398914771000101032e-01,-5.173561223254022901e-01,7.007405797120479285e+00,-4.050503744213129309e+00,-2.103458584685322652e+00,-1.602219337576041198e+02,-3.492474498016111539e+01,6.620000000000000107e+00,6.620000000000000107e+00,-1.319029504514202811e-01,-2.720057050525114262e-01
2.273999999999971156e+00,2.315656630650255593e-02,-5.705358409712236956e+00,-6.469803375725492245e+00,-3.418474312533241743e+00,-3.236578931756446398e+00,-7.779063979899485837e+00,-5.300785914436456636e-01,-6.308578270312619196e-01,-2.426675792919066044e-01,-5.120034520656295829e-01,7.111205240342754585e+00,-3.959987382850226556e+00,-2.077482918009305290e+00,-1.610750890460180642e+02,-3.557906568691569049e+01,6.620000000000000107e+00,6.620000000000000107e+00,-1.370600607925285819e-01,-2.764280881236761411e-01
2.275999999999970935e+00,1.631961768143607230e-02,-5.711831567575750057e+00,-6.485361503685290963e+00,-3.410503128784671212e+00,-3.210669636126920690e+00,-7.787562005214611283e+00,-5.275984558299311455e-01,-6.361282698153619686e-01,-2.455113704408559139e-01,-5.066604984916815990e-01,7.214141480709248100e+00,-3.867453842649577034e+00,-2.051711553592371562e+00,-1.619481473326549690e+02,-3.622544096406942771e+01,6.620000000000000107e+00,6.620000000000000107e+00,-1.422398545418582516e-01,-2.808100482789210317e-01
2.277999999999970715e+00,9.498611423866730463e-03,-5.718252906848003470e+00,-6.500936627695720560e+00,-3.402309541422666506e+00,-3.184995408312023990e+00,-7.796176394024992184e+00,-5.249796698685827989e-01,-6.413673716399561631e-01,-2.484223350160918720e-01,-5.013288185268035546e-01,7.316174016017489734e+00,-3.772908925754016263e+00,-2.026178062918872147e+00,-1.628417837769892458e+02,-3.686307507999920574e+01,6.620000000000000107e+00,6.620000000000000107e+00,-1.474401776799185992e-01,-2.851505590931851519e-01
2.279999999999970495e+00,2.693992341021396973e-03,-5.724622897664627175e+00,-6.516528980483770717e+00,-3.393892655565902583e+00,-3.159557699751895932e+00,-7.804909242756470356e+00,-5.222216060496684964e-01,-6.465731012469611017e-01,-2.513999344358937016e-01,-4.960099715574474710e-01,7.417263423581864856e+00,-3.676359009275248724e+00,-2.000916469252869145e+00,-1.637566531192343859e+02,-3.749114818457303500e+01,6.620000000000000107e+00,6.620000000000000107e+00,-1.526588854840501552e-01,-2.894486832356082950e-01
2.281999999999970274e+00,-4.093792970110408415e-03,-5.730942013064130869e+00,-6.532138798969283400e+00,-3.385250946049279896e+00,-3.134357418752883984e+00,-7.813762717481856690e+00,-5.193236797194833443e-01,-6.517434002220721112e-01,-2.544436078400189594e-01,-4.907055190019181112e-01,7.517371389753002120e+00,-3.577811017483748302e+00,-1.975961214077349259e+00,-1.646933832400645770e+02,-3.810881667331391753e+01,6.620000000000000107e+00,6.620000000000000107e+00,-1.578938538737605368e-01,-2.937035690467661442e-01
2.283999999999970054e+00,-1.086429486220896745e-02,-5.737210727901636886e+00,-6.547766324404246774e+00,-3.376382239899641924e+00,-3.109394845934122298e+00,-7.822739063655339109e+00,-5.162853489106450366e-01,-6.568761836139189736e-01,-2.575527728439737096e-01,-4.854170239097583828e-01,7.616460725864333092e+00,-3.477272392417156244e+00,-1.951347123156125463e+00,-1.656525680254623580e+02,-3.871521376521702962e+01,6.620000000000000107e+00,6.620000000000000107e+00,-1.631429925780049639e-01,-2.979144455061937258e-01
2.285999999999969834e+00,-1.761705934200825246e-02,-5.743429517593504841e+00,-6.563411802531557093e+00,-3.367283707019378625e+00,-3.084669541318423303e+00,-7.831840614266463163e+00,-5.131061141190920161e-01,-6.619693405408457743e-01,-2.607268262664498293e-01,-4.801460505955947311e-01,7.714495368078421400e+00,-3.374751062872641150e+00,-1.927109372345966021e+00,-1.666347595185760326e+02,-3.930945032401817230e+01,6.620000000000000107e+00,6.620000000000000107e+00,-1.684042603090378787e-01,-3.020806154545898625e-01
2.287999999999969614e+00,-2.435162675604701094e-02,-5.749598856676141345e+00,-6.579075483760090215e+00,-3.357951860828088275e+00,-3.060180243350440144e+00,-7.841069795688304644e+00,-5.097855180384333051e-01,-6.670207347755235938e-01,-2.639651448205257434e-01,-4.748941643120977996e-01,7.811440358412282237e+00,-3.270255411737819085e+00,-1.903283453287637705e+00,-1.676404593527433917e+02,-3.989061595420410811e+01,6.620000000000000107e+00,6.620000000000000107e+00,-1.736756821138474294e-01,-3.062014469515894621e-01
2.289999999999969393e+00,-3.106753047770318549e-02,-5.755719217162842405e+00,-6.594757623351466869e+00,-3.348382570737879593e+00,-3.035924760434522529e+00,-7.850429130388023147e+00,-5.063231452645903241e-01,-6.720282052966659592e-01,-2.672670857585206505e-01,-4.696629309677978203e-01,7.907261804061058719e+00,-3.163794241603962387e+00,-1.879905139103624556e+00,-1.686701094753750851e+02,-4.045778040409413023e+01,6.620000000000000107e+00,6.620000000000000107e+00,-1.789553690491691995e-01,-3.102763626747762626e-01
2.291999999999969173e+00,-3.776429561917894751e-02,-5.761791066683711549e+00,-6.610458481612242920e+00,-3.338571088426128597e+00,-3.011899855956043037e+00,-7.859921235566152298e+00,-5.027186219863732930e-01,-6.769895667962608776e-01,-2.706319874597342134e-01,-4.644539168967437015e-01,8.001926812029234171e+00,-3.055376738595308339e+00,-1.857010450226849629e+00,-1.697240821914836033e+02,-4.100999530874926791e+01,6.620000000000000107e+00,6.620000000000000107e+00,-1.842415402868841645e-01,-3.143048272999869885e-01
2.293999999999968953e+00,-4.444143779603120653e-02,-5.767814866395623241e+00,-6.626178324083375593e+00,-3.328512089904976712e+00,-2.988101128183948241e+00,-7.869548816700575600e+00,-4.989716156805070746e-01,-6.819026101299988651e-01,-2.740591699497179623e-01,-4.592686886883872721e-01,8.095403396036346066e+00,-2.945012434340580132e+00,-1.834635620478345386e+00,-1.708026695784904803e+02,-4.154629630510832783e+01,6.620000000000000107e+00,6.620000000000000107e+00,-1.895325477008226733e-01,-3.182863328478915399e-01
2.295999999999968733e+00,-5.109846197584116262e-02,-5.773791068651990877e+00,-6.641917421716776460e+00,-3.318199735351950785e+00,-2.964522886945966107e+00,-7.879314654900339221e+00,-4.950818348326238016e-01,-6.867651026980342577e-01,-2.775479353392521498e-01,-4.541088130876116402e-01,8.187660352710963707e+00,-2.832711166008786474e+00,-1.812817063502022874e+00,-1.719060723505957640e+02,-4.206570555041771087e+01,6.620000000000000107e+00,6.620000000000000107e+00,-1.948269029113305906e-01,-3.222203820388560569e-01
2.297999999999968512e+00,-5.773486144654506325e-02,-5.779720114425883182e+00,-6.657676051026577113e+00,-3.307627748541768664e+00,-2.941158029513596173e+00,-7.889221586933238939e+00,-4.910490287087943551e-01,-6.915747887429161134e-01,-2.810975681708710594e-01,-4.489758569764785157e-01,8.278667104244954444e+00,-2.718483034332793036e+00,-1.791591339651015691e+00,-1.730343882813114647e+02,-4.256723467251814697e+01,6.620000000000000107e+00,6.620000000000000107e+00,-2.001233066682950312e-01,-3.261064697674312396e-01
2.299999999999968292e+00,-6.435011694362860468e-02,-5.785602430484910741e+00,-6.673454494200443676e+00,-3.296789517486149013e+00,-2.917997918718098216e+00,-7.899272476790605957e+00,-4.868729872051884011e-01,-6.963293895515505483e-01,-2.847073356606388272e-01,-4.438713874510066271e-01,8.368393504973420605e+00,-2.602338359552986535e+00,-1.770995123402066440e+00,-1.741876003263559198e+02,-4.304988817668159840e+01,6.620000000000000107e+00,6.620000000000000107e+00,-2.054206803357001010e-01,-3.299440628898931971e-01
2.301999999999968072e+00,-7.094369597860089582e-02,-5.791438426322346622e+00,-6.689253039154024805e+00,-3.285678217527701062e+00,-2.895032266920542163e+00,-7.909470177705133942e+00,-4.825535408063262865e-01,-7.010266035484777891e-01,-2.883764878229673201e-01,-4.387969720080718283e-01,8.456809609797216964e+00,-2.484287635231761104e+00,-1.751065171351695815e+00,-1.753655646252739189e+02,-4.351266732827313177e+01,6.620000000000000107e+00,6.620000000000000107e+00,-2.107181991009273725e-01,-3.337325786123442328e-01
2.303999999999967851e+00,-7.751505241365630461e-02,-5.797228490856187300e+00,-6.705071979509434676e+00,-3.274286957629868766e+00,-2.872249030050132212e+00,-7.919817483655232415e+00,-4.780905606849660816e-01,-7.056641062686436205e-01,-2.921042574666342095e-01,-4.337541788592677583e-01,8.543885402995719858e+00,-2.364341479919707556e+00,-1.731838290820133519e+00,-1.765679985978354125e+02,-4.395457452339777404e+01,6.620000000000000107e+00,6.620000000000000107e+00,-2.160153263714295058e-01,-3.374713618711830954e-01
2.305999999999967631e+00,-8.406362632891603570e-02,-5.802972988916287989e+00,-6.720911614476745122e+00,-3.262608949946727233e+00,-2.849634316468867556e+00,-7.930317069583946221e+00,-4.734839589788128467e-01,-7.102395501993101767e-01,-2.958898600508509946e-01,-4.287445773902213153e-01,8.629590486804286087e+00,-2.242510586698410080e+00,-1.713351309056015070e+00,-1.777944693890171948e+02,-4.437461815077828930e+01,6.620000000000000107e+00,6.620000000000000107e+00,-2.213118486434675902e-01,-3.411596622095176556e-01
2.307999999999967411e+00,-9.058884422880948695e-02,-5.808672257549226003e+00,-6.736772248615912950e+00,-3.250637701941085478e+00,-2.827172315872693353e+00,-7.940971419841527990e+00,-4.687336892807479893e-01,-7.147505644828378024e-01,-2.997324933912850486e-01,-4.237697387853068820e-01,8.713893730163668749e+00,-2.118805670684459130e+00,-1.695641042996660630e+00,-1.790443829523218540e+02,-4.477181793737013749e+01,6.620000000000000107e+00,6.620000000000000107e+00,-2.266079099379040840e-01,-3.447966107678256953e-01
2.309999999999967191e+00,-9.709011963269165157e-02,-5.814326602180971193e+00,-6.752654191455595978e+00,-3.238367229354289556e+00,-2.804845253748704970e+00,-7.951782744734330777e+00,-4.638397473799756310e-01,-7.191947544748639176e-01,-3.036313372074004868e-01,-4.188312368388571461e-01,8.796762879287671311e+00,-1.993237414656077400e+00,-1.678744269495581865e+00,1.796830259069160149e+02,-4.514521075771690306e+01,6.620000000000000107e+00,6.620000000000000107e+00,-2.319040447049566800e-01,-3.483811981187477924e-01
2.311999999999966970e+00,-1.035668540914002345e-01,-5.819936292688468349e+00,-6.768557756945064341e+00,-3.225792287237010836e+00,-2.782633377019676946e+00,-7.962752885529548408e+00,-4.588021722911559963e-01,-7.235697011559346636e-01,-3.075855525043663108e-01,-4.139306489746941153e-01,8.876235618976160424e+00,-1.866414424663795701e+00,-1.662697695881206528e+00,1.783887021813305580e+02,-4.549385687296314984e+01,6.620000000000000107e+00,6.620000000000000107e+00,-2.372012079142825913e-01,-3.490658503988658956e-01
2.313999999999966750e+00,-1.100184386658742547e-01,-5.825501559442507471e+00,-6.784483262716123342e+00,-3.212908615063215123e+00,-2.760514976365843864e+00,-7.973883208819154689e+00,-4.536226341531157669e-01,-7.278723348026668871e-01,-3.115932131768583968e-01,-4.090697245153001593e-01,8.951730974161135279e+00,-1.738443173347032467e+00,-1.647536365871525410e+00,1.770739357580496005e+02,-4.581685680531514038e+01,6.620000000000000107e+00,6.620000000000000107e+00,-2.426772943420499873e-01,-3.490658503988658956e-01
2.315999999999966530e+00,-1.164442558960006868e-01,-5.831022589395239208e+00,-6.800431029133761740e+00,-3.199713190556184639e+00,-2.738466458365595990e+00,-7.985174492473625207e+00,-4.483033136696680243e-01,-7.320993938769765341e-01,-3.156521420286786395e-01,-4.042503452941827446e-01,9.023115483660136604e+00,-1.609281297945406530e+00,-1.633294466349174856e+00,1.757402693265570974e+02,-4.611337080959821577e+01,6.620000000000000107e+00,6.620000000000000107e+00,-2.483564017350403663e-01,-3.490658503988658956e-01
2.317999999999966310e+00,-1.228436822771130504e-01,-5.836499522311970445e+00,-6.816401378118708720e+00,-3.186204495406914639e+00,-2.716462469728570639e+00,-7.996626803158621399e+00,-4.428465379983271277e-01,-7.362475799829392153e-01,-3.197601701746647929e-01,-3.994745027182976527e-01,9.090269818548609493e+00,-1.478890804226749900e+00,-1.620005571143642964e+00,1.743894634544686255e+02,-4.638262877889738434e+01,6.620000000000000107e+00,6.620000000000000107e+00,-2.542171814049470346e-01,-3.490658503988658956e-01
2.319999999999966089e+00,-1.292160912679268803e-01,-5.841932447251427796e+00,-6.832394631725025924e+00,-3.172382774411156348e+00,-2.694476073848912190e+00,-8.008239370589615547e+00,-4.372547727845612076e-01,-7.403135729301574264e-01,-3.239151427026204511e-01,-3.947442941201906308e-01,9.153088114997457225e+00,-1.347237861794478242e+00,-1.607702507252736668e+00,1.730234898571973758e+02,-4.662393929894659550e+01,6.620000000000000107e+00,6.620000000000000107e+00,-2.602392442116228666e-01,-3.490658503988658956e-01
2.321999999999965869e+00,-1.355608568167492034e-01,-5.847321399399125319e+00,-6.848411110466205542e+00,-3.158250276328530504e+00,-2.672478980671781912e+00,-8.020010463217323249e+00,-4.315306140524653444e-01,-7.442940449190970087e-01,-3.281149237439807687e-01,-3.900619189948603682e-01,9.211477297446629464e+00,-1.214292598295596770e+00,-1.596417227760530633e+00,1.716445209550155937e+02,-4.683669820342355194e+01,6.620000000000000107e+00,6.620000000000000107e+00,-2.664031729016584915e-01,-3.490658503988658956e-01
2.323999999999965649e+00,-1.418773573694062651e-01,-5.852666357360468474e+00,-6.864451131392640626e+00,-3.143811466719016234e+00,-2.650441828144137979e+00,-8.031937269961328951e+00,-4.256767799885040615e-01,-7.481856738317973488e-01,-3.323574009617191738e-01,-3.854296751386032671e-01,9.265356401112713414e+00,-1.080028895207096662e+00,-1.586180691468011217e+00,1.702549156703336450e+02,-4.702039645027748094e+01,6.620000000000000107e+00,6.620000000000000107e+00,-2.726905214534744992e-01,-3.490658503988658956e-01
2.325999999999965429e+00,-1.481649803028443069e-01,-5.857967241016757143e+00,-6.880515005932563710e+00,-3.129073203201095943e+00,-2.628334511078884272e+00,-8.044015792928375319e+00,-4.196961026510098725e-01,-7.519851556200514153e-01,-3.366404894666837899e-01,-3.808499547043053823e-01,9.314655902930192966e+00,-9.444241879005511597e-01,-1.577022749208413899e+00,1.688572015467092911e+02,-4.717462714274530100e+01,6.620000000000000107e+00,6.620000000000000107e+00,-2.790838012837512094e-01,-3.490658503988658956e-01
2.327999999999965208e+00,-1.544231267092464888e-01,-5.863223910038914966e+00,-6.896603037518420187e+00,-3.114044864331159346e+00,-2.606126550768230299e+00,-8.056240756118031143e+00,-4.135915196336667488e-01,-7.556892157914631980e-01,-3.409621351760850905e-01,-3.763252401842889783e-01,9.359317069844111714e+00,-8.074592726199641968e-01,-1.568972036776885792e+00,1.674540534084536603e+02,-4.729909152955332985e+01,6.620000000000000107e+00,6.620000000000000107e+00,-2.855664545870927884e-01,-3.490658503988658956e-01
2.329999999999964988e+00,-1.606512164379088059e-01,-5.868436163140451356e+00,-6.912715519030656175e+00,-3.098738424638836531e+00,-2.583787496309799980e+00,-8.068605534893668718e+00,-4.073660657064065438e-01,-7.592946200014428770e-01,-3.453203176301445909e-01,-3.718581003280202468e-01,9.399291332868818571e+00,-6.691181228447674600e-01,-1.562055874366029329e+00,1.660482689181371256e+02,-4.739360383706180357e+01,6.620000000000000107e+00,6.620000000000000107e+00,-2.921228155534287829e-01,-3.490658503988658956e-01
2.331999999999964768e+00,-1.668486932871864892e-01,-5.873603738133071239e+00,-6.928852730100443225e+00,-3.083168470231574698e+00,-2.561287346540945808e+00,-8.081102110463918464e+00,-4.010228644522695896e-01,-7.627981837660374742e-01,-3.497130522849115075e-01,-3.674511859979524564e-01,9.434539694485716055e+00,-5.293877172429380940e-01,-1.556300172367344414e+00,1.646427415203707199e+02,-4.745809481140756958e+01,6.620000000000000107e+00,6.620000000000000107e+00,-2.987380607060252657e-01,-3.490658503988658956e-01
2.333999999999964547e+00,-1.730150302276496355e-01,-5.878726312826152878e+00,-6.945014934321370959e+00,-3.067352151715960318e+00,-2.538596979888955829e+00,-8.093721052787969938e+00,-3.945651199140556287e-01,-7.661967813162733343e-01,-3.541383923008796231e-01,-3.631072259627148302e-01,9.465032175779228396e+00,-3.882578810506660538e-01,-1.551729343375498171e+00,1.632404313753293366e+02,-4.749261388014612351e+01,6.620000000000000107e+00,6.620000000000000107e+00,-3.053981500913039437e-01,-3.490658503988658956e-01
2.335999999999964327e+00,-1.791497345310815448e-01,-5.883803506785930892e+00,-6.961202376426946614e+00,-3.051309073837087826e+00,-2.515688578486859228e+00,-8.106451534224273558e+00,-3.879961082603211042e-01,-7.694873536193103103e-01,-3.585944298482654502e-01,-3.588290226230217983e-01,9.490747308238075775e+00,-2.457211422551957014e-01,-1.548366220219083322e+00,1.618443349765978780e+02,-4.749732987913140647e+01,6.620000000000000107e+00,6.620000000000000107e+00,-3.120897614907640616e-01,-3.490658503988658956e-01
2.337999999999964107e+00,-1.852523526787557273e-01,-5.888834883942904774e+00,-6.977415279495395417e+00,-3.035061124037251812e+00,-2.492536032680995106e+00,-8.119281374949746777e+00,-3.813191694766959183e-01,-7.726669155950404155e-01,-3.630792969505937107e-01,-3.546194476622964165e-01,9.511671673437611219e+00,-1.017726034248101763e-01,-1.546231979838828652e+00,1.604574542084962729e+02,-4.747253032965590336e+01,6.620000000000000107e+00,6.620000000000000107e+00,-3.188002201767142774e-01,-3.490658503988658956e-01
2.339999999999963887e+00,-1.913224749268302438e-01,-5.893819956008266914e+00,-6.993653842245294960e+00,-3.018632244886338523e+00,-2.469115312613145541e+00,-8.132197119770562921e+00,-3.745376990858410582e-01,-7.757325625588098461e-01,-3.675911658885894773e-01,-3.504814376113144503e-01,9.527799491950547761e+00,4.359017055020147913e-02,-1.545346072842094687e+00,1.590827656236009773e+02,-4.741861929120714336e+01,6.620000000000000107e+00,6.620000000000000107e+00,-3.255174269640135898e-01,-3.490658503988658956e-01
2.341999999999963666e+00,-1.973597394166029251e-01,-5.898758186633493494e+00,-7.009918236484836029e+00,-3.002048157841524567e+00,-2.445404794876231414e+00,-8.145184144524622027e+00,-3.676551398978173957e-01,-7.786814759217287607e-01,-3.721282491863063258e-01,-3.464179893143663480e-01,9.539132260906239225e+00,1.903672491388815891e-01,-1.545726158580184029e+00,1.577231907098406225e+02,-4.733611385448538300e+01,6.620000000000000107e+00,6.620000000000000107e+00,-3.322297873952202996e-01,-3.490658503988658956e-01
2.343999999999963446e+00,-2.033638357322859747e-01,-5.903648996223245682e+00,-7.026208604773885646e+00,-2.985336047874719068e+00,-2.421385534231586423e+00,-8.158226788942176455e+00,-3.606749737922814725e-01,-7.815109281796791540e-01,-3.766887992009727570e-01,-3.424321552836455673e-01,9.545678437739509192e+00,3.385564181876554724e-01,-1.547388045621043373e+00,1.563815678691922813e+02,-4.722563937555229074e+01,6.620000000000000107e+00,6.620000000000000107e+00,-3.389261448243544583e-01,-3.490658503988658956e-01
2.345999999999963226e+00,-2.093345078280354210e-01,-5.908491767291708996e+00,-7.042525058351770006e+00,-2.968524220021295790e+00,-2.397041472893460590e+00,-8.171308511679928444e+00,-3.536007135347992714e-01,-7.842182872208066646e-01,-3.812711073372756498e-01,-3.385270389288761450e-01,9.547453165944578046e+00,4.881532487219339966e-01,-1.550345637522263509e+00,1.550606267502134585e+02,-4.708792358336417294e+01,6.620000000000000107e+00,6.620000000000000107e+00,-3.455957199363105525e-01,-3.490658503988658956e-01
2.347999999999963006e+00,-2.152715562680780070e-01,-5.913285850237495644e+00,-7.058867675375130268e+00,-2.951641739762758121e+00,-2.372359582746280449e+00,-8.184412062353450423e+00,-3.464358946316136723e-01,-7.868010199792319082e-01,-3.858735029058066868e-01,-3.347057896506063779e-01,9.546620517693080288e+00,6.384867941454468454e-01,-1.554610883845326752e+00,1.537629654702741959e+02,-4.692378971808015109e+01,6.620000000000000107e+00,6.620000000000000107e+00,-3.490658503988658956e-01,-3.490658503988658956e-01
2.349999999999962785e+00,-2.211748397476035188e-01,-5.918030569402987773e+00,-7.075236499499837350e+00,-2.934718069327443946e+00,-2.347329938854050724e+00,-8.197519664816738327e+00,-3.391826311584680287e-01,-7.892576442074867860e-01,-3.904948307441595823e-01,-3.309702417779530892e-01,9.545528447680297290e+00,7.888300898738688227e-01,-1.560189185238689991e+00,1.524907243917900814e+02,-4.673403464925609541e+01,6.620000000000000107e+00,6.620000000000000107e+00,-3.490658503988658956e-01,-3.490658503988658956e-01
2.351999999999962565e+00,-2.270442758862584176e-01,-5.922725229280695558e+00,-7.091631538829470394e+00,-2.917782663650875019e+00,-2.321945668354854497e+00,-8.210613209917886124e+00,-3.318414670048399073e-01,-7.915877241266308095e-01,-3.951344601379717103e-01,-3.273207512510781791e-01,9.544174388673027920e+00,9.391861336927297410e-01,-1.567080210489401271e+00,1.512455686162074642e+02,-4.651938524687163579e+01,6.620000000000000107e+00,6.620000000000000107e+00,-3.490658503988658956e-01,-3.490658503988658956e-01
2.353999999999962345e+00,-2.328798412135601736e-01,-5.927369120617405507e+00,-7.108052765249306404e+00,-2.900864603432497635e+00,-2.296202828547408981e+00,-8.223674434890245522e+00,-3.244129321426101331e-01,-7.937907768733348801e-01,-3.997917332943412561e-01,-3.237576593672614744e-01,9.542555116856176411e+00,1.089557919473504777e+00,-1.575283545251986883e+00,1.500290319527141492e+02,-4.628060041250446233e+01,6.620000000000000107e+00,6.620000000000000107e+00,-3.490658503988658956e-01,-3.490658503988658956e-01
2.355999999999962125e+00,-2.386815704204251765e-01,-5.931961526274500685e+00,-7.124500114119086902e+00,-2.883992320115465358e+00,-2.270100296843049037e+00,-8.236685083637013349e+00,-3.168975444270088482e-01,-7.958662721776976756e-01,-4.044659639548502383e-01,-3.202812937843550478e-01,9.540666751965627412e+00,1.239948436195929204e+00,-1.584798689914844294e+00,1.488425125081685678e+02,-4.601846640787344001e+01,6.620000000000000107e+00,6.620000000000000107e+00,-3.490658503988658956e-01,-3.490658503988658956e-01
2.357999999999961904e+00,-2.444495550606561041e-01,-5.936501726868186779e+00,-7.140973484286361028e+00,-2.867193349968359062e+00,-2.243639621327693234e+00,-8.249627057805113850e+00,-3.092958114304987238e-01,-7.978136321060725900e-01,-4.091564360052657445e-01,-3.168919694986518931e-01,9.538504757451471860e+00,1.390360666949682189e+00,-1.595625056998891678e+00,1.476872703820745301e+02,-4.573379227574439909e+01,6.620000000000000107e+00,6.620000000000000107e+00,-3.490658503988658956e-01,-3.490658503988658956e-01
2.359999999999961684e+00,-2.501839417605928317e-01,-5.940989006110842574e+00,-7.157472738401970958e+00,-2.850494120883347637e+00,-2.216824838908563855e+00,-8.262482555698978715e+00,-3.016082323083318917e-01,-7.996322308700957171e-01,-4.138624020815268589e-01,-3.135899897969733341e-01,9.536063940674669226e+00,1.540797587911252986e+00,-1.607761968088128546e+00,1.465644273340192569e+02,-4.542740541879769012e+01,6.620000000000000107e+00,6.620000000000000107e+00,-3.490658503988658956e-01,-3.490658503988658956e-01
2.361999999999961464e+00,-2.558849300023595119e-01,-5.945422655788659583e+00,-7.173997703513369295e+00,-2.833919774087276799e+00,-2.189662268356878716e+00,-8.275234196752739635e+00,-2.938352996945253759e-01,-8.013213947031528894e-01,-4.185830821716490791e-01,-3.103756471827402441e-01,9.533338453140808966e+00,1.691262167291811336e+00,-1.621208650291710462e+00,1.454749682528291146e+02,-4.510014739248592264e+01,6.620000000000000107e+00,6.620000000000000107e+00,-3.490658503988658956e-01,-3.490658503988658956e-01
2.363999999999961243e+00,-2.615527695505340811e-01,-5.949801980325373663e+00,-7.190548171906875119e+00,-2.817494021623529132e+00,-2.162160285559393547e+00,-8.287865129966746736e+00,-2.859775016270023618e-01,-8.028804018055724079e-01,-4.233176622132033828e-01,-3.072492242757480785e-01,9.530321790775243329e+00,1.841757364251922713e+00,-1.635964232237076876e+00,1.444197442288118793e+02,-4.475286995779207899e+01,6.620000000000000107e+00,6.620000000000000107e+00,-3.490658503988658956e-01,-3.490658503988658956e-01
2.365999999999961023e+00,-2.671877575937811611e-01,-5.954126300896492197e+00,-7.207123902166808982e+00,-2.801239039259513230e+00,-2.134329088003706243e+00,-8.300359125383762304e+00,-2.780353235006468027e-01,-8.043084823598820599e-01,-4.280652926860586405e-01,-3.042109946853222557e-01,9.527006794244442744e+00,1.992286127778965188e+00,-1.652027739593629363e+00,1.433994770126565470e+02,-4.438643142958748911e+01,6.620000000000000107e+00,6.620000000000000107e+00,-3.490658503988658956e-01,-3.490658503988658956e-01
2.367999999999960803e+00,-2.727902356723002075e-01,-5.958394959072499830e+00,-7.223724620417576681e+00,-2.785175393446735814e+00,-2.106180455000302931e+00,-8.312700648301232675e+00,-2.700092500470139822e-01,-8.056048186175166492e-01,-4.328250872001102589e-01,-3.012612238564797429e-01,9.523385649329043190e+00,2.142851395523125646e+00,-1.669398090126412937e+00,1.424147646361640795e+02,-4.400169334637320162e+01,6.620000000000000107e+00,6.620000000000000107e+00,-3.490658503988658956e-01,-3.490658503988658956e-01
2.369999999999960583e+00,-2.783605864591937040e-01,-5.962607319982500265e+00,-7.240350021714179185e+00,-2.769322000130209904e+00,-2.077727509448868304e+00,-8.324874916465669017e+00,-2.618997673394309333e-01,-8.067685450584098916e-01,-4.375961210777586929e-01,-2.984001698886717402e-01,9.519449887354651807e+00,2.293456092587876860e+00,-1.688074088279220231e+00,1.414660879699132465e+02,-4.359951747787852128e+01,6.620000000000000107e+00,6.620000000000000107e+00,-3.490658503988658956e-01,-3.490658503988658956e-01
2.371999999999960362e+00,-2.838992304594541438e-01,-5.966762775001398289e+00,-7.256999771547110178e+00,-2.753696112578829513e+00,-2.048984486147511053e+00,-8.336867940958548218e+00,-2.537073648222061273e-01,-8.077987486249501581e-01,-4.423774299309413127e-01,-2.956280843266276270e-01,9.515190385687079200e+00,2.444103130270863122e+00,-1.708054419286513026e+00,1.405538179999367685e+02,-4.318076317852555235e+01,6.620000000000000107e+00,6.620000000000000107e+00,-3.490658503988658956e-01,-3.490658503988658956e-01
2.373999999999960142e+00,-2.894066226846118139e-01,-5.970860743973693374e+00,-7.273673507429027296e+00,-2.738313334982688918e+00,-2.019966510777126967e+00,-8.348666551852749862e+00,-2.454325373626544404e-01,-8.086944690318323969e-01,-4.471680082325742989e-01,-2.929452129227654855e-01,9.510597368299293919e+00,2.594795404751156109e+00,-1.729337642813541409e+00,1.396782236180552559e+02,-4.274628508729876586e+01,6.620000000000000107e+00,6.620000000000000107e+00,-3.490658503988658956e-01,-3.490658503988658956e-01
2.375999999999959922e+00,-2.948832493545772149e-01,-5.974900676995247295e+00,-7.290370840532732544e+00,-2.723187658321648108e+00,-1.990689392817750036e+00,-8.360258409993539530e+00,-2.370757873246170655e-01,-8.094546991533705382e-01,-4.519668078823065316e-01,-2.903517963705708471e-01,9.505660406418016350e+00,2.745535795718872407e+00,-1.751922186124034164e+00,1.388394797372779408e+02,-4.229693116817645659e+01,6.620000000000000107e+00,6.620000000000000107e+00,-3.490658503988658956e-01,-3.490658503988658956e-01
2.377999999999959702e+00,-3.003296246712204853e-01,-5.978882055780882609e+00,-7.307091357352719641e+00,-2.708331514929257278e+00,-1.961169434809239442e+00,-8.371632006442807139e+00,-2.286376266621349684e-01,-8.100783854898919722e-01,-4.567727367665501137e-01,-2.878480710082871319e-01,9.500368419258460762e+00,2.896327164943187427e+00,-1.775806336774845118e+00,1.380376755632547088e+02,-4.183354108000578719e+01,6.620000000000000107e+00,6.620000000000000107e+00,-3.490658503988658956e-01,-3.490658503988658956e-01
2.379999999999959481e+00,-3.057462877010789781e-01,-5.982804394650501401e+00,-7.323834621365604924e+00,-2.693755848230975136e+00,-1.931423259585318020e+00,-8.382776651228017073e+00,-2.201185790319016011e-01,-8.105644287148630056e-01,-4.615846573128076225e-01,-2.854342694921935819e-01,9.494709674856402160e+00,3.047172354774822622e+00,-1.800988234836956581e+00,1.372728228739437100e+02,-4.135694486051305319e+01,6.620000000000000107e+00,6.620000000000000107e+00,-3.490658503988658956e-01,-3.490658503988658956e-01
2.381999999999959261e+00,-3.111337993975409333e-01,-5.986667241169672415e+00,-7.340600174668060696e+00,-2.679470194297455699e+00,-1.901467656408797113e+00,-8.393682453068883831e+00,-2.115191819230889669e-01,-8.109116843044419376e-01,-4.664013850383855186e-01,-2.831106214386804876e-01,9.488671791007355694e+00,3.198074186579130007e+00,-1.827465864642276561e+00,1.365448641813788697e+02,-4.086796190597093670e+01,6.620000000000000107e+00,6.620000000000000107e+00,-3.490658503988658956e-01,-3.490658503988658956e-01
2.383999999999959041e+00,-3.164927397861358460e-01,-5.990470176482490139e+00,-7.357387539574198776e+00,-2.665482772095053576e+00,-1.871319446329342995e+00,-8.404340291727358192e+00,-2.028399888031016673e-01,-8.111189632511879299e-01,-4.712216870936521973e-01,-2.808773540342615060e-01,9.482241736323302916e+00,3.349035459095957012e+00,-1.855237046055716599e+00,1.358536806708295330e+02,-4.036740022580338660e+01,6.620000000000000107e+00,6.620000000000000107e+00,-3.490658503988658956e-01,-3.490658503988658956e-01
2.385999999999958820e+00,-3.218237053303259487e-01,-5.994212815375148828e+00,-7.374196220157653414e+00,-2.651800579611141906e+00,-1.840995366578579873e+00,-8.414741784552576931e+00,-1.940815712777717583e-01,-8.111850328636858176e-01,-4.760442808000710513e-01,-2.787346926125898738e-01,9.475405831418035163e+00,3.500058946722527153e+00,-1.884299425272100148e+00,1.351990998330648210e+02,-3.985605594999042722e+01,6.620000000000000107e+00,6.620000000000000107e+00,-3.490658503988658956e-01,-3.490658503988658956e-01
2.387999999999958600e+00,-3.271273064895482419e-01,-5.997894806108305943e+00,-7.391025703726758600e+00,-2.638429493358865674e+00,-1.810511973410077857e+00,-8.424879248683998512e+00,-1.852445212644622252e-01,-8.111086176538814252e-01,-4.808678321833246838e-01,-2.766828611974726515e-01,9.468149750232850437e+00,3.651147397715645226e+00,-1.914650465137532009e+00,1.345809027243846856e+02,-3.933471306642196907e+01,6.620000000000000107e+00,6.620000000000000107e+00,-3.490658503988658956e-01,-3.490658503988658956e-01
2.389999999999958380e+00,-3.324041654762660003e-01,-6.001515830055126344e+00,-7.407875462224126295e+00,-2.625374369105656136e+00,-1.779885562478766392e+00,-8.434745660243983423e+00,-1.763294531764940110e-01,-8.108884003139387175e-01,-4.856909545019224561e-01,-2.747220830107971468e-01,9.460458521514995667e+00,3.802303532309607270e+00,-1.946287434994964149e+00,1.339988308062361853e+02,-3.880414336522525076e+01,6.620000000000000107e+00,6.620000000000000107e+00,-3.490658503988658956e-01,-3.490658503988658956e-01
2.391999999999958160e+00,-3.376549142144772975e-01,-6.005075601180084099e+00,-7.424744953544614390e+00,-2.612639142006947690e+00,-1.749132105627382749e+00,-8.444334611705240690e+00,-1.673370061172612666e-01,-8.105230227844673063e-01,-4.905122067717836432e-01,-2.728525809442101102e-01,9.452316530461883914e+00,3.953530040746275009e+00,-1.979207400053808685e+00,1.334525923314118074e+02,-3.826510656744098071e+01,6.620000000000000107e+00,6.620000000000000107e+00,-3.490658503988658956e-01,-3.490658503988658956e-01
2.393999999999957939e+00,-3.428801924984912208e-01,-6.008573865391339197e+00,-7.441633622768025091e+00,-2.600226924649437166e+00,-1.718267202796657678e+00,-8.453640268466847019e+00,-1.582678460823368771e-01,-8.100110874159656138e-01,-4.953300922873706824e-01,-2.710745779933028676e-01,9.443707520544831979e+00,4.104829581213860656e+00,-2.013407210283590931e+00,1.329418682569691441e+02,-3.771835061614383022e+01,6.620000000000000107e+00,6.620000000000000107e+00,-3.490658503988658956e-01,-3.490658503988658956e-01
2.395999999999957719e+00,-3.480806463477900681e-01,-6.012010399796932525e+00,-7.458540903304959002e+00,-2.588140101808587445e+00,-1.687306047690072308e+00,-8.462657325521430352e+00,-1.491226681678130550e-01,-8.093511582253630765e-01,-5.001430571400600211e-01,-2.693882976529797246e-01,9.434614595526680247e+00,4.256204777691074526e+00,-2.048883488831797717e+00,1.324663176751320179e+02,-3.716461210909693591e+01,6.620000000000000107e+00,6.620000000000000107e+00,-3.490658503988658956e-01,-3.490658503988658956e-01
2.397999999999957499e+00,-3.532569265514072243e-01,-6.015385011892312228e+00,-7.475466217956001636e+00,-2.576380420997400389e+00,-1.656263405792077537e+00,-8.471380964950641967e+00,-1.399021987830517677e-01,-8.085417622495272294e-01,-5.049494887345308269e-01,-2.677939642725960523e-01,9.425020221688397370e+00,4.407658217693381175e+00,-2.085632619966263146e+00,1.320255827626389191e+02,-3.660461685321669734e+01,6.620000000000000107e+00,6.620000000000000107e+00,-3.490658503988658956e-01,-3.490658503988658956e-01
2.399999999999957279e+00,-3.584096873934020100e-01,-6.018697538703896122e+00,-7.492408979885903264e+00,-2.564949078124771464e+00,-1.625153603349969833e+00,-8.479806814849649044e+00,-1.306071978659547328e-01,-8.075813909976282678e-01,-5.097477143040725078e-01,-2.662918033693728592e-01,9.414906230280411847e+00,4.559192449918235468e+00,-2.123650736542638917e+00,1.316192932564222247e+02,-3.603908052242775995e+01,6.620000000000000107e+00,6.620000000000000107e+00,-3.490658503988658956e-01,-3.490658503988658956e-01
2.401999999999957058e+00,-3.635395855496515449e-01,-6.021947845910595731e+00,-7.509368593515602264e+00,-2.553846797790845891e+00,-1.593990525974316563e+00,-8.487930910156588737e+00,-1.212384610987867206e-01,-8.064685020042319241e-01,-5.145359994258210667e-01,-2.648820418985017300e-01,9.404253820215117798e+00,4.710809981786296952e+00,-2.162933706997740568e+00,1.312470704693118932e+02,-3.546870940185350207e+01,6.620000000000000107e+00,6.620000000000000107e+00,-3.490658503988658956e-01,-3.490658503988658956e-01
2.403999999999956838e+00,-3.686472791452332087e-01,-6.025135826962544350e+00,-7.526344455335915562e+00,-2.543073907924128019e+00,-1.562787625582120477e+00,-8.495749655751064111e+00,-1.117968221225113801e-01,-8.052015204849924945e-01,-5.193125465370593830e-01,-2.635649084782685780e-01,9.393043561017712761e+00,4.862513276875747081e+00,-2.203477121869816813e+00,1.309085308638366598e+02,-3.489420120266224501e+01,6.620000000000000107e+00,6.620000000000000107e+00,-3.490658503988658956e-01,-3.490658503988658956e-01
2.405999999999956618e+00,-3.737334269610814719e-01,-6.028261402213708209e+00,-7.543335954647417907e+00,-2.532630408612099870e+00,-1.531557934493206208e+00,-8.503259792087412450e+00,-1.022831547475198111e-01,-8.037788410968018660e-01,-5.240754934538434107e-01,-2.623406335684349000e-01,9.381255396053196804e+00,5.014304752246996344e+00,-2.245276279847083334e+00,1.306032892053401611e+02,-3.431624593323783046e+01,6.620000000000000107e+00,6.620000000000000107e+00,-3.490658503988658956e-01,-3.490658503988658956e-01
2.407999999999956398e+00,-3.787986877783056650e-01,-6.031324518082694652e+00,-7.560342474231593002e+00,-2.522516035095987430e+00,-1.500314085587185042e+00,-8.510458363543602189e+00,-9.269837515854828514e-02,-8.021988298042199705e-01,-5.288229118933468476e-01,-2.612094496000222366e-01,9.368868646048090554e+00,5.166186775655220664e+00,-2.288326173346189041e+00,1.303309613177183053e+02,-3.373552681363425165e+01,6.620000000000000107e+00,6.620000000000000107e+00,-3.490658503988658956e-01,-3.490658503988658956e-01
2.409999999999956177e+00,-3.838437198484976332e-01,-6.034325146253869399e+00,-7.577363390958680611e+00,-2.512730314993740777e+00,-1.469068337530555768e+00,-8.517342689594739724e+00,-8.304344411149820748e-02,-8.004598258539938893e-01,-5.335528060014618212e-01,-2.601715910545588373e-01,9.355862012926117188e+00,5.318161662648346777e+00,-2.332621473622628283e+00,1.300911664662967553e+02,-3.315272122148774514e+01,6.620000000000000107e+00,6.620000000000000107e+00,-3.490658503988658956e-01,-3.490658503988658956e-01
2.411999999999955957e+00,-3.888691804784851214e-01,-6.037263282928930330e+00,-7.594398076337870229e+00,-2.503272619886102390e+00,-1.437832604186829233e+00,-8.523910338860430258e+00,-7.331936911978113869e-02,-7.985601438594205348e-01,-5.382631108873283665e-01,-2.592272944907507148e-01,9.342213583977807545e+00,5.470231673548293649e+00,-2.378156515415505101e+00,1.298835293928639203e+02,-3.256850165867923153e+01,6.620000000000000107e+00,6.620000000000000107e+00,-3.490658503988658956e-01,-3.490658503988658956e-01
2.413999999999955737e+00,-3.938757257182573523e-01,-6.040138948137303565e+00,-7.611445897015591378e+00,-2.494142211451803703e+00,-1.406618487423788366e+00,-8.530159106026623306e+00,-6.352720662772354254e-02,-7.964980759962743129e-01,-5.429516911666267820e-01,-2.583767985164533987e-01,8.854898002172578941e+00,5.475725892059116973e+00,-2.424925281129473476e+00,1.297076820277983700e+02,-3.198353672905789580e+01,6.620000000000000107e+00,6.620000000000000107e+00,-3.490658503988658956e-01,3.490658503988658956e-01
2.415999999999955516e+00,-3.988640101411609629e-01,-6.042952185112151042e+00,-7.628506215227644383e+00,-2.485338282372259844e+00,-1.375437312628678299e+00,-8.536086991603982099e+00,-5.412469479439303843e-02,-7.942838038013533275e-01,-5.474876166069198025e-01,-2.577616458946939693e-01,8.367286288019160523e+00,5.481035930025680791e+00,-2.469298982819154276e+00,1.295673298091834340e+02,-3.144033433480123563e+01,6.620000000000000107e+00,6.620000000000000107e+00,-3.490658503988658956e-01,3.490658503988658956e-01
2.417999999999955296e+00,-4.038346867059054990e-01,-6.045703059737408402e+00,-7.645578389210852421e+00,-2.476856063669034658e+00,-1.344296797753698147e+00,-8.541702840070319880e+00,-4.511199181561103416e-02,-7.919299383283674443e-01,-5.518730756061666076e-01,-2.573868477499324237e-01,7.879392819933787706e+00,5.486145378315006482e+00,-2.511269824089576108e+00,1.294602740521456212e+02,-3.093957709656585919e+01,6.620000000000000107e+00,6.620000000000000107e+00,-3.490658503988658956e-01,3.490658503988658956e-01
2.419999999999955076e+00,-4.087883988332435825e-01,-6.048391653332915396e+00,-7.662661794890992972e+00,-2.468691436843144515e+00,-1.313203819971178632e+00,-8.547015270275538867e+00,-3.648897980725341467e-02,-7.894485544850190495e-01,-5.561099836773866212e-01,-2.572571091893796624e-01,7.420707251623158918e+00,5.500178595683266281e+00,-2.550830204663023348e+00,1.293845206156242966e+02,-3.048185720878124272e+01,6.620000000000000107e+00,6.620000000000000107e+00,-3.490658503988658956e-01,3.055618585849380064e-01
2.421999999999954856e+00,-4.137257817069298627e-01,-6.051018060972857882e+00,-7.679755825431543670e+00,-2.460840889840406831e+00,-1.282164541929518231e+00,-8.552032677820042395e+00,-2.822693222193981000e-02,-7.868497006912044123e-01,-5.602077383824585199e-01,-2.573675944556949591e-01,7.019887360938315446e+00,5.532029339547156255e+00,-2.588182946585168676e+00,1.293380873484764209e+02,-3.006506734213141740e+01,6.620000000000000107e+00,6.620000000000000107e+00,-3.490658503988658956e-01,2.197440612880997568e-01
2.423999999999954635e+00,-4.186474634866106936e-01,-6.053582390056717166e+00,-7.696859890787183467e+00,-2.453301673521861126e+00,-1.251184764204351207e+00,-8.556762603732542161e+00,-2.026948727129160299e-02,-7.841402203454853614e-01,-5.641826699187442173e-01,-2.577036625382921886e-01,6.666260194867753341e+00,5.578424260932358436e+00,-2.623722749493666573e+00,1.293191177747151244e+02,-2.968448302861730426e+01,6.620000000000000107e+00,6.620000000000000107e+00,-3.490658503988658956e-01,1.496221607568343215e-01
2.425999999999954415e+00,-4.235540668336544301e-01,-6.056084759585125710e+00,-7.713973415994648697e+00,-2.446071900016114853e+00,-1.220270304663471750e+00,-8.561211159398956383e+00,-1.257057904209329946e-02,-7.813252964986809879e-01,-5.680476129800189344e-01,-2.582531141757967719e-01,6.351004474383361575e+00,5.636658612686354708e+00,-2.657755276552439483e+00,1.293261414125816486e+02,-2.933627413988342170e+01,6.620000000000000107e+00,6.620000000000000107e+00,-3.490658503988658956e-01,9.247063553100642874e-02
2.427999999999954195e+00,-4.284462106336866527e-01,-6.058525300194452790e+00,-7.731095838313446933e+00,-2.439150359308644767e+00,-1.189427054715232135e+00,-8.565383319130353001e+00,-5.092660103745968135e-03,-7.784089030874309367e-01,-5.718125721625787472e-01,-2.590058430308203041e-01,6.066823725469333795e+00,5.704495454810040833e+00,-2.690516834621406783e+00,1.293579787724828236e+02,-2.901735439808217620e+01,6.620000000000000107e+00,6.620000000000000107e+00,-3.490658503988658956e-01,4.604570520587736304e-02
2.429999999999953975e+00,-4.333245113523039316e-01,-6.060904154303883296e+00,-7.748226604951707230e+00,-2.432536377470886801e+00,-1.158661015873510891e+00,-8.569283158661018973e+00,2.194768092392929398e-03,-7.753941385597273861e-01,-5.754852514920069106e-01,-2.599535308385336752e-01,5.807678481804947168e+00,5.780083182836469824e+00,-2.722189091533175898e+00,1.294136715751996007e+02,-2.872525543636810497e+01,6.620000000000000107e+00,6.620000000000000107e+00,-3.490658503988658956e-01,8.498129002683652011e-03
2.431999999999953754e+00,-4.381895841072457332e-01,-6.063221476335630022e+00,-7.765365171269029254e+00,-2.426229706178229861e+00,-1.127978323577569997e+00,-8.572914050224749616e+00,9.316370648314288572e-03,-7.722834734781117705e-01,-5.790714774019216637e-01,-2.610893829516654496e-01,5.568566476300189194e+00,5.861887907923784446e+00,-2.752910211948972119e+00,1.294924311727364739e+02,-2.845802150468701086e+01,6.620000000000000107e+00,6.620000000000000107e+00,-3.490658503988658956e-01,-2.169758750460615282e-02
2.433999999999953534e+00,-4.430420435196021911e-01,-6.065477432982785189e+00,-7.782510999369478988e+00,-2.420230435783090162e+00,-1.097385262811718221e+00,-8.576278822711461913e+00,1.629198473896909319e-02,-7.690789348423063831e-01,-5.825755377118345679e-01,-2.624079001761483454e-01,5.345341937776423080e+00,5.948637916867266284e+00,-2.782783382250036741e+00,1.295936002334505872e+02,-2.821412148453083191e+01,6.620000000000000107e+00,6.620000000000000107e+00,-3.490658503988658956e-01,-4.580084848293497490e-02
2.435999999999953314e+00,-4.478825043911683901e-01,-6.067672203508408302e+00,-7.799663557014901549e+00,-2.414538926137336450e+00,-1.066888278490530251e+00,-8.579379893702663296e+00,2.313745171610763832e-02,-7.657822436079343431e-01,-5.860004540500599601e-01,-2.639046827095092862e-01,5.134566838954441437e+00,6.039277987057159791e+00,-2.811883411370255992e+00,1.297166241802429738e+02,-2.799237538487084365e+01,6.620000000000000107e+00,6.620000000000000107e+00,-3.490658503988658956e-01,-6.485205494130064086e-02
2.437999999999953094e+00,-4.527115822434430448e-01,-6.069805980065389406e+00,-7.816822316802307213e+00,-2.409155750787215222e+00,-1.036493982528067459e+00,-8.582219378832137480e+00,2.986530590593777096e-02,-7.623949174129867057e-01,-5.893482013047752766e-01,-2.655762621636506560e-01,4.933388310971842827e+00,6.132931761934161230e+00,-2.840261897817945691e+00,1.298610298615278964e+02,-2.779189293498690105e+01,6.620000000000000107e+00,6.620000000000000107e+00,-3.490658503988658956e-01,-7.971115219835767096e-02
2.439999999999952873e+00,-4.575298937450174575e-01,-6.071878968030445911e+00,-7.833986755559971371e+00,-2.404081651229378558e+00,-1.006209158813146765e+00,-8.584799182843219967e+00,3.648534494625602087e-02,-7.589183473218057419e-01,-5.926198847406617398e-01,-2.674199579546309713e-01,4.739437529419677553e+00,6.228870733718686381e+00,-2.867951315957811609e+00,1.300264096302483949e+02,-2.761202227066105053e+01,6.620000000000000107e+00,6.620000000000000107e+00,-3.490658503988658956e-01,-9.108925099425091432e-02
2.441999999999952653e+00,-4.623380570474762141e-01,-6.073891386348072352e+00,-7.851156353925658138e+00,-2.399317498715948460e+00,-9.760407668498660705e-01,-8.587121075857346852e+00,4.300510217372421895e-02,-7.553538550856073730e-01,-5.958158831568979297e-01,-2.694337547010483003e-01,4.550746248990183318e+00,6.326488652281748060e+00,-2.894968278335136258e+00,1.302124094994238135e+02,-2.745230703390507188e+01,6.620000000000000107e+00,6.620000000000000107e+00,-3.490658503988658956e-01,-9.957461190346184043e-02
2.443999999999952433e+00,-4.671366920449080973e-01,-6.075843467881772320e+00,-7.868330596077372618e+00,-2.394864261699742869e+00,-9.459959445164469738e-01,-8.589186757683771489e+00,4.943023800124663608e-02,-7.517027357401800947e-01,-5.989359647143231991e-01,-2.716161976458543736e-01,4.365677865144768077e+00,6.425280397178043224e+00,-2.921316162765211999e+00,1.304187203958213388e+02,-2.731245047988054253e+01,6.620000000000000107e+00,6.620000000000000107e+00,-3.490658503988658956e-01,-1.056540292152278182e-01
2.445999999999952212e+00,-4.719264205683075808e-01,-6.077735459770805093e+00,-7.885508969592740058e+00,-2.390722977468491717e+00,-9.160820101950821748e-01,-8.590997912451282303e+00,5.576486428280532509e-02,-7.479662891344327491e-01,-6.019793807002099539e-01,-2.739663034786909424e-01,4.182870447656274138e+00,6.524824525618639903e+00,-2.946987244433597386e+00,1.306450717884147821e+02,-2.719228541480689643e+01,6.620000000000000107e+00,6.620000000000000107e+00,-3.490658503988658956e-01,-1.097304505460736657e-01
2.447999999999951992e+00,-4.767078665232445389e-01,-6.079567623791195530e+00,-7.902690965417642488e+00,-2.386894726865942840e+00,-8.863064643969241763e-01,-8.592556255401124332e+00,6.201181323666008632e-02,-7.441458430807948998e-01,-6.049449414356866672e-01,-2.764834842735605647e-01,4.001189650160884348e+00,6.624768851365829825e+00,-2.971964438427503907e+00,1.308912271541042571e+02,-2.709174898178982005e+01,6.620000000000000107e+00,6.620000000000000107e+00,-3.490658503988658956e-01,-1.121375098073242871e-01
2.449999999999951772e+00,-4.814816559769764526e-01,-6.081340236719989356e+00,-7.919876077928444502e+00,-2.383380611265188964e+00,-8.566769909267671901e-01,-8.593863573323982763e+00,6.817286049565630945e-02,-7.402427701502987123e-01,-6.078310776944887417e-01,-2.791674825634393731e-01,3.819689773508035291e+00,6.724818525019233384e+00,-2.996222732865432725e+00,1.311569808795730694e+02,-2.701086147328910059e+01,6.620000000000000107e+00,6.620000000000000107e+00,-3.490658503988658956e-01,-1.131515245188606800e-01
2.451999999999951552e+00,-4.862484171995068438e-01,-6.083053590701842595e+00,-7.937063805075092127e+00,-2.380181731165314840e+00,-8.272014575858946950e-01,-8.594921759835614239e+00,7.424891020022443555e-02,-7.362584996376478896e-01,-6.106358903406210459e-01,-2.820183158472431839e-01,3.637581565578617226e+00,6.824726180251575514e+00,-3.019730374293046804e+00,1.314421562990177108e+02,-2.694970848429024812e+01,6.620000000000000107e+00,6.620000000000000107e+00,-3.490658503988658956e-01,-1.130014068466768107e-01
2.453999999999951331e+00,-4.910087806618374517e-01,-6.084707993617014310e+00,-7.954253648594763249e+00,-2.377299165941340497e+00,-7.978879163884864401e-01,-8.595732846451735298e+00,8.024014868380824339e-02,-7.321945258491313613e-01,-6.133571903676244830e-01,-2.850362290658849385e-01,3.454205589638160045e+00,6.924283787420312031e+00,-3.042449853313746289e+00,1.317466046425474815e+02,-2.690842583334933025e+01,6.620000000000000107e+00,6.620000000000000107e+00,-3.490658503988658956e-01,-1.118768558192422269e-01
2.455999999999951111e+00,-4.957633789937201385e-01,-6.086303769449791012e+00,-7.971445114287666556e+00,-2.374733954400541247e+00,-7.687446032597258228e-01,-8.596299030232467331e+00,8.614617217133523075e-02,-7.280524135860242385e-01,-6.159925311036803519e-01,-2.882216537949094937e-01,3.269010197740890966e+00,7.023315918927164780e+00,-3.064338728160888703e+00,1.320702047262466579e+02,-2.688718677311074856e+01,6.620000000000000107e+00,6.620000000000000107e+00,-3.490658503988658956e-01,-1.099351318563934754e-01
2.457999999999950891e+00,-5.005128469025211801e-01,-6.087841258656310650e+00,-7.988637712348131359e+00,-2.372487075893901842e+00,-7.397799371874428376e-01,-8.596622698611303903e+00,9.196609297742934508e-02,-7.238338014844027946e-01,-6.185392340119975074e-01,-2.915751730839860612e-01,3.081533313610812286e+00,7.121674182345820725e+00,-3.085350316141584504e+00,1.324128632571850517e+02,-2.688619109066260648e+01,6.620000000000000107e+00,6.620000000000000107e+00,-3.490658503988658956e-01,-1.073066608588335580e-01
2.459999999999950671e+00,-5.052578210543089421e-01,-6.089320818530685742e+00,-8.005830957745354581e+00,-2.370559431806062989e+00,-7.110025188104254212e-01,-8.596706451896521273e+00,9.769862791825623116e-02,-7.195404037117508755e-01,-6.209944092471989530e-01,-2.950974910312574861e-01,2.891387367542599840e+00,7.219232619787887550e+00,-3.105434276917941272e+00,1.327745156586446171e+02,-2.690565576372300072e+01,6.620000000000000107e+00,6.620000000000000107e+00,-3.490658503988658956e-01,-1.040996711882248293e-01
2.461999999999950450e+00,-5.099989399179211125e-01,-6.090742823568306541e+00,-8.023024370649148196e+00,-2.368951827305493030e+00,-6.824211284431785929e-01,-8.596553123828579501e+00,1.033421720111391134e-01,-7.151740103986604646e-01,-6.233549719121485033e-01,-2.987894063160900227e-01,2.698246839625002114e+00,7.315883906916754498e+00,-3.124537106964402344e+00,1.331551273451133568e+02,-2.694580689326417655e+01,6.620000000000000107e+00,6.620000000000000107e+00,-3.490658503988658956e-01,-1.004040309779254958e-01
2.463999999999950230e+00,-5.147368435725321323e-01,-6.092107665825192697e+00,-8.040217476896804882e+00,-2.367664953282520024e+00,-6.540447235573760842e-01,-8.596165800491082365e+00,1.088948600062984995e-01,-7.107364870909199661e-01,-6.256176547851530767e-01,-3.026517890298892066e-01,2.501837961393753584e+00,7.411536213811926288e+00,-3.142602560909391940e+00,1.335546953950969851e+02,-2.700687267855640172e+01,6.620000000000000107e+00,6.620000000000000107e+00,-3.490658503988658956e-01,-9.629442381920005900e-02
2.465999999999950010e+00,-5.194721734790971324e-01,-6.093415755272307166e+00,-8.057409808497787651e+00,-2.366699368439233453e+00,-6.258824357635180968e-01,-8.595547837801561286e+00,1.143546178562257765e-01,-7.062297734363709445e-01,-6.277790181464012464e-01,-3.066855602438905426e-01,2.301930203445437417e+00,7.506110613638643514e+00,-3.159572012590876611e+00,1.339732505839333214e+02,-2.708907723823496028e+01,6.620000000000000107e+00,6.620000000000000107e+00,-3.490658503988658956e-01,-9.183297674614543382e-02
2.467999999999949789e+00,-5.242055722159756348e-01,-6.094667520143834061e+00,-8.074600904173390603e+00,-2.366055481524422799e+00,-5.979435673617155000e-01,-8.594702877748925829e+00,1.197192058646086993e-01,-7.016558812668517442e-01,-6.298354572182400801e-01,-3.108916738374885025e-01,2.098329240503038040e+00,7.599538944689396835e+00,-3.175384766350695553e+00,1.344108597496102675e+02,-2.719263511210204953e+01,6.620000000000000107e+00,6.620000000000000107e+00,-3.490658503988658956e-01,-8.707143461789568217e-02
2.469999999999949569e+00,-5.289376831790244538e-01,-6.095863407278557133e+00,-8.091790309928889258e+00,-2.365733533730572713e+00,-5.702375875576316533e-01,-8.593634863494346021e+00,1.249862549554338620e-01,-6.970168921943905582e-01,-6.317832076412268627e-01,-3.152711001827649406e-01,1.890871138299877741e+00,7.691762047569903338e+00,-3.189978327230865496e+00,1.348676284728638564e+02,-2.731774630400750326e+01,6.620000000000000107e+00,6.620000000000000107e+00,-3.490658503988658956e-01,-8.205295868180173535e-02
2.471999999999949349e+00,-5.336691502464856462e-01,-6.097003882453672752e+00,-8.108977579655878287e+00,-2.365733581290063281e+00,-5.427741284681631972e-01,-8.592348053409695652e+00,1.301532972532037091e-01,-6.923149548095829386e-01,-6.336183493326582594e-01,-3.198248113422123562e-01,1.679417550392744429e+00,7.782728312703504514e+00,-3.203288637219548374e+00,1.353437040591493314e+02,-2.746459174717116269e+01,6.620000000000000107e+00,6.620000000000000107e+00,-3.490658503988658956e-01,-7.681361366112771094e-02
2.473999999999949129e+00,-5.384006174090657515e-01,-6.098089430710609271e+00,-8.126162275762697007e+00,-2.366055478325488792e+00,-5.155629810712588634e-01,-8.590847034090682399e+00,1.352177919582823185e-01,-6.875522815464881754e-01,-6.353368090131362722e-01,-3.245537674887641888e-01,1.463851749228503696e+00,7.872392484417746417e+00,-3.215250283452227631e+00,1.358392788148599664e+02,-2.763332909043652919e+01,6.620000000000000107e+00,6.620000000000000107e+00,-3.490658503988658956e-01,-7.138359662880844336e-02
2.475999999999948908e+00,-5.431327283657166882e-01,-6.099120556672751547e+00,-8.143343969830878493e+00,-2.366698860025672868e+00,-4.886140912852583451e-01,-8.589136732349082592e+00,1.401771473299190662e-01,-6.827311452606652509e-01,-6.369343616370259920e-01,-3.294589043014934382e-01,1.244075345787652997e+00,7.960714677059927524e+00,-3.225796683249601671e+00,1.363545936137228693e+02,-2.782408871777996850e+01,6.620000000000000107e+00,6.620000000000000107e+00,-3.490658503988658956e-01,-6.578825178481206848e-02
2.477999999999948688e+00,-5.478661260857680126e-01,-6.100097784855321947e+00,-8.160522243295575961e+00,-2.367663126235707516e+00,-4.619375563951977903e-01,-8.587222426158698241e+00,1.450287394474466252e-01,-6.778538755537947269e-01,-6.384066309222420355e-01,-3.345411211278775387e-01,1.020005576996103613e+00,8.047659566197612691e+00,-3.234860250025412665e+00,1.368899417518429971e+02,-2.803696992444287162e+01,6.620000000000000107e+00,6.620000000000000107e+00,-3.490658503988658956e-01,-6.004890770490323160e-02
2.479999999999948468e+00,-5.526014523382394295e-01,-6.101021659968112409e+00,-8.177696688147893411e+00,-2.368947425567343501e+00,-4.355436220765879773e-01,-8.585109754501651480e+00,1.497699283025080708e-01,-6.729228548686440048e-01,-6.397490891419408410e-01,-3.398012697353448575e-01,7.915730607250354156e-01,8.133195724269574711e+00,-3.242372543391958573e+00,1.374456730915339904e+02,-2.827203718172274094e+01,6.620000000000000107e+00,6.620000000000000107e+00,-3.490658503988658956e-01,-5.418356739177443426e-02
2.481999999999948248e+00,-5.573393471893741680e-01,-6.101892747212265711e+00,-8.194866907656896515e+00,-2.370550640156567468e+00,-4.094426803011121385e-01,-8.582804726034350296e+00,1.543980716777925422e-01,-6.679405143711223403e-01,-6.409570563139986854e-01,-3.452401435017563025e-01,5.587199353228123888e-01,8.217295075288021167e+00,-3.248264406202562959e+00,1.380221984949347132e+02,-2.852931642910160903e+01,6.620000000000000107e+00,6.620000000000000107e+00,-3.490658503988658956e-01,-4.820747630414701224e-02
2.483999999999948027e+00,-5.620804484696872994e-01,-6.102711632572868083e+00,-8.212032517108966090e+00,-2.372471371219527114e+00,-3.836452684433133697e-01,-8.580313726464874335e+00,1.589105371872240324e-01,-6.629093296312056349e-01,-6.420256989024961669e-01,-3.508584669172670201e-01,3.213983148485529684e-01,8.299932447540271596e+00,-3.252466090778361352e+00,1.386199945484748639e+02,-2.880879133729902364e+01,6.620000000000000107e+00,6.620000000000000107e+00,-3.490658503988658956e-01,-4.213358927558519262e-02
2.485999999999947807e+00,-5.668253912121263838e-01,-6.103478923109754817e+00,-8.229193144561895323e+00,-2.374707925587567381e+00,-3.581620699423592180e-01,-8.577643524504580341e+00,1.633047127860019487e-01,-6.578318161110813245e-01,-6.429500281278814899e-01,-3.566568852892573749e-01,7.956900300334041054e-02,8.381085206850571012e+00,-3.254907376154995369e+00,1.392396085784692161e+02,-2.911039948925831666e+01,6.620000000000000107e+00,6.620000000000000107e+00,-3.490658503988658956e-01,-3.597295370559172589e-02
2.487999999999947587e+00,-5.715748070633015487e-01,-6.104195247249639245e+00,-8.246348431610904584e+00,-2.377258303438665177e+00,-3.330039169079151984e-01,-8.574801276225450408e+00,1.675780160039828381e-01,-6.527105244666006056e-01,-6.437248979683207750e-01,-3.626359545582577559e-01,-1.667995814064015814e-01,8.460732955966575375e+00,-3.255517677839988355e+00,1.398816639563818569e+02,-2.943402842822020204e+01,6.620000000000000107e+00,6.620000000000000107e+00,-3.490658503988658956e-01,-2.973502348160472764e-02
2.489999999999947367e+00,-5.763293236701788613e-01,-6.104861255083455340e+00,-8.263498034163355044e+00,-2.380120187487821504e+00,-3.081817950933403716e-01,-8.571794527619877258e+00,1.717279021106543624e-01,-6.475480356666999393e-01,-6.443450029233450671e-01,-3.687961311464453829e-01,-4.177323064490582327e-01,8.538857288134346746e+00,-3.254226151282921364e+00,1.405468656894295520e+02,-2.977951152309169913e+01,6.620000000000000107e+00,6.620000000000000107e+00,-3.490658503988658956e-01,-2.342791566542057335e-02
2.491999999999947146e+00,-5.810895640451545496e-01,-6.105477618673641693e+00,-8.280641623218594205e+00,-2.383290933955079627e+00,-2.837068516918292982e-01,-8.568631215120241507e+00,1.757518713827581902e-01,-6.423469559346401958e-01,-6.448048756017890071e-01,-3.751377617717536750e-01,-6.732480886472111958e-01,8.615441585005919833e+00,-3.250961790019192499e+00,1.412360062879478733e+02,-3.014662360144519937e+01,6.620000000000000107e+00,6.620000000000000107e+00,-3.490658503988658956e-01,-1.705861996285118476e-02
2.493999999999946926e+00,-5.858561459130646742e-01,-6.106045032377025450e+00,-8.297778885648835256e+00,-2.386767565699110527e+00,-2.595904064403175004e-01,-8.565319663790283755e+00,1.796474756151124619e-01,-6.371099115145291147e-01,-6.450988841887878023e-01,-3.816610731702241299e-01,-9.333605406322351694e-01,8.690470850755058763e+00,-3.245653519246789909e+00,1.419499718949926717e+02,-3.053507629983907279e+01,6.620000000000000107e+00,6.620000000000000107e+00,-3.490658503988658956e-01,-1.063316931840896373e-02
2.495999999999946706e+00,-5.906296810444628953e-01,-6.106564213189906276e+00,-8.314909524976416222e+00,-2.390546767989371713e+00,-2.358439665399179874e-01,-8.561868582847811382e+00,1.834123239902291647e-01,-6.318395432664674072e-01,-6.452212298409206737e-01,-3.883661616772178249e-01,-1.198078526621814799e+00,8.763931575717586853e+00,-3.238230285428041810e+00,1.426897486555776595e+02,-3.094451307989298172e+01,6.620000000000000107e+00,6.620000000000000107e+00,-3.490658503988658956e-01,-4.156778577460329416e-03
2.497999999999946485e+00,-5.954107745804416707e-01,-6.107035901122985777e+00,-8.332033262142111596e+00,-2.394624887493526089e+00,-2.124792459175572357e-01,-8.558287058116981427e+00,1.870440884019761441e-01,-6.265385010937170041e-01,-6.451659440542110158e-01,-3.952529826247370148e-01,-1.467406643536543154e+00,8.835811624070032622e+00,-3.228621142369544561e+00,1.434564292922274547e+02,-3.137450385683870380e+01,6.620000000000000107e+00,6.620000000000000107e+00,-3.490658503988658956e-01,2.366043013417695740e-03
2.499999999999946265e+00,-6.002000243554287406e-01,-6.107460859614820770e+00,-8.349149836258344948e+00,-2.398997935182244134e+00,-1.895081893575184806e-01,-8.554584540936911452e+00,1.905405083119991461e-01,-6.212094382054216268e-01,-6.449268860463854836e-01,-4.023213395175825879e-01,-1.741345642309824138e+00,8.906100141053221009e+00,-3.216755334119060006e+00,1.442512198395006635e+02,-3.182453918528734960e+01,6.620000000000000107e+00,6.620000000000000107e+00,-3.490658503988658956e-01,8.931400681898793437e-03
2.501999999999946045e+00,-6.049980202257931872e-01,-6.107839875993535728e+00,-8.366259005340218380e+00,-2.403661594003836832e+00,-1.669430020186397079e-01,-8.550770832969876167e+00,1.938993952042302182e-01,-6.158550052185610690e-01,-6.444977401923832616e-01,-4.095708729555745387e-01,-2.019892801249188796e+00,8.974787476067673353e+00,-3.202562374924374122e+00,1.450754464720167221e+02,-3.229402394491874873e+01,6.620000000000000107e+00,6.620000000000000107e+00,-3.490658503988658956e-01,1.553594042734707248e-02
2.503999999999945825e+00,-6.098053434138008821e-01,-6.108173761997573337e+00,-8.383360547006157404e+00,-2.408611232359617382e+00,-1.447961848161402887e-01,-8.546856066255230644e+00,1.971186366920008592e-01,-6.104778441029631297e-01,-6.438720135504490960e-01,-4.170010492727510010e-01,-2.303042261092067111e+00,9.041865118641078780e+00,-3.185972126422647932e+00,1.459305623373464300e+02,-3.278227046697510616e+01,6.620000000000000107e+00,6.620000000000000107e+00,-3.490658503988658956e-01,2.217678949385459841e-02
2.505999999999945604e+00,-6.146225658785201551e-01,-6.108463354367205334e+00,-8.400454259138667723e+00,-2.413841924620257817e+00,-1.230805760775242202e-01,-8.542850677742826804e+00,2.001962003235750742e-01,-6.050805819732940627e-01,-6.430430335151042787e-01,-4.246111488674726431e-01,-2.590785329596361208e+00,9.107325644815755794e+00,-3.166914872166895822e+00,1.468181542757614011e+02,-3.328849104115599999e+01,6.620000000000000107e+00,6.620000000000000107e+00,-3.490658503988658956e-01,2.885150837901750975e-02
2.507999999999945384e+00,-6.194502497277606379e-01,-6.108709515519360700e+00,-8.417539960494153206e+00,-2.419348480165873561e+00,-1.018093997681516205e-01,-8.538765377410701518e+00,2.031301371249089049e-01,-5.996658247319884838e-01,-6.420039456327750749e-01,-4.324002541998193672e-01,-2.883110762060284493e+00,9.171162671942807876e+00,-3.145321389546354762e+00,1.477399492719639511e+02,-3.381178974218722288e+01,6.620000000000000107e+00,6.620000000000000107e+00,-3.490658503988658956e-01,3.555805226345598591e-02
2.509999999999945164e+00,-6.242889466880924276e-01,-6.108913134318896709e+00,-8.434617491248975085e+00,-2.425125482708873292e+00,-8.099632040909984787e-02,-8.534611108925231449e+00,2.059185849127877777e-01,-5.942361505670924471e-01,-6.407477116157691555e-01,-4.403672374347048502e-01,-3.180005023032912881e+00,9.233370820212984498e+00,-3.121123019117486130e+00,1.486978204380192778e+02,-3.435115351650424742e+01,6.620000000000000107e+00,6.620000000000000107e+00,-3.490658503988658956e-01,4.229474020637746801e-02
2.511999999999944944e+00,-6.291391976535102293e-01,-6.109075126959714552e+00,-8.451686713466825651e+00,-2.431167341967291673e+00,-6.065550455924527407e-02,-8.530399001637711365e+00,2.085597714068831987e-01,-5.887941033089538756e-01,-6.392671075905441702e-01,-4.485107477108360441e-01,-3.481452533622110490e+00,9.293945679512622959e+00,-3.094251731330190935e+00,1.496937922701017669e+02,-3.490544247283318668e+01,6.620000000000000107e+00,6.620000000000000107e+00,-3.490658503988658956e-01,4.906023086199184924e-02
2.513999999999944723e+00,-6.340015323374448286e-01,-6.109196437968832605e+00,-8.468747511470100520e+00,-2.437468360092318598e+00,-4.080168838208772519e-02,-8.526140312530708698e+00,2.110520171654526045e-01,-5.833421856496654456e-01,-6.375547226167269654e-01,-4.568291980171288458e-01,-3.787435908203859558e+00,9.352883780374314782e+00,-3.064640190607698322e+00,1.507300448525425054e+02,-3.547337932683086592e+01,6.620000000000000107e+00,6.620000000000000107e+00,-3.490658503988658956e-01,5.585350384277687485e-02
2.515999999999944503e+00,-6.388764690576295147e-01,-6.109278041345596932e+00,-8.485799792095161109e+00,-2.444022815606646137e+00,-2.145025033786970847e-02,-8.521846356533872680e+00,2.133937383661496101e-01,-5.778828522291641345e-01,-6.356029575140471621e-01,-4.653207516595425086e-01,-4.097936183967640034e+00,9.410182567901799189e+00,-3.032221816716909490e+00,1.518089165991848688e+02,-3.605353796044194326e+01,6.620000000000000107e+00,6.620000000000000107e+00,-3.490658503988658956e-01,6.267384619919991184e-02
2.517999999999944283e+00,-6.437645146888427705e-01,-6.109320941846272390e+00,-8.502843484808229491e+00,-2.450825067961967640e+00,-2.617287400193152314e-03,-8.517528423428597506e+00,2.155834494505148302e-01,-5.724185025919584779e-01,-6.334040240351475060e-01,-4.739833083026017690e-01,-4.412933046583686902e+00,9.465840377590831523e+00,-2.996930843347198170e+00,1.529329050225261994e+02,-3.664433107259107203e+01,6.620000000000000107e+00,6.620000000000000107e+00,-3.490658503988658956e-01,6.952084381053247331e-02
2.519999999999944063e+00,-6.486661648247666889e-01,-6.109326176421072674e+00,-8.519878541655087290e+00,-2.457869686145441879e+00,1.568030764373928160e-02,-8.513197679365040571e+00,2.176197656480004239e-01,-5.669514740186653023e-01,-6.309499444230480814e-01,-4.828144895712274121e-01,-4.732405055342598033e+00,9.519856411944397578e+00,-2.958702373798404839e+00,1.541046649042374099e+02,-3.724399692088815073e+01,6.620000000000000107e+00,6.620000000000000107e+00,-3.490658503988658956e-01,7.639437779617075375e-02
2.521999999999943842e+00,-6.535819041970575283e-01,-6.109294815805784928e+00,-8.536904937013817474e+00,-2.465151605012348757e+00,3.342477132936585299e-02,-8.508865050840499933e+00,2.195014053926802877e-01,-5.614840342369249448e-01,-6.282325513927606853e-01,-4.918116241999653249e-01,-5.056329871392745368e+00,9.572230716692594399e+00,-2.917472433661727038e+00,1.553270031059149687e+02,-3.785058518615479528e+01,6.620000000000000107e+00,6.620000000000000107e+00,-3.490658503988658956e-01,8.329462636715700974e-02
2.523999999999943622e+00,-6.585122074070822729e-01,-6.109227966263126142e+00,-8.553922667115498868e+00,-2.472666313132089844e+00,5.059740196648260246e-02,-8.504541088860813502e+00,2.212271926429646429e-01,-5.560183740169342137e-01,-6.252434885770717932e-01,-5.009717327183745850e-01,-5.384684493185980969e+00,9.622964155274679854e+00,-2.873178020359185680e+00,1.566028691072011441e+02,-3.846194203506743037e+01,6.620000000000000107e+00,6.620000000000000107e+00,-3.490658503988658956e-01,9.022207284765165758e-02
2.525999999999943402e+00,-6.634575400333464490e-01,-6.109126771459193250e+00,-8.570931749293221102e+00,-2.480410075818720639e+00,6.717850595911359357e-02,-8.500235810962790239e+00,2.227960591115302202e-01,-5.505565996578192234e-01,-6.219742114766680929e-01,-5.102915116632531500e-01,-5.717445503937310214e+00,9.672058380023205615e+00,-2.825757149387258860e+00,1.579353401927830021e+02,-3.907569451364874169e+01,6.620000000000000107e+00,6.620000000000000107e+00,-3.490658503988658956e-01,9.717752090629300232e-02
2.527999999999943181e+00,-6.684183601849839063e-01,-6.108992414447275365e+00,-8.587932220915146075e+00,-2.488380196556520652e+00,8.314736655570695301e-02,-8.495958518866579823e+00,2.242070464091852622e-01,-5.451007253725137502e-01,-6.184159889544729172e-01,-5.197673173106307498e-01,-6.054589336806682986e+00,9.719515798208698598e+00,-2.775148897087178934e+00,1.593276000365921163e+02,-3.968923447849945774e+01,6.620000000000000107e+00,6.620000000000000107e+00,-3.490658503988658956e-01,1.041621183434204290e-01
2.529999999999942961e+00,-6.733951205780969174e-01,-6.108826119714163561e+00,-8.604924137952879803e+00,-2.496575319071856924e+00,9.848224593060997401e-02,-8.491717589820021672e+00,2.254593081023831547e-01,-5.396526655807257766e-01,-6.145599053130369471e-01,-5.293951489230354079e-01,-6.396092564610090569e+00,9.765339530761385944e+00,-2.721293439737487496e+00,1.607829092617999152e+02,-4.029970236632361491e+01,6.620000000000000107e+00,6.620000000000000107e+00,-3.490658503988658956e-01,1.111773910702500423e-01
2.531999999999942741e+00,-6.783882712162406792e-01,-6.108629155222302209e+00,-8.621907573132519431e+00,-2.504995770654122822e+00,1.131604341125778818e-01,-8.487520240279547323e+00,2.265521116795193579e-01,-5.342142271221147487e-01,-6.103968629919723776e-01,-5.391706315104999314e-01,-6.741932222137156039e+00,9.809533361092187320e+00,-2.664132088733271342e+00,1.623045664062971980e+02,-4.090397121788831214e+01,6.620000000000000107e+00,6.620000000000000107e+00,-3.490658503988658956e-01,1.182252891681938034e-01
2.533999999999942521e+00,-6.833982627575488911e-01,-6.108402834354077271e+00,-8.638882613613079187e+00,-2.513643944767140148e+00,1.271583610409454113e-01,-8.483372261551286542e+00,2.274848404159185156e-01,-5.287871014049864149e-01,-6.059175859194534386e-01,-5.490889981070448123e-01,-7.092086170543160151e+00,9.852101671004485084e+00,-2.603607321580946099e+00,1.638958576208367788e+02,-4.149863151161923724e+01,6.620000000000000107e+00,6.620000000000000107e+00,-3.490658503988658956e-01,1.253082470941433990e-01
2.535999999999942300e+00,-6.884255506470832175e-01,-6.108148517631994956e+00,-8.655849358136181948e+00,-2.522524717275048012e+00,1.404517907137491084e-01,-8.479277728516272816e+00,2.282569951215559501e-01,-5.233728565097212071e-01,-6.011126235475765522e-01,-5.591450715679092687e-01,-7.446533514707410539e+00,9.893049360248570068e+00,-2.539662808397987526e+00,1.655599934064648835e+02,-4.207997752445233175e+01,6.620000000000000107e+00,6.620000000000000107e+00,-3.490658503988658956e-01,1.324292601453891383e-01
2.537999999999942080e+00,-6.934706000816333038e-01,-6.107867614050567440e+00,-8.672807913593214124e+00,-2.531645885500035220e+00,1.530161186204881396e-01,-8.475238684718780391e+00,2.288681957491223440e-01,-5.179729292707697663e-01,-5.959723555956645269e-01,-5.693332458964210918e-01,-7.805255085766358292e+00,9.932381745866571521e+00,-2.472243433564945025e+00,1.673000308060943269e+02,-4.264399612050218025e+01,6.620000000000000107e+00,6.620000000000000107e+00,-3.490658503988658956e-01,1.395919791371433294e-01
2.539999999999941860e+00,-6.985338918526333707e-01,-6.107561581813326868e+00,-8.689758390962651902e+00,-2.541018612660988385e+00,1.648267948717628828e-01,-8.471254810032752047e+00,2.293181828332154781e-01,-5.125886173663218859e-01,-5.904869975183194564e-01,-5.796474671128606371e-01,-8.168234002027260132e+00,9.970104437173519685e+00,-2.401295312134846149e+00,1.691187797601349132e+02,-4.318635906465864593e+01,6.620000000000000107e+00,6.620000000000000107e+00,-3.490658503988658956e-01,1.468008247714189807e-01
2.541999999999941640e+00,-7.036159290779553377e-01,-6.107231928223582962e+00,-8.706700900582717395e+00,-2.550657851980537405e+00,1.758598948900171322e-01,-8.467323080926854928e+00,2.296068187245471626e-01,-5.072210714505092088e-01,-5.846466067061626415e-01,-5.900812136805915209e-01,-8.535456321845652283e+00,1.000622318211447670e+01,-2.326765800566660491e+00,1.710186928848705179e+02,-4.370242015583752959e+01,6.620000000000000107e+00,6.620000000000000107e+00,-3.490658503988658956e-01,1.540611222561028004e-01
2.543999999999941419e+00,-7.087172447819164445e-01,-6.106880208433802970e+00,-8.723635546744571201e+00,-2.560582715113712382e+00,1.860928562494168215e-01,-8.463437438031476745e+00,2.297340885766095131e-01,-5.018712873689216147e-01,-5.784410894169581541e-01,-6.006274765065768850e-01,-8.906911801404353568e+00,1.004074368095476721e+01,-2.248603501320753928e+00,1.730017388042472248e+02,-4.418721865351971445e+01,6.620000000000000107e+00,6.620000000000000107e+00,-3.490658503988658956e-01,1.613792552162289784e-01
2.545999999999941199e+00,-7.138384102121438923e-01,-6.106508022721303774e+00,-8.740562421620634126e+00,-2.570816739156386532e+00,1.955053931433229641e-01,-8.459588481137105376e+00,2.297001010370042784e-01,-4.965400985037905501e-01,-5.718602084236910077e-01,-6.112787385334521595e-01,-9.282594768156252840e+00,1.007367136395913398e+01,-2.166758260843399508e+00,1.750692604214439143e+02,-4.463549060318982953e+01,6.620000000000000107e+00,6.620000000000000107e+00,-3.490658503988658956e-01,1.687628356719477751e-01
2.547999999999940979e+00,-7.189800436904566494e-01,-6.106117011935016770e+00,-8.757481598582907978e+00,-2.581387996487490621e+00,2.040805879074600315e-01,-8.455763217575407609e+00,2.295050885926472051e-01,-4.912281682996691989e-01,-5.648935913550580112e-01,-6.220269539377032419e-01,-9.662505116398905969e+00,1.010501113108049864e+01,-2.081181160485251258e+00,1.772218211895247464e+02,-4.504168971437131574e+01,6.620000000000000107e+00,6.620000000000000107e+00,-3.490658503988658956e-01,1.762208837182242527e-01
2.549999999999940758e+00,-7.241428196834316378e-01,-6.105708850759201667e+00,-8.774393125018058015e+00,-2.592328983894235162e+00,2.118061411830556018e-01,-8.451944895518275658e+00,2.291494075186406576e-01,-4.859359830227663601e-01,-5.575307396941662219e-01,-6.328635269421279963e-01,-1.004664942442353848e+01,1.013476705390160326e+01,-1.991824499958519512e+00,1.794590445123517952e+02,-4.540001936493191437e+01,6.620000000000000107e+00,6.620000000000000107e+00,-3.490658503988658956e-01,1.837640064950896712e-01
2.551999999999940538e+00,-7.293274776512200797e-01,-6.105285238476835907e+00,-8.791297014809094534e+00,-2.603676224309986242e+00,2.186757384536584803e-01,-8.448112958107973469e+00,2.286335373863652709e-01,-4.806638448059532553e-01,-5.497610383950919388e-01,-6.437792902395246264e-01,-1.043504218239897696e+01,1.016294204331740936e+01,-1.898641773054678961e+00,-1.782205462212666589e+02,-4.570447704990782967e+01,6.620000000000000107e+00,6.620000000000000107e+00,-3.490658503988658956e-01,1.914045612127406870e-01
2.553999999999940318e+00,-7.345348300998399971e-01,-6.104847886999928974e+00,-8.808193240725310957e+00,-2.615469519055728220e+00,2.246904617447222086e-01,-8.444243156210614387e+00,2.279580800990117784e-01,-4.754118650252688316e-01,-5.415737660770624240e-01,-6.547644830073446887e-01,-1.082770710634409106e+01,1.018953749079657634e+01,-1.801587635534708909e+00,-1.758196770028312699e+02,-4.594891211953373045e+01,6.620000000000000107e+00,6.620000000000000107e+00,-3.490658503988658956e-01,1.991567817737205648e-01
2.555999999999940098e+00,-7.397657691379514455e-01,-6.104398506076439190e+00,-8.825081727037732193e+00,-2.627750803777057165e+00,2.298601437715414864e-01,-8.440307855463146325e+00,2.271237584440368718e-01,-4.701799580408083101e-01,-5.329581057657473142e-01,-6.658087284690588081e-01,-1.122467849642726456e+01,1.021455289644845088e+01,-1.700617865380963600e+00,-1.733424497759794747e+02,-4.612709693259670729e+01,6.620000000000000107e+00,6.620000000000000107e+00,-3.490658503988658956e-01,2.070368436321841921e-01
2.557999999999939877e+00,-7.450212707455056149e-01,-6.103938785788896482e+00,-8.841962342748658443e+00,-2.640562589649993352e+00,2.342045322463998658e-01,-8.436276565704098118e+00,2.261314141831447522e-01,-4.649678353136246778e-01,-5.239031561741975818e-01,-6.769010109270096054e-01,-1.162600257836238882e+01,1.023798550324899992e+01,-1.595689315972046884e+00,-1.707944324817926542e+02,-4.623281059059995357e+01,6.620000000000000107e+00,6.620000000000000107e+00,-3.490658503988658956e-01,2.150628380389558170e-01
2.559999999999939657e+00,-7.503023959248056318e-01,-6.103470376724403401e+00,-8.858834895880066895e+00,-2.653946013446617069e+00,2.377541107635259832e-01,-8.432116706838058917e+00,2.249820057417458163e-01,-4.597749998796039073e-01,-5.143979435559428159e-01,-6.880296521542862420e-01,-1.203173874675307609e+01,1.025982996304849237e+01,-1.486759863207390175e+00,-1.681826985019632730e+02,-4.625993326219114721e+01,6.620000000000000107e+00,6.620000000000000107e+00,-3.490658503988658956e-01,2.232546261481274108e-01
2.561999999999939437e+00,-7.556102879516988224e-01,-6.102994868502876535e+00,-8.875699129293742828e+00,-2.667938573341002151e+00,2.405504171292838500e-01,-8.427794604643590759e+00,2.236766056104031453e-01,-4.546007411210913340e-01,-5.044314342224237580e-01,-6.991822869917908578e-01,-1.244196061179666657e+01,1.028007806547916125e+01,-1.373788348148940130e+00,-1.655158027628777120e+02,-4.620254785564834066e+01,6.620000000000000107e+00,6.620000000000000107e+00,-3.490658503988658956e-01,2.316335471180308025e-01
2.563999999999939217e+00,-7.609461650983808667e-01,-6.102513767668617639e+00,-8.892554718503030031e+00,-2.682571685812840112e+00,2.426457171850221750e-01,-8.423276684398379288e+00,2.222163976275918496e-01,-4.494441297286702053e-01,-4.939925478972593820e-01,-7.103458379548852619e-01,-1.283609848650924334e+01,1.029231266117869481e+01,-1.256734517325876821e+00,-1.628036851027968623e+02,-4.605504460204533501e+01,6.620000000000000107e+00,6.620000000000000107e+00,-3.185751634729869775e-01,2.402219635554596333e-01
2.565999999999938996e+00,-7.663113084700065025e-01,-6.102028476234247378e+00,-8.909401271871827177e+00,-2.697868252928354416e+00,2.441019363648090357e-01,-8.418530802557636861e+00,2.206088668740045500e-01,-4.443041196759795475e-01,-4.830864280041292091e-01,-7.214936452760564167e-01,-1.320404484750842400e+01,1.029266440849328745e+01,-1.135828919705492490e+00,-1.600605226157256027e+02,-4.581301657360464219e+01,6.620000000000000107e+00,6.620000000000000107e+00,-2.713654449634413379e-01,2.507032098170803303e-01
2.567999999999938776e+00,-7.717070449758631767e-01,-6.101540272361518191e+00,-8.926238333476941733e+00,-2.713839860243983715e+00,2.449891611788930779e-01,-8.413528008314585804e+00,2.188641972207036601e-01,-4.391804265999608159e-01,-4.717273851458462230e-01,-7.325928542989453840e-01,-1.354874343678174853e+01,1.028105828067293004e+01,-1.011453316434964611e+00,-1.573027244056873997e+02,-4.547343271462073488e+01,6.620000000000000107e+00,6.620000000000000107e+00,-2.260932946710987324e-01,2.636827442477655548e-01
2.569999999999938556e+00,-7.771347246963511424e-01,-6.101050294039159994e+00,-8.943065389493570549e+00,-2.730484813172690650e+00,2.453829032724983705e-01,-8.408244148254194528e+00,2.169912344795189574e-01,-4.340738019689031613e-01,-4.599289755255286383e-01,-7.436128536243529208e-01,-1.387272159816429351e+01,1.025750595115233565e+01,-8.839747307238491336e-01,-1.545465171841360359e+02,-4.503432812722020628e+01,6.620000000000000107e+00,6.620000000000000107e+00,-1.826590199205861131e-01,2.786324310904872981e-01
2.571999999999938336e+00,-7.825956943226964890e-01,-6.100559528232614603e+00,-8.959881877790078164e+00,-2.747787424538692402e+00,2.453605555808748839e-01,-8.402661004709353065e+00,2.149977580300118651e-01,-4.289858713969886272e-01,-4.477041590997878351e-01,-7.545250639366372081e-01,-1.417814175401044885e+01,1.022208632509747517e+01,-7.537468883864236746e-01,-1.518075351802457646e+02,-4.449477575105986915e+01,6.620000000000000107e+00,6.620000000000000107e+00,-1.409538390043636735e-01,2.951088719861175713e-01
2.573999999999938115e+00,-7.880912691717738561e-01,-6.100068807121452608e+00,-8.976687199799496142e+00,-2.765718276517114660e+00,2.449977282669841272e-01,-8.396767063346629811e+00,2.128907069955275344e-01,-4.239189927691409121e-01,-4.350654398310965232e-01,-7.653027489230102010e-01,-1.446684681945781215e+01,1.017493034022629850e+01,-6.211115483805854653e-01,-1.491004397725375554e+02,-4.385483026316837396e+01,6.620000000000000107e+00,6.620000000000000107e+00,-1.008657218762310237e-01,3.127387751103885005e-01
2.575999999999937895e+00,-7.936227057248080863e-01,-6.099578811664918554e+00,-8.993480733926189075e+00,-2.784235416191410017e+00,2.443648046968467102e-01,-8.390557866654882346e+00,2.106763682061356391e-01,-4.188761318487375651e-01,-4.220249901408907878e-01,-7.759208476020558187e-01,-1.474039995095949784e+01,1.011620926358328632e+01,-4.863997219730484267e-01,-1.464385955990192656e+02,-4.311544757160366004e+01,6.620000000000000107e+00,6.620000000000000107e+00,-6.228366867836329646e-02,3.312064466204065472e-01
2.577999999999937675e+00,-7.991911765571908521e-01,-6.099090082055524498e+00,-9.010261849659498168e+00,-2.803286332412366022e+00,2.435240165291948089e-01,-8.384035957654228710e+00,2.083605321471524163e-01,-4.138607531244508086e-01,-4.085947614817169171e-01,-7.863558269360739761e-01,-1.499932137220638850e+01,1.004637316240668810e+01,-3.499327772180776952e-01,-1.438338225640242456e+02,-4.227838518736857054e+01,6.620000000000000107e+00,6.620000000000000107e+00,-2.510068263300194169e-02,3.490658503988658956e-01
2.579999999999937454e+00,-8.047977492220156348e-01,-6.098603034022466396e+00,-9.027029921574806437e+00,-2.822810480849649029e+00,2.425272534871097396e-01,-8.377210461097007510e+00,2.059490552502080407e-01,-4.088763670336120204e-01,-3.947871621833159428e-01,-7.965853373607788557e-01,-1.523236671675250520e+01,9.969467538274196627e+00,-2.120273644444405081e-01,-1.412962691638624335e+02,-4.134614599738185348e+01,6.620000000000000107e+00,6.620000000000000107e+00,1.080980786016741413e-02,3.490658503988658956e-01
2.581999999999937234e+00,-8.104433701837149284e-01,-6.098117979515492060e+00,-9.043784342497000139e+00,-2.842742091677262550e+00,2.414146967586821013e-01,-8.370096393671353496e+00,2.034541047150184856e-01,-4.039212848487050422e-01,-3.806236971774668576e-01,-8.065851623156338190e-01,-1.544007719317581007e+01,9.885683379264042614e+00,-7.305138387144341494e-02,-1.388347641670052610e+02,-4.032272961827064961e+01,6.620000000000000107e+00,6.620000000000000107e+00,4.592671180316612589e-02,3.490658503988658956e-01
2.583999999999937014e+00,-8.161288543670695006e-01,-6.097635150121974768e+00,-9.060524535284342207e+00,-2.863013104446946233e+00,2.402140192819613440e-01,-8.362713967060555476e+00,2.008875729535248567e-01,-3.989941303831240349e-01,-3.661266566050143667e-01,-8.163327374765086963e-01,-1.562297604663037909e+01,9.795199933455332797e+00,6.663579956299092721e-02,-1.364561271617200191e+02,-3.921277554465269333e+01,6.620000000000000107e+00,6.620000000000000107e+00,8.028775926440701038e-02,3.490658503988658956e-01
2.585999999999936794e+00,-8.218548805759633424e-01,-6.097154722083410583e+00,-9.077249963218463336e+00,-2.883555861276446031e+00,2.389407039994629889e-01,-8.355087581719169876e+00,1.982610737290840808e-01,-3.940938511595217242e-01,-3.513190645260016454e-01,-8.258071796870153358e-01,-1.578157425343082920e+01,9.698186550564464881e+00,2.066839793056871044e-01,-1.341652401892538649e+02,-3.802141648049536116e+01,6.620000000000000107e+00,6.620000000000000107e+00,1.139218490934624795e-01,3.490658503988658956e-01
2.587999999999936573e+00,-8.276219922985161848e-01,-6.096676840675411491e+00,-9.093960138381902425e+00,-2.904305393136138669e+00,2.375990221775806932e-01,-8.347244805227827413e+00,1.955859359659967711e-01,-3.892197272134512720e-01,-3.362246177001627645e-01,-8.349893125379337366e-01,-1.591637584909504888e+01,9.594804442264116773e+00,3.467527294779318980e-01,-1.319651888430110773e+02,-3.675414050203881544e+01,6.620000000000000107e+00,6.620000000000000107e+00,1.468495562860377968e-01,3.490658503988658956e-01
2.589999999999936353e+00,-8.334306030847884461e-01,-6.096201642631056572e+00,-9.110654627992358812e+00,-2.925201197168014744e+00,2.361834746383548178e-01,-8.339215408466642998e+00,1.928731956996484753e-01,-3.843713774831678531e-01,-3.208676152187346919e-01,-8.438616877522875370e-01,-1.602788280991528325e+01,9.485208335564079718e+00,4.865120273642679072e-01,-1.298574509492893583e+02,-3.541666667019399739e+01,6.620000000000000107e+00,6.620000000000000107e+00,1.790837590930430545e-01,3.490658503988658956e-01
2.591999999999936133e+00,-8.392810054791244312e-01,-6.095729275681780024e+00,-9.127333058809291799e+00,-2.946188476225980235e+00,2.346804979649578238e-01,-8.331030508700459691e+00,1.901335866284879217e-01,-3.795487637362728872e-01,-3.052728798943332711e-01,-8.524086015421676876e-01,-1.611659945145204631e+01,9.369548006986832434e+00,6.256428744498687688e-01,-1.278421121035605381e+02,-3.401483677125442284e+01,6.620000000000000107e+00,6.620000000000000107e+00,2.106303218981321335e-01,3.490658503988658956e-01
2.593999999999935913e+00,-8.451733824315763588e-01,-6.095259914685850156e+00,-9.143995119826692886e+00,-2.967218869380712665e+00,2.330702612071882118e-01,-8.322721845634765359e+00,1.873775297074534441e-01,-3.747521919920054345e-01,-2.894656724069231135e-01,-8.606161051571875609e-01,-1.618303633809576070e+01,9.247969694650148398e+00,7.638379125167935602e-01,-1.259180903316504612e+02,-3.255452419315027868e+01,6.620000000000000107e+00,6.620000000000000107e+00,2.414887885762505293e-01,3.490658503988658956e-01
2.595999999999935692e+00,-8.511078201703378143e-01,-6.094793774163435707e+00,-9.160640563517961965e+00,-2.988250740223723945e+00,2.313284155965845967e-01,-8.314321197515820216e+00,1.846151221919597740e-01,-3.699823114119966116e-01,-2.734715992655256667e-01,-8.684720089303049617e-01,-1.622771371681160701e+01,9.120617391048639888e+00,9.008020301144256115e-01,-1.240833560454206150e+02,-3.104155964609726581e+01,6.620000000000000107e+00,6.620000000000000107e+00,2.716530585154114386e-01,3.490658503988658956e-01
2.597999999999935472e+00,-8.570843216507852969e-01,-6.094331117332242975e+00,-9.177269205912994110e+00,-3.009249109284756418e+00,2.294277008353294567e-01,-8.305859930649896583e+00,1.818561265055621545e-01,-3.652401106504792327e-01,-2.573165156832243894e-01,-8.759658792333544497e-01,-1.625116449754758463e+01,8.987634022001783407e+00,1.036252953989833747e+00,-1.223351375115564821e+02,-2.948167253283070011e+01,6.620000000000000107e+00,6.620000000000000107e+00,3.011120317097954469e-01,3.490658503988658956e-01
2.599999999999935252e+00,-8.631028198693547759e-01,-6.093872261930572520e+00,-9.193880925774294610e+00,-3.030185321339823545e+00,2.273393498763488507e-01,-8.297368667245573093e+00,1.791099592656809902e-01,-3.605269116761035120e-01,-2.410264244828790592e-01,-8.830890278732580478e-01,-1.625393680525743534e+01,8.849162517764654012e+00,1.169921819647851802e+00,-1.206701057370589041e+02,-2.788044622879652579e+01,6.620000000000000107e+00,6.620000000000000107e+00,3.298502195292330463e-01,3.490658503988658956e-01
2.601999999999935032e+00,-8.691631905120343893e-01,-6.093417583230819723e+00,-9.210475663108786293e+00,-3.051036532442321203e+00,2.250342659011971558e-01,-8.288877052407686463e+00,1.763856807623142842e-01,-3.558443611008426100e-01,-2.246273721572068227e-01,-8.898344935843383041e-01,-1.624254648668469869e+01,8.707191924474413369e+00,1.301553714995355548e+00,-1.190845357187182998e+02,-2.624328528024456020e+01,6.620000000000000107e+00,6.620000000000000107e+00,3.490658503988658956e-01,3.490658503988658956e-01
2.603999999999934811e+00,-8.752652635769190281e-01,-6.092967514699017428e+00,-9.227053417213602060e+00,-3.071785089552415471e+00,2.224839689961083944e-01,-8.280413600287154452e+00,1.736902629362744310e-01,-3.511937872992884624e-01,-2.081397004199950218e-01,-8.961989072926749289e-01,-1.623007790449667809e+01,8.565746762132446790e+00,1.430983023936813092e+00,-1.175740858139177476e+02,-2.457478969097495280e+01,6.620000000000000107e+00,6.620000000000000107e+00,3.490658503988658956e-01,3.490658503988658956e-01
2.605999999999934591e+00,-8.814088337560238573e-01,-6.092522546761025559e+00,-9.243614244414176895e+00,-3.092417821241077114e+00,2.196612665156155164e-01,-8.272005608087919626e+00,1.710267053197701281e-01,-3.465753143096217959e-01,-1.915715303454675889e-01,-9.021838872091136885e-01,-1.621659210894605962e+01,8.424817066680811095e+00,1.558212058549711454e+00,-1.161336244253246122e+02,-2.287802729688848302e+01,6.620000000000000107e+00,6.620000000000000107e+00,3.490658503988658956e-01,3.490658503988658956e-01
2.607999999999934371e+00,-8.875936693985060355e-01,-6.092083224227994087e+00,-9.260158255630352997e+00,-3.112925278693422282e+00,2.165406140882520925e-01,-8.263679168647536599e+00,1.683978629793325410e-01,-3.419890446008829188e-01,-1.749308562529285349e-01,-9.077911922064384465e-01,-1.620214889317442086e+01,8.284392823696373753e+00,1.683243854484864688e+00,-1.147581847033477942e+02,-2.115580880972591160e+01,6.620000000000000107e+00,6.620000000000000107e+00,3.490658503988658956e-01,3.490658503988658956e-01
2.609999999999934150e+00,-8.938195199558929271e-01,-6.091650142999817774e+00,-9.276685613967648791e+00,-3.133301102591015574e+00,2.130984008203011815e-01,-8.255459240025915690e+00,1.658064502155914832e-01,-3.374350617185883916e-01,-1.582255437763016581e-01,-9.130227146607968747e-01,-1.618680680126130511e+01,8.144463981807737341e+00,1.806082126728541848e+00,-1.134429878377553393e+02,-1.941070939002395690e+01,6.620000000000000107e+00,6.620000000000000107e+00,3.490658503988658956e-01,3.490658503988658956e-01
2.611999999999933930e+00,-9.000861221610749752e-01,-6.091223946198176975e+00,-9.293196532447700164e+00,-3.153541451965896858e+00,2.093131226643079879e-01,-8.247369726188585659e+00,1.632550443028571163e-01,-3.329134327799104787e-01,-1.414633282266958003e-01,-9.178804734557730605e-01,-1.617062313697999798e+01,8.005020465396363250e+00,1.926731226806983388e+00,-1.121834558510770421e+02,-1.764508957502332009e+01,6.620000000000000107e+00,6.620000000000000107e+00,3.490658503988658956e-01,3.490658503988658956e-01
2.613999999999933710e+00,-9.063932050650067573e-01,-6.090805319952848684e+00,-9.309691271900076615e+00,-3.173644497958632460e+00,2.051654700634616968e-01,-8.239433562461405458e+00,1.607460892580085121e-01,-3.284242108231990587e-01,-1.246518132369390103e-01,-9.223666071525782328e-01,-1.615365397319026641e+01,7.866052186599179485e+00,2.045196101401601130e+00,-1.109752162633488410e+02,-1.586111524751682467e+01,6.620000000000000107e+00,6.620000000000000107e+00,3.490658503988658956e-01,3.490658503988658956e-01
2.615999999999933490e+00,-9.127404940609240569e-01,-6.090394989012721361e+00,-9.326170139024998917e+00,-3.193609981350634452e+00,2.006383516920680343e-01,-8.231672801431361819e+00,1.582818996288367364e-01,-3.239674370166858997e-01,-1.077984696771081830e-01,-9.264833673293871863e-01,-1.613595416180226039e+01,7.727549056630289570e+00,2.161482252342544985e+00,-1.098141005707363860e+02,-1.406077646032832540e+01,6.620000000000000107e+00,6.620000000000000107e+00,3.490658503988658956e-01,3.490658503988658956e-01
2.617999999999933269e+00,-9.191277140236253640e-01,-6.089993712309337504e+00,-9.342633484627862472e+00,-3.213438830198311891e+00,1.957168720872410339e-01,-8.224108696478243274e+00,1.558646642926145298e-01,-3.195431427312512840e-01,-9.091063483018167746e-02,-9.302331120924254293e-01,-1.611757734424949717e+01,7.589500996439696223e+00,2.275595697947860874e+00,-1.086961380998542381e+02,-1.224590502615753529e+01,6.620000000000000107e+00,6.620000000000000107e+00,3.490658503988658956e-01,3.490658503988658956e-01
2.619999999999933049e+00,-9.255545916840219878e-01,-6.089602278565163118e+00,-9.359081702020818128e+00,-3.233132832461778516e+00,1.903882773937375372e-01,-8.216761781233062223e+00,1.534964502562682354e-01,-3.151513514821523976e-01,-7.399551181705796288e-02,-9.336182997610049661e-01,-1.609857596241237943e+01,7.451897946727141786e+00,2.387542935675155853e+00,-1.076175464710784837e+02,-1.041819085099967879e+01,6.620000000000000107e+00,6.620000000000000107e+00,3.490658503988658956e-01,3.490658503988658956e-01
2.621999999999932829e+00,-9.320208573489455750e-01,-6.089221502010375708e+00,-9.375515225583283652e+00,-3.252694357862900176e+00,1.846418803924934071e-01,-8.209651944054975559e+00,1.511792064501109589e-01,-3.107920807446157285e-01,-5.706016926031699105e-02,-9.366414827283334743e-01,-1.607900126993723688e+01,7.314729877329288144e+00,2.497330906052516397e+00,-1.065747196274085553e+02,-8.579197037333393894e+00,6.620000000000000107e+00,6.620000000000000107e+00,3.490658503988658956e-01,3.490658503988658956e-01
2.623999999999932609e+00,-9.385262460646713878e-01,-6.088852218249590997e+00,-9.391934529471393844e+00,-3.272126123071784409e+00,1.784689734533223548e-01,-8.202798497172061332e+00,1.489147675076582245e-01,-3.064653436481863391e-01,-4.011154117624587262e-02,-9.393053014995738081e-01,-1.605890334389904339e+01,7.177986795998545944e+00,2.604966957855369802e+00,-1.055642141564961918e+02,-6.730373815791488745e+00,6.620000000000000107e+00,6.620000000000000107e+00,3.490658503988658956e-01,3.490658503988658956e-01
2.625999999999932388e+00,-9.450704983108149104e-01,-6.088495280302684165e+00,-9.408340126465738251e+00,-3.291430994518742992e+00,1.718627360039383378e-01,-8.196220240503254928e+00,1.467048575245872566e-01,-3.021711505546958443e-01,-2.315642708480740442e-02,-9.416124789082862545e-01,-1.603833109675919388e+01,7.041658756591854029e+00,2.710458814496032431e+00,-1.045827344466631672e+02,-4.873071385129093436e+00,6.620000000000000107e+00,6.620000000000000107e+00,3.490658503988658956e-01,3.490658503988658956e-01
2.627999999999932168e+00,-9.516533602998523689e-01,-6.088151554830676382e+00,-9.424732566946744328e+00,-3.310611823525109187e+00,1.648181414833634895e-01,-8.189935520417087389e+00,1.445510937904217197e-01,-2.979095105246724606e-01,-6.201492327398537389e-03,-9.435658145120858764e-01,-1.601733228857269964e+01,6.905735866687670033e+00,2.813814541592861485e+00,-1.036271170668710369e+02,-3.008551753166749165e+00,6.620000000000000107e+00,6.620000000000000107e+00,3.490658503988658956e-01,3.490658503988658956e-01
2.629999999999931948e+00,-9.582745839469025695e-01,-6.087821918547709821e+00,-9.441112437987579042e+00,-3.329671308947486086e+00,1.573318674850302523e-01,-8.183962283824948614e+00,1.424549904870225647e-01,-2.936804326769638096e-01,1.074673141757775952e-02,-9.451681791680525135e-01,-1.599595353940196141e+01,6.770208294649352254e+00,2.915042515686154356e+00,-1.026943146396344275e+02,-1.137999678476625309e+00,6.620000000000000107e+00,6.620000000000000107e+00,3.490658503988658956e-01,3.490658503988658956e-01
2.631999999999931728e+00,-9.649339265647975949e-01,-6.087507254812739355e+00,-9.457480362555228837e+00,-3.348611883073699058e+00,1.494022118327846538e-01,-8.178318128080544369e+00,1.404179623484437256e-01,-2.894839274462784884e-01,2.768184543111857493e-02,-9.464225097881582283e-01,-1.597424034189709907e+01,6.635066276152965514e+00,3.014151394068286471e+00,-1.017813793792388424e+02,7.374671842157152213e-01,6.620000000000000107e+00,6.620000000000000107e+00,3.490658503988658956e-01,3.490658503988658956e-01
2.633999999999931507e+00,-9.716311503309450481e-01,-6.087208450389073988e+00,-9.473836998811389520e+00,-3.367435617055466679e+00,1.410290166168467196e-01,-8.173020347183593159e+00,1.384413282771691234e-01,-2.853200077432772597e-01,4.459758307160473917e-02,-9.473318042747223000e-01,-1.595223707400529278e+01,6.500300120197392673e+00,3.111150085695966183e+00,-1.008854463904560674e+02,2.616788831197160992e+00,6.620000000000000107e+00,6.620000000000000107e+00,3.490658503988658956e-01,3.490658503988658956e-01
2.635999999999931287e+00,-9.783660215650560321e-01,-6.086926392355840321e+00,-9.490183039505756923e+00,-3.386144142689475611e+00,1.322136016994587826e-01,-8.168085974779616620e+00,1.365263149121861974e-01,-2.811886900217643870e-01,6.148780872376428952e-02,-9.478991166356747211e-01,-1.592998701177412713e+01,6.365900214614399921e+00,3.206047723152954276e+00,-1.000037167610742728e+02,4.498954046425233777e+00,6.620000000000000107e+00,6.620000000000000107e+00,3.490658503988658956e-01,3.490658503988658956e-01
2.637999999999931067e+00,-9.851383098504349345e-01,-6.086661965152441844e+00,-9.506519211455316309e+00,-3.404738587853480603e+00,1.229587088421535135e-01,-8.163531824419056449e+00,1.346740601447679320e-01,-2.770899952574347735e-01,7.834651658781575934e-02,-9.481275522791823285e-01,-1.590753234221620893e+01,6.231857031096105004e+00,3.298853635632112535e+00,-9.913344043147577622e+01,6.382992025823446269e+00,6.620000000000000107e+00,6.620000000000000107e+00,3.490658503988658956e-01,3.490658503988658956e-01
2.639999999999930846e+00,-9.919477870261419472e-01,-6.086416047734757306e+00,-9.522846275104154046e+00,-3.423219523363532524e+00,1.132684573763378527e-01,-8.159374527494719587e+00,1.328856165782345555e-01,-2.730239498425354183e-01,9.516782931778484944e-02,-9.480202634869909772e-01,-1.588491417620455515e+01,6.098161129756999976e+00,3.389577322906213830e+00,-9.827189878331438422e+01,8.267964388547765608e+00,6.620000000000000107e+00,6.620000000000000107e+00,3.490658503988658956e-01,3.490658503988658956e-01
2.641999999999930626e+00,-9.987942260728690513e-01,-6.086189510820005033e+00,-9.539165024159142803e+00,-3.441586919444169723e+00,1.031483122107448858e-01,-8.155630569220686965e+00,1.311619549283460640e-01,-2.689905864006950642e-01,1.119459965177798944e-01,-9.475804450656557520e-01,-1.586217256137032017e+01,5.964803163247426987e+00,3.478228430257558124e+00,-9.741638685471345127e+01,1.015295747524725023e+01,6.620000000000000107e+00,6.620000000000000107e+00,3.490658503988658956e-01,3.490658503988658956e-01
2.643999999999930406e+00,-1.005677399911757419e+00,-6.085983214195583635e+00,-9.555476285297583416e+00,-3.459840110400902891e+00,9.260506492329047268e-02,-8.152316322950243332e+00,1.295039673613363473e-01,-2.649899445260615605e-01,1.286753931047986410e-01,-9.468113301746418076e-01,-1.583934649497641445e+01,5.831773880435074275e+00,3.564816724337078746e+00,-9.656419505943341619e+01,1.203707483316098958e+01,6.620000000000000107e+00,6.620000000000000107e+00,3.490658503988658956e-01,3.490658503988658956e-01
2.645999999999930186e+00,-1.012597080132559224e+00,-6.085798004065736677e+00,-9.571780917943483402e+00,-3.477977766461840758e+00,8.164682870551993876e-02,-8.149448083054986469e+00,1.279124707669443972e-01,-2.610220714507746620e-01,1.453505175464283039e-01,-9.457161863301419835e-01,-1.581647393674241009e+01,5.699064129670759371e+00,3.649352069924309827e+00,-9.571259026066107367e+01,1.391942978653597152e+01,6.620000000000000107e+00,6.620000000000000107e+00,3.490658503988658956e-01,3.490658503988658956e-01
2.647999999999929965e+00,-1.019553035665482943e+00,-6.085634710408325709e+00,-9.588079814109592647e+00,-3.495997872123335348e+00,7.028304800319749857e-02,-8.147042096500733521e+00,1.263882099641212842e-01,-2.570870226446770879e-01,1.619659899815852067e-01,-9.442983115832864760e-01,-1.579359182159790187e+01,5.566664861654412100e+00,3.731844407560276355e+00,-9.485879602532440913e+01,1.579913798804737191e+01,6.620000000000000107e+00,6.620000000000000107e+00,3.490658503988658956e-01,3.490658503988658956e-01
2.649999999999929745e+00,-1.026545031409729525e+00,-6.085494144312319165e+00,-9.604373898302593915e+00,-3.513897710705520705e+00,5.852452381729290887e-02,-8.145114593154858085e+00,1.249318608374006823e-01,-2.531848623510444263e-01,1.785165502322279829e-01,-9.425610308713019414e-01,-1.577073607234313180e+01,5.434567131916831606e+00,3.812303732026101954e+00,-9.399997186135611571e+01,1.767530984240358194e+01,6.620000000000000107e+00,6.620000000000000107e+00,3.490658503988658956e-01,3.490658503988658956e-01
2.651999999999929525e+00,-1.033572826831140601e+00,-6.085377095264684399e+00,-9.620664127488904427e+00,-3.531673855212251745e+00,4.638345578787250734e-02,-8.143681814739895941e+00,1.235440334022116365e-01,-2.493156640619868525e-01,1.949970557137647997e-01,-9.405076925400487342e-01,-1.574794161219724842e+01,5.302762102932431887e+00,3.890740071640860887e+00,-9.313319121767857212e+01,1.954704268687479995e+01,6.620000000000000107e+00,6.620000000000000107e+00,3.490658503988658956e-01,3.490658503988658956e-01
2.653999999999929305e+00,-1.040636174541565095e+00,-6.085284328353108840e+00,-9.636951491118384894e+00,-3.549322166013265889e+00,3.387350237198282626e-02,-8.142760042203031290e+00,1.222252747976866616e-01,-2.454795109370437878e-01,2.114024792516617235e-01,-9.381416650362517373e-01,-1.572524237721601814e+01,5.171241045877811082e+00,3.967163468352957079e+00,-9.225541800481659038e+01,2.141341260484142595e+01,6.620000000000000107e+00,6.620000000000000107e+00,3.490658503988658956e-01,3.490658503988658956e-01
2.655999999999929084e+00,-1.047734818873591545e+00,-6.085216581348364961e+00,-9.653237011202790541e+00,-3.566837796344513034e+00,2.100986063766771550e-02,-8.142365621092205075e+00,1.209760722057782734e-01,-2.416764961683621760e-01,2.277279068115504734e-01,-9.354663337676432100e-01,-1.570267132856220371e+01,5.039995342050628047e+00,4.041583958600071469e+00,-9.136348137338728748e+01,2.327346573735273694e+01,6.620000000000000107e+00,6.620000000000000107e+00,3.490658503988658956e-01,3.490658503988658956e-01
2.657999999999928864e+00,-1.054868494466280504e+00,-6.085174561627090029e+00,-9.669521742444974421e+00,-3.584215207179418883e+00,7.809367419797000331e-03,-8.142514984305996961e+00,1.197968556957401537e-01,-2.379067232957127742e-01,2.439685351499221444e-01,-9.324850981291402663e-01,-1.568026046461307921e+01,4.909016483962869160e+00,4.114011554913488133e+00,-9.045404846930769338e+01,2.512620894384068748e+01,6.620000000000000107e+00,6.620000000000000107e+00,3.490658503988658956e-01,3.490658503988658956e-01
2.659999999999928644e+00,-1.062036924880639388e+00,-6.085158942892250344e+00,-9.685806772413586785e+00,-3.601448193687783572e+00,-5.709376194673192878e-03,-8.143224671302272455e+00,1.186880009932585467e-01,-2.341703064744647955e-01,2.601196693922883663e-01,-9.292013686930976624e-01,-1.565804083289078719e+01,4.778296076122229508e+00,4.184456228243378817e+00,-8.952359487027334239e+01,2.697059964627986872e+01,6.620000000000000107e+00,6.620000000000000107e+00,3.490658503988658956e-01,3.490658503988658956e-01
2.661999999999928423e+00,-1.069239821268014978e+00,-6.085170361644639314e+00,-9.702093221756191710e+00,-3.618529926304142386e+00,-1.952585488489035070e-02,-8.144511342492169348e+00,1.176498321737348141e-01,-2.304673706995026550e-01,2.761767205454870311e-01,-9.256185645616072932e-01,-1.563604254180234676e+01,4.647825835514926673e+00,4.252927890982393322e+00,-8.856837240092042407e+01,2.880553467097281484e+01,6.620000000000000107e+00,6.620000000000000107e+00,3.490658503988658956e-01,3.490658503988658956e-01
2.663999999999928203e+00,-1.076476881120623341e+00,-6.085209413354409236e+00,-9.718382244441176709e+00,-3.635453010414136266e+00,-3.361746130490043949e-02,-8.146391787089157788e+00,1.166826242794203466e-01,-2.267980519879306267e-01,2.921352029506069647e-01,-9.217401108787417474e-01,-1.561429477217719253e+01,4.517597591802916313e+00,4.319436380665672814e+00,-8.758437402873741462e+01,3.062983787859787554e+01,6.620000000000000107e+00,6.620000000000000107e+00,3.490658503988658956e-01,3.490658503988658956e-01
2.665999999999927983e+00,-1.083747787141451591e+00,-6.085276648277019085e+00,-9.734675028015354670e+00,-3.652209569883308138e+00,-4.795928812523546358e-02,-8.148882922100288084e+00,1.157866058602939757e-01,-2.231624975232764096e-01,3.079907316828104369e-01,-9.175694365005919728e-01,-1.559282578859109414e+01,4.387603287248064809e+00,4.383991444326171383e+00,-8.656729556615900378e+01,3.244224634614632663e+01,6.620000000000000107e+00,6.620000000000000107e+00,3.490658503988658956e-01,3.490658503988658956e-01
2.667999999999927763e+00,-1.091052206281218240e+00,-6.085372566853269660e+00,-9.750972793859554955e+00,-3.668791361152251351e+00,-6.252388767514920065e-02,-8.152001779404894677e+00,1.149619614387456246e-01,-2.195608657637644900e-01,3.237390199041340066e-01,-9.131099718208827154e-01,-1.557166295046624427e+01,4.257834976375481695e+00,4.446602723484919473e+00,-8.551249395646962626e+01,3.424139483411907037e+01,6.620000000000000107e+00,6.620000000000000107e+00,3.490658503988658956e-01,3.490658503988658956e-01
2.669999999999927542e+00,-1.098389789003522798e+00,-6.085497614628620155e+00,-9.767276797418364964e+00,-3.685189926465404220e+00,-7.728099735240984147e-02,-8.155765476925182611e+00,1.142088338982945039e-01,-2.159933265170971284e-01,3.393758761751621833e-01,-9.083651467499241905e-01,-1.555083272293813401e+01,4.128284825387827262e+00,4.507279739756626213e+00,-8.441494201671613951e+01,3.602579823950839710e+01,6.620000000000000107e+00,6.620000000000000107e+00,3.490658503988658956e-01,3.490658503988658956e-01
2.671999999999927322e+00,-1.105760168856453562e+00,-6.085652176623325360e+00,-9.783588328372214704e+00,-3.701396797049910425e+00,-9.219722978925076751e-02,-8.160191168707642717e+00,1.135273267967193411e-01,-2.124600609840420762e-01,3.548972017312763128e-01,-9.033383888446001597e-01,-1.553036068748064480e+01,3.998945111342048886e+00,4.566031881051744179e+00,-8.326917967046911428e+01,3.779383170102206435e+01,6.620000000000000107e+00,6.620000000000000107e+00,3.490658503988658956e-01,3.490658503988658956e-01
2.673999999999927102e+00,-1.113162962450553461e+00,-6.085836571082904101e+00,-9.799908710709630100e+00,-3.717403759771289451e+00,-1.072357282213694113e-01,-8.165295967254580844e+00,1.129175066041186865e-01,-2.089612617729925403e-01,3.702989877290024379e-01,-8.980331215870734907e-01,-1.551027155228152843e+01,3.869808221099627854e+00,4.622868388356870639e+00,-8.206926195601509733e+01,3.954370799020260563e+01,6.620000000000000107e+00,6.620000000000000107e+00,3.490658503988658956e-01,3.490658503988658956e-01
2.675999999999926882e+00,-1.120597769970095969e+00,-6.086051042539346589e+00,-9.816239302644138576e+00,-3.733203203997413233e+00,-1.223557899039817015e-01,-8.171096829622817026e+00,1.123794048665480300e-01,-2.054971328875316861e-01,3.855773124678023023e-01,-8.924527628098595233e-01,-1.549058916236112005e+01,3.740866650061065446e+00,4.677798343076059240e+00,-8.080870448161890351e+01,4.127345179476942150e+01,6.620000000000000107e+00,6.620000000000000107e+00,3.490658503988658956e-01,3.490658503988658956e-01
2.677999999999926661e+00,-1.128064176378090755e+00,-6.086295754119154466e+00,-9.832581496303383517e+00,-3.748788569084742672e+00,-1.375124641745193166e-01,-8.177610396604512388e+00,1.119130202959972842e-01,-2.020678896888987996e-01,4.007283385924743091e-01,-8.866007232648854819e-01,-1.547133650942777372e+01,3.612113000694983089e+00,4.730830654916340805e+00,-7.948042757366324906e+01,4.298087048547999700e+01,6.620000000000000107e+00,6.620000000000000107e+00,3.490658503988658956e-01,3.490658503988658956e-01
2.679999999999926441e+00,-1.135561753516260319e+00,-6.086570779047503876e+00,-9.848936717096592020e+00,-3.764154916947456186e+00,-1.526561374458639264e-01,-8.184852771715830144e+00,1.115183207875820870e-01,-1.986737588351265293e-01,4.157483102811682651e-01,-8.804804053341525050e-01,-1.545253574146411069e+01,3.483539980871865449e+00,4.781974050301440293e+00,-7.807670119889137084e+01,4.466352096574090069e+01,6.620000000000000107e+00,6.620000000000000107e+00,3.490658503988658956e-01,3.490658503988658956e-01
2.681999999999926221e+00,-1.143090063350155283e+00,-6.086876091322396043e+00,-9.865306422640022888e+00,-3.779299658294735575e+00,-1.677321257804043897e-01,-8.192839223797090398e+00,1.111952453649190653e-01,-1.953149781984863664e-01,4.306335504238463230e-01,-8.740952018795852263e-01,-1.543420817203868189e+01,3.355140402012137812e+00,4.831237061298360835e+00,-7.658909393361578566e+01,4.631867225032272017e+01,6.620000000000000107e+00,6.620000000000000107e+00,3.490658503988658956e-01,3.490658503988658956e-01
2.683999999999926001e+00,-1.150648662666744704e+00,-6.087211555573956545e+00,-9.881692101087617530e+00,-3.794223464746569796e+00,-1.826803077000911379e-01,-8.201583793943056477e+00,1.109437060547452114e-01,-1.919917967627530753e-01,4.453804577958667132e-01,-8.674484952296546147e-01,-1.541637428933819720e+01,3.226907177057946274e+00,4.878628015042170141e+00,-7.500843091908727445e+01,4.794326352989438789e+01,6.620000000000000107e+00,6.620000000000000107e+00,3.490658503988658956e-01,3.490658503988658956e-01
2.685999999999925780e+00,-1.158237109596237824e+00,-6.087576916189356702e+00,-9.898095268675502822e+00,-3.808931401118170523e+00,-1.974348466739419272e-01,-8.211098784602246070e+00,1.107635896919216961e-01,-1.887044745016726588e-01,4.599855042312094300e-01,-8.605436563003456829e-01,-1.539905376491588918e+01,3.098833318277675719e+00,4.924155023644992468e+00,-7.332476802222750223e+01,4.953385768637238584e+01,6.620000000000000107e+00,6.620000000000000107e+00,3.490658503988658956e-01,3.490658503988658956e-01
2.687999999999925560e+00,-1.165854972398474132e+00,-6.087971785882704268e+00,-9.914517466244706867e+00,-3.823434310932961377e+00,-2.119240755233183227e-01,-8.221394106701822579e+00,1.106547596560337465e-01,-1.854532822398943515e-01,4.744452317997130408e-01,-8.533840438480390089e-01,-1.538226546215204316e+01,2.970911934911946162e+00,4.967825974575827530e+00,-7.152739246103423909e+01,5.108659057874044862e+01,6.620000000000000107e+00,6.620000000000000107e+00,3.490658503988658956e-01,3.490658503988658956e-01
2.689999999999925340e+00,-1.173501841020340164e+00,-6.088395634033751058e+00,-9.930960254458110370e+00,-3.837750480873653558e+00,-2.260706448584526851e-01,-8.232476460760453918e+00,1.106170575408627482e-01,-1.822385014975058948e-01,4.887562499925481863e-01,-8.459730038518762374e-01,-1.536602744442310708e+01,2.843136230669507825e+00,5.009648521498467844e+00,-6.960486407589193902e+01,5.259711698510270850e+01,6.620000000000000107e+00,6.620000000000000107e+00,3.490658503988658956e-01,3.490658503988658956e-01
2.691999999999925119e+00,-1.181177341982087459e+00,-6.088847775323467992e+00,-9.947425207379630763e+00,-3.851907592180570550e+00,-2.397920749580003674e-01,-8.244348332056063100e+00,1.106503047580614379e-01,-1.790604243191905032e-01,5.029152329200076155e-01,-8.383138690231686230e-01,-1.535035698297614282e+01,2.715499501081179989e+00,5.049630075555376685e+00,-6.754511626351292364e+01,5.406055494693028862e+01,6.620000000000000107e+00,6.620000000000000107e+00,3.490658503988658956e-01,3.490658503988658956e-01
2.693999999999924899e+00,-1.188881157166448599e+00,-6.089327359473384327e+00,-9.963913904043742775e+00,-3.865944932996354666e+00,-2.530018938656111716e-01,-8.257006790881970204e+00,1.107543040764126796e-01,-1.759193530889079371e-01,5.169189165255633212e-01,-8.304099584394248890e-01,-1.533527056450573589e+01,2.587995130719680681e+00,5.087777797086002529e+00,-6.533564116333548100e+01,5.547143151208211265e+01,6.620000000000000107e+00,6.620000000000000107e+00,3.490658503988658956e-01,3.490658503988658956e-01
2.695999999999924679e+00,-1.196613047032441202e+00,-6.089833363261115906e+00,-9.980427917625506851e+00,-3.879915787657878479e+00,-2.656115891631874448e-01,-8.270442110712224348e+00,1.109288410980934225e-01,-1.728156003308863597e-01,5.307640958200060544e-01,-8.222645773005673453e-01,-1.532078389843076316e+01,2.460616590292933115e+00,5.124098587768569857e+00,-6.296378942123610756e+01,5.682363461025001072e+01,6.620000000000000107e+00,6.620000000000000107e+00,3.490658503988658956e-01,3.490658503988658956e-01
2.697999999999924459e+00,-1.204372878607756991e+00,-6.090364586439442007e+00,-9.996968801846930930e+00,-3.893889828399953235e+00,-2.775336362953733094e-01,-8.284636254586086324e+00,1.111736856733991641e-01,-1.697494884975980223e-01,5.444476221393568238e-01,-8.138810168049113170e-01,-1.530691192386870370e+01,2.333357433618162613e+00,5.158599083174972399e+00,-6.041721949777301859e+01,5.811037808146350159e+01,6.620000000000000107e+00,6.620000000000000107e+00,3.490658503988658956e-01,3.490658503988658956e-01
2.699999999999924238e+00,-1.212160658264556989e+00,-6.090919653712032478e+00,-1.001353807435610221e+01,-3.907955204990115838e+00,-2.886858729013233593e-01,-8.299561338118444098e+00,1.114885932554138537e-01,-1.667213497452832982e-01,5.579664004301219116e-01,-8.052625541424937028e-01,-1.529366881630542885e+01,2.206211294483856555e+00,5.191285645728941134e+00,-5.768453276073920932e+01,5.932418968503337453e+01,6.620000000000000107e+00,6.620000000000000107e+00,3.490658503988658956e-01,3.490658503988658956e-01
2.701999999999924018e+00,-1.219976568674537187e+00,-6.091497025457835335e+00,-1.003013719703233875e+01,-3.922219858697082007e+00,-2.989974350315873775e-01,-8.315178258936317235e+00,1.118733061961312975e-01,-1.637315256974782585e-01,5.713173865653441430e-01,-7.964124526033402596e-01,-1.528106799395864535e+01,2.079171883406405907e+00,5.222164358058194900e+00,-5.475612490664195064e+01,6.045693501966511008e+01,6.620000000000000107e+00,6.620000000000000107e+00,3.490658503988658956e-01,3.490658503988658956e-01
2.703999999999923798e+00,-1.227821008391931423e+00,-6.092095020327898069e+00,-1.004676755355021101e+01,-3.936811395409649528e+00,-3.084163143110123517e-01,-8.331435783241655457e+00,1.123275549855500960e-01,-1.607803671968955628e-01,5.844975846947915166e-01,-7.873339617982668681e-01,-1.526912212383335365e+01,1.952232984288026829e+00,5.251241016731818867e+00,-5.162526669083214870e+01,6.149989313291090554e+01,6.620000000000000107e+00,6.620000000000000107e+00,3.490658503988658956e-01,3.490658503988658956e-01
2.705999999999923578e+00,-1.235694631182750802e+00,-6.092711852956520069e+00,-1.006343042511669417e+01,-3.951874684703902574e+00,-3.169182877322562208e-01,-8.348270483877753279e+00,1.128510594352752083e-01,-1.578682340459068023e-01,5.975040446325196042e-01,-7.780303179898213628e-01,-1.525784312746790405e+01,1.825388450982333044e+00,5.278521126374625894e+00,-4.828939212485422416e+01,6.244390116552876435e+01,6.620000000000000107e+00,6.620000000000000107e+00,3.490658503988658956e-01,3.490658503988658956e-01
2.707999999999923357e+00,-1.243598380552158655e+00,-6.093345689531984632e+00,-1.008012696608444969e+01,-3.967566294534832227e+00,-3.245164837247215828e-01,-8.365607993917882013e+00,1.134435298081638149e-01,-1.549954947357725377e-01,6.103338592849423261e-01,-7.685047445309790559e-01,-1.524724218636936968e+01,1.698632203773724481e+00,5.304009894150754079e+00,-4.475151660955844335e+01,6.327958410756559715e+01,6.620000000000000107e+00,6.620000000000000107e+00,3.490658503988658956e-01,3.490658503988658956e-01
2.709999999999923137e+00,-1.251533513141228404e+00,-6.093994722499433969e+00,-1.009685818207228536e+01,-3.984045053111223922e+00,-3.312702064537625390e-01,-8.383366015614859279e+00,1.141046678955533605e-01,-1.521625261646691596e-01,6.229841621224444514e-01,-7.587604524092090852e-01,-1.523732974713714228e+01,1.571958225776557416e+00,5.327712224609251201e+00,-4.102163316059628073e+01,6.399767973265603160e+01,6.620000000000000107e+00,6.620000000000000107e+00,3.490658503988658956e-01,3.490658503988658956e-01
2.711999999999922917e+00,-1.259501603247450863e+00,-6.094657262912341444e+00,-1.011362491410351439e+01,-4.001458587226366603e+00,-3.372909808448033009e-01,-8.401459334327789463e+00,1.148341680436046203e-01,-1.493697133444669145e-01,6.354521246974825788e-01,-7.488006408935423686e-01,-1.522811552627377552e+01,1.445360559259874833e+00,5.349632714884876350e+00,-3.711785522336887766e+01,6.458945639497665070e+01,6.620000000000000107e+00,6.620000000000000107e+00,3.490658503988658956e-01,3.490658503988658956e-01
2.713999999999922697e+00,-1.267504520421903536e+00,-6.095331844874031013e+00,-1.013042783277217040e+01,-4.019926684685200868e+00,-3.427433816062611660e-01,-8.419806680107830843e+00,1.156317181302829733e-01,-1.466174490961197618e-01,6.477349542120279802e-01,-7.386284982822743927e-01,-1.521960851468223552e+01,1.318833301903297617e+00,5.369775650247797572e+00,-3.306701714576371387e+01,6.504720241829080862e+01,6.620000000000000107e+00,6.620000000000000107e+00,3.490658503988658956e-01,3.490658503988658956e-01
2.715999999999922476e+00,-1.275544373791273944e+00,-6.096017331637243686e+00,-1.014726744613238552e+01,-4.039523640940726246e+00,-3.478384482302228076e-01,-8.438338683882378177e+00,1.164970004944868576e-01,-1.439061337334383572e-01,6.598298911371227593e-01,-7.282472027489388378e-01,-1.521181698184882691e+01,1.192370602989513362e+00,5.388144999996356432e+00,-2.890444620662614028e+01,6.536474289572865359e+01,6.620000000000000107e+00,6.620000000000000107e+00,3.490658503988658956e-01,3.490658503988658956e-01
2.717999999999922256e+00,-1.283623421073155413e+00,-6.096713008533703793e+00,-1.016414412350015084e+01,-4.060262968759510649e+00,-3.528186705377899246e-01,-8.457005550019870199e+00,1.174296928188145600e-01,-1.412361747349305807e-01,6.717342068872433902e-01,-7.176599232842035825e-01,-1.520474847971116716e+01,1.065966659538644556e+00,5.404744413687482485e+00,-2.467271618695497537e+01,6.553791902715347817e+01,6.620000000000000107e+00,6.620000000000000107e+00,3.490658503988658956e-01,3.490658503988658956e-01
2.719999999999922036e+00,-1.291743947010674409e+00,-6.097418645874779664e+00,-1.018105813460019071e+01,-4.082088346172368709e+00,-3.579356161284527604e-01,-8.475782695330824623e+00,1.184294689674368767e-01,-1.386079864033076259e-01,6.834452015520853241e-01,-7.068698207313288684e-01,-1.519840984621067115e+01,9.396157123896324848e-01,5.419577217699799832e+00,-2.041938536748128996e+01,6.556495524058405522e+01,6.620000000000000107e+00,6.620000000000000107e+00,3.490658503988658956e-01,3.490658503988658956e-01
2.721999999999921815e+00,-1.299908123703019225e+00,-6.098134517107036245e+00,-1.019800969999085183e+01,-4.104873897362588231e+00,-3.634236729742982841e-01,-8.494672774094791379e+00,1.194959997805178503e-01,-1.360219895121733413e-01,6.949602016883152933e-01,-6.958800489128429412e-01,-1.519280720852908928e+01,8.133120422336456157e-01,5.432646412124894297e+00,-1.619396680307114522e+01,6.544664769969143947e+01,6.620000000000000107e+00,6.620000000000000107e+00,3.490658503988658956e-01,3.490658503988658956e-01
2.723999999999921595e+00,-1.308117871497744389e+00,-6.098861364452984546e+00,-1.021499904553904159e+01,-4.128434787147117646e+00,-3.694750776466012021e-01,-8.513703313333813583e+00,1.206289538265956640e-01,-1.334786109393344689e-01,7.062765581737713294e-01,-6.846937558460852724e-01,-1.518794598600870493e+01,6.870499656043933534e-01,5.443954667982629836e+00,-1.204458966003086218e+01,6.518633594756313698e+01,6.620000000000000107e+00,6.620000000000000107e+00,3.490658503988658956e-01,3.490658503988658956e-01
2.725999999999921375e+00,-1.316374741072038557e+00,-6.099600314608277785e+00,-1.023202645216570872e+01,-4.152546336830363671e+00,-3.762214671547948752e-01,-8.532920383226276329e+00,1.218279981143004786e-01,-1.309782832860917345e-01,7.173916441265199007e-01,-6.733140850452622450e-01,-1.518383089275588382e+01,5.608238308301221053e-01,5.453504324756806909e+00,-8.014899280566432083e+00,6.478966043504524919e+01,6.620000000000000107e+00,6.620000000000000107e+00,3.490658503988658956e-01,3.490658503988658956e-01
2.727999999999921155e+00,-1.324679833745699309e+00,-6.100352757542587767e+00,-1.024909229293216129e+01,-4.177186202207556320e+00,-3.806120309995402184e-01,-8.552190580091584948e+00,1.230927987647516403e-01,-1.285214444817998902e-01,7.283028528911336119e-01,-6.617441769076685132e-01,-1.518046593992769822e+01,3.383496017717833038e-01,5.461297388247889018e+00,-4.183966901476953382e+00,6.426802719499775662e+01,6.620000000000000107e+00,6.620000000000000107e+00,3.490658503988658956e-01,3.490658503988658956e-01
2.729999999999920934e+00,-1.333034206150114365e+00,-6.101113981604586733e+00,-1.026619667409234360e+01,-4.201742390400352356e+00,-3.899574992858028666e-01,-8.572047050458978745e+00,1.244931369894785034e-01,-1.261722454496562451e-01,7.389957739496109124e-01,-6.499748221318470964e-01,-1.517843293535844573e+01,1.681209187192530541e-01,5.465997965213319709e+00,-4.912306883913725164e-01,6.362162536945783842e+01,6.620000000000000107e+00,6.620000000000000107e+00,3.490658503988658956e-01,3.490658503988658956e-01
2.731999999999920714e+00,-1.341437690930915139e+00,-6.101893896603158396e+00,-1.028334076819326093e+01,-4.225602511459019439e+00,-4.011097265606309303e-01,-8.592439510341025155e+00,1.259901644931224751e-01,-1.238971088653874481e-01,7.494744262474147822e-01,-6.380157280717324575e-01,-1.517742189596098612e+01,1.412444538989623966e-02,5.468333299670833370e+00,3.007322642338415619e+00,6.286506910080376542e+01,6.620000000000000107e+00,6.620000000000000107e+00,3.490658503988658956e-01,3.490658503988658956e-01
2.733999999999920494e+00,-1.349888895953833101e+00,-6.102696116056280040e+00,-1.030052564721394326e+01,-4.248501634160477991e+00,-4.138231067544241859e-01,-8.613458604663444262e+00,1.275714229429120161e-01,-1.216860933671357337e-01,7.597382931816095697e-01,-6.258719937837610159e-01,-1.517733691859993428e+01,-1.240190030007188027e-01,5.468529486481515711e+00,6.299547741084067454e+00,6.200819785587182764e+01,6.620000000000000107e+00,6.620000000000000107e+00,3.490658503988658956e-01,3.490658503988658956e-01
2.735999999999920274e+00,-1.358385899222154025e+00,-6.103523762269788655e+00,-1.031775256442326949e+01,-4.270242988299751019e+00,-4.278154526402684343e-01,-8.635164175741531167e+00,1.292245578870885592e-01,-1.195297025062269231e-01,7.697868156442690957e-01,-6.135486307685116270e-01,-1.517808308493808589e+01,-2.470112678506061199e-01,5.466806887415565086e+00,9.380236551438054349e+00,6.106083257745088844e+01,6.620000000000000107e+00,6.620000000000000107e+00,3.490658503988658956e-01,3.490658503988658956e-01
2.737999999999920053e+00,-1.366926385198753424e+00,-6.104379393175069168e+00,-1.033502289277475228e+01,-4.290714297840019675e+00,-4.428034367180347930e-01,-8.657587792421463035e+00,1.309375822239515486e-01,-1.174190787988898393e-01,7.796193644973952175e-01,-6.010505436284404590e-01,-1.517956877205233646e+01,-3.557658911591397577e-01,5.463375781794738373e+00,1.224990052989128131e+01,6.003234858531457974e+01,6.620000000000000107e+00,6.620000000000000107e+00,3.490658503988658956e-01,3.490658503988658956e-01
2.739999999999919833e+00,-1.375507813794433432e+00,-6.105265000048505364e+00,-1.035233806835959491e+01,-4.309863802737238458e+00,-4.585166756815979849e-01,-8.680736529836966753e+00,1.326990622852125545e-01,-1.153461177990597608e-01,7.892352244765120650e-01,-5.883825221935305994e-01,-1.518170723751275020e+01,-4.513277049455922674e-01,5.458433538296204368e+00,1.491346971827345413e+01,5.893154682000973565e+01,6.620000000000000107e+00,6.620000000000000107e+00,3.490658503988658956e-01,3.490658503988658956e-01
2.741999999999919613e+00,-1.384127541399907901e+00,-6.106182033399868203e+00,-1.036969954141926920e+01,-4.327692243249866344e+00,-4.747131533833964800e-01,-8.704599000010372123e+00,1.344982458345796439e-01,-1.133035255999699925e-01,7.986335857916703196e-01,-5.755492408122666603e-01,-1.518441765929787124e+01,-5.348037264416654057e-01,5.452162881920523674e+00,1.737905210680275303e+01,5.776650358260427254e+01,6.620000000000000107e+00,6.620000000000000107e+00,3.490658503988658956e-01,3.490658503988658956e-01
2.743999999999919392e+00,-1.392782925886407730e+00,-6.107131459706635290e+00,-1.038710873941928980e+01,-4.344237723852606869e+00,-4.911847507120363776e-01,-8.729150935373068521e+00,1.363251376526184722e-01,-1.112848303450369170e-01,8.078135423417928118e-01,-5.625552632304454681e-01,-1.518762570174058268e+01,-6.073057767262739493e-01,5.444731099913577843e+00,1.965685316082185352e+01,5.654453055504766468e+01,6.620000000000000107e+00,6.620000000000000107e+00,3.490658503988658956e-01,3.490658503988658956e-01
2.745999999999919172e+00,-1.401471401334112965e+00,-6.108113829208059009e+00,-1.040456704129003640e+01,-4.357770432045056985e+00,-5.075277252276754192e-01,-8.754326467186842820e+00,1.381705294433110132e-01,-1.092843579737585863e-01,8.167740955117428481e-01,-5.494050516664303885e-01,-1.519126368509078340e+01,-6.858818348331517933e-01,5.436290026172860834e+00,2.176889256352653490e+01,5.527933972076011315e+01,6.620000000000000107e+00,6.620000000000000107e+00,3.490658503988658956e-01,3.490658503988658956e-01
2.747999999999918952e+00,-1.410186942198203175e+00,-6.109128884658514558e+00,-1.042207569422441082e+01,-4.373280891019282635e+00,-5.212122230494173891e-01,-8.778973802482399336e+00,1.400390378903144106e-01,-1.073059573091266761e-01,8.255119463433731042e-01,-5.361012272296185044e-01,-1.519536599794827580e+01,-7.810058546725269224e-01,5.426754523334104796e+00,2.367312441405523060e+01,5.396811171752596437e+01,6.620000000000000107e+00,6.620000000000000107e+00,3.490658503988658956e-01,3.490658503988658956e-01
2.749999999999918732e+00,-1.418933503980241762e+00,-6.110171309104613258e+00,-1.043963364182937603e+01,-4.391190941237628209e+00,-5.323913104035146171e-01,-8.802957655827093220e+00,1.419439844617108037e-01,-1.053590029703172642e-01,8.340223368555955696e-01,-5.226453170116093228e-01,-1.520002906140279819e+01,-8.959824341329859498e-01,5.415893622429860166e+00,2.538171993480964161e+01,5.261660306306447410e+01,6.620000000000000107e+00,6.620000000000000107e+00,3.490658503988658956e-01,3.490658503988658956e-01
2.751999999999918511e+00,-1.427715885862717027e+00,-6.111236091725420039e+00,-1.045723955714102971e+01,-4.410271998305640651e+00,-5.422090950817844979e-01,-8.826676449354938114e+00,1.439015947935579631e-01,-1.034543514347163184e-01,8.423000077864806201e-01,-5.090385300426556459e-01,-1.520536789616661189e+01,-1.022297780404802792e+00,5.403429999249169668e+00,2.692407342320524322e+01,5.123111356251516213e+01,6.620000000000000107e+00,6.620000000000000107e+00,3.490658503988658956e-01,3.490658503988658956e-01
2.753999999999918291e+00,-1.436536429859328390e+00,-6.112320509915583955e+00,-1.047489291003974010e+01,-4.428918107827692019e+00,-5.517184043472683763e-01,-8.850626415293028515e+00,1.459210948618639425e-01,-1.015982276286541280e-01,8.503408724004504204e-01,-4.952829847090165494e-01,-1.521144537991782641e+01,-1.148652842142371400e+00,5.389204263180340959e+00,2.832986536796234489e+01,4.981742931147919506e+01,6.620000000000000107e+00,6.620000000000000107e+00,3.490658503988658956e-01,3.490658503988658956e-01
2.755999999999918071e+00,-1.445394266074983669e+00,-6.113423946724278579e+00,-1.049259416287032565e+01,-4.447167360565829952e+00,-5.609036356520420430e-01,-8.874783737807254269e+00,1.480021980100898193e-01,-9.979108659261762271e-02,8.581424609172839668e-01,-4.813819743111230065e-01,-1.521825605708967011e+01,-1.275053296089937893e+00,5.373213850561137761e+00,2.960947485024929549e+01,4.837920109262675084e+01,6.620000000000000107e+00,6.620000000000000107e+00,3.490658503988658956e-01,3.490658503988658956e-01
2.757999999999917851e+00,-1.454288600796115327e+00,-6.114545753995582977e+00,-1.051034373034594083e+01,-4.465055698874364154e+00,-5.697572132753948582e-01,-8.899127289854442679e+00,1.501446227660739874e-01,-9.803338058970843816e-02,8.657023036114427361e-01,-4.673388172048495992e-01,-1.522579376531966844e+01,-1.401504851629652215e+00,5.355455868127990016e+00,3.077247228348681318e+01,4.691964698680745016e+01,6.620000000000000107e+00,6.620000000000000107e+00,3.490658503988658956e-01,3.490658503988658956e-01
2.759999999999917630e+00,-1.463218712193864013e+00,-6.115685268422133447e+00,-1.052814198492565012e+01,-4.482616366505347116e+00,-5.782778838578810365e-01,-8.923638755559077040e+00,1.523480930365902764e-01,-9.632555833727990402e-02,8.730179301308844675e-01,-4.531568591879766017e-01,-1.523405163280163954e+01,-1.528013254813249677e+00,5.335927095675047305e+00,3.182761144516210550e+01,4.544160905108378756e+01,6.620000000000000107e+00,6.620000000000000107e+00,3.490658503988658956e-01,3.490658503988658956e-01
2.761999999999917410e+00,-1.472183944926874766e+00,-6.116841824189848786e+00,-1.054598926243676793e+01,-4.499879655085579522e+00,-5.864692597615853709e-01,-8.948302630906038502e+00,1.546123382765590970e-01,-9.466806420417112067e-02,8.800868689166249093e-01,-4.388394759282958080e-01,-1.524302207532129216e+01,-1.654584292354314368e+00,5.314623989033100848e+00,3.278284965343125634e+01,4.394760425817697325e+01,6.620000000000000107e+00,6.620000000000000107e+00,3.490658503988658956e-01,3.490658503988658956e-01
2.763999999999917190e+00,-1.481183704237045928e+00,-6.118014762709371723e+00,-1.056388586769858051e+01,-4.516872851932901334e+00,-5.943386002376247479e-01,-8.973106144524619410e+00,1.569370936331421496e-01,-9.306133737201363609e-02,8.869066467248064578e-01,-4.243900754304633094e-01,-1.522457781495791096e+01,-1.772504401336632673e+00,5.291542683371903699e+00,3.364538535829871080e+01,4.243986970914043155e+01,6.620000000000000107e+00,6.620000000000000107e+00,3.490658503988658956e-01,3.075634564839924145e-01
2.765999999999916970e+00,-1.490217449940911765e+00,-6.119203439909846942e+00,-1.058183207998762931e+01,-4.533620318695868789e+00,-6.018958072645396173e-01,-8.998039129294413740e+00,1.593170549568736771e-01,-9.149773930721578907e-02,8.934646212106492902e-01,-4.098380294048469819e-01,-1.517916108156488519e+01,-1.881971925829894143e+00,5.266846321670001885e+00,3.442037540871464074e+01,4.092221850890035029e+01,6.620000000000000107e+00,6.620000000000000107e+00,3.490658503988658956e-01,2.668020102914383518e-01
2.767999999999916749e+00,-1.499284690578303492e+00,-6.120407231524375824e+00,-1.059982815824621838e+01,-4.550144055872878290e+00,-6.091527730307129129e-01,-9.023093808418956030e+00,1.617470630025632239e-01,-8.996983009788173113e-02,8.997499736099233703e-01,-3.952129834293721666e-01,-1.510721846400065971e+01,-1.983184428557465795e+00,5.240702967467731455e+00,3.511282973993137091e+01,3.939833309783968218e+01,6.620000000000000107e+00,6.620000000000000107e+00,3.490658503988658956e-01,2.267857993987887344e-01
2.769999999999916529e+00,-1.508384978690049172e+00,-6.121625537070436884e+00,-1.061787434586305601e+01,-4.566463749629566138e+00,-6.161226549173176581e-01,-9.048264642976620920e+00,1.642221163312218291e-01,-8.847035233440581070e-02,9.057537023974092660e-01,-3.805447724761252815e-01,-1.500919761642886563e+01,-2.076337547709601772e+00,5.213284194849949316e+00,3.572757893687411013e+01,3.787176065215516019e+01,6.620000000000000107e+00,6.620000000000000107e+00,3.490658503988658956e-01,1.875140180116028343e-01
2.771999999999916309e+00,-1.517517906189308263e+00,-6.122857782380271452e+00,-1.063597087514900963e+01,-4.582596883667260812e+00,-6.228192701439235757e-01,-9.073548146246418256e+00,1.667373809674074503e-01,-8.699221488600020202e-02,9.114686052866718402e-01,-3.658633377562265365e-01,-1.488555233392734500e+01,-2.161626479584308758e+00,5.184763780547567258e+00,3.626925483226906266e+01,3.634591059270766777e+01,6.620000000000000107e+00,6.620000000000000107e+00,3.490658503988658956e-01,1.489931573063814074e-01
2.773999999999916088e+00,-1.526683099956642753e+00,-6.124103420920559593e+00,-1.065411797144150263e+01,-4.598558892435169909e+00,-6.292566007494109215e-01,-9.098942677320987826e+00,1.692881985049833893e-01,-8.552847896227244728e-02,9.168892526825844769e-01,-3.511986381643715793e-01,-1.473674735276506453e+01,-2.239247390501461155e+00,5.155316445186593377e+00,3.674228148830267315e+01,3.482405308680436207e+01,6.620000000000000107e+00,6.620000000000000107e+00,3.490658503988658956e-01,1.112366149155621375e-01
2.775999999999915868e+00,-1.535880217741513176e+00,-6.125361934122058649e+00,-1.067231585679614447e+01,-4.614363337640989826e+00,-6.354483975915680150e-01,-9.124448223708968797e+00,1.718700927491864650e-01,-8.407234636038658782e-02,9.220119522926129019e-01,-3.365805574084898555e-01,-1.456326284202201471e+01,-2.309398748007753799e+00,5.125116642083044738e+00,3.715087392643631148e+01,3.330931811353423200e+01,6.620000000000000107e+00,6.620000000000000107e+00,3.490658503988658956e-01,7.426425658784263639e-02
2.777999999999915648e+00,-1.545108944416795138e+00,-6.126632830917241535e+00,-1.069056475324356192e+01,-4.630022094794970400e+00,-6.414078715070269388e-01,-9.150066180296025919e+00,1.744787749720079217e-01,-8.261714979024402383e-02,9.268347046976426196e-01,-3.220388079297856754e-01,-1.436559855471888092e+01,-2.372282561676801738e+00,5.094337393684995163e+00,3.749904246218367376e+01,3.180469479196516858e+01,6.620000000000000107e+00,6.620000000000000107e+00,3.490658503988658956e-01,3.810193193591948635e-02
2.779999999999915428e+00,-1.554368988606385171e+00,-6.127915646660255788e+00,-1.070886488560415373e+01,-4.645545540314002686e+00,-6.471474600889308704e-01,-9.175799130179090213e+00,1.771101478496867054e-01,-8.115634516325634373e-02,9.313571497902122243e-01,-3.076028327292460451e-01,-1.414427760809780388e+01,-2.428105524083149280e+00,5.063149177277720625e+00,3.779060092785407932e+01,3.031303077429888759e+01,6.620000000000000107e+00,6.620000000000000107e+00,3.490658503988658956e-01,2.780946160916064613e-03
2.781999999999915207e+00,-1.563660079687013260e+00,-6.129209941580433529e+00,-1.072721648386451143e+01,-4.660942732638771346e+00,-6.526786593350084598e-01,-9.201650631451080642e+00,1.797603081453080787e-01,-7.968350572460940195e-02,9.355805041048167459e-01,-2.933017062171939804e-01,-1.389984986448562232e+01,-2.477080042896344647e+00,5.031718862882856413e+00,3.802917742524246592e+01,2.883703158707730196e+01,6.620000000000000107e+00,6.620000000000000107e+00,3.490658503988658956e-01,-3.166250988940610966e-02
2.783999999999914987e+00,-1.572981965152290718e+00,-6.130515298899103627e+00,-1.074561978512741334e+01,-4.676221583023956185e+00,-6.580119104379137385e-01,-9.227625012921253145e+00,1.824255481958356462e-01,-7.819231790447313257e-02,9.395074891888013369e-01,-2.791640351913710072e-01,-1.363289488649147252e+01,-2.519425155570793606e+00,5.000208707384933504e+00,3.821822654649239581e+01,2.737925986648778931e+01,6.620000000000000107e+00,6.620000000000000107e+00,3.490658503988658956e-01,-6.518796818635519408e-02
2.785999999999914767e+00,-1.582334408318338603e+00,-6.131831322719979660e+00,-1.076407503515325637e+01,-4.691389013291956900e+00,-6.631565330690617488e-01,-9.253727180938112085e+00,1.851023562611659734e-01,-7.667657876048092347e-02,9.431422512905039968e-01,-2.652178610252935442e-01,-1.334402444326340387e+01,-2.555367318839981472e+00,4.968775409796195142e+00,3.836104224215612390e+01,2.594213448196385130e+01,6.620000000000000107e+00,6.620000000000000107e+00,3.490658503988658956e-01,-9.775132640065820055e-02
2.787999999999914547e+00,-1.591717186344922430e+00,-6.133157635786117723e+00,-1.078258248951513210e+01,-4.706451099022951112e+00,-6.681206975491068567e-01,-9.279962438873427644e+00,1.877874157927726662e-01,-7.513019488207266228e-02,9.464902727708007779e-01,-2.514905641114773549e-01,-1.303388454820331965e+01,-2.585141066179108993e+00,4.937569233212067310e+00,3.846077070909643680e+01,2.452792957830258302e+01,6.620000000000000107e+00,6.620000000000000107e+00,3.490658503988658956e-01,-1.293055200453472331e-01
2.789999999999914326e+00,-1.601130088542968233e+00,-6.134493877181215638e+00,-1.080114241439287959e+01,-4.721413197496896252e+00,-6.729114292505907757e-01,-9.306336320372849968e+00,1.904776036810076900e-01,-7.354718262704371123e-02,9.495582757721132694e-01,-2.380087715531851722e-01,-1.270315701290784460e+01,-2.608989527580032775e+00,4.906733199406736468e+00,3.852042282547529339e+01,2.313877359257928745e+01,6.620000000000000107e+00,6.620000000000000107e+00,3.490658503988658956e-01,-1.598012176946255192e-01
2.791999999999914106e+00,-1.610572914937961952e+00,-6.135839700039716682e+00,-1.081975508703362543e+01,-4.736280060294638439e+00,-6.775346394192202082e-01,-9.332854437137056536e+00,1.931699875429420121e-01,-7.192166956190328142e-02,9.523541188022225379e-01,-2.247982690336610134e-01,-1.235256050711048204e+01,-2.627164807374445576e+00,4.876402362166269100e+00,3.854288578312466740e+01,2.177664831994330186e+01,6.620000000000000107e+00,6.620000000000000107e+00,3.490658503988658956e-01,-1.891875321332767701e-01
2.793999999999913886e+00,-1.620045475058551121e+00,-6.137194769318555565e+00,-1.083842079590789886e+01,-4.751055930874994004e+00,-6.819951773267989292e-01,-9.359522341732906980e+00,1.958618221165473183e-01,-7.024789698041775110e-02,9.548866870059674605e-01,-2.118839177138799601e-01,-1.198285111995618735e+01,-2.639928217421749768e+00,4.846703165355711107e+00,3.853093366559810562e+01,2.044338811326428385e+01,6.620000000000000107e+00,6.620000000000000107e+00,3.490658503988658956e-01,-2.174127394625517962e-01
2.795999999999913666e+00,-1.629547586920301105e+00,-6.138558759673209408e+00,-1.085713984059136550e+01,-4.765744627725691629e+00,-6.862968992892880538e-01,-9.386345405720845747e+00,1.985505448318248545e-01,-6.852022337894078663e-02,9.571657770032755419e-01,-1.992895769196209310e-01,-1.159482242392204476e+01,-2.647550364713946891e+00,4.817752891372065527e+00,3.848723679862241198e+01,1.914067930661713746e+01,6.620000000000000107e+00,6.620000000000000107e+00,3.490658503988658956e-01,-2.444249975336005853e-01
2.797999999999913445e+00,-1.639079076175752547e+00,-6.139931353471787645e+00,-1.087591253140280756e+01,-4.780349613877846515e+00,-6.904427506118803182e-01,-9.413328713204231590e+00,2.012337706349368038e-01,-6.673312877270326515e-02,9.592019772643888276e-01,-1.870380332775617993e-01,-1.118930504896311540e+01,-2.650311094300395354e+00,4.789659205058285352e+00,3.841436976295646843e+01,1.787005995258772728e+01,6.620000000000000107e+00,6.620000000000000107e+00,3.490658503988658956e-01,-2.701730546327918425e-01
2.799999999999913225e+00,-1.648639775403508256e+00,-6.141312238973011262e+00,-1.089473918882921666e+01,-4.794874053704787364e+00,-6.944348569757287093e-01,-9.440476969745519753e+00,2.039092861472565910e-01,-6.488121974399679859e-02,9.610065450703474399e-01,-1.751509368499115094e-01,-1.076716578084970344e+01,-2.648499290353877544e+00,4.762519797361819407e+00,3.831481801134145826e+01,1.663291995904959464e+01,6.620000000000000107e+00,6.620000000000000107e+00,3.490658503988658956e-01,-2.946069391297012618e-01
2.801999999999913005e+00,-1.658229523510917902e+00,-6.142701108686962286e+00,-1.091362014276870696e+01,-4.809320858016365996e+00,-6.982746221744481341e-01,-9.467794426445260925e+00,2.065750432472728826e-01,-6.295923512093064278e-02,9.625912811668807523e-01,-1.636487446999755069e-01,-1.032930620400065536e+01,-2.642412540135587573e+00,4.736422132037978017e+00,3.819098307400246739e+01,1.543050170301237145e+01,6.620000000000000107e+00,6.620000000000000107e+00,3.490658503988658956e-01,-3.176786208337181172e-01
2.803999999999912784e+00,-1.667848165226950563e+00,-6.144097657931311574e+00,-1.093255573162159777e+01,-4.823692718522560874e+00,-7.019628294577173744e-01,-9.495284818838214846e+00,2.092291521692146439e-01,-6.096205219393521085e-02,9.639684032614145304e-01,-1.525506721994184800e-01,-9.876660915232116977e+00,-2.632356667517624427e+00,4.711443297552144749e+00,3.804518637304607864e+01,1.426390118794327933e+01,6.620000000000000107e+00,6.620000000000000107e+00,3.490658503988658956e-01,-3.393426350957644555e-01
2.805999999999912564e+00,-1.677495550663995694e+00,-6.145501583590227135e+00,-1.095154630125927397e+01,-4.837992132783357491e+00,-7.054997440570511813e-01,-9.522951320124892760e+00,2.118698742178664052e-01,-5.888469338615832938e-02,9.651504195349890347e-01,-1.418746522644485364e-01,-9.417303144507876311e+00,-2.620849198492272603e+00,4.687649965058993118e+00,3.787967169652304023e+01,1.313406979716570078e+01,6.620000000000000107e+00,6.620000000000000107e+00,3.490658503988658956e-01,-3.490658503988658956e-01
2.807999999999912344e+00,-1.687171534929562400e+00,-6.146912583078341541e+00,-1.097059220389952294e+01,-4.852221420790054474e+00,-7.088852147653031954e-01,-9.550796508126897066e+00,2.144973072176135920e-01,-5.672414770274055579e-02,9.661504745393769689e-01,-1.316303035441573344e-01,-8.957817115850820855e+00,-2.609932346373248890e+00,4.665062422699675970e+00,3.769649538220825491e+01,1.204131816111794961e+01,6.620000000000000107e+00,6.620000000000000107e+00,3.490658503988658956e-01,-3.490658503988658956e-01
2.809999999999912124e+00,-1.696875977771142407e+00,-6.148330353507872381e+00,-1.098969379691577686e+01,-4.866382712358341855e+00,-7.121187728055592414e-01,-9.578822452696108769e+00,2.171130211571545288e-01,-5.447900522471369605e-02,9.669817823377279131e-01,-1.218203868844996846e-01,-8.498209924739898113e+00,-2.599598182288779924e+00,4.643666459704546057e+00,3.749750252392784233e+01,1.098543804662240930e+01,6.620000000000000107e+00,6.620000000000000107e+00,3.490658503988658956e-01,-3.490658503988658956e-01
2.811999999999911903e+00,-1.706608743195859201e+00,-6.149754591053483210e+00,-1.100885144182116981e+01,-4.880477940240483647e+00,-7.151997166845449616e-01,-9.607030806986101013e+00,2.197184593701484445e-01,-5.214779900923369876e-02,9.676569698372299300e-01,-1.124472960810133787e-01,-8.038488498020535999e+00,-2.589839207971613266e+00,4.623448651318915914e+00,3.728441760259966031e+01,9.966176282942182496e+00,6.620000000000000107e+00,6.620000000000000107e+00,3.490658503988658956e-01,-3.490658503988658956e-01
2.813999999999911683e+00,-1.716369699076340183e+00,-6.151184990486852300e+00,-1.102806550343514225e+01,-4.894508851731312227e+00,-7.181271850866292050e-01,-9.635422812040902230e+00,2.223149359953072446e-01,-4.972900651480154088e-02,9.681880684390533620e-01,-1.035130874658284905e-01,-7.578659604350214352e+00,-2.580648348298088646e+00,4.604396343360404487e+00,3.705885656466784184e+01,8.983239420964663324e+00,6.620000000000000107e+00,6.620000000000000107e+00,3.490658503988658956e-01,-3.490658503988658956e-01
2.815999999999911463e+00,-1.726158716779802704e+00,-6.152621244857025218e+00,-1.104733634905922379e+01,-4.908477015570981372e+00,-7.209002228862987360e-01,-9.663999306087015739e+00,2.249036334849643937e-01,-4.722105116849765333e-02,9.685865067385267535e-01,-9.501950818574492197e-02,-7.118729864283707798e+00,-2.572018944262269624e+00,4.586497637656189674e+00,3.682233701535464832e+01,8.036298000297426469e+00,6.620000000000000107e+00,6.620000000000000107e+00,3.490658503988658956e-01,-3.490658503988658956e-01
2.817999999999911243e+00,-1.735975670810944615e+00,-6.154063045302797796e+00,-1.106666434767139862e+01,-4.922383825167633731e+00,-7.235178405305890958e-01,-9.692760737745604871e+00,2.274856001509077685e-01,-4.462230408706739648e-02,9.688631041858403181e-01,-8.696802314253287980e-02,-6.658705760022376019e+00,-2.563944746375246275e+00,4.569741378342749627e+00,3.657628679497015156e+01,7.124990491028975192e+00,6.620000000000000107e+00,6.620000000000000107e+00,3.490658503988658956e-01,-3.490658503988658956e-01
2.819999999999911022e+00,-1.745820438461279878e+00,-6.155510080983859211e+00,-1.108604986914689050e+01,-4.936230499017846718e+00,-7.259790670833161652e-01,-9.721707182473625863e+00,2.300617477373817499e-01,-4.193108596391516285e-02,9.690280656216910815e-01,-7.935984057060371799e-02,-6.198593644850839190e+00,-2.556419908480276781e+00,4.554117139011695237e+00,3.632205116778811060e+01,6.248926963493254050e+00,6.620000000000000107e+00,6.620000000000000107e+00,3.490658503988658956e-01,-3.490658503988658956e-01
2.821999999999910802e+00,-1.755692899459315504e+00,-6.156962039118026198e+00,-1.110549328351183718e+01,-4.950018079080614086e+00,-7.282829972520764583e-01,-9.750838361620777661e+00,2.326328490122863413e-01,-3.914566913428491751e-02,9.690909766065357589e-01,-7.219593623083447875e-02,-5.738399752283437572e+00,-2.549438981974982532e+00,4.539615210686280378e+00,3.606089882057759155e+01,5.407692528218785988e+00,6.620000000000000107e+00,6.620000000000000107e+00,3.490658503988658956e-01,-3.490658503988658956e-01
2.823999999999910582e+00,-1.765592935617476655e+00,-6.158418605112530031e+00,-1.112499496023507817e+01,-4.963747427756969088e+00,-7.304288327398704705e-01,-9.780153663556294674e+00,2.351995353687348911e-01,-3.626427983112488068e-02,9.690607994664817149e-01,-6.547707620262532835e-02,-5.278130204941984260e+00,-2.542996910432363755e+00,4.526226590614158773e+00,3.579402684063517626e+01,4.600850578932968560e+00,6.620000000000000107e+00,6.620000000000000107e+00,3.490658503988658956e-01,-3.490658503988658956e-01
2.825999999999910361e+00,-1.775520430472990574e+00,-6.159879462778009795e+00,-1.114455526756219150e+01,-4.977419224038405865e+00,-7.324159182778131605e-01,-9.809652166378292293e+00,2.377622944302708596e-01,-3.328510064435187543e-02,9.689458699833143340e-01,-5.920383825924253884e-02,-4.817791023185503896e+00,-2.537089024612930732e+00,4.513942971862915599e+00,3.552256482016278483e+01,3.827945863707328478e+00,6.620000000000000107e+00,6.620000000000000107e+00,3.490658503988658956e-01,-3.490658503988658956e-01
2.827999999999910141e+00,-1.785475268921067338e+00,-6.161344294614565342e+00,-1.116417457189494833e+01,-4.991033959309969958e+00,-7.342437727049665463e-01,-9.839332661770264110e+00,2.403214676541940986e-01,-3.020627319644544895e-02,9.687538946607082702e-01,-5.337663181416874708e-02,-4.357388133511900463e+00,-2.531711037860779445e+00,4.502756733705852277e+00,3.524757821431740012e+01,3.088507402815372949e+00,6.620000000000000107e+00,6.620000000000000107e+00,3.490658503988658956e-01,-3.490658503988658956e-01
2.829999999999909921e+00,-1.795457336839687335e+00,-6.162812782159975633e+00,-1.118385323721848934e+01,-5.004591933226085310e+00,-7.359121154666231623e-01,-9.869193679616063974e+00,2.428772479286047115e-01,-2.702590104751132968e-02,9.684919485032934539e-01,-4.799571642856649556e-02,-3.896927376750816574e+00,-2.526859041876967193e+00,4.492660932786436412e+00,3.497007106360169360e+01,2.382051266427755110e+00,6.620000000000000107e+00,6.620000000000000107e+00,3.490658503988658956e-01,-3.490658503988658956e-01
2.831999999999909701e+00,-1.805466520706139555e+00,-6.164284606390908472e+00,-1.120359162457772229e+01,-5.018093250017012785e+00,-7.374208889038320613e-01,-9.899233513027251519e+00,2.454296771599429883e-01,-2.374205284315575315e-02,9.681664732499312143e-01,-4.306121887207858129e-02,-3.436414516066304436e+00,-2.522529502864062412e+00,4.483649295050747163e+00,3.469098817696541914e+01,1.708083220726851259e+00,6.620000000000000107e+00,6.620000000000000107e+00,3.490658503988658956e-01,-3.490658503988658956e-01
2.833999999999909480e+00,-1.815502707206173572e+00,-6.165759448168715906e+00,-1.122339009160377721e+01,-5.031537815530008118e+00,-7.387702767048529573e-01,-9.929450243475976379e+00,2.479786438489820499e-01,-2.035276571870461501e-02,9.677832760072838658e-01,-3.857314873105936043e-02,-2.975855244787369625e+00,-2.518719258036250963e+00,4.475716208438146104e+00,3.441121685963817356e+01,1.066101247252171369e+00,6.620000000000000107e+00,6.620000000000000107e+00,3.490658503988658956e-01,-3.490658503988658956e-01
2.835999999999909260e+00,-1.825565782837233586e+00,-6.167236988722125446e+00,-1.124324899209072903e+01,-5.044925335260794341e+00,-7.399607188837085125e-01,-9.959841765763188803e+00,2.505238806544217711e-01,-1.685604897348139813e-02,9.673475282345355142e-01,-3.453141255997468906e-02,-2.515255194083926060e+00,-2.515425512489898985e+00,4.468856716321318423e+00,3.413158825898779014e+01,4.555979371815533363e-01,6.620000000000000107e+00,6.620000000000000107e+00,3.490658503988658956e-01,-3.490658503988658956e-01
2.837999999999909040e+00,-1.835655633507755180e+00,-6.168716910159893096e+00,-1.126316867562225532e+01,-5.058255313587103785e+00,-7.409929236421997079e-01,-9.990405812586390155e+00,2.530649619444379494e-01,-1.324988802902284622e-02,9.668637650349273249e-01,-3.093582657314444470e-02,-2.054619940505237885e+00,-2.512645836429968416e+00,4.463066511687690863e+00,3.385287839233065910e+01,-1.239372402788172650e-01,6.620000000000000107e+00,6.620000000000000107e+00,3.490658503988658956e-01,-3.490658503988658956e-01
2.839999999999908820e+00,-1.845772144134929293e+00,-6.170198896007177858e+00,-1.128314948724742806e+01,-5.071527054376323562e+00,-7.418678764597846920e-01,-1.002113997850362104e+01,2.556013013377573251e-01,-9.532248685257546997e-03,9.663358847145994135e-01,-2.778612787525048741e-02,-1.593955013397512221e+00,-2.510378162748184039e+00,4.458341932055123635e+00,3.357580891240192500e+01,-6.730157982549790363e-01,6.620000000000000107e+00,6.620000000000000107e+00,3.490658503988658956e-01,-3.490658503988658956e-01
2.841999999999908599e+00,-1.855915198243681896e+00,-6.171682631760097237e+00,-1.130319176720443508e+01,-5.084739663103257534e+00,-7.425868467407512608e-01,-1.005204174312118326e+01,2.581321492370612924e-01,-5.701081688797384785e-03,9.657671485740824124e-01,-2.508198423011454015e-02,-1.133265902216943566e+00,-2.508620784949348703e+00,4.454679955115635970e+00,3.330104765895642061e+01,-1.192148225772829750e+00,6.620000000000000107e+00,6.620000000000000107e+00,3.490658503988658956e-01,-3.490658503988658956e-01
2.843999999999908379e+00,-1.866084677569888495e+00,-6.173167805453578794e+00,-1.132329585069067690e+01,-5.097892050581434020e+00,-7.431513923303398883e-01,-1.008310849336178272e+01,2.606565903587669264e-01,-1.754327627590640233e-03,9.651601809026408851e-01,-2.282300236818539385e-02,-6.725580637542019069e-01,-2.507372355422690990e+00,4.452078195101767832e+00,3.302920903858333190e+01,-1.681842120206193503e+00,6.620000000000000107e+00,6.620000000000000107e+00,3.490658503988658956e-01,-3.490658503988658956e-01
2.845999999999908159e+00,-1.876280461671051336e+00,-6.174654108238239125e+00,-1.134346206767740028e+01,-5.110982938382049312e+00,-7.435633621911624802e-01,-1.011433754469737067e+01,2.631735412645002103e-01,2.310077833744749679e-03,9.645169691505587339e-01,-2.100873483398340430e-02,-2.118369292860807773e-01,-2.506631884055623427e+00,4.450534899871061434e+00,3.276085426917293830e+01,-2.142600465164156809e+00,6.620000000000000107e+00,6.620000000000000107e+00,3.490658503988658956e-01,-3.490658503988658956e-01
2.847999999999907939e+00,-1.886502427547815497e+00,-6.176141234962621240e+00,-1.136369074276679569e+01,-5.124010865988342545e+00,-7.438248975087118353e-01,-1.014572616125708038e+01,2.656817479008474203e-01,6.494198363553829907e-03,9.638388642593165301e-01,-1.963868537545171086e-02,2.488920883301873332e-01,-2.506398737187773396e+00,4.450048948704953489e+00,3.249649152048972667e+01,-2.574920060973221236e+00,6.620000000000000107e+00,6.620000000000000107e+00,3.490658503988658956e-01,-3.490658503988658956e-01
2.849999999999907718e+00,-1.896750449279792194e+00,-6.177628884757639049e+00,-1.138398219508930964e+01,-5.136974199709769984e+00,-7.439384314703350043e-01,-1.017727157474509347e+01,2.681797831552744649e-01,1.080009100339163024e-02,9.631265811345218752e-01,-1.871231287778033631e-02,7.096235876046244062e-01,-2.506672636903634732e+00,4.450619850819235168e+00,3.223657597791403617e+01,-2.979290115256277183e+00,6.620000000000000107e+00,6.620000000000000107e+00,3.490658503988658956e-01,-3.490658503988658956e-01
2.851999999999907498e+00,-1.907024397679211836e+00,-6.179116761620579545e+00,-1.140433673823880056e+01,-5.149871143359692205e+00,-7.439066879361474482e-01,-1.020897100212615882e+01,2.706660444374060503e-01,1.522979982457876164e-02,9.623801992513124626e-01,-1.822903384481897732e-02,1.170352171389008156e+00,-2.507453660662671169e+00,4.452247744584067135e+00,3.198150985256130241e+01,-3.356191001241203509e+00,6.620000000000000107e+00,6.620000000000000107e+00,3.490658503988658956e-01,-3.490658503988658956e-01
2.853999999999907278e+00,-1.917324139965931318e+00,-6.180604574996451994e+00,-1.142475468024305307e+01,-5.162699750682143929e+00,-7.437326791934159020e-01,-1.024082166205767308e+01,2.731387512961911956e-01,1.978534918685365823e-02,9.615991633868605781e-01,-1.818822343169992223e-02,1.631072439863069157e+00,-2.508742241266179285e+00,4.454933397452353283e+00,3.173164235762705232e+01,-3.706093191377690221e+00,6.620000000000000107e+00,6.620000000000000107e+00,3.490658503988658956e-01,-3.490658503988658956e-01
2.855999999999907057e+00,-1.927649539467295670e+00,-6.182092040354838502e+00,-1.144523632356716902e+01,-5.175457939497543514e+00,-7.434197029583923255e-01,-1.027282079006667814e+01,2.755959430848203828e-01,2.446873658505667806e-02,9.607822844794675632e-01,-1.858921503277170470e-02,2.091778983517311730e+00,-2.510539167160710239e+00,4.458678206596126792e+00,3.148726966789809012e+01,-4.029456373630081245e+00,6.620000000000000107e+00,6.620000000000000107e+00,3.490658503988658956e-01,-3.490658503988658956e-01
2.857999999999906837e+00,-1.938000455346290840e+00,-6.183578879760755598e+00,-1.146578196514730230e+01,-5.188143507523623299e+00,-7.429713387618729348e-01,-1.030496565248781593e+01,2.780354766866219296e-01,2.928192506998752304e-02,9.599277406186288442e-01,-1.943129842941917346e-02,2.552466376117379365e+00,-2.512845583078317624e+00,4.463484200251423673e+00,3.124863487688334729e+01,-4.326728757470980291e+00,6.620000000000000107e+00,6.620000000000000107e+00,3.490658503988658956e-01,-3.490658503988658956e-01
2.859999999999906617e+00,-1.948376742361338065e+00,-6.185064822438278931e+00,-1.148639189645227709e+01,-5.200754149816311234e+00,-7.423914438273389038e-01,-1.033725355919412969e+01,2.804550243165367385e-01,3.422683522984838050e-02,9.590330781753044764e-01,-2.071371650283502369e-02,3.013129167634847505e+00,-2.515662991014385064e+00,4.469354039772937881e+00,3.101592796391628681e+01,-4.598346576147902987e+00,6.620000000000000107e+00,6.620000000000000107e+00,3.490658503988658956e-01,-3.490658503988658956e-01
2.861999999999906397e+00,-1.958778250660970777e+00,-6.186549605325933676e+00,-1.150706640357066490e+01,-5.213287477765454980e+00,-7.416841485238157006e-01,-1.036968187516657913e+01,2.828520714141617987e-01,3.930533671902732007e-02,9.580952130865036942e-01,-2.243566051733281511e-02,3.473761877129224906e+00,-2.518993251544271228e+00,4.476291022400605613e+00,3.078928578183734643e+01,-4.844733791252282096e+00,6.620000000000000107e+00,6.620000000000000107e+00,3.490658503988658956e-01,-3.490658503988658956e-01
2.863999999999906176e+00,-1.969204825616501786e+00,-6.188032973622981103e+00,-1.152780576732099860e+01,-5.225741039572035618e+00,-7.408538514499580785e-01,-1.040224803096026207e+01,2.852239146457469232e-01,4.451923932139503076e-02,9.571104323131202074e-01,-2.459626398037054532e-02,3.934358985565816536e+00,-2.522838585480481566e+00,4.484299084741072861e+00,3.056879207444886148e+01,-5.066302005004103215e+00,6.620000000000000107e+00,6.620000000000000107e+00,3.490658503988658956e-01,-3.490658503988658956e-01
2.865999999999905956e+00,-1.979656307695645934e+00,-6.189514681325881007e+00,-1.154861026338291907e+01,-5.238112342126560073e+00,-7.399052141816648831e-01,-1.043494953213545529e+01,2.875676600339462929e-01,4.987028353579146117e-02,9.560743954948083267e-01,-2.719459508610832729e-02,4.394914928553919964e+00,-2.527201575872572104e+00,4.493382806967855636e+00,3.035447753181655273e+01,-5.263450584990616576e+00,6.620000000000000107e+00,6.620000000000000107e+00,3.490658503988658956e-01,-3.490658503988658956e-01
2.867999999999905736e+00,-1.990132532379899066e+00,-6.190994491754244322e+00,-1.156948016244719035e+01,-5.250398874202521604e+00,-7.388431556930413757e-01,-1.046778396772983832e+01,2.898802212355376939e-01,5.536013067197148585e-02,9.549821368304878266e-01,-3.022964775007164553e-02,4.855424088989593656e+00,-2.532085170352460946e+00,4.503547417744830028e+00,3.014631989064327300e+01,-5.436567005376177875e+00,6.620000000000000107e+00,6.620000000000000107e+00,3.490658503988658956e-01,-3.490658503988658956e-01
2.869999999999905516e+00,-2.000633330128303911e+00,-6.192472178065630217e+00,-1.159041573038265049e+01,-5.262598130873945124e+00,-7.376728464399763263e-01,-1.050074901785449732e+01,2.921583179887514148e-01,6.099035244597009187e-02,9.538280672178756081e-01,-3.370033124335389263e-02,5.315880789586980626e+00,-2.537492683828324935e+00,4.514798799878544600e+00,2.994424408633108925e+01,-5.586027407842489190e+00,6.620000000000000107e+00,6.620000000000000107e+00,3.490658503988658956e-01,-3.490658503988658956e-01
2.871999999999905295e+00,-2.011158526390051993e+00,-6.193947523758509988e+00,-1.161141722841835922e+01,-5.274707639061944953e+00,-7.363997020771436697e-01,-1.053384246050055673e+01,2.943984747532726320e-01,6.676242006464266909e-02,9.526059766902016390e-01,-3.760545843578642911e-02,5.776279285281829878e+00,-2.543427801530735888e+00,4.527143496705686943e+00,2.974812246295086382e+01,-5.712197384732098371e+00,6.620000000000000107e+00,6.620000000000000107e+00,3.490658503988658956e-01,-3.490658503988658956e-01
2.873999999999905075e+00,-2.021707941668176023e+00,-6.195420323162664111e+00,-1.163248491333935952e+01,-5.286724984111768499e+00,-7.350293767629472175e-01,-1.056706217764555156e+01,2.965970195674068055e-01,7.267769279004357430e-02,9.513090371930180700e-01,-4.194373265865157518e-02,6.236613755490508559e+00,-2.549894582415192179e+00,4.540588719222907521e+00,2.955777504712377279e+01,-5.815432986059422937e+00,6.620000000000000107e+00,6.620000000000000107e+00,3.490658503988658956e-01,-3.490658503988658956e-01
2.875999999999904855e+00,-2.032281391636399537e+00,-6.196890381916190016e+00,-1.165361903769465002e+01,-5.298647837298855912e+00,-7.335677559927900049e-01,-1.060040616074886977e+01,2.987500831483150820e-01,7.873740597533303298e-02,9.499298057487083335e-01,-4.671373319883137532e-02,6.696878296207370518e+00,-2.556897462925691311e+00,4.555142353967061908e+00,2.937296989176044448e+01,-5.896081951227059470e+00,6.620000000000000107e+00,6.620000000000000107e+00,3.490658503988658956e-01,-3.490658503988658956e-01
2.877999999999904635e+00,-2.042878687310997421e+00,-6.198357517428175534e+00,-1.167481985001614753e+01,-5.310473984159901129e+00,-7.320209488889759530e-01,-1.063387251572378389e+01,3.008535982626367455e-01,8.494265856505724133e-02,9.484602280609804037e-01,-5.191389943779240596e-02,7.144963752182743377e+00,-2.568194321468783237e+00,4.570812971654809154e+00,2.919342349567626371e+01,-5.954485165443935024e+00,6.620000000000000107e+00,6.620000000000000107e+00,3.490658503988658956e-01,-3.312021107270208264e-01
2.879999999999904414e+00,-2.053499635279317115e+00,-6.199821559325953579e+00,-1.169608759504759554e+01,-5.322201353542705071e+00,-7.303952798653483569e-01,-1.066745946746981488e+01,3.029079102160811554e-01,9.129057111107331812e-02,9.468912146640116045e-01,-5.753135794376511986e-02,7.575092008074936878e+00,-2.585560670685473017e+00,4.587605972424532830e+00,2.901825049059845796e+01,-5.991657826266695075e+00,6.620000000000000107e+00,6.620000000000000107e+00,3.490658503988658956e-01,-3.048469760968587905e-01
2.881999999999904194e+00,-2.064144037986402669e+00,-6.201282349885683942e+00,-1.171742251398253565e+01,-5.333828065339364599e+00,-7.286971753162445609e-01,-1.070116565154411070e+01,3.049155757208159012e-01,9.777617843945861364e-02,9.452131931478211513e-01,-6.354785686329607330e-02,7.986725896355102883e+00,-2.609137680540999593e+00,4.605530307001276746e+00,2.884626590447723160e+01,-6.008932899844706021e+00,6.620000000000000107e+00,6.620000000000000107e+00,3.490658503988658956e-01,-2.777494974361284230e-01
2.883999999999903974e+00,-2.074811694117081551e+00,-6.202739744236316355e+00,-1.173882484528562387e+01,-5.345352462078458267e+00,-7.269331008919864834e-01,-1.073499024837370008e+01,3.068794407139349700e-01,1.043940665575451010e-01,9.434164711690411487e-01,-6.994461853234497373e-02,8.379374575548565574e+00,-2.639051342063804650e+00,4.624600986751915777e+00,2.867623690581225304e+01,-6.007672195710391350e+00,6.620000000000000107e+00,6.620000000000000107e+00,3.490658503988658956e-01,-2.499797351870322037e-01
2.885999999999903753e+00,-2.085502399041238686e+00,-6.204193610438100137e+00,-1.176029482578237051e+01,-5.356773127666001777e+00,-7.251095430338169168e-01,-1.076893298847465630e+01,3.088026559224907319e-01,1.111383845777182688e-01,9.414913293953072193e-01,-7.670238485293695563e-02,8.752594265362866111e+00,-2.675412268898269108e+00,4.644838625569539303e+00,2.850689335492121756e+01,-5.989268619156759677e+00,6.620000000000000107e+00,6.620000000000000107e+00,3.490658503988658956e-01,-2.216088323625100276e-01
2.887999999999903533e+00,-2.096215945296570737e+00,-6.205643829524167820e+00,-1.178183269175931969e+01,-5.368088902595469669e+00,-7.232329917733150149e-01,-1.080299415497843007e+01,3.106886908052560181e-01,1.180028586615834429e-01,9.394281117664952108e-01,-8.380146523926547408e-02,9.105989010100495662e+00,-2.718315492111354814e+00,4.666268908647373870e+00,2.833693830615526821e+01,-5.955148007931631682e+00,6.620000000000000107e+00,6.620000000000000107e+00,3.490658503988658956e-01,-1.927090556208772565e-01
2.889999999999903313e+00,-2.106952123101761831e+00,-6.207090295507714295e+00,-1.180343868006927721e+01,-5.379298895543174197e+00,-7.213099246472196580e-01,-1.083717458333707917e+01,3.125413455408114771e-01,1.249808079597530541e-01,9.372173123097303771e-01,-9.122178728895732891e-02,9.415698599175630790e+00,-2.760549160612947528e+00,4.688921994906977808e+00,2.816505837626740316e+01,-5.906770458517892841e+00,6.620000000000000107e+00,6.620000000000000107e+00,3.143618772932596506e-01,-1.633538297360749292e-01
2.891999999999903093e+00,-2.117710720892848286e+00,-6.208532915357008797e+00,-1.182511302923595053e+01,-5.390402491297932919e+00,-7.193467915506913668e-01,-1.087147565806122529e+01,3.143609423044922413e-01,1.320585111894608255e-01,9.348543072100916618e-01,-9.892002763138674215e-02,9.679346419311409377e+00,-2.802177778344038472e+00,4.712709474587635228e+00,2.799053867678463803e+01,-5.846893221269680474e+00,6.620000000000000107e+00,6.620000000000000107e+00,2.781640441785631079e-01,-1.319880563914457294e-01
2.893999999999902872e+00,-2.128491525875443990e+00,-6.209971608940110244e+00,-1.184685598055207301e+01,-5.401399324949974101e+00,-7.173497291598295300e-01,-1.090589895193248893e+01,3.161489501836038940e-01,1.392212107426488432e-01,9.323358901169053192e-01,-1.068507546864972818e-01,9.900562508696051367e+00,-2.845068167274521720e+00,4.737531779992394831e+00,2.781268213037529691e+01,-5.778371828227776064e+00,6.620000000000000107e+00,6.620000000000000107e+00,2.492027566223375401e-01,-9.874715652086936413e-02
2.895999999999902652e+00,-2.139294324525343960e+00,-6.211406308398429665e+00,-1.186866777845593823e+01,-5.412289256110019764e+00,-7.153245114101312030e-01,-1.094044622513897558e+01,3.179089154024228314e-01,1.464548226185040380e-01,9.296592208545754188e-01,-1.149723424111279146e-01,1.008275446211296611e+01,-2.890790294704902674e+00,4.763310001026971996e+00,2.763067457778629077e+01,-5.703836639223875515e+00,6.620000000000000107e+00,6.620000000000000107e+00,2.266062709521161067e-01,-6.418861888809727911e-02
2.897999999999902432e+00,-2.150118903037563811e+00,-6.212836957421250084e+00,-1.189054867090621670e+01,-5.423072344854189986e+00,-7.132765716547508905e-01,-1.097511950757816912e+01,3.196461370949270075e-01,1.537459129894824528e-01,9.268218690554121952e-01,-1.232467619045372609e-01,1.022911054477508586e+01,-2.940644221740039033e+00,4.789984494169637230e+00,2.744361885891613539e+01,-5.625713029213025074e+00,6.620000000000000107e+00,6.620000000000000107e+00,2.095688216053518960e-01,-2.880663035367332647e-02
2.899999999999902212e+00,-2.160965047727272381e+00,-6.214263510564559390e+00,-1.191249890992137317e+01,-5.433748826151419742e+00,-7.112110258477972735e-01,-1.100992116150158395e+01,3.213673680505142460e-01,1.610816747785296099e-01,9.238218360448122723e-01,-1.316393711988216308e-01,1.034260476554842967e+01,-2.995685747133908894e+00,4.817512880377512907e+00,2.725056368656266415e+01,-5.546240077660340440e+00,6.620000000000000107e+00,6.620000000000000107e+00,1.973490122762227017e-01,6.963249754821904114e-03
2.901999999999901991e+00,-2.171832545379575041e+00,-6.215685932616255016e+00,-1.193451875224437586e+01,-5.444319083472488607e+00,-7.091326959436163868e-01,-1.104485392666290977e+01,3.230805403510687013e-01,1.684499041911360351e-01,9.206575599107099661e-01,-1.401187054026556411e-01,1.042600343799748330e+01,-3.056750670624701183e+00,4.845867679739065181e+00,2.705052799639561911e+01,-5.467487638913774539e+00,6.620000000000000107e+00,6.620000000000000107e+00,1.892676808336615224e-01,4.273960055434901373e-02
2.903999999999901771e+00,-2.182721183546520116e+00,-6.217104198008142291e+00,-1.195660846009770140e+01,-5.454783622058646309e+00,-7.070461327194834666e-01,-1.107992094993519849e+01,3.247945154921657585e-01,1.758389771792603362e-01,9.173279078411159526e-01,-1.486562689784799718e-01,1.048187284041855705e+01,-3.124477631987788495e+00,4.875033774105050455e+00,2.684252136778587428e+01,-5.391371759849335810e+00,6.620000000000000107e+00,6.620000000000000107e+00,1.847053744907136696e-01,7.819084741411225226e-02
2.905999999999901551e+00,-2.193630750790637407e+00,-6.218518290273581606e+00,-1.197876830199757237e+01,-5.465143042135765405e+00,-7.049556372929257630e-01,-1.111512580119078564e+01,3.265188583222313756e-01,1.832378258398442705e-01,9.138321590906278713e-01,-1.572263316152697488e-01,1.051258765650024252e+01,-3.199329507804348882e+00,4.905005841699695779e+00,2.662556103065768198e+01,-5.319668472917530977e+00,6.620000000000000107e+00,6.620000000000000107e+00,1.830995472628685061e-01,1.130311727751529133e-01
2.907999999999901330e+00,-2.204561036874908897e+00,-6.219928201548167834e+00,-1.200099855359995438e+01,-5.475398012200050069e+00,-7.028652807017244930e-01,-1.115047247708611344e+01,3.282636339312728913e-01,1.906359147698374612e-01,9.101699813239716441e-01,-1.658057288962702103e-01,1.052033993782336374e+01,-3.281613368450902346e+00,4.935785868830400602e+00,2.639868590343392185e+01,-5.254026034683108470e+00,6.620000000000000107e+00,6.620000000000000107e+00,1.839415711186920543e-01,1.470166322277052517e-01
2.909999999999901110e+00,-2.215511832899308864e+00,-6.221333932109571307e+00,-1.202329949855412572e+01,-5.485549242374790246e+00,-7.007789210329384844e-01,-1.118596539425839254e+01,3.300392264667726949e-01,1.980232174135593270e-01,9.063414025674406682e-01,-1.743736687418171449e-01,1.050714837942356006e+01,-3.371499013979142312e+00,4.967380812255328237e+00,2.616096804594247871e+01,-5.195975706668916061e+00,6.620000000000000107e+00,6.620000000000000107e+00,1.867736349297975107e-01,1.799414754061621491e-01
2.911999999999900890e+00,-2.226482931384058617e+00,-6.222735489951637611e+00,-1.204567142934264190e+01,-5.495597457744338499e+00,-6.987002177176439011e-01,-1.122160937331821096e+01,3.318561787410233554e-01,2.053901924479735464e-01,9.023467805642111372e-01,-1.829115444224162501e-01,1.047486774135487941e+01,-3.469036120153997871e+00,4.999800460540010150e+00,2.591152185815145970e+01,-5.146941190556091783e+00,6.620000000000000107e+00,6.620000000000000107e+00,1.911855909160670441e-01,2.116346694242276227e-01
2.913999999999900670e+00,-2.237474126299547450e+00,-6.224132890387072514e+00,-1.206811464808927781e+01,-5.505543371510055017e+00,-6.966326427427744772e-01,-1.125740961490858894e+01,3.337250514151332004e-01,2.127277602580021354e-01,8.981867709649145048e-01,-1.914027547795515982e-01,1.042519828378237179e+01,-3.574170035602968198e+00,5.033055522903249646e+00,2.564951131000060158e+01,-5.108246836583947292e+00,6.620000000000000107e+00,6.620000000000000107e+00,1.968117963360898615e-01,2.419566213350187733e-01
2.915999999999900449e+00,-2.248485213042567654e+00,-6.225526155672557849e+00,-1.209062946731909527e+01,-5.515387657781190889e+00,-6.945794886641353250e-01,-1.129337166899380307e+01,3.356563004946365170e-01,2.200272795581549867e-01,8.938622954799619880e-01,-1.998325321557648804e-01,1.035969511165391665e+01,-3.686756278343331861e+00,5.067155958765246382e+00,2.537415544856298411e+01,-5.081124744735167731e+00,6.620000000000000107e+00,6.620000000000000107e+00,2.033279883116184406e-01,2.707960952782029196e-01
2.917999999999900229e+00,-2.259515988358129945e+00,-6.226915314649885680e+00,-1.211321621065708243e+01,-5.525130923808768024e+00,-6.925438734301843091e-01,-1.132950139843866566e+01,3.376601718453832723e-01,2.272805242191307251e-01,8.893745108657706844e-01,-2.081877784172129209e-01,1.027977734839811141e+01,-3.806573785342585836e+00,5.102109549701189906e+00,2.508473239549779166e+01,-5.066720874867885804e+00,6.620000000000000107e+00,6.620000000000000107e+00,2.104482215615672835e-01,2.980673194344983790e-01
2.919999999999900009e+00,-2.270566250205747316e+00,-6.228300402396746094e+00,-1.213587521345395892e+01,-5.534773681489086883e+00,-6.905287421403720760e-01,-1.136580493783944767e+01,3.397466114321285868e-01,2.344796603591259299e-01,8.847247794053112457e-01,-2.164569093479771777e-01,1.018673707719258559e+01,-3.933336972597031078e+00,5.137920707096025552e+00,2.478058201948654116e+01,-5.066100275813757214e+00,6.620000000000000107e+00,6.620000000000000107e+00,2.179218921619574811e-01,3.237072775505621669e-01
2.921999999999899789e+00,-2.281635797568725366e+00,-6.229681459881026839e+00,-1.215860682332963805e+01,-5.544316318002013411e+00,-6.885368659614689024e-01,-1.140228864847054702e+01,3.419251899925743743e-01,2.416172237597338512e-01,8.799146413676500744e-01,-2.246297076034694806e-01,1.008174800386280623e+01,-4.066706665780959185e+00,5.174589502903226723e+00,2.446110744439261708e+01,-5.080251535700778476e+00,6.620000000000000107e+00,6.620000000000000107e+00,2.255308649910085228e-01,3.476731795562418847e-01
2.923999999999899568e+00,-2.292724430204729380e+00,-6.231058533612949368e+00,-1.218141140062657968e+01,-5.553354011136898194e+00,-6.868917441293080905e-01,-1.143903121779724330e+01,3.442050408835841679e-01,2.486860976657641886e-01,8.749457897856731670e-01,-2.326971843285360331e-01,9.980016672286156520e+00,-4.198975275852821376e+00,5.212110907027575735e+00,2.412809349469720743e+01,-5.110075633271030426e+00,6.620000000000000107e+00,6.620000000000000107e+00,2.330867180493119695e-01,3.490658503988658956e-01
2.925999999999899348e+00,-2.303831138227003361e+00,-6.232432317101207708e+00,-1.220428946306217455e+01,-5.561348610428080264e+00,-6.860716864504252666e-01,-1.147613097342743238e+01,3.465848465389240185e-01,2.556860348441171160e-01,8.698191821212815089e-01,-2.406619748717037377e-01,9.881611200670938899e+00,-4.325577237245064488e+00,5.250461755871771885e+00,2.378522391462755436e+01,-5.155677201007043742e+00,6.620000000000000107e+00,6.620000000000000107e+00,2.393628186346608289e-01,3.490658503988658956e-01
2.927999999999899128e+00,-2.314953835447859376e+00,-6.233804460474108744e+00,-1.222724172500902995e+01,-5.568311039061561551e+00,-6.861393886474188575e-01,-1.151358027259075989e+01,3.490591949728394372e-01,2.626179040786801311e-01,8.645371931077795447e-01,-2.485255652756001299e-01,9.786142948503650629e+00,-4.446331579616884078e+00,5.289579358447058510e+00,2.343359165548041290e+01,-5.217088400049394892e+00,6.620000000000000107e+00,6.620000000000000107e+00,2.450389404899852575e-01,3.490658503988658956e-01
2.929999999999898908e+00,-2.326090457525982647e+00,-6.235176739251403255e+00,-1.225026888555421145e+01,-5.574260639718856325e+00,-6.871531492345155367e-01,-1.155137399314392965e+01,3.516225621490917663e-01,2.694825211631977635e-01,8.591022690788865379e-01,-2.562889694051295741e-01,9.693309800289030775e+00,-4.561133232241614266e+00,5.329400508500295786e+00,2.307427191133100308e+01,-5.294327865092800955e+00,6.620000000000000107e+00,6.620000000000000107e+00,2.502402365375536730e-01,3.490658503988658956e-01
2.931999999999898687e+00,-2.337238978805420420e+00,-6.236551045549872718e+00,-1.227337163354049920e+01,-5.579221014523408684e+00,-6.891666379282832544e-01,-1.158950079856955284e+01,3.542693721779140437e-01,2.762806631374076227e-01,8.535169076479620642e-01,-2.639528281191183545e-01,9.602879732651514288e+00,-4.669934410863883834e+00,5.369862313065699944e+00,2.270831532834996125e+01,-5.387400904643072863e+00,6.620000000000000107e+00,6.620000000000000107e+00,2.550681189471518118e-01,3.490658503988658956e-01
2.933999999999898467e+00,-2.348397420834467120e+00,-6.237929378825729287e+00,-1.229655063513763835e+01,-5.583220898088076645e+00,-6.922285333087698778e-01,-1.162794657730061765e+01,3.569940415221442009e-01,2.830130804304628600e-01,8.477836419294300097e-01,-2.715174894915940440e-01,9.514677663622888915e+00,-4.772743151399667205e+00,5.410902815349646566e+00,2.233674315209704275e+01,-5.496295550048574619e+00,6.620000000000000107e+00,6.620000000000000107e+00,2.596049758426783871e-01,3.490658503988658956e-01
2.935999999999898247e+00,-2.359563862630643438e+00,-6.239313835892346560e+00,-1.231980652829223999e+01,-5.586293867699986926e+00,-6.963822854904064830e-01,-1.166669522493808131e+01,3.597910219326678760e-01,2.896805038583790126e-01,8.419050235852186814e-01,-2.789830774132627811e-01,9.428573673373451314e+00,-4.869619979101639906e+00,5.452461571405770258e+00,2.196054258567880524e+01,-5.620980647018442689e+00,6.620000000000000107e+00,6.620000000000000107e+00,2.639162118040656591e-01,3.490658503988658956e-01
2.937999999999898026e+00,-2.370736450366043524e+00,-6.240706600463327369e+00,-1.234313991874211602e+01,-5.588477586049771517e+00,-7.016659690022826190e-01,-1.170572833236469812e+01,3.626548406682562620e-01,2.962836473994708841e-01,8.358836057781933171e-01,-2.863495493532220992e-01,9.344472623430140956e+00,-4.960670673183275703e+00,5.494480160561059812e+00,2.158066256109490411e+01,-5.761405223994631619e+00,6.620000000000000107e+00,6.620000000000000107e+00,2.680523122919377110e-01,3.490658503988658956e-01
2.939999999999897806e+00,-2.381913405538143014e+00,-6.242109932401332273e+00,-1.236655137540684457e+01,-5.589812979542372773e+00,-7.081122082377635518e-01,-1.174502470666909737e+01,3.655801348390846917e-01,3.028232083483162196e-01,8.297219278076010118e-01,-2.936167434120658393e-01,9.262305377695454922e+00,-5.046041727831283019e+00,5.536902595169263641e+00,2.119801037796054644e+01,-5.917498632703114048e+00,6.620000000000000107e+00,6.620000000000000107e+00,2.720511725112251256e-01,3.490658503988658956e-01
2.941999999999897586e+00,-2.393093031497227852e+00,-6.243526156817807760e+00,-1.239004142482018267e+01,-5.590344982098829796e+00,-7.157481046765912236e-01,-1.178456390946927357e+01,3.685616821966070100e-01,3.092998647401069001e-01,8.234225007189388545e-01,-3.007844168136506458e-01,9.182021231526135807e+00,-5.125918434625124753e+00,5.579675656037411002e+00,2.081344877194423049e+01,-6.089169340814183151e+00,6.620000000000000107e+00,6.620000000000000107e+00,2.759398662607772668e-01,3.490658503988658956e-01
2.943999999999897366e+00,-2.404273721461425595e+00,-6.244957653027160660e+00,-1.241361055263912050e+01,-5.590120886937562261e+00,-7.245953153393299706e-01,-1.182432368586520610e+01,3.715944305825604199e-01,3.157142697262769193e-01,8.169877931557243400e-01,-3.078522777011173939e-01,9.103581165791073460e+00,-5.200515573226846655e+00,5.622749177671386711e+00,2.042779331294305223e+01,-6.276307018548907379e+00,6.620000000000000107e+00,6.620000000000000107e+00,2.797358709155558509e-01,3.490658503988658956e-01
2.945999999999897145e+00,-2.415453963235300705e+00,-6.246406843657839048e+00,-1.243725920001085150e+01,-5.589190625892131337e+00,-7.346701359840399626e-01,-1.186428237288282261e+01,3.746735200542248290e-01,3.220670454517299830e-01,8.104202204524676434e-01,-3.148200087128251168e-01,9.026952539220923555e+00,-5.270074520126526885e+00,5.666076222304908150e+00,2.004181092128602870e+01,-6.478782617919756071e+00,6.620000000000000107e+00,6.620000000000000107e+00,2.834491289254885138e-01,3.490658503988658956e-01
2.947999999999896925e+00,-2.426632344487084758e+00,-6.247876183929807148e+00,-1.246098776475661651e+01,-5.587604796886326497e+00,-7.459837097358917868e-01,-1.190441523494211218e+01,3.777943029315719015e-01,3.283587751387469500e-01,8.037221347045042652e-01,-3.216872854930143966e-01,8.952104491874102621e+00,-5.334863273923227567e+00,5.709613203475594645e+00,1.965621876583642802e+01,-6.696451724432114894e+00,6.620000000000000107e+00,6.620000000000000107e+00,2.870830900178388267e-01,3.490658503988658956e-01
2.949999999999896705e+00,-2.437807554080857475e+00,-6.249368151349279366e+00,-1.248479659522650032e+01,-5.585415837722457866e+00,-7.585421618150570700e-01,-1.194469913299444741e+01,3.809523641308155129e-01,3.345899927181375522e-01,7.968958148540047359e-01,-3.284537917336182722e-01,8.879003771088735064e+00,-5.395161565964677663e+00,5.753319985578874807e+00,1.927168298620901510e+01,-6.929153908666966899e+00,6.620000000000000107e+00,6.620000000000000107e+00,2.906353523438163222e-01,3.490658503988658956e-01
2.951999999999896485e+00,-2.448978385756302334e+00,-6.250885235672909879e+00,-1.250868599349248989e+01,-5.582676616356397226e+00,-7.723468673361190140e-01,-1.198511016737037416e+01,3.841435299213973309e-01,3.407611750293998987e-01,7.899434626634355139e-01,-3.351192262574810843e-01,8.807612211117351819e+00,-5.451268156978781754e+00,5.797159838845662883e+00,1.888881917185005577e+01,-7.176715774484938137e+00,6.620000000000000107e+00,6.620000000000000107e+00,2.940999807446414982e-01,3.490658503988658956e-01
2.953999999999896264e+00,-2.460143738989015283e+00,-6.252429929407582243e+00,-1.253265621382723083e+01,-5.579440006906251526e+00,-7.873947117683471886e-01,-1.202562381482879950e+01,3.873638826740758434e-01,3.468727301485873271e-01,7.828671960418405185e-01,-3.416833107433202010e-01,8.737883802945162870e+00,-5.503491146134862788e+00,5.841099441752684918e+00,1.850819192898131860e+01,-7.438952813533866504e+00,6.620000000000000107e+00,6.620000000000000107e+00,2.974669800178788015e-01,3.490658503988658956e-01
2.955999999999896044e+00,-2.471302619002827772e+00,-6.254004718831119192e+00,-1.255670746145688810e+01,-5.575758916746575977e+00,-8.036783580102632163e-01,-1.206621626829120153e+01,3.906097682870570686e-01,3.529249872708444258e-01,7.756690464803792651e-01,-3.481457921773934983e-01,8.669762880200613253e+00,-5.552145489944527057e+00,5.885108789690436382e+00,1.813031543141798707e+01,-7.715670611544263480e+00,6.620000000000000107e+00,6.620000000000000107e+00,3.007238620695538156e-01,3.490658503988658956e-01
2.957999999999895824e+00,-2.482454136836321101e+00,-6.255612075547139384e+00,-1.258083989399347047e+01,-5.571685602336347465e+00,-8.211865820566408569e-01,-1.210686367034915101e+01,3.938778019124889451e-01,3.589181863161419184e-01,7.683509577932617907e-01,-3.545064433128043424e-01,8.603182681872370452e+00,-5.597550829395927074e+00,5.929161076104866090e+00,1.775565433046445207e+01,-8.006667198422400489e+00,6.620000000000000107e+00,6.620000000000000107e+00,3.038561851795260060e-01,3.490658503988658956e-01
2.959999999999895604e+00,-2.493597508040994004e+00,-6.257254448711252692e+00,-1.260505362133416796e+01,-5.571967115864810971e+00,-8.330309681687425583e-01,-1.214955082476285675e+01,3.971648722289597422e-01,3.648524673550139763e-01,7.609147860898258786e-01,-3.607650615597184363e-01,8.538064252940127830e+00,-5.643880579860137914e+00,5.973232551269040513e+00,1.735056480209110319e+01,-8.310412607806922480e+00,6.620000000000000107e+00,6.620000000000000107e+00,3.068480368551591009e-01,3.490658503988658956e-01
2.961999999999895383e+00,-2.504741442272723440e+00,-6.258920510647589808e+00,-1.262935272298369327e+01,-5.572360548539895042e+00,-8.449944814704580809e-01,-1.219228062517604982e+01,4.004710658367042764e-01,3.707264626863081003e-01,7.533607551607692798e-01,-3.669228636584353498e-01,8.472846509713978236e+00,-5.693001468087672379e+00,6.017332453967058292e+00,1.694422982937473421e+01,-8.628665397142396998e+00,6.620000000000000107e+00,6.620000000000000107e+00,3.075514351282381265e-01,3.490658503988658956e-01
2.963999999999895163e+00,-2.515886163369803086e+00,-6.260610499610530510e+00,-1.265373728423404565e+01,-5.572861246601613416e+00,-8.570670871130796620e-01,-1.223505283074449856e+01,4.037983909586559950e-01,3.765374888283591903e-01,7.456888589296820635e-01,-3.729805687085890331e-01,8.406889372471306743e+00,-5.744791091422323248e+00,6.061476387726059123e+00,1.653649701849529308e+01,-8.961353543978237468e+00,6.620000000000000107e+00,6.620000000000000107e+00,3.073442705911499928e-01,3.490658503988658956e-01
2.965999999999894943e+00,-2.527031885863006533e+00,-6.262324633784756678e+00,-1.267820738989553497e+01,-5.573464674708290545e+00,-8.692387876585522255e-01,-1.227786936892627523e+01,4.071489366645439922e-01,3.822826180893478809e-01,7.378993359932890517e-01,-3.789384029368734197e-01,8.339615769114065102e+00,-5.799139943751705495e+00,6.105675135926014185e+00,1.612720754477110319e+01,-9.308426517083303153e+00,6.620000000000000107e+00,6.620000000000000107e+00,3.063190869636970293e-01,3.490658503988658956e-01
2.967999999999894722e+00,-2.538178815212423167e+00,-6.264063111360074210e+00,-1.270276312863338752e+01,-5.574165627998157291e+00,-8.814996034943566316e-01,-1.232073183192387411e+01,4.105248729747891789e-01,3.879586954933618714e-01,7.299926631434452418e-01,-3.847961681421252500e-01,8.270503514853610127e+00,-5.855960805409797132e+00,6.149934995093898848e+00,1.571619401049860443e+01,-9.669852366697687884e+00,6.620000000000000107e+00,6.620000000000000107e+00,3.045564963802224190e-01,3.490658503988658956e-01
2.969999999999894502e+00,-2.549327146468419514e+00,-6.265826110567062734e+00,-1.272740459229723520e+01,-5.574957573161192670e+00,-8.938396401166236460e-01,-1.236363921595562765e+01,4.139284584644027376e-01,3.935623492687706504e-01,7.219695446906421177e-01,-3.905533062854747994e-01,8.199077222171277768e+00,-5.915185138075655047e+00,6.194258133949784195e+00,1.530327750497470340e+01,-1.004561544214339897e+01,6.620000000000000107e+00,6.620000000000000107e+00,3.021253239893855747e-01,3.490658503988658956e-01
2.971999999999894282e+00,-2.560477061614741867e+00,-6.267613789847295891e+00,-1.275213187072914600e+01,-5.575833829800682651e+00,-9.062489698935624061e-01,-1.240659183887034445e+01,4.173620458885792250e-01,3.990899996038129172e-01,7.138309032010274890e-01,-3.962089556069287588e-01,8.124901396877447723e+00,-5.976756666950862495e+00,6.238642877559207989e+00,1.488826399782424836e+01,-1.043571021270504851e+01,6.620000000000000107e+00,6.620000000000000107e+00,2.990843319678218593e-01,3.490658503988658956e-01
2.973999999999894062e+00,-2.571628729274343161e+00,-6.269426287787083218e+00,-1.277694505440688744e+01,-5.576787432488691465e+00,-9.187176880655429922e-01,-1.244959111777786909e+01,4.208280837604029823e-01,4.045378672355165461e-01,7.055778728858452808e-01,-4.017619981842144306e-01,8.047574802488714596e+00,-6.040627838785035841e+00,6.283083902903140228e+00,1.447094196167193658e+01,-1.084013830267064016e+01,6.620000000000000107e+00,6.620000000000000107e+00,2.954840340716107794e-01,3.490658503988658956e-01
2.975999999999893841e+00,-2.582782304139320750e+00,-6.271263723163214010e+00,-1.280184423664244342e+01,-5.577810734436735807e+00,-9.312358692910399638e-01,-1.249263808988198221e+01,4.243291158754532444e-01,4.099019812883196168e-01,6.972117944446269977e-01,-4.072111010809619791e-01,7.966725760552682445e+00,-6.106762444062202810e+00,6.327572375812230199e+00,1.405107977116988138e+01,-1.125890688377109505e+01,6.620000000000000107e+00,6.620000000000000107e+00,2.913680452794270015e-01,3.490658503988658956e-01
2.977999999999893621e+00,-2.593937925608194028e+00,-6.273126194901796460e+00,-1.282682951282220785e+01,-5.578895961580594864e+00,-9.437936228562580077e-01,-1.253573578014973045e+01,4.278677830063049026e-01,4.151781842194884331e-01,6.887342087247998457e-01,-4.125547543608021339e-01,7.882007714640002938e+00,-6.175134709796348709e+00,6.372096080174441290e+00,1.362842301009174939e+01,-1.169202431740953507e+01,6.620000000000000107e+00,6.620000000000000107e+00,2.867735003291539964e-01,3.490658503988658956e-01
2.979999999999893401e+00,-2.605095717531355159e+00,-6.275013782147508934e+00,-1.285190098438250672e+01,-5.580034016109008732e+00,-9.563809974857684360e-01,-1.257888419586375583e+01,4.314468242576727786e-01,4.203621352833590286e-01,6.801468507733761104e-01,-4.177913048892266112e-01,7.793095342481703547e+00,-6.245728937780283374e+00,6.416639513475402623e+00,1.320269117756321542e+01,-1.213950206526468101e+01,6.620000000000000107e+00,6.620000000000000107e+00,2.817318565797580221e-01,3.490658503988658956e-01
2.981999999999893181e+00,-2.616255785563573077e+00,-6.276926544142480857e+00,-1.287705875277423395e+01,-5.581215330006791930e+00,-9.689880130175960726e-01,-1.262208375168734520e+01,4.350690783816724139e-01,4.254493124536988247e-01,6.714516440522447782e-01,-4.229189866491390171e-01,7.699681113757454121e+00,-6.318538940437695928e+00,6.461183954992032241e+00,1.277357469447562011e+01,-1.260134996880548464e+01,6.620000000000000107e+00,6.620000000000000107e+00,2.762695504621773823e-01,3.490658503988658956e-01
2.983999999999892960e+00,-2.627418216223586622e+00,-6.278864520168515817e+00,-1.290230292027760939e+01,-5.582429915889023597e+00,-9.816045494720215814e-01,-1.266533543450573163e+01,4.387374848423554186e-01,4.304350130099507399e-01,6.626506949091625076e-01,-4.279359479007708300e-01,7.601472248570419588e+00,-6.393563983339214829e+00,6.505707506768016124e+00,1.234073112432255037e+01,-1.307757422146740112e+01,6.620000000000000107e+00,6.620000000000000107e+00,2.704085849044372547e-01,3.490658503988658956e-01
2.985999999999892740e+00,-2.638583076055364796e+00,-6.280827729267460136e+00,-1.292763359114662158e+01,-5.583667481599366766e+00,-9.942204489532457945e-01,-1.270864167581323301e+01,4.424550822569673914e-01,4.353143544050035452e-01,6.537462888527001414e-01,-4.328402740564432638e-01,7.498188354646213583e+00,-6.470810986410054255e+00,6.550185084431813465e+00,1.190378253647149798e+01,-1.356817476019366531e+01,6.620000000000000107e+00,6.620000000000000107e+00,2.641674895777296195e-01,3.490658503988658956e-01
2.987999999999892520e+00,-2.649750411018563678e+00,-6.282816170165366643e+00,-1.295305087449824732e+01,-5.584916756491681511e+00,-1.006825381395120234e+00,-1.275200293121323547e+01,4.462250082452858813e-01,4.400822730205394273e-01,6.447408857961439699e-01,-4.376300094513326244e-01,7.389559126595850458e+00,-6.550291874780777235e+00,6.594588405798641695e+00,1.146231165641068195e+01,-1.407314677645219803e+01,6.620000000000000107e+00,6.620000000000000107e+00,2.575614351224863041e-01,3.490658503988658956e-01
2.989999999999892299e+00,-2.660920244531546963e+00,-6.284829820928156785e+00,-1.297855488036067406e+01,-5.586165910693831727e+00,-1.019408790249239471e+00,-1.279541952688512119e+01,4.500504974850423889e-01,4.447335228576002608e-01,6.356371164672938168e-01,-4.423031760334511509e-01,7.275322526172166349e+00,-6.632027593023446244e+00,6.638885942563254261e+00,1.101585822080286547e+01,-1.459247746474163243e+01,6.620000000000000107e+00,6.620000000000000107e+00,2.506029145005079783e-01,3.490658503988658956e-01
2.991999999999892079e+00,-2.672092576352934845e+00,-6.286868638508654961e+00,-1.300414571941444386e+01,-5.587403139774861138e+00,-1.031959999588281773e+00,-1.283889528950308367e+01,4.539348821360378872e-01,4.492626714170736002e-01,6.264377769220034198e-01,-4.468577922520252099e-01,7.155222762600884856e+00,-6.716042956482875859e+00,6.683042882789608896e+00,1.056391500932862293e+01,-1.512614065425473342e+01,6.620000000000000107e+00,6.620000000000000107e+00,2.433014894352597546e-01,3.490658503988658956e-01
2.993999999999891859e+00,-2.683267382632484654e+00,-6.288932558507831949e+00,-1.302982350999345051e+01,-5.588615225997981106e+00,-1.044467881248245300e+00,-1.288242892399147088e+01,4.578815888325094008e-01,4.536640966487072157e-01,6.171458254040954605e-01,-4.512918880352567719e-01,7.029008973837859386e+00,-6.802376913662335767e+00,6.727021039353907383e+00,1.010592348412302144e+01,-1.567410398095663737e+01,6.620000000000000107e+00,6.620000000000000107e+00,2.356647686385764384e-01,3.490658503988658956e-01
2.995999999999891639e+00,-2.694444613084480800e+00,-6.291021494270328418e+00,-1.305558836784143395e+01,-5.589788935871742304e+00,-1.056921075408391086e+00,-1.292602244275833456e+01,4.618941416553347667e-01,4.579319783535796828e-01,6.077643743519631769e-01,-4.556035232241130162e-01,6.896433039231798290e+00,-6.891066988758076661e+00,6.770778809892631145e+00,9.641268841399330825e+00,-1.623631851723850872e+01,6.620000000000000107e+00,6.620000000000000107e+00,2.276972347755067405e-01,3.490658503988658956e-01
2.997999999999891418e+00,-2.705624190956224417e+00,-6.293135336421145531e+00,-1.308144041272695013e+01,-5.590910225687222734e+00,-1.069307650431073231e+00,-1.296967591644708584e+01,4.659761553517877686e-01,4.620602951901175981e-01,5.982966897177770527e-01,-4.597907973471607734e-01,6.757249099298261008e+00,-6.982162958391320728e+00,6.814271011466491501e+00,9.169275412547886361e+00,-1.681272256596190928e+01,6.620000000000000107e+00,6.620000000000000107e+00,2.194025938190832248e-01,3.490658503988658956e-01
2.999999999999891198e+00,-2.716806011407598920e+00,-6.295273951722007766e+00,-1.310737976455984466e+01,-5.591964826377225251e+00,-1.081615299521477613e+00,-1.301339191072356094e+01,4.701313361951874326e-01,4.660428148458131692e-01,5.887461836321595809e-01,-4.638518650565999768e-01,6.611211788959050040e+00,-7.075719160203675528e+00,6.857448791190863702e+00,8.689201411233986150e+00,-1.740323478730826778e+01,6.620000000000000107e+00,6.620000000000000107e+00,2.107820210420431328e-01,3.490658503988658956e-01
